-- Generated by Craft v2.5.2757 on Jan 15, 2016, 4:12:50 PM.

--
-- Disable foreign key checks and autocommit.
--

SET FOREIGN_KEY_CHECKS = 0;
SET SQL_MODE = "NO_AUTO_VALUE_ON_ZERO";
SET AUTOCOMMIT = 0;
SET NAMES utf8;


DROP TABLE IF EXISTS `craft_assetfiles`;


--
-- Schema for table `craft_assetfiles`
--
CREATE TABLE `craft_assetfiles` (
  `id` int(11) NOT NULL,
  `sourceId` int(11) DEFAULT NULL,
  `folderId` int(11) NOT NULL,
  `filename` varchar(255) COLLATE utf8_unicode_ci NOT NULL,
  `kind` varchar(50) COLLATE utf8_unicode_ci NOT NULL DEFAULT 'unknown',
  `width` int(11) unsigned DEFAULT NULL,
  `height` int(11) unsigned DEFAULT NULL,
  `size` int(11) unsigned DEFAULT NULL,
  `dateModified` datetime DEFAULT NULL,
  `dateCreated` datetime NOT NULL,
  `dateUpdated` datetime NOT NULL,
  `uid` char(36) COLLATE utf8_unicode_ci NOT NULL DEFAULT '0',
  PRIMARY KEY (`id`),
  UNIQUE KEY `craft_assetfiles_filename_folderId_unq_idx` (`filename`,`folderId`),
  KEY `craft_assetfiles_sourceId_fk` (`sourceId`),
  KEY `craft_assetfiles_folderId_fk` (`folderId`)
) ENGINE=InnoDB DEFAULT CHARSET=utf8 COLLATE=utf8_unicode_ci;

--
-- Data for table `craft_assetfiles`
--

INSERT INTO `craft_assetfiles` (`id`, `sourceId`, `folderId`, `filename`, `kind`, `width`, `height`, `size`, `dateModified`, `dateCreated`, `dateUpdated`, `uid`) VALUES
 ('207', '1', '8', 'ReillyHawkins1-350x500.jpg', 'image', '350', '500', '45164', '2015-12-17 16:36:13', '2015-12-17 16:36:13', '2016-01-02 18:55:13', '733a6d25-e56b-467d-8858-b966bde82153'),
 ('215', '1', '8', 'profile-example2.jpg', 'image', '350', '500', '42611', '2015-12-17 18:38:33', '2015-12-17 18:38:33', '2016-01-02 18:55:14', 'f6fdeba9-b617-4930-b727-789df2d76b74'),
 ('239', '1', '1', 'IdeaBase_Trophy-03.svg', 'image', '186', '170', '1018', '2015-12-17 19:17:44', '2015-12-17 19:17:44', '2016-01-02 18:55:08', '7da5bcee-194a-410a-8220-e6c0395b9dac'),
 ('240', '1', '1', 'KSU_Logo_Gray.svg', 'image', NULL, NULL, '51368', '2015-12-17 19:19:02', '2015-12-17 19:19:02', '2016-01-02 18:55:09', '2e7dc6f7-9701-4e02-b21b-ccf9c72f492e'),
 ('241', '3', '5', 'profile-example2.jpg', 'image', '350', '500', '42611', '2015-12-17 19:19:15', '2015-12-17 19:19:15', '2016-01-02 18:54:48', '8e6335d1-81aa-4d2e-94c7-b5ef842928fd'),
 ('242', '3', '5', 'profile-sample.jpg', 'image', '350', '500', '33240', '2015-12-17 19:19:20', '2015-12-17 19:19:21', '2016-01-02 18:54:48', 'f8866c12-4eff-4fa2-8bfe-74fc3776a440'),
 ('243', '5', '7', 'project-sample.jpg', 'image', '394', '394', '14033', '2015-12-17 19:19:28', '2015-12-17 19:19:28', '2016-01-02 18:55:23', '3ccb0bb9-d451-47de-ba28-160f7ae0c849'),
 ('244', '1', '1', 'design.svg', 'image', '1000', '1000', '3653', '2015-12-17 19:20:23', '2015-12-17 19:20:23', '2016-01-02 18:55:12', '54d6756b-301e-4b82-8145-56562217d150'),
 ('245', '1', '1', 'discover.svg', 'image', '1000', '1000', '3521', '2015-12-17 19:20:23', '2015-12-17 19:20:24', '2016-01-02 18:55:13', 'ccb0a65a-f64b-48c7-9f71-79fc1a74cfd5'),
 ('246', '1', '1', 'IdeaBase_SVGicons_Bolt-01.svg', 'image', '502', '502', '796', '2015-12-17 19:20:24', '2015-12-17 19:20:24', '2016-01-02 18:55:03', 'e9f9813a-e050-4b21-afc7-dd612a908f83'),
 ('247', '1', '1', 'IdeaBase_SVGicons_Cam-01.svg', 'image', '502', '502', '1020', '2015-12-17 19:20:24', '2015-12-17 19:20:25', '2016-01-02 18:55:04', '84df5fe9-2f50-4bba-894c-d1f84c3b4bf9'),
 ('248', '1', '1', 'IdeaBase_SVGicons_Compass.svg', 'image', '502', '502', '1471', '2015-12-17 19:20:25', '2015-12-17 19:20:25', '2016-01-02 18:55:04', '378fea21-ab65-4618-b184-4bad8e6f30b2'),
 ('249', '1', '1', 'IdeaBase_SVGicons_Desktop-01.svg', 'image', '502', '502', '1144', '2015-12-17 19:20:26', '2015-12-17 19:20:26', '2016-01-02 18:55:05', 'c264bfe7-a5c7-4044-8aa6-0ab6ed76ae4b'),
 ('250', '1', '1', 'IdeaBase_SVGicons_Devices-01.svg', 'image', '502', '502', '1510', '2015-12-17 19:20:26', '2015-12-17 19:20:26', '2016-01-02 18:55:06', 'e4ce3510-43a7-4101-a546-140e337781b6'),
 ('251', '1', '1', 'IdeaBase_SVGicons_Eye-01.svg', 'image', '502', '502', '733', '2015-12-17 19:20:27', '2015-12-17 19:20:27', '2016-01-02 18:55:06', 'ef6cda99-e350-406b-a7e8-d9b5e5fd55a7'),
 ('252', '1', '1', 'IdeaBase_SVGicons_Glass-01.svg', 'image', '502', '502', '1001', '2015-12-17 19:20:27', '2015-12-17 19:20:28', '2016-01-02 18:55:07', 'c4d05a69-7df3-4304-a62a-ebe8ea4b673c'),
 ('253', '1', '1', 'IdeaBase_SVGicons_Map-01.svg', 'image', '502', '502', '799', '2015-12-17 19:20:28', '2015-12-17 19:20:28', '2016-01-02 18:55:07', 'baab459c-a861-4848-a253-054d22221d89'),
 ('254', '1', '1', 'IdeaBase_SVGicons_Pencil-01.svg', 'image', '502', '502', '1398', '2015-12-17 19:20:28', '2015-12-17 19:20:29', '2016-01-02 18:55:07', '8c9e67d9-e6f9-40aa-a50d-22c9bee40f5b'),
 ('255', '1', '1', 'IdeaBase_SVGicons_Speech-01.svg', 'image', '502', '502', '879', '2015-12-17 19:20:29', '2015-12-17 19:20:29', '2016-01-02 18:55:08', 'ed1bde2b-e641-4e15-babd-a169a065c965'),
 ('256', '1', '1', 'IdeaBase_SVGicons_Square-01.svg', 'image', '502', '502', '1605', '2015-12-17 19:20:30', '2015-12-17 19:20:30', '2016-01-02 18:55:08', '34a13313-3eda-47c3-ab3b-043785b893f1'),
 ('257', '1', '1', 'lightbulb.svg', 'image', '502', '502', '1570', '2015-12-17 19:20:30', '2015-12-17 19:20:31', '2016-01-02 18:55:14', '1b45bb80-3b84-432d-aef0-c5bdc7da0399'),
 ('258', '1', '1', 'refine.svg', 'image', '1000', '1000', '2927', '2015-12-17 19:20:32', '2015-12-17 19:20:32', '2016-01-02 18:55:16', '8d2bb49e-85d2-4d59-87f9-09da27a06ea9'),
 ('259', '4', '6', 'bricks.jpg', 'image', '2000', '1333', '166610', '2015-12-17 19:20:58', '2015-12-17 19:20:58', '2016-01-02 18:54:53', 'ef3d96bd-0583-41f9-8e9b-3204699785dd'),
 ('260', '4', '6', 'practice.jpg', 'image', '2000', '1333', '143069', '2015-12-17 19:20:59', '2015-12-17 19:20:59', '2016-01-02 18:54:53', '499006f5-2efe-4595-a605-dc4aa14bcd6e'),
 ('262', '1', '1', 'ideabaselogo.svg', 'image', '1000', '270', '6650', '2016-01-15 15:40:29', '2015-12-17 19:21:14', '2016-01-15 15:40:32', 'ff23c502-62d0-4563-9ccf-ebfed3d88a41'),
 ('263', '3', '5', 'test.html', 'html', NULL, NULL, '4', '2015-12-17 18:36:36', '2015-12-17 19:21:30', '2016-01-02 18:54:49', 'fe6bcc0a-85ca-4ac8-a0be-1cacad7bfc31'),
 ('264', '4', '6', 'test.html', 'html', NULL, NULL, '4', '2015-12-17 18:36:35', '2015-12-17 19:21:32', '2016-01-02 18:54:54', '216a4d7e-68db-44f8-835b-cb6703709745'),
 ('265', '7', '10', 'test.html', 'html', NULL, NULL, '4', '2015-12-17 19:07:25', '2015-12-17 19:21:32', '2016-01-02 18:55:00', '12b5db06-46a1-44c6-82b9-77761fc8b3b3'),
 ('266', '6', '9', 'test.html', 'html', NULL, NULL, '4', '2015-12-17 19:07:25', '2015-12-17 19:21:33', '2016-01-02 18:55:00', '940903ff-0f11-4fe7-a9db-dc30139c06af'),
 ('267', '1', '1', '16447262348_7476080e8c_o-350x500.jpg', 'image', '350', '500', '33240', '2015-12-17 17:16:59', '2015-12-17 19:21:34', '2016-01-02 18:55:01', '608fa413-79df-410b-be18-aeeb1a0a9c6c'),
 ('268', '1', '1', 'CHRIS-EDIT-350x500.jpg', 'image', '350', '500', '49757', '2015-12-17 16:51:46', '2015-12-17 19:21:34', '2016-01-02 18:55:02', '222e2af7-5015-4eac-971f-73e4bef7b01a'),
 ('269', '1', '1', 'DowlingKristin-350x500.jpg', 'image', '350', '500', '27561', '2015-12-17 16:50:38', '2015-12-17 19:21:35', '2016-01-02 18:55:03', '1d1e2718-3c09-4772-ac4e-1bd35c2914af'),
 ('270', '1', '1', 'QuintinSteele-350x500.jpg', 'image', '350', '500', '47924', '2015-12-17 16:57:52', '2015-12-17 19:21:39', '2016-01-02 18:55:09', 'aef6f2e1-d64b-4603-b591-5f99ffe3139f'),
 ('271', '1', '1', 'arrow-down-white.svg', 'image', '17', '17', '554', '2015-12-08 04:14:55', '2015-12-17 19:21:39', '2016-01-02 18:55:10', '057ce8dd-550e-4013-99a7-5fe2464d0097'),
 ('272', '1', '1', 'Victoria1-350x500.jpg', 'image', '350', '500', '35212', '2015-12-17 16:58:58', '2015-12-17 19:21:40', '2016-01-02 18:55:09', '90c86bf6-4dee-4d82-83c7-06f5e6951a39'),
 ('273', '1', '1', 'arrow-down-white_151214_170627.svg', 'image', '17', '17', '554', '2015-12-14 22:06:27', '2015-12-17 19:21:40', '2016-01-02 18:55:10', '7b692b57-e519-4a91-b727-d724d1f4e4fb'),
 ('274', '1', '1', 'arrow-right-blue.svg', 'image', '10', '17', '553', '2015-12-08 04:14:55', '2015-12-17 19:21:40', '2016-01-02 18:55:11', 'bde62d52-605d-4dbc-9396-1ae7887c9629'),
 ('275', '1', '1', 'arrow-right-blue_151214_170628.svg', 'image', '10', '17', '553', '2015-12-14 22:06:28', '2015-12-17 19:21:41', '2016-01-02 18:55:11', 'da41a77e-50f6-4df8-a7de-568d91ee2d00'),
 ('276', '1', '1', 'arrow-right-white.svg', 'image', '10', '17', '553', '2015-12-08 04:14:55', '2015-12-17 19:21:41', '2016-01-02 18:55:11', '1429d582-a165-4c68-9b63-5c10b444c9ba'),
 ('277', '1', '1', 'arrow-right-white_151214_170629.svg', 'image', '10', '17', '553', '2015-12-14 22:06:29', '2015-12-17 19:21:41', '2016-01-02 18:55:11', '8d1506d1-d091-4ac4-b2f6-714b30740f48'),
 ('278', '1', '1', 'bricks.jpg', 'image', '2000', '1333', '166610', '2015-12-15 17:45:20', '2015-12-17 19:21:42', '2016-01-02 18:55:12', '402b6fef-15c2-48eb-8bcb-354d3edcd6e7'),
 ('279', '1', '1', 'envelopeicon.svg', 'image', '36', '22', '595', '2015-12-10 20:32:18', '2015-12-17 19:21:43', '2016-01-02 18:55:13', '4acbdb89-9cc1-4753-bd29-9ada95071bef'),
 ('280', '1', '1', 'lightbulb-sample.png', 'image', '278', '234', '260917', '2015-12-15 18:55:51', '2015-12-17 19:21:44', '2016-01-02 18:55:14', 'bddffce5-d48a-45f9-ba27-46e0346cc198'),
 ('281', '1', '1', 'practice.jpg', 'image', '2000', '1333', '143069', '2015-12-14 20:44:37', '2015-12-17 19:21:45', '2016-01-02 18:55:15', '3ebeb9fd-9930-4e8b-94e4-aecffafbc8b0'),
 ('282', '1', '1', 'profile-example2.jpg', 'image', '350', '500', '42611', '2015-12-17 18:24:19', '2015-12-17 19:21:45', '2016-01-02 18:55:16', 'f9ea7aa1-4309-49e6-bc0a-947e2288ccdf'),
 ('283', '1', '1', 'x.svg', 'image', '600', '600', '670', '2015-12-08 04:14:55', '2015-12-17 19:21:46', '2016-01-02 18:55:17', '11071da0-3dbe-4daa-8b14-a11eb9058d82'),
 ('284', '1', '1', 'x_151214_170629.svg', 'image', '600', '600', '670', '2015-12-14 22:06:29', '2015-12-17 19:21:46', '2016-01-02 18:55:17', '8328bd0f-0489-492e-aba1-0d9d107314ae'),
 ('285', '1', '1', 'profile-sample.jpg', 'image', '350', '500', '33240', '2015-12-15 20:33:42', '2015-12-17 19:21:47', '2016-01-02 18:55:16', '102727b4-78d1-48b8-8e3d-d8413ace3782'),
 ('286', '5', '7', 'test.txt', 'text', NULL, NULL, '8', '2015-11-13 14:15:40', '2015-12-17 19:21:48', '2016-01-02 18:55:23', 'd072634e-95cb-474c-bf3a-ce36defa3ceb'),
 ('287', '3', '5', '16447262348_7476080e8c_o-350x500.jpg', 'image', '350', '500', '33240', '2015-12-17 19:29:51', '2015-12-17 19:29:51', '2016-01-02 18:54:41', '4560147e-b2d2-4fae-a2ca-cbf75a0e85f4'),
 ('288', '3', '5', 'BrendanBennett-350x500.jpg', 'image', '350', '500', '42406', '2015-12-17 19:29:52', '2015-12-17 19:29:52', '2016-01-02 18:54:42', '3c42b694-aff5-468f-af49-279ff8991e3d'),
 ('289', '3', '5', 'CaitlinSmith-350x500.jpg', 'image', '350', '500', '60815', '2015-12-17 19:29:52', '2015-12-17 19:29:53', '2016-01-02 18:54:42', 'f9294bd5-be0c-4aba-868b-bf71e38d84d4'),
 ('290', '3', '5', 'chris-350x500.jpg', 'image', '350', '500', '36084', '2015-12-17 19:29:53', '2015-12-17 19:29:53', '2016-01-02 18:54:47', '7fb44d6e-27fd-4be7-bfb5-20b0fd006756'),
 ('291', '3', '5', 'CHRIS-EDIT-350x500.jpg', 'image', '350', '500', '49757', '2015-12-17 19:29:54', '2015-12-17 19:29:54', '2016-01-02 18:54:41', '63e184cc-5aa1-4c15-aa30-61f3093b23fa'),
 ('292', '3', '5', 'CourtneyK-350x500.jpg', 'image', '350', '500', '30878', '2015-12-17 19:29:54', '2015-12-17 19:29:54', '2016-01-02 18:54:42', 'd2a239d2-f9d5-46dd-b63d-9e393edb29b9'),
 ('293', '3', '5', 'DowlingKristin-350x500.jpg', 'image', '350', '500', '27561', '2015-12-17 19:29:55', '2015-12-17 19:29:55', '2016-01-02 18:54:43', '12031e9a-0a46-4dcf-a6e1-4a5747d80eee'),
 ('294', '3', '5', 'John-Headshot-350x500.jpg', 'image', '350', '500', '53506', '2015-12-17 19:29:55', '2015-12-17 19:29:56', '2016-01-02 18:54:43', '391168d1-66ef-49ca-a537-567bcf5a0343'),
 ('295', '3', '5', 'MarioFasolo-350x500.jpg', 'image', '350', '500', '46131', '2015-12-17 19:29:56', '2015-12-17 19:29:57', '2016-01-02 18:54:43', 'f8ed8888-4622-49f3-84ed-c34492181fde'),
 ('296', '3', '5', 'Martha-Head-Shot1-350x500.jpg', 'image', '350', '500', '42611', '2015-12-17 19:29:57', '2015-12-17 19:29:57', '2016-01-02 18:54:44', 'ab92d7c1-e8ce-4175-957b-387fb7f89f0d'),
 ('297', '3', '5', 'NicoCiani-350x500.jpg', 'image', '350', '500', '26067', '2015-12-17 19:29:58', '2015-12-17 19:29:58', '2016-01-02 18:54:44', '7aa1f227-8664-4622-9191-7a818ceb0b7b'),
 ('298', '3', '5', 'QuintinSteele-350x500.jpg', 'image', '350', '500', '47924', '2015-12-17 19:29:59', '2015-12-17 19:29:59', '2016-01-02 18:54:44', '9f6fb572-3176-4b64-a9d1-45eeb2e77975'),
 ('299', '3', '5', 'Rachel1-350x500.jpg', 'image', '350', '500', '49081', '2015-12-17 19:30:00', '2015-12-17 19:30:00', '2016-01-02 18:54:45', '27cca820-fea9-4256-be7c-99cb41ec899a'),
 ('300', '3', '5', 'ReillyHawkins1-350x500.jpg', 'image', '350', '500', '45164', '2015-12-17 19:30:00', '2015-12-17 19:30:00', '2016-01-02 18:54:45', '4e39e088-dfa6-4e7a-9999-8a5ffdb9143a'),
 ('301', '3', '5', 'RobinTucker-1-350x500.jpg', 'image', '350', '500', '39510', '2015-12-17 19:30:01', '2015-12-17 19:30:03', '2016-01-02 18:54:45', '553bd027-1989-4ea2-80f5-d8036c85df03'),
 ('302', '3', '5', 'SarahHolzer-350x500.jpg', 'image', '350', '500', '33947', '2015-12-17 19:30:04', '2015-12-17 19:30:04', '2016-01-02 18:54:46', 'f46c2a5d-0cc7-4f14-a8f7-5c70f2ddc8eb'),
 ('303', '3', '5', 'SMaurer-350x500.jpg', 'image', '350', '500', '50134', '2015-12-17 19:30:05', '2015-12-17 19:30:05', '2016-01-02 18:54:46', 'a4e60ed2-6d30-49b2-b9b0-6c8ca56359ae'),
 ('304', '3', '5', 'soft-smile-w.-scarf-headshot_Callie-Sullivan-350x500.jpg', 'image', '350', '500', '36210', '2015-12-17 19:30:06', '2015-12-17 19:30:07', '2016-01-02 18:54:49', '2490a5d4-9390-447a-b8d8-34ff627706e0'),
 ('305', '3', '5', 'Todd-Thompson-Headshot1-350x500.jpg', 'image', '350', '500', '33348', '2015-12-17 19:30:07', '2015-12-17 19:30:08', '2016-01-02 18:54:47', 'b4b74fd9-9829-4de6-9f6b-f94fb3c2a436'),
 ('306', '3', '5', 'Trang-350x500.jpg', 'image', '350', '500', '38928', '2015-12-17 19:30:08', '2015-12-17 19:30:09', '2016-01-02 18:54:46', 'd32f662b-fe34-448e-90d2-26fba80b34c0'),
 ('307', '3', '5', 'Victoria1-350x500.jpg', 'image', '350', '500', '35212', '2015-12-17 19:30:09', '2015-12-17 19:30:09', '2016-01-02 18:54:47', '32e3c9e8-8f68-4884-a96b-fe9fdad315cc'),
 ('308', '4', '6', '22209357844_e890653102_o.jpg', 'image', '5472', '3648', '13026165', '2015-12-17 19:40:04', '2015-12-17 19:40:05', '2016-01-02 18:54:50', '937e380b-134a-4115-b934-21e811ab8ca3'),
 ('309', '4', '6', '22210955613_4359e58c13_o.jpg', 'image', '5472', '3648', '10508644', '2015-12-17 19:40:10', '2015-12-17 19:40:11', '2016-01-02 18:54:51', '70548d5a-7054-418d-8480-402a7f560f47'),
 ('310', '4', '6', '22818609742_e0a0c83d14_o.jpg', 'image', '5472', '3648', '16148475', '2015-12-17 19:40:18', '2015-12-17 19:40:19', '2016-01-02 18:54:53', '9c47918f-b1f9-4fb5-a5aa-9b1cd0b01fc3'),
 ('311', '5', '7', 'athletics.jpg', 'image', '1500', '1000', '227213', '2015-12-22 00:59:17', '2015-12-22 00:58:44', '2016-01-02 18:55:22', '655d1ebe-fd9e-4664-ace8-383e2b93b862'),
 ('321', '3', '5', 'placeholder-01-350x5001.jpg', 'image', '350', '500', '7447', '2015-12-29 15:59:26', '2015-12-29 15:59:27', '2016-01-02 18:54:48', '3fbc2367-4f28-4d1d-8600-f02ed4d53ac4'),
 ('328', '7', '10', 'static1.squarespace.jpg', 'image', '500', '315', '65972', '2015-12-29 16:40:43', '2015-12-29 16:40:43', '2016-01-02 18:54:59', 'baf5434a-18c8-4331-b1b5-c5b45c7ba2ae'),
 ('329', '7', '10', '1409156187-this-one-word-will-always-stifle-creativity.jpg', 'image', '822', '462', '163017', '2015-12-29 16:43:10', '2015-12-29 16:43:10', '2016-01-02 18:54:55', '9b1e3287-1ad8-482d-b6ff-b2e25eb4d0db'),
 ('330', '7', '10', 'SLIS-Screenshots-1500x786.jpg', 'image', '1500', '786', '151919', '2015-12-29 16:48:05', '2015-12-29 16:48:05', '2016-01-02 18:54:57', 'e9596d4f-5fd4-459d-9a7f-e35f4ce72d17'),
 ('331', '7', '10', '637255612-1-1500x938.jpg', 'image', '1500', '938', '159383', '2015-12-29 16:53:13', '2015-12-29 16:53:13', '2016-01-02 18:54:55', '3ae5a332-c2b2-46de-8421-690dd1e3f9bc'),
 ('332', '7', '10', 'Ivy-Lane-Pic.jpg', 'image', '1280', '817', '255094', '2015-12-29 16:56:02', '2015-12-29 16:56:03', '2016-01-02 18:54:56', '86bb6644-a9ce-46a3-85f1-8dbb470bedc5'),
 ('333', '7', '10', 'camera.jpg', 'image', '1500', '720', '157589', '2015-12-29 17:04:37', '2015-12-29 17:04:37', '2016-01-02 18:54:58', '4bc16021-03b0-4a93-a383-67dcd3c14b04'),
 ('334', '7', '10', 'older-intern-1500x715.jpg', 'image', '1500', '715', '56731', '2015-12-29 19:06:42', '2015-12-29 19:06:43', '2016-01-02 18:54:59', 'b749600c-4db5-427d-87cf-43b0a6f4c52f'),
 ('336', '7', '10', '11034893_10153643608919622_1993049094911321176_n.png', 'image', '915', '583', '1105178', '2015-12-29 19:11:42', '2015-12-29 19:11:42', '2016-01-02 18:54:54', '11705ead-a275-417d-bef6-503ea453f000'),
 ('338', '7', '10', 'Coffee-1500x1125.jpeg', 'image', '1500', '1125', '278125', '2015-12-29 19:15:09', '2015-12-29 19:15:09', '2016-01-02 18:54:56', '8c68c46b-1a64-44a0-8e4f-d57d20df825f'),
 ('340', '7', '10', 'iStock_000038782704_Double-1500x1000.jpg', 'image', '1500', '1000', '382920', '2015-12-29 19:18:03', '2015-12-29 19:18:03', '2016-01-02 18:54:59', 'daf59acc-a9f3-4820-8932-28a41965435c'),
 ('342', '7', '10', 'iStock_000033525494_Full-1500x1000.jpg', 'image', '1500', '1000', '508820', '2015-12-29 19:20:21', '2015-12-29 19:20:21', '2016-01-02 18:54:58', 'fdf521d4-500b-4cca-8e9a-acfa02fdfdf3'),
 ('343', '1', '1', 'mario_image.jpg', 'image', '1500', '512', '842838', '2015-12-29 19:21:21', '2015-12-29 19:21:21', '2016-01-02 18:55:15', '1b0de9b5-bbb2-442e-b907-91c5f8a93456'),
 ('345', '7', '10', '5319f4c2dbfa3f44830041bd._w.540_s.fit.jpg', 'image', '540', '360', '56780', '2015-12-29 19:22:56', '2015-12-29 19:22:56', '2016-01-02 18:54:56', 'a9d1b8ca-84e2-4e52-a814-e67b1c4061a5'),
 ('347', '7', '10', 'computer-science2.jpg', 'image', '960', '280', '218524', '2015-12-29 19:25:47', '2015-12-29 19:25:47', '2016-01-02 18:54:58', '94e2160f-9ed3-4389-99ff-1d51c8e7155a'),
 ('349', '7', '10', 'National_Air_and_Space_Museum_Entrance-1500x998.jpg', 'image', '1500', '998', '392499', '2015-12-29 19:27:49', '2015-12-29 19:27:50', '2016-01-02 18:54:57', 'c8b94f50-6d7f-4693-b6c7-60eacb22c32a'),
 ('351', '5', '7', 'Screenshot-2015-07-06-10.02.192-710x492.png', 'image', '710', '492', '310083', '2015-12-31 16:44:25', '2015-12-31 16:44:25', '2016-01-02 18:55:22', '3c34b8a7-021a-4894-855d-e638591596be'),
 ('352', '5', '7', 'ICE-Screenshots2-710x372.png', 'image', '710', '372', '148110', '2015-12-31 16:44:36', '2015-12-31 16:44:36', '2016-01-02 18:55:18', 'ca585f5d-d477-4c6e-8207-e469b6600a97'),
 ('354', '5', '7', 'SLIS-Screenshots-710x372.jpg', 'image', '710', '372', '47036', '2015-12-31 16:49:49', '2015-12-31 16:49:49', '2016-01-02 18:55:20', '8b80a4d9-21e4-4bf9-b93c-b08683fa8454'),
 ('356', '5', '7', 'State-Library-Screenshots-1500x786.png', 'image', '1500', '786', '776917', '2015-12-31 16:53:23', '2015-12-31 16:53:23', '2016-01-02 18:55:22', '9a3ac9fb-ea58-4d09-b2e5-9fbe283bff5c'),
 ('358', '5', '7', 'IMG_7279_web-710x450.jpg', 'image', '710', '450', '82704', '2015-12-31 16:57:15', '2015-12-31 16:57:15', '2016-01-02 18:55:19', 'ffd43a07-5f16-47f2-a216-aa208ed1856b'),
 ('359', '5', '7', 'IMG_7283_web-710x450.jpg', 'image', '710', '450', '90483', '2015-12-31 16:57:15', '2015-12-31 16:57:16', '2016-01-02 18:55:18', '72e0052a-f241-4333-a491-8059ad46a5a7'),
 ('360', '5', '7', 'IMG_7314_web.jpg', 'image', '710', '450', '308449', '2015-12-31 16:57:16', '2015-12-31 16:57:17', '2016-01-02 18:55:19', 'fa6ad481-bb3a-4693-acca-3b26f482d99f'),
 ('361', '5', '7', 'IMG_7315_web-710x450.jpg', 'image', '710', '450', '85976', '2015-12-31 16:57:17', '2015-12-31 16:57:17', '2016-01-02 18:55:19', '2da75ba7-ea89-4021-b8df-27286978366e'),
 ('362', '5', '7', 'IMG_7318_web.jpg', 'image', '710', '450', '344194', '2015-12-31 16:57:18', '2015-12-31 16:57:18', '2016-01-02 18:55:20', '24092f6b-d3f0-46bd-a569-8e0669218816'),
 ('364', '5', '7', 'florence.jpg', 'image', '1024', '768', '106271', '2015-12-31 17:10:14', '2015-12-31 17:10:15', '2016-01-02 18:55:23', 'a78b3b72-ff7c-4229-a8ba-820da51fbfaa');
INSERT INTO `craft_assetfiles` (`id`, `sourceId`, `folderId`, `filename`, `kind`, `width`, `height`, `size`, `dateModified`, `dateCreated`, `dateUpdated`, `uid`) VALUES
 ('366', '5', '7', 'Screenshot-2015-05-01-15.55.32-219x300.png', 'image', '219', '300', '32498', '2015-12-31 17:13:17', '2015-12-31 17:13:17', '2016-01-02 18:55:21', '5d21531e-1cb5-410a-86e5-db17cb42877f'),
 ('367', '5', '7', 'Screen-Shot-2015-12-31-at-12.15.29-PM.png', 'image', '1436', '1262', '350638', '2015-12-31 17:15:49', '2015-12-31 17:15:49', '2016-01-02 18:55:20', 'c06db12e-cfa3-463c-a223-a76a90e9e2ad'),
 ('369', '5', '7', 'Screen-Shot-2015-12-31-at-12.17.35-PM.png', 'image', '2500', '1248', '2735818', '2015-12-31 17:18:04', '2015-12-31 17:18:04', '2016-01-02 18:55:21', 'e9bb20df-5bb5-45ac-a097-80dd000b96d5'),
 ('374', '7', '10', 'State-Library-Screenshots-1500x786.png', 'image', '1500', '786', '776917', '2016-01-04 03:21:17', '2016-01-04 03:21:18', '2016-01-04 03:21:18', '8e65f017-27df-4ef8-ae14-aa0fff88e51d'),
 ('377', '3', '5', 'istnick.jpg', 'image', '350', '500', '34624', '2016-01-05 18:20:42', '2016-01-05 18:20:43', '2016-01-05 18:20:43', 'bbdb75a1-7320-4153-9254-7cfb85991f98'),
 ('379', '3', '5', 'kiskadden.jpg', 'image', '350', '500', '42285', '2016-01-05 18:26:20', '2016-01-05 18:26:20', '2016-01-05 18:26:20', '8b8d7a77-fe32-47bd-acff-55c910e2ce5f'),
 ('383', '3', '5', 'CoombsDanielle-350x500.jpg', 'image', '350', '500', '30783', '2016-01-05 18:49:30', '2016-01-05 18:49:31', '2016-01-05 18:49:31', '4f0e5bf7-15ca-4475-b50f-f482ee368097'),
 ('386', '3', '5', 'RobinsDavid-350x500.jpg', 'image', '350', '500', '31361', '2016-01-05 18:52:04', '2016-01-05 18:52:05', '2016-01-05 18:52:05', '53335bd7-f809-4c76-8de4-3a4ba3c30461'),
 ('387', '3', '5', 'CooreyJillianweb_1-350x500.gif', 'image', '350', '500', '95907', '2016-01-05 18:57:51', '2016-01-05 18:57:52', '2016-01-05 18:57:52', 'e4a68053-8d55-49df-8564-0d774ff967fc'),
 ('389', '3', '5', 'GrimmPam-350x500.jpg', 'image', '350', '500', '29979', '2016-01-05 19:04:06', '2016-01-05 19:04:06', '2016-01-05 19:04:06', '3c09df8f-fe7f-4ab8-93e6-d73d0b63cb61'),
 ('391', '3', '5', 'ph-optimized_1-350x500.jpg', 'image', '350', '500', '30511', '2016-01-05 19:09:49', '2016-01-05 19:09:49', '2016-01-05 19:09:49', '50b8244c-0303-41e4-9428-069cd753230f'),
 ('393', '3', '5', 'Renicker_webReady-1_11-350x500.png', 'image', '350', '500', '241983', '2016-01-05 19:14:13', '2016-01-05 19:14:14', '2016-01-05 19:14:14', '43166f7a-bbbb-47c0-ad5e-2df1446cb981'),
 ('401', '5', '7', 'IdeaBase-Powered-by-Kent-State-Students-1.mp4', 'video', NULL, NULL, '12141001', '2016-01-05 20:58:04', '2016-01-05 20:58:04', '2016-01-05 20:58:04', 'f6ab83b8-9445-4d80-ad66-9277c3ef4e7d'),
 ('406', '5', '7', 'Viewbook1.jpg', 'image', '710', '450', '72789', '2016-01-05 21:06:14', '2016-01-05 21:06:14', '2016-01-05 21:06:14', '19741622-5835-4cc5-b543-2377767fe56d'),
 ('408', '5', '7', 'caed-view-002.jpg', 'image', '710', '450', '188329', '2016-01-05 21:08:30', '2016-01-05 21:08:30', '2016-01-05 21:08:30', '6b63b78b-d342-426a-8212-99698c200f01'),
 ('409', '5', '7', 'caed-view-003.jpg', 'image', '710', '450', '211060', '2016-01-05 21:08:31', '2016-01-05 21:08:31', '2016-01-05 21:08:31', 'e0c23993-23d2-49b9-a703-36eb511b8e1d'),
 ('410', '5', '7', 'caed-view-004.jpg', 'image', '710', '450', '226457', '2016-01-05 21:08:31', '2016-01-05 21:08:31', '2016-01-05 21:08:31', 'd494bbea-ae38-4fa6-b025-f2baee43861e'),
 ('411', '5', '7', 'caed-view-005.jpg', 'image', '710', '450', '170576', '2016-01-05 21:08:32', '2016-01-05 21:08:32', '2016-01-05 21:08:32', 'aeaee77d-d9e4-477e-befe-1862cc16d97a'),
 ('448', '6', '9', 'ux.jpg', 'image', '4288', '2848', '3055488', '2016-01-15 16:11:28', '2016-01-15 15:50:11', '2016-01-15 16:11:32', 'd767bac6-a5ee-491f-a45d-188101024069');



DROP TABLE IF EXISTS `craft_assetfolders`;


--
-- Schema for table `craft_assetfolders`
--
CREATE TABLE `craft_assetfolders` (
  `id` int(11) NOT NULL AUTO_INCREMENT,
  `parentId` int(11) DEFAULT NULL,
  `sourceId` int(11) DEFAULT NULL,
  `name` varchar(255) COLLATE utf8_unicode_ci NOT NULL,
  `path` varchar(255) COLLATE utf8_unicode_ci DEFAULT NULL,
  `dateCreated` datetime NOT NULL,
  `dateUpdated` datetime NOT NULL,
  `uid` char(36) COLLATE utf8_unicode_ci NOT NULL DEFAULT '0',
  PRIMARY KEY (`id`),
  UNIQUE KEY `craft_assetfolders_name_parentId_sourceId_unq_idx` (`name`,`parentId`,`sourceId`),
  KEY `craft_assetfolders_parentId_fk` (`parentId`),
  KEY `craft_assetfolders_sourceId_fk` (`sourceId`)
) ENGINE=InnoDB AUTO_INCREMENT=11 DEFAULT CHARSET=utf8 COLLATE=utf8_unicode_ci;

--
-- Data for table `craft_assetfolders`
--

INSERT INTO `craft_assetfolders` (`id`, `parentId`, `sourceId`, `name`, `path`, `dateCreated`, `dateUpdated`, `uid`) VALUES
 ('1', NULL, '1', 'Global Images', '', '2015-09-18 14:08:55', '2015-11-12 16:58:50', '852ce750-15bc-4647-8e57-94443d74a1d9'),
 ('5', NULL, '3', 'Headshots', '', '2015-11-12 16:59:17', '2015-11-12 16:59:17', 'fcccacda-f88f-4264-a207-4fc80ff91093'),
 ('6', NULL, '4', 'Miscellaneous Images', '', '2015-11-13 14:18:14', '2015-11-13 14:18:14', '1a1ca853-8f68-40ec-88e4-9cbe3d356b52'),
 ('7', NULL, '5', 'Project Images', '', '2015-11-13 14:31:55', '2015-11-13 14:31:55', 'c28b34c7-0a2e-43e4-9a30-6c0dfb00643b'),
 ('8', '1', '1', 'images', 'images/', '2015-12-17 16:36:13', '2015-12-17 16:36:13', '6ab644ab-59ca-433c-b7fe-4bdd5678db9a'),
 ('9', NULL, '6', 'Featured Images', '', '2015-12-17 19:05:52', '2015-12-17 19:05:52', '592a756a-60e6-4a52-9cb0-aabeaa9e3807'),
 ('10', NULL, '7', 'Blog Images', '', '2015-12-17 19:06:32', '2015-12-17 19:06:32', '65e7ee63-02f7-4849-bcc9-a9870e81064a');



DROP TABLE IF EXISTS `craft_assetindexdata`;


--
-- Schema for table `craft_assetindexdata`
--
CREATE TABLE `craft_assetindexdata` (
  `id` int(11) NOT NULL AUTO_INCREMENT,
  `sessionId` varchar(36) COLLATE utf8_unicode_ci NOT NULL DEFAULT '',
  `sourceId` int(10) NOT NULL,
  `offset` int(10) NOT NULL,
  `uri` varchar(255) COLLATE utf8_unicode_ci DEFAULT NULL,
  `size` int(10) DEFAULT NULL,
  `recordId` int(10) DEFAULT NULL,
  `dateCreated` datetime NOT NULL,
  `dateUpdated` datetime NOT NULL,
  `uid` char(36) COLLATE utf8_unicode_ci NOT NULL DEFAULT '0',
  PRIMARY KEY (`id`),
  UNIQUE KEY `craft_assetindexdata_sessionId_sourceId_offset_unq_idx` (`sessionId`,`sourceId`,`offset`),
  KEY `craft_assetindexdata_sourceId_fk` (`sourceId`)
) ENGINE=InnoDB AUTO_INCREMENT=105 DEFAULT CHARSET=utf8 COLLATE=utf8_unicode_ci;

DROP TABLE IF EXISTS `craft_assetsources`;


--
-- Schema for table `craft_assetsources`
--
CREATE TABLE `craft_assetsources` (
  `id` int(11) NOT NULL AUTO_INCREMENT,
  `name` varchar(255) COLLATE utf8_unicode_ci NOT NULL,
  `handle` varchar(255) COLLATE utf8_unicode_ci NOT NULL,
  `type` varchar(150) COLLATE utf8_unicode_ci NOT NULL,
  `settings` text COLLATE utf8_unicode_ci,
  `sortOrder` tinyint(4) DEFAULT NULL,
  `fieldLayoutId` int(10) DEFAULT NULL,
  `dateCreated` datetime NOT NULL,
  `dateUpdated` datetime NOT NULL,
  `uid` char(36) COLLATE utf8_unicode_ci NOT NULL DEFAULT '0',
  PRIMARY KEY (`id`),
  UNIQUE KEY `craft_assetsources_name_unq_idx` (`name`),
  UNIQUE KEY `craft_assetsources_handle_unq_idx` (`handle`),
  KEY `craft_assetsources_fieldLayoutId_fk` (`fieldLayoutId`)
) ENGINE=InnoDB AUTO_INCREMENT=8 DEFAULT CHARSET=utf8 COLLATE=utf8_unicode_ci;

--
-- Data for table `craft_assetsources`
--

INSERT INTO `craft_assetsources` (`id`, `name`, `handle`, `type`, `settings`, `sortOrder`, `fieldLayoutId`, `dateCreated`, `dateUpdated`, `uid`) VALUES
 ('1', 'Global Images', 'globalImages', 'Local', '{\"path\":\"images\\/global\\/\",\"url\":\"http:\\/\\/ideabasekent.com\\/new\\/prod\\/images\\/global\\/\"}', '1', '191', '2015-09-18 14:08:55', '2015-12-17 19:17:34', 'de3fe392-445b-4778-9367-8ccf281ef8e8'),
 ('3', 'Headshots', 'headshotImages', 'Local', '{\"path\":\"Images\\/headshot\\/\",\"url\":\"http:\\/\\/www.ideabasekent.com\\/new\\/prod\\/Images\\/headshot\\/\"}', '3', '185', '2015-11-12 16:59:17', '2015-12-17 18:42:55', 'ab4bcac8-b0c0-4e1b-bd7e-c27947f4451c'),
 ('4', 'Miscellaneous Images', 'miscImages', 'Local', '{\"path\":\"Images\\/misc\\/\",\"url\":\"http:\\/\\/www.ideabasekent.com\\/new\\/prod\\/Images\\/misc\\/\"}', '4', '186', '2015-11-13 14:18:14', '2015-12-17 18:42:59', '2d46b38e-e8ae-481c-bfc6-285c13e38080'),
 ('5', 'Project Images', 'projectImages', 'Local', '{\"path\":\"images\\/projects\\/\",\"url\":\"http:\\/\\/www.ideabasekent.com\\/new\\/prod\\/images\\/projects\\/\"}', '5', '193', '2015-11-13 14:31:55', '2016-01-02 18:56:03', '73fc90b2-e88d-4407-aa39-2b79c09be36d'),
 ('6', 'Featured Images', 'featuredImages', 'Local', '{\"path\":\"Images\\/featured\\/\",\"url\":\"http:\\/\\/ideabase.web\\/prod\\/Images\\/featured\\/\"}', '6', '201', '2015-12-17 19:05:52', '2016-01-15 16:12:33', '73d046a8-99e0-4a75-99f3-3bcbae107bbf'),
 ('7', 'Blog Images', 'blogImages', 'Local', '{\"path\":\"Images\\/blogs\\/\",\"url\":\"http:\\/\\/www.ideabasekent.com\\/new\\/prod\\/images\\/blogs\\/\"}', '7', '189', '2015-12-17 19:06:32', '2015-12-17 19:09:24', '7bd9e053-1997-4fcf-80af-674aa8f4528c');



DROP TABLE IF EXISTS `craft_assettransformindex`;


--
-- Schema for table `craft_assettransformindex`
--
CREATE TABLE `craft_assettransformindex` (
  `id` int(11) NOT NULL AUTO_INCREMENT,
  `fileId` int(11) NOT NULL,
  `filename` varchar(255) COLLATE utf8_unicode_ci DEFAULT NULL,
  `format` varchar(255) COLLATE utf8_unicode_ci DEFAULT NULL,
  `location` varchar(255) COLLATE utf8_unicode_ci NOT NULL,
  `sourceId` int(11) DEFAULT NULL,
  `fileExists` tinyint(1) DEFAULT NULL,
  `inProgress` tinyint(1) DEFAULT NULL,
  `dateIndexed` datetime DEFAULT NULL,
  `dateCreated` datetime NOT NULL,
  `dateUpdated` datetime NOT NULL,
  `uid` char(36) COLLATE utf8_unicode_ci NOT NULL DEFAULT '0',
  PRIMARY KEY (`id`),
  KEY `craft_assettransformindex_sourceId_fileId_location_idx` (`sourceId`,`fileId`,`location`)
) ENGINE=InnoDB AUTO_INCREMENT=70 DEFAULT CHARSET=utf8 COLLATE=utf8_unicode_ci;

DROP TABLE IF EXISTS `craft_assettransforms`;


--
-- Schema for table `craft_assettransforms`
--
CREATE TABLE `craft_assettransforms` (
  `id` int(11) NOT NULL AUTO_INCREMENT,
  `name` varchar(255) COLLATE utf8_unicode_ci NOT NULL,
  `handle` varchar(255) COLLATE utf8_unicode_ci NOT NULL,
  `mode` enum('stretch','fit','crop') COLLATE utf8_unicode_ci NOT NULL DEFAULT 'crop',
  `position` enum('top-left','top-center','top-right','center-left','center-center','center-right','bottom-left','bottom-center','bottom-right') COLLATE utf8_unicode_ci NOT NULL DEFAULT 'center-center',
  `height` int(10) DEFAULT NULL,
  `width` int(10) DEFAULT NULL,
  `format` varchar(255) COLLATE utf8_unicode_ci DEFAULT NULL,
  `quality` int(10) DEFAULT NULL,
  `dimensionChangeTime` datetime DEFAULT NULL,
  `dateCreated` datetime NOT NULL,
  `dateUpdated` datetime NOT NULL,
  `uid` char(36) COLLATE utf8_unicode_ci NOT NULL DEFAULT '0',
  PRIMARY KEY (`id`),
  UNIQUE KEY `craft_assettransforms_name_unq_idx` (`name`),
  UNIQUE KEY `craft_assettransforms_handle_unq_idx` (`handle`)
) ENGINE=InnoDB AUTO_INCREMENT=12 DEFAULT CHARSET=utf8 COLLATE=utf8_unicode_ci;

--
-- Data for table `craft_assettransforms`
--

INSERT INTO `craft_assettransforms` (`id`, `name`, `handle`, `mode`, `position`, `height`, `width`, `format`, `quality`, `dimensionChangeTime`, `dateCreated`, `dateUpdated`, `uid`) VALUES
 ('1', 'Thumb', 'thumb', 'crop', 'center-center', '500', '350', NULL, NULL, '2015-09-25 13:43:03', '2015-09-25 13:43:03', '2015-09-25 13:43:03', '78ff8498-df60-4a6b-82ec-5710d253bd6a'),
 ('2', 'About Image Transform', 'aboutImageTransform', 'fit', 'center-center', '175', '350', NULL, NULL, '2015-10-02 14:54:34', '2015-10-02 14:50:26', '2015-10-02 14:54:34', 'ac120356-d977-4533-8112-5e82023d44c2'),
 ('3', 'Meet The Team Headshot', 'meetTheTeamHeadshot', 'fit', 'center-center', '125', '125', NULL, NULL, '2015-10-05 23:17:45', '2015-10-05 23:17:45', '2015-10-05 23:17:45', 'f52b00d5-12fb-49cd-bed1-10b97c04a599'),
 ('4', 'Featured Image Top', 'featuredImageTop', 'fit', 'center-center', '250', '600', NULL, NULL, '2015-10-06 15:15:47', '2015-10-06 15:15:47', '2015-10-06 15:15:47', '97d0fa2e-b5d1-4bd8-b926-fd375b22845c'),
 ('5', 'Feature Image - Large', 'featureImageLarge', 'crop', 'center-center', '1333', '2000', 'jpg', '60', '2015-12-14 20:47:13', '2015-12-14 20:47:13', '2015-12-14 20:47:13', 'ef1dd4d6-93db-4172-af94-2a88208c8306'),
 ('6', 'Feature Image - Medium', 'featureImageMedium', 'crop', 'center-center', '667', '1000', 'jpg', '60', '2015-12-14 20:48:00', '2015-12-14 20:48:00', '2015-12-14 20:48:00', 'a4c1d8d3-b932-46d5-9441-15af0f1e9995'),
 ('7', 'Feature Image - Small', 'featureImageSmall', 'crop', 'center-center', '600', '600', 'jpg', '60', '2015-12-14 20:48:28', '2015-12-14 20:48:28', '2015-12-14 20:48:28', 'c96b893c-3635-4949-b155-b0ec7d4a5a20'),
 ('8', 'Brick - Large', 'brickLarge', 'crop', 'center-center', '1333', '2000', 'jpg', '60', '2015-12-15 17:48:39', '2015-12-15 17:48:39', '2015-12-15 17:48:39', 'dab2dcb7-8b7e-4e25-a106-dd44bedd0659'),
 ('9', 'Brick - Medium', 'brickMedium', 'crop', 'center-center', '667', '1000', 'jpg', '60', '2015-12-15 17:48:56', '2015-12-15 17:48:56', '2015-12-15 17:48:56', '4b230255-4571-413e-a60a-c1a0c7badaa5'),
 ('10', 'Brick - Small', 'brickSmall', 'crop', 'center-center', '600', '600', 'jpg', '60', '2015-12-15 17:49:11', '2015-12-15 17:49:11', '2015-12-15 17:49:11', '18492bcb-feaf-4d48-8be0-43b0e3b1f3c0'),
 ('11', 'Form Icon - Normal', 'formIconNormal', 'crop', 'center-center', '100', '100', NULL, '60', '2015-12-15 19:02:15', '2015-12-15 19:02:15', '2015-12-15 19:02:28', '09f37075-a2f9-4673-83f4-57731afc16cd');



DROP TABLE IF EXISTS `craft_categories`;


--
-- Schema for table `craft_categories`
--
CREATE TABLE `craft_categories` (
  `id` int(11) NOT NULL,
  `groupId` int(11) NOT NULL,
  `dateCreated` datetime NOT NULL,
  `dateUpdated` datetime NOT NULL,
  `uid` char(36) COLLATE utf8_unicode_ci NOT NULL DEFAULT '0',
  PRIMARY KEY (`id`),
  KEY `craft_categories_groupId_fk` (`groupId`)
) ENGINE=InnoDB DEFAULT CHARSET=utf8 COLLATE=utf8_unicode_ci;

--
-- Data for table `craft_categories`
--

INSERT INTO `craft_categories` (`id`, `groupId`, `dateCreated`, `dateUpdated`, `uid`) VALUES
 ('5', '1', '2015-09-18 13:28:28', '2015-09-18 13:28:28', '4959e819-ed21-43f8-82f9-b6a9179ac9db'),
 ('6', '1', '2015-09-18 13:28:41', '2015-09-18 13:28:41', 'e04e04c2-51eb-4988-bd47-6d9bb4a473fa'),
 ('7', '1', '2015-09-18 13:28:57', '2015-09-18 13:28:57', 'c99bdcc1-5bac-47f5-848f-d26aafeae74e'),
 ('8', '1', '2015-09-18 13:29:09', '2015-09-18 13:29:09', 'd0967b2d-9098-4f66-91e5-db6272c5aee9'),
 ('122', '5', '2015-10-30 14:05:26', '2015-10-30 14:05:26', 'baedc9db-b1b9-4e8f-b8af-91eaeb46b4c1'),
 ('123', '5', '2015-10-30 14:05:39', '2015-10-30 14:05:46', '7536f044-837d-4f3b-bc31-6dc57ce77f6f'),
 ('175', '6', '2015-11-24 15:14:45', '2015-11-24 15:14:45', 'dfa29e3f-9f1d-445e-a852-ee9aa019d948'),
 ('176', '6', '2015-11-24 15:14:53', '2015-11-24 15:14:53', 'ad2036b0-fca0-4887-a1c1-1abe284bc9fb'),
 ('177', '6', '2015-11-24 15:14:58', '2015-11-24 15:14:58', '666ff830-6f95-4953-95c1-054df9799714'),
 ('178', '6', '2015-11-24 15:15:09', '2015-11-24 15:15:09', 'd9438299-c638-4433-8466-bb1dcf9ff7b2'),
 ('179', '6', '2015-11-24 15:15:17', '2015-11-24 15:15:17', '4fdc827a-aea8-4435-b9cc-cbd8eaa44810'),
 ('180', '6', '2015-11-24 15:15:27', '2015-11-24 15:15:27', 'a778410b-542f-4b3d-9116-da2ef42258c3'),
 ('181', '6', '2015-11-24 15:15:36', '2015-11-24 15:15:36', 'dfc5d44e-c161-42dc-b72b-3f71ad4b2336'),
 ('433', '6', '2016-01-12 17:36:18', '2016-01-12 17:36:18', '0ac232c7-3145-48c2-a5b9-7ecc9198e9e2');



DROP TABLE IF EXISTS `craft_categorygroups`;


--
-- Schema for table `craft_categorygroups`
--
CREATE TABLE `craft_categorygroups` (
  `id` int(11) NOT NULL AUTO_INCREMENT,
  `structureId` int(11) NOT NULL,
  `fieldLayoutId` int(11) DEFAULT NULL,
  `name` varchar(255) COLLATE utf8_unicode_ci NOT NULL,
  `handle` varchar(255) COLLATE utf8_unicode_ci NOT NULL,
  `hasUrls` tinyint(1) unsigned NOT NULL DEFAULT '1',
  `template` varchar(500) COLLATE utf8_unicode_ci DEFAULT NULL,
  `dateCreated` datetime NOT NULL,
  `dateUpdated` datetime NOT NULL,
  `uid` char(36) COLLATE utf8_unicode_ci NOT NULL DEFAULT '0',
  PRIMARY KEY (`id`),
  UNIQUE KEY `craft_categorygroups_name_unq_idx` (`name`),
  UNIQUE KEY `craft_categorygroups_handle_unq_idx` (`handle`),
  KEY `craft_categorygroups_structureId_fk` (`structureId`),
  KEY `craft_categorygroups_fieldLayoutId_fk` (`fieldLayoutId`)
) ENGINE=InnoDB AUTO_INCREMENT=7 DEFAULT CHARSET=utf8 COLLATE=utf8_unicode_ci;

--
-- Data for table `craft_categorygroups`
--

INSERT INTO `craft_categorygroups` (`id`, `structureId`, `fieldLayoutId`, `name`, `handle`, `hasUrls`, `template`, `dateCreated`, `dateUpdated`, `uid`) VALUES
 ('1', '2', '13', 'Staff Hierarchy', 'staffHierarchy', '1', '', '2015-09-18 13:26:54', '2015-09-18 13:26:54', '5b30bff9-dc0a-43ba-8708-0bd5f0054e4b'),
 ('5', '6', '60', 'Case Study or Blog', 'caseStudyOrBlog', '1', '', '2015-10-30 14:05:08', '2015-10-30 14:05:08', '35beac86-ba19-45c6-88f5-9e031294731c'),
 ('6', '7', '149', 'Project Type', 'projectType', '1', '', '2015-11-24 15:14:28', '2015-11-24 15:14:28', 'f14d8e78-9d97-40ce-90fc-f622c3e46dd9');



DROP TABLE IF EXISTS `craft_categorygroups_i18n`;


--
-- Schema for table `craft_categorygroups_i18n`
--
CREATE TABLE `craft_categorygroups_i18n` (
  `id` int(11) NOT NULL AUTO_INCREMENT,
  `groupId` int(11) NOT NULL,
  `locale` char(12) COLLATE utf8_unicode_ci NOT NULL,
  `urlFormat` text COLLATE utf8_unicode_ci,
  `nestedUrlFormat` text COLLATE utf8_unicode_ci,
  `dateCreated` datetime NOT NULL,
  `dateUpdated` datetime NOT NULL,
  `uid` char(36) COLLATE utf8_unicode_ci NOT NULL DEFAULT '0',
  PRIMARY KEY (`id`),
  UNIQUE KEY `craft_categorygroups_i18n_groupId_locale_unq_idx` (`groupId`,`locale`),
  KEY `craft_categorygroups_i18n_locale_fk` (`locale`)
) ENGINE=InnoDB AUTO_INCREMENT=7 DEFAULT CHARSET=utf8 COLLATE=utf8_unicode_ci;

--
-- Data for table `craft_categorygroups_i18n`
--

INSERT INTO `craft_categorygroups_i18n` (`id`, `groupId`, `locale`, `urlFormat`, `nestedUrlFormat`, `dateCreated`, `dateUpdated`, `uid`) VALUES
 ('1', '1', 'en_us', 'staff-hierarchy/{slug}', '{parent.uri}/{slug}', '2015-09-18 13:26:54', '2015-09-18 13:26:54', 'de640107-19fe-40b9-bfe9-d787786c2807'),
 ('5', '5', 'en_us', 'case-study-or-blog/{slug}', '{parent.uri}/{slug}', '2015-10-30 14:05:08', '2015-10-30 14:05:08', '538904fe-ce09-4638-98bf-169cf2b75eec'),
 ('6', '6', 'en_us', 'project-type/{slug}', '{parent.uri}/{slug}', '2015-11-24 15:14:28', '2015-11-24 15:14:28', 'a5d6a30e-40c5-47a8-918e-2a050bccb4ad');



DROP TABLE IF EXISTS `craft_content`;


--
-- Schema for table `craft_content`
--
CREATE TABLE `craft_content` (
  `id` int(11) NOT NULL AUTO_INCREMENT,
  `elementId` int(11) NOT NULL,
  `locale` char(12) COLLATE utf8_unicode_ci NOT NULL,
  `title` varchar(255) COLLATE utf8_unicode_ci DEFAULT NULL,
  `field_body` text COLLATE utf8_unicode_ci,
  `field_profileJobTitle` text COLLATE utf8_unicode_ci,
  `field_profileContactEmail` text COLLATE utf8_unicode_ci,
  `field_profileOfficePhoneNumber` text COLLATE utf8_unicode_ci,
  `field_profileBiographyDescription` text COLLATE utf8_unicode_ci,
  `field_profileFunFact` text COLLATE utf8_unicode_ci,
  `field_projectDescription` text COLLATE utf8_unicode_ci,
  `field_blogContent` text COLLATE utf8_unicode_ci,
  `field_awardTitle` text COLLATE utf8_unicode_ci,
  `field_awardDateAwarded` datetime DEFAULT NULL,
  `field_awardWinningProject` text COLLATE utf8_unicode_ci,
  `field_winningProjectUrl` text COLLATE utf8_unicode_ci,
  `field_testimonialNameOfQuoter` text COLLATE utf8_unicode_ci,
  `field_testimonialQuote` text COLLATE utf8_unicode_ci,
  `field_dateOfQuote` datetime DEFAULT NULL,
  `field_serviceTitle` text COLLATE utf8_unicode_ci,
  `field_serviceDescription` text COLLATE utf8_unicode_ci,
  `field_clientTitle` text COLLATE utf8_unicode_ci,
  `field_primaryContact` text COLLATE utf8_unicode_ci,
  `field_callToAction` text COLLATE utf8_unicode_ci,
  `field_footerAddress` text COLLATE utf8_unicode_ci,
  `field_phoneNumber` text COLLATE utf8_unicode_ci,
  `field_footerEmail` text COLLATE utf8_unicode_ci,
  `field_mainTagline` text COLLATE utf8_unicode_ci,
  `field_homepageAboutText` text COLLATE utf8_unicode_ci,
  `field_staffIndexHeader` text COLLATE utf8_unicode_ci,
  `field_staffIndexDescription` text COLLATE utf8_unicode_ci,
  `field_workForIdeabaseTitle` text COLLATE utf8_unicode_ci,
  `field_workForIdeabaseDescription` text COLLATE utf8_unicode_ci,
  `field_processHeader` text COLLATE utf8_unicode_ci,
  `field_linkToProjects` text COLLATE utf8_unicode_ci,
  `field_caseStudyContent` text COLLATE utf8_unicode_ci,
  `field_basicContent` text COLLATE utf8_unicode_ci,
  `field_qualityHeadline` text COLLATE utf8_unicode_ci,
  `field_qualityDescription` text COLLATE utf8_unicode_ci,
  `field_workForIdeabaseLink` text COLLATE utf8_unicode_ci,
  `field_designHeadline` text COLLATE utf8_unicode_ci,
  `field_projectsHeadline` text COLLATE utf8_unicode_ci,
  `field_projectsDescription` text COLLATE utf8_unicode_ci,
  `field_projectHeadline` text COLLATE utf8_unicode_ci,
  `field_projectsSubDescription` text COLLATE utf8_unicode_ci,
  `field_caseStudyHeadline` text COLLATE utf8_unicode_ci,
  `field_caseStudySubDescription` text COLLATE utf8_unicode_ci,
  `field_classroomExperienceHeadline` text COLLATE utf8_unicode_ci,
  `field_classroomExperienceDescription` text COLLATE utf8_unicode_ci,
  `field_collegeDegree` text COLLATE utf8_unicode_ci,
  `field_processDescription` text COLLATE utf8_unicode_ci,
  `field_uxTestingLabDescription` text COLLATE utf8_unicode_ci,
  `field_copyright` text COLLATE utf8_unicode_ci,
  `field_footerBlurb` text COLLATE utf8_unicode_ci,
  `field_footerHeadline` text COLLATE utf8_unicode_ci,
  `field_contactFormDescription` text COLLATE utf8_unicode_ci,
  `field_ctaButton` text COLLATE utf8_unicode_ci,
  `field_projectUrl` text COLLATE utf8_unicode_ci,
  `field_street` text COLLATE utf8_unicode_ci,
  `field_priceDescription` text COLLATE utf8_unicode_ci,
  `field_priceHeadline` text COLLATE utf8_unicode_ci,
  `field_uxLabButton` text COLLATE utf8_unicode_ci,
  `field_classroomButton` text COLLATE utf8_unicode_ci,
  `field_moreProjectsButton` text COLLATE utf8_unicode_ci,
  `field_profileLastName` text COLLATE utf8_unicode_ci,
  `field_profileFirstName` text COLLATE utf8_unicode_ci,
  `field_alumniLightswitch` tinyint(1) unsigned NOT NULL DEFAULT '0',
  `field_introduction` text COLLATE utf8_unicode_ci,
  `dateCreated` datetime NOT NULL,
  `dateUpdated` datetime NOT NULL,
  `uid` char(36) COLLATE utf8_unicode_ci NOT NULL DEFAULT '0',
  PRIMARY KEY (`id`),
  UNIQUE KEY `craft_content_elementId_locale_unq_idx` (`elementId`,`locale`),
  KEY `craft_content_title_idx` (`title`),
  KEY `craft_content_locale_fk` (`locale`)
) ENGINE=InnoDB AUTO_INCREMENT=440 DEFAULT CHARSET=utf8 COLLATE=utf8_unicode_ci;

--
-- Data for table `craft_content`
--

INSERT INTO `craft_content` (`id`, `elementId`, `locale`, `title`, `field_body`, `field_profileJobTitle`, `field_profileContactEmail`, `field_profileOfficePhoneNumber`, `field_profileBiographyDescription`, `field_profileFunFact`, `field_projectDescription`, `field_blogContent`, `field_awardTitle`, `field_awardDateAwarded`, `field_awardWinningProject`, `field_winningProjectUrl`, `field_testimonialNameOfQuoter`, `field_testimonialQuote`, `field_dateOfQuote`, `field_serviceTitle`, `field_serviceDescription`, `field_clientTitle`, `field_primaryContact`, `field_callToAction`, `field_footerAddress`, `field_phoneNumber`, `field_footerEmail`, `field_mainTagline`, `field_homepageAboutText`, `field_staffIndexHeader`, `field_staffIndexDescription`, `field_workForIdeabaseTitle`, `field_workForIdeabaseDescription`, `field_processHeader`, `field_linkToProjects`, `field_caseStudyContent`, `field_basicContent`, `field_qualityHeadline`, `field_qualityDescription`, `field_workForIdeabaseLink`, `field_designHeadline`, `field_projectsHeadline`, `field_projectsDescription`, `field_projectHeadline`, `field_projectsSubDescription`, `field_caseStudyHeadline`, `field_caseStudySubDescription`, `field_classroomExperienceHeadline`, `field_classroomExperienceDescription`, `field_collegeDegree`, `field_processDescription`, `field_uxTestingLabDescription`, `field_copyright`, `field_footerBlurb`, `field_footerHeadline`, `field_contactFormDescription`, `field_ctaButton`, `field_projectUrl`, `field_street`, `field_priceDescription`, `field_priceHeadline`, `field_uxLabButton`, `field_classroomButton`, `field_moreProjectsButton`, `field_profileLastName`, `field_profileFirstName`, `field_alumniLightswitch`, `field_introduction`, `dateCreated`, `dateUpdated`, `uid`) VALUES
 ('1', '1', 'en_us', NULL, NULL, NULL, NULL, '0', NULL, NULL, NULL, NULL, NULL, NULL, NULL, NULL, NULL, NULL, NULL, NULL, NULL, NULL, NULL, NULL, NULL, '0', NULL, NULL, NULL, NULL, NULL, NULL, NULL, NULL, NULL, NULL, NULL, NULL, NULL, NULL, NULL, NULL, NULL, NULL, NULL, NULL, NULL, NULL, NULL, NULL, NULL, NULL, NULL, NULL, NULL, NULL, NULL, NULL, NULL, NULL, NULL, NULL, NULL, NULL, NULL, NULL, '0', NULL, '2015-09-18 13:02:10', '2015-11-10 19:42:58', 'c9efc88a-0ef4-42e8-a874-420814e978a8'),
 ('2', '2', 'en_us', 'IdeaBase Kent New Website', '<p>It’s true, this site doesn’t have a whole lot of content yet, but don’t worry. Our web developers have just installed the CMS, and they’re setting things up for the content editors this very moment. Soon Localhost will be an oasis of fresh perspectives, sharp analyses, and astute opinions that will keep you coming back again and again.</p>', NULL, NULL, '0', NULL, NULL, NULL, NULL, NULL, NULL, NULL, NULL, NULL, NULL, NULL, NULL, NULL, NULL, NULL, NULL, NULL, '0', NULL, 'Research-based, student-powered design solutions.', '<p>We’re a Kent State student-powered design agency located in downtown Kent, OH. Our student employees represent a variety of backgrounds and disciplines, united in their passion for creating meaningful designs to support our clients’ design initiatives. </p>\r\n\r\n<p><br>At IdeaBase, we’re determined to deliver quality design solutions while equipping our student team with lasting experiential learning opportunities.<br></p>', NULL, NULL, NULL, NULL, NULL, NULL, NULL, NULL, NULL, NULL, NULL, 'Our design process is tailored to you.', 'Tried-and-True', '<p>Our processes deliver results. No matter the industry or design challenge, our past work speaks for itself.</p>', NULL, NULL, NULL, NULL, NULL, NULL, NULL, NULL, NULL, NULL, NULL, NULL, NULL, NULL, NULL, NULL, NULL, NULL, NULL, NULL, NULL, NULL, NULL, '0', NULL, '2015-09-18 13:02:12', '2015-12-17 19:34:26', '406291b4-9b84-4bf9-93dd-31388cc7e591'),
 ('3', '3', 'en_us', 'We just installed Craft!', '<p>Craft is the CMS that’s powering Localhost. It’s beautiful, powerful, flexible, and easy-to-use, and it’s made by Pixel &amp; Tonic. We can’t wait to dive in and see what it’s capable of!</p><!--pagebreak--><p>This is even more captivating content, which you couldn’t see on the News index page because it was entered after a Page Break, and the News index template only likes to show the content on the first page.</p><p>Craft: a nice alternative to Word, if you’re making a website.</p>', NULL, NULL, '0', NULL, NULL, NULL, NULL, NULL, NULL, NULL, NULL, NULL, NULL, NULL, NULL, NULL, NULL, NULL, NULL, NULL, '0', NULL, NULL, NULL, NULL, NULL, NULL, NULL, NULL, NULL, NULL, NULL, NULL, NULL, NULL, NULL, NULL, NULL, NULL, NULL, NULL, NULL, NULL, NULL, NULL, NULL, NULL, NULL, NULL, NULL, NULL, NULL, NULL, NULL, NULL, NULL, NULL, NULL, NULL, NULL, NULL, '0', NULL, '2015-09-18 13:02:13', '2015-09-18 13:02:13', 'd0ed3828-b61a-4440-aaca-51f55e6f6762'),
 ('5', '5', 'en_us', 'Leadership', NULL, NULL, NULL, '0', NULL, NULL, NULL, NULL, NULL, NULL, NULL, NULL, NULL, NULL, NULL, NULL, NULL, NULL, NULL, NULL, NULL, '0', NULL, NULL, NULL, NULL, NULL, NULL, NULL, NULL, NULL, NULL, NULL, NULL, NULL, NULL, NULL, NULL, NULL, NULL, NULL, NULL, NULL, NULL, NULL, NULL, NULL, NULL, NULL, NULL, NULL, NULL, NULL, NULL, NULL, NULL, NULL, NULL, NULL, NULL, NULL, NULL, '0', NULL, '2015-09-18 13:28:28', '2015-09-18 13:28:28', '1d19a514-7f8f-4701-8e4f-aec93b354143'),
 ('6', '6', 'en_us', 'Student', NULL, NULL, NULL, '0', NULL, NULL, NULL, NULL, NULL, NULL, NULL, NULL, NULL, NULL, NULL, NULL, NULL, NULL, NULL, NULL, NULL, '0', NULL, NULL, NULL, NULL, NULL, NULL, NULL, NULL, NULL, NULL, NULL, NULL, NULL, NULL, NULL, NULL, NULL, NULL, NULL, NULL, NULL, NULL, NULL, NULL, NULL, NULL, NULL, NULL, NULL, NULL, NULL, NULL, NULL, NULL, NULL, NULL, NULL, NULL, NULL, NULL, '0', NULL, '2015-09-18 13:28:41', '2015-09-18 13:28:41', 'aeb4d309-fd34-4400-b76b-08666ac20618'),
 ('7', '7', 'en_us', 'Professional Advisory Board', NULL, NULL, NULL, '0', NULL, NULL, NULL, NULL, NULL, NULL, NULL, NULL, NULL, NULL, NULL, NULL, NULL, NULL, NULL, NULL, NULL, '0', NULL, NULL, NULL, NULL, NULL, NULL, NULL, NULL, NULL, NULL, NULL, NULL, NULL, NULL, NULL, NULL, NULL, NULL, NULL, NULL, NULL, NULL, NULL, NULL, NULL, NULL, NULL, NULL, NULL, NULL, NULL, NULL, NULL, NULL, NULL, NULL, NULL, NULL, NULL, NULL, '0', NULL, '2015-09-18 13:28:57', '2015-09-18 13:28:57', 'ac6c7632-739f-4c37-ab14-0911cdd90035'),
 ('8', '8', 'en_us', 'Faculty Advisory Board', NULL, NULL, NULL, '0', NULL, NULL, NULL, NULL, NULL, NULL, NULL, NULL, NULL, NULL, NULL, NULL, NULL, NULL, NULL, NULL, NULL, '0', NULL, NULL, NULL, NULL, NULL, NULL, NULL, NULL, NULL, NULL, NULL, NULL, NULL, NULL, NULL, NULL, NULL, NULL, NULL, NULL, NULL, NULL, NULL, NULL, NULL, NULL, NULL, NULL, NULL, NULL, NULL, NULL, NULL, NULL, NULL, NULL, NULL, NULL, NULL, NULL, '0', NULL, '2015-09-18 13:29:09', '2015-09-18 13:29:09', 'b59c92f0-c32a-4ea5-88f3-9072dc7c828c'),
 ('67', '67', 'en_us', 'Reilly Hawkins ', NULL, 'Web Programmer', 'rhawkins@ideabasekent.com', '440.221.9193', '<p>Reilly&nbsp;is an outfielder for the Kent State University Baseball team. He enjoys being a “techie”and loves Apple products and their&nbsp;innovations.&nbsp;Reilly is&nbsp;intrigued&nbsp;by&nbsp;how much technology is becoming a part of everyday society.&nbsp;</p>\r\n\r\n<p><br></p>', 'I legally had my name changed in Kindergarten. It used to be Andrew Quaid Hawkins, however there were 4 other “Andrews” in my class so my mom wanted it to be more unique. Changed to Reilly William Hawkins.', NULL, NULL, NULL, NULL, NULL, NULL, NULL, NULL, NULL, NULL, NULL, NULL, NULL, NULL, NULL, '0', NULL, NULL, NULL, NULL, NULL, NULL, NULL, NULL, NULL, NULL, NULL, NULL, NULL, NULL, NULL, NULL, NULL, NULL, NULL, NULL, NULL, NULL, NULL, 'Computer Information Systems ', NULL, NULL, NULL, NULL, NULL, NULL, NULL, NULL, NULL, NULL, NULL, NULL, NULL, NULL, 'Hawkins ', 'Reilly', '0', NULL, '2015-09-18 14:03:06', '2016-01-12 19:49:22', '2dcc7681-41ac-4879-a0d2-d885574ce6f9'),
 ('73', '73', 'en_us', 'Being an Account Manager at IdeaBase: Robin Tucker', NULL, NULL, NULL, '0', NULL, NULL, NULL, '<p>My name is Robin Tucker, and I am an Account Manager for IdeaBase. My major is Advertising and I have a minor in Marketing. As an Account Manger, my duties are to keep in touch with clients, take notes, do invoicing, and work at the reception desk. I’m also allowed the opportunity to do some copywriting and editing.<br>I love working as an Account Manager for IdeaBase because it’s such a great work environment. Honestly, I’m not sure what I want to do with my Advertising degree. At the moment, I’m interning for Cincy Event Planning. My internship with Cincy Event Planning is off to a great start! I’m excited to plan my first Ronald McDonald House event for them in the spring. It’s nice to be getting experience in different fields. It gives me a lot to think about for the future. In time, I think I will be able to narrow my career choices down and find the best fit for me.<br>Beyond working and school, I enjoy doing yoga, cooking, and blogging. I have a blog on WordPress where I discuss my idea of how to live a happy, healthy life. Some of my posts discuss mental health, yoga, and clean eating. I love writing, and a blog is a great way for me to express myself. Cooking is also something I have always enjoyed, but recently I’ve started eating clean. So it’s been interesting learning how to cook clean. Clean eating is basically eating as close to nature as possible, or as little processed foods as possible. Clean eating is a great way to get your health back on track! I’m still a college student though, so I enjoy some pizza and cookies in moderation.<br>I’ve been working for IdeaBase since August of 2014. I have already seen so much growth in the agency. It’s amazing what students are capable of with the help of some great managers. I think IdeaBase is fairly unique. I don’t know how many other colleges have student-run creative agencies. I like that I’m working in an office in downtown Kent versus on campus. And I know what I’m learning now at IdeaBase will be pertinent for my future career, whatever it may be.<br>Currently, I am working on projects for Summa and NEOMED. I am the Account Manager for both of these accounts. I will also get to do some copy-editing for Summa. IdeaBase is creating a diversity report for Summa and doing research for a new website for NEOMED. In regards to NEOMED, I recently attended a business needs analysis meeting. This was very interesting to sit in on and take notes for. I’m excited to do more work for both of these clients.<br>All in all, I’ve been learning a lot of valuable information, hands on, at IdeaBase. I’m glad to have been given this unique opportunity. It’s also great collaborating with students from different majors. I know what I’m learning at IdeaBase will carry-on into my future career.</p>', NULL, NULL, NULL, NULL, NULL, NULL, NULL, NULL, NULL, NULL, NULL, NULL, NULL, '0', NULL, NULL, NULL, NULL, NULL, NULL, NULL, NULL, NULL, NULL, NULL, NULL, NULL, NULL, NULL, NULL, NULL, NULL, NULL, NULL, NULL, NULL, NULL, NULL, NULL, NULL, NULL, NULL, NULL, NULL, NULL, NULL, NULL, NULL, NULL, NULL, NULL, NULL, NULL, NULL, '0', NULL, '2015-09-22 13:27:28', '2015-12-29 16:57:57', '0688f53f-a08f-4f61-8bb6-285289f400ff'),
 ('75', '75', 'en_us', 'This is an award', NULL, NULL, NULL, '0', NULL, NULL, NULL, NULL, '', '2015-09-08 00:00:00', 'test ', 'http://www.google.com', NULL, NULL, NULL, NULL, NULL, NULL, NULL, NULL, NULL, '0', NULL, NULL, NULL, NULL, NULL, NULL, NULL, NULL, NULL, NULL, NULL, NULL, NULL, NULL, NULL, NULL, NULL, NULL, NULL, NULL, NULL, NULL, NULL, NULL, NULL, NULL, NULL, NULL, NULL, NULL, NULL, NULL, NULL, NULL, NULL, NULL, NULL, NULL, NULL, NULL, '0', NULL, '2015-09-22 14:33:18', '2015-11-06 15:45:44', '72e44865-5437-4ce2-954f-58951415978e'),
 ('77', '77', 'en_us', 'This is a new client', NULL, NULL, NULL, '0', NULL, NULL, NULL, NULL, NULL, NULL, NULL, NULL, NULL, NULL, NULL, NULL, NULL, '', '', NULL, NULL, '0', NULL, NULL, NULL, NULL, NULL, NULL, NULL, NULL, NULL, NULL, NULL, NULL, NULL, NULL, NULL, NULL, NULL, NULL, NULL, NULL, NULL, NULL, NULL, NULL, NULL, NULL, NULL, NULL, NULL, NULL, NULL, NULL, NULL, NULL, NULL, NULL, NULL, NULL, NULL, NULL, '0', NULL, '2015-09-22 14:36:49', '2015-09-22 14:36:49', '80572a89-0b06-4a5d-960c-5bd86103eb83'),
 ('79', '79', 'en_us', 'Another news post', '<p>this is another news post</p>', NULL, NULL, '0', NULL, NULL, NULL, NULL, NULL, NULL, NULL, NULL, NULL, NULL, NULL, NULL, NULL, NULL, NULL, NULL, NULL, '0', NULL, NULL, NULL, NULL, NULL, NULL, NULL, NULL, NULL, NULL, NULL, NULL, NULL, NULL, NULL, NULL, NULL, NULL, NULL, NULL, NULL, NULL, NULL, NULL, NULL, NULL, NULL, NULL, NULL, NULL, NULL, NULL, NULL, NULL, NULL, NULL, NULL, NULL, NULL, NULL, '0', NULL, '2015-09-22 14:37:54', '2015-09-22 14:37:54', '62d5f5cf-5e68-41bd-abc7-0cfc2cd16ed0'),
 ('80', '80', 'en_us', 'Soccer and IdeaBase: Surprisingly Related: Megan Johnson', NULL, NULL, NULL, '0', NULL, NULL, NULL, '<p>I’m Megan Johnson, one of the Art Directors at IdeaBase. I’ve been with the agency&nbsp;since May of 2014. My major at Kent State is Visual Communication Design, and along with my studies, I played soccer for Kent for 4 years. Even though I’ve only been with IdeaBase for a year, I’ve already seen so much growth in the agency. The addition of new employees that specialize in different fields, like website design and coding, has really expanded our design possibilities. It has also allowed some of us designers to expand our knowledge about other fields.<br>Beyond the growth of the agency, the environment at IdeaBase is really great. It’s professional where clients are involved, but amongst the employees it is laid back and fun. We all like to joke around with each other, but we also take our design work seriously and look for good feedback from our peers. It’s just a great atmosphere to be a part of. I like that I can speak candidly and openly with anyone in the office.<br>Besides my schooling, soccer has been a major part of my life and career at Kent State. Being a student athlete is hard work, but it has taught me so many things. For one, it helped me understand when I need to step up and lead, and when it’s better to follow. It also taught me how to handle people that I might not necessarily get along with, but need to get along with regardless. Lastly, being a student athlete has provided me with some of the greatest friends I could ever ask for, that I might not have met if I hadn’t played a sport here.<br>My soccer career is actually fairly comparable to working at IdeaBase. From a work standpoint, I learned a lot from athletics that I’ve been able to apply to IdeaBase. To name a few things, I learned how to manage my time properly, collaborate and work well with others, and also learned that being early is being on time, which are all important things to use in the office. From a social standpoint, in both situations I have formed good relationships with interesting and different people that I might not have become friends with otherwise.<br>Overall, I am glad the time I spent with athletics has been able to translate to my work at IdeaBase, and I hope with future careers as well. With the Kent State’s athletics department as one of my clients, I am able to still keep athletics in my life despite the fact that I no longer play for the school. It’s been great to work with different sides of the athletics department.</p>', NULL, NULL, NULL, NULL, NULL, NULL, NULL, NULL, NULL, NULL, NULL, NULL, NULL, '0', NULL, NULL, NULL, NULL, NULL, NULL, NULL, NULL, NULL, NULL, NULL, NULL, NULL, NULL, NULL, NULL, NULL, NULL, NULL, NULL, NULL, NULL, NULL, NULL, NULL, NULL, NULL, NULL, NULL, NULL, NULL, NULL, NULL, NULL, NULL, NULL, NULL, NULL, NULL, NULL, '0', NULL, '2015-09-23 00:27:55', '2016-01-14 18:17:45', '15b59b22-a157-4186-88cc-2a21b3963351'),
 ('81', '81', 'en_us', 'ADDY AWARD', NULL, NULL, NULL, '0', NULL, NULL, NULL, NULL, 'ADDY AWARD', '2015-09-08 00:00:00', '', 'http://www.google.com', NULL, NULL, NULL, NULL, NULL, NULL, NULL, NULL, NULL, '0', NULL, NULL, NULL, NULL, NULL, NULL, NULL, NULL, NULL, NULL, NULL, NULL, NULL, NULL, NULL, NULL, NULL, NULL, NULL, NULL, NULL, NULL, NULL, NULL, NULL, NULL, NULL, NULL, NULL, NULL, NULL, NULL, NULL, NULL, NULL, NULL, NULL, NULL, NULL, NULL, '0', NULL, '2015-09-23 00:37:27', '2015-11-06 15:33:45', 'a787eb6a-8098-44f0-b1cf-1fd8f52f6e0d'),
 ('87', '87', 'en_us', NULL, NULL, NULL, NULL, '0', NULL, NULL, NULL, NULL, NULL, NULL, NULL, NULL, NULL, NULL, NULL, NULL, NULL, NULL, NULL, NULL, NULL, '0', NULL, NULL, NULL, NULL, NULL, NULL, NULL, NULL, NULL, NULL, NULL, NULL, NULL, NULL, NULL, NULL, NULL, NULL, NULL, NULL, NULL, NULL, NULL, NULL, NULL, NULL, NULL, NULL, NULL, NULL, NULL, NULL, NULL, NULL, NULL, NULL, NULL, NULL, NULL, NULL, '0', NULL, '2015-09-29 14:15:13', '2015-09-29 14:15:27', '29608ba5-35c3-4ec9-a72e-85a4bc27737d'),
 ('89', '89', 'en_us', NULL, NULL, NULL, NULL, '0', NULL, NULL, NULL, NULL, NULL, NULL, NULL, NULL, NULL, NULL, NULL, NULL, NULL, NULL, NULL, NULL, NULL, '0', NULL, NULL, NULL, NULL, NULL, NULL, NULL, NULL, NULL, NULL, NULL, NULL, NULL, NULL, NULL, NULL, NULL, NULL, NULL, NULL, NULL, NULL, NULL, NULL, NULL, NULL, NULL, NULL, NULL, NULL, NULL, NULL, NULL, NULL, NULL, NULL, NULL, NULL, NULL, NULL, '0', NULL, '2015-09-29 14:19:07', '2016-01-15 15:40:35', 'a3e92c54-56b8-469e-afa5-87dc32d799a6'),
 ('90', '90', 'en_us', NULL, NULL, NULL, NULL, '0', NULL, NULL, NULL, NULL, NULL, NULL, NULL, NULL, NULL, NULL, NULL, NULL, NULL, NULL, NULL, 'This is a call to action', 'Kent, OH 44240', '330.672.7300', 'info@ideabasekent.com', NULL, NULL, NULL, NULL, NULL, NULL, NULL, NULL, NULL, NULL, NULL, NULL, NULL, NULL, NULL, NULL, NULL, NULL, NULL, NULL, NULL, NULL, NULL, NULL, NULL, '<p>Website Designed and Developed By IdeaBase in Kent, OH.</p>\r\n\r\n<p>Copyright 2015 IdeaBase</p>', '<p>Opened in 2009, IdeaBase, formerly the Tannery, was the brainchild of Jim Gaudino, the former and founding dean of the College of Communication and Information. IdeaBase is now a thriving design agency where top-performing from Kent State University assemble to solve problems for clients within and outside of the university.</p>', 'Let\'s make something great together.', '<p>Be a part of something big. Partner with our team of student designers on your next design initiative and be a part of our educational mission. Get in touch today by contacting Kristin Dowling, Business Development Manager, via email, phone, or by completing the form below:</p>', 'Get in touch today.', NULL, '138 E. Main Street, Suite 203', NULL, NULL, NULL, NULL, NULL, NULL, NULL, '0', NULL, '2015-09-29 14:19:11', '2016-01-04 02:23:11', '2b55ea27-2a40-4f98-bcde-68e8a652d03d'),
 ('95', '95', 'en_us', 'Service 1', NULL, NULL, NULL, '0', NULL, NULL, NULL, NULL, NULL, NULL, NULL, NULL, NULL, NULL, NULL, '', 'This is service 1', NULL, NULL, NULL, NULL, '0', NULL, NULL, NULL, NULL, NULL, NULL, NULL, NULL, NULL, NULL, NULL, NULL, NULL, NULL, NULL, NULL, NULL, NULL, NULL, NULL, NULL, NULL, NULL, NULL, NULL, NULL, NULL, NULL, NULL, NULL, NULL, NULL, NULL, NULL, NULL, NULL, NULL, NULL, NULL, NULL, '0', NULL, '2015-10-02 22:53:33', '2015-10-06 15:25:31', 'c64674d9-be94-4315-87ec-b38d43a3312c'),
 ('96', '96', 'en_us', 'Service 2', NULL, NULL, NULL, '0', NULL, NULL, NULL, NULL, NULL, NULL, NULL, NULL, NULL, NULL, NULL, '', 'Service 2', NULL, NULL, NULL, NULL, '0', NULL, NULL, NULL, NULL, NULL, NULL, NULL, NULL, NULL, NULL, NULL, NULL, NULL, NULL, NULL, NULL, NULL, NULL, NULL, NULL, NULL, NULL, NULL, NULL, NULL, NULL, NULL, NULL, NULL, NULL, NULL, NULL, NULL, NULL, NULL, NULL, NULL, NULL, NULL, NULL, '0', NULL, '2015-10-02 22:53:48', '2015-10-06 15:25:44', '40b2a538-7c2d-4108-8545-01285ce4bead'),
 ('97', '97', 'en_us', 'Service 3', NULL, NULL, NULL, '0', NULL, NULL, NULL, NULL, NULL, NULL, NULL, NULL, NULL, NULL, NULL, '', 'This is service 3', NULL, NULL, NULL, NULL, '0', NULL, NULL, NULL, NULL, NULL, NULL, NULL, NULL, NULL, NULL, NULL, NULL, NULL, NULL, NULL, NULL, NULL, NULL, NULL, NULL, NULL, NULL, NULL, NULL, NULL, NULL, NULL, NULL, NULL, NULL, NULL, NULL, NULL, NULL, NULL, NULL, NULL, NULL, NULL, NULL, '0', NULL, '2015-10-02 22:53:59', '2015-10-06 15:25:58', '20fc2604-60f2-47d9-a043-75d1b1d48a62'),
 ('108', '108', 'en_us', 'Staff Profile Index', NULL, NULL, NULL, '0', NULL, NULL, NULL, NULL, NULL, NULL, NULL, NULL, NULL, NULL, NULL, NULL, NULL, NULL, NULL, NULL, NULL, '0', NULL, NULL, NULL, 'Our students are passionate about design.', '<p>Our student employees come from backgrounds of all shapes and sizes, bringing with them a fresh and versatile approach that inspires our designs. With backgrounds in Visual Communication Design, Public Relations, User Experience, Advertising, Computer Information Systmes, Digital Sciences, Marketing and Communications, our diverse team members have one thing in common, they\'re passionate about design.</p>', 'Work for IdeaBase', 'We empower our student employees to imagine, create and deliver quality designs while gaining real-world experience on client-facing projects. Our studen employees get to put their design skills to the test, build their resumes and jumpstart their careers.', NULL, NULL, NULL, NULL, 'Committed to quality.', '<p>We’re committed to delivering quality work to our clients. That’s why our student employees work under the guidance of our professional staff from Kent State’s College of Communication of Information and a professional advisory board. Our student employees interact directly with clients, developing proposals, managing projects and handling all stages of design production.</p>', 'Learn more about working for IdeaBase.', NULL, NULL, NULL, NULL, NULL, NULL, NULL, NULL, NULL, NULL, NULL, NULL, NULL, NULL, NULL, NULL, NULL, NULL, NULL, NULL, NULL, NULL, NULL, NULL, NULL, NULL, '0', NULL, '2015-10-06 14:08:01', '2015-12-17 19:35:36', '2678f2c6-9572-4609-b1de-6434f12b3901'),
 ('109', '109', 'en_us', 'Process Index', NULL, NULL, NULL, '0', NULL, NULL, NULL, NULL, NULL, NULL, NULL, NULL, NULL, NULL, NULL, NULL, NULL, NULL, NULL, NULL, NULL, '0', NULL, NULL, NULL, NULL, NULL, NULL, NULL, 'Our design process is tailored to you.', '', NULL, NULL, NULL, NULL, NULL, NULL, NULL, NULL, NULL, NULL, NULL, NULL, NULL, NULL, NULL, '<p>Our comprehensive service offering supports our clients\' design initiatives from the early discovery phase through implementation and on-going improvements. Whether you;re laying the foundation for your product\'s success, or building out and refining that product, we\'re here to help. Did we mention we do all of this right here locally in Kent, OH? That\'s right, we\'re minutes away from Kent State University.\r\n</p>', '<p>*We can test the performance and usability of your product on various devices in our <a href=\"http://www.google.com\">User Experience Testing Lab.</a> This is a great resource to ensure that your product translates across all platforms.\r\n</p>', NULL, NULL, NULL, NULL, NULL, NULL, NULL, '<p>This is a test</p>', 'Sounds great, how much does it cost?', 'More about our UX Testing Lab', NULL, NULL, NULL, NULL, '0', NULL, '2015-10-06 14:37:07', '2015-12-17 19:53:40', '72d8ae98-81e1-446a-b75f-f17b51ddaf18'),
 ('119', '119', 'en_us', 'Kristin Dowling', NULL, 'Business Development Manager', 'kdowling@ideabasekent.com', '330.672.7366', '<p>Kristin is the Business Development Manager for IdeaBase (formerly The Tannery). She is responsible for building client relationships in order to provide high quality experiential learning opportunities for our students.</p>\r\n\r\n<p>She previously served as an Entrepreneur-in-Residence for the Center for Entrepreneurship and Business Innovation in the Kent State University College of Business. Her experience prior to coming to Kent State University was as Regional Operations Manager for Kinko’s Inc. (now known as FedEx Office).</p>', '', NULL, NULL, NULL, NULL, NULL, NULL, NULL, NULL, NULL, NULL, NULL, NULL, NULL, NULL, NULL, '0', NULL, NULL, NULL, NULL, NULL, NULL, NULL, NULL, NULL, NULL, NULL, NULL, NULL, NULL, NULL, NULL, NULL, NULL, NULL, NULL, NULL, NULL, NULL, '', NULL, NULL, NULL, NULL, NULL, NULL, NULL, NULL, NULL, NULL, NULL, NULL, NULL, NULL, 'Dowling', 'Kristin', '0', NULL, '2015-10-22 17:54:18', '2015-12-17 19:31:17', '58c7308e-b356-41df-84bf-46893aab490e'),
 ('120', '120', 'en_us', 'Christopher Hallahan', NULL, 'User Experience Designer', 'challahan@ideabasekent.com', '330.672.3031', '<p>Chris is a full-time user experience designer for<a href=\"http://ideabasekent.com/\"> <u>IdeaBase</u></a> and<a href=\"http://www.kent.edu/cci\"> <u>Kent State University’s College of Communication and Information</u></a>. He manages research and interactive/web projects at IdeaBase, and works one-on-one with IdeaBase students to teach them web design, user experience and content management techniques.</p>\r\n\r\n<p>His passions include responsive web design, usability, information architecture and content management system design (especially WordPress).  In addition to his work at IdeaBase, he teaches courses in Digital Sciences and Responsive Web Design.</p>', '', NULL, NULL, NULL, NULL, NULL, NULL, NULL, NULL, NULL, NULL, NULL, NULL, NULL, NULL, NULL, '0', NULL, NULL, NULL, NULL, NULL, NULL, NULL, NULL, NULL, NULL, NULL, NULL, NULL, NULL, NULL, NULL, NULL, NULL, NULL, NULL, NULL, NULL, NULL, 'B.S. Electronic Media, M.A. User Experience Design', NULL, NULL, NULL, NULL, NULL, NULL, NULL, NULL, NULL, NULL, NULL, NULL, NULL, NULL, 'Hallahan', 'Christopher', '0', NULL, '2015-10-22 17:54:56', '2015-12-17 19:31:24', 'fee80180-381d-42c9-8d2e-af3c2bf31c72'),
 ('122', '122', 'en_us', 'Case Study', NULL, NULL, NULL, '0', NULL, NULL, NULL, NULL, NULL, NULL, NULL, NULL, NULL, NULL, NULL, NULL, NULL, NULL, NULL, NULL, NULL, '0', NULL, NULL, NULL, NULL, NULL, NULL, NULL, NULL, NULL, NULL, NULL, NULL, NULL, NULL, NULL, NULL, NULL, NULL, NULL, NULL, NULL, NULL, NULL, NULL, NULL, NULL, NULL, NULL, NULL, NULL, NULL, NULL, NULL, NULL, NULL, NULL, NULL, NULL, NULL, NULL, '0', NULL, '2015-10-30 14:05:25', '2015-10-30 14:05:25', '416edb83-f923-4dc0-b8d6-259f4d578fa2'),
 ('123', '123', 'en_us', 'Blog', NULL, NULL, NULL, '0', NULL, NULL, NULL, NULL, NULL, NULL, NULL, NULL, NULL, NULL, NULL, NULL, NULL, NULL, NULL, NULL, NULL, '0', NULL, NULL, NULL, NULL, NULL, NULL, NULL, NULL, NULL, NULL, NULL, NULL, NULL, NULL, NULL, NULL, NULL, NULL, NULL, NULL, NULL, NULL, NULL, NULL, NULL, NULL, NULL, NULL, NULL, NULL, NULL, NULL, NULL, NULL, NULL, NULL, NULL, NULL, NULL, NULL, '0', NULL, '2015-10-30 14:05:39', '2015-10-30 14:05:46', '640bf505-b058-4be6-a410-45a107c5424e'),
 ('125', '125', 'en_us', 'Breaking Free of the Page: Applying Traditional Design Skills to the Web: Ashley Kozak', NULL, NULL, NULL, '0', NULL, NULL, NULL, '<p>As a designer, I work based upon a process that allows me to become inspired and evolve my work until it is acceptable. (This sounds like a low bar, but designers have high standards.) Having developed a design process that worked for me and allowed me to produce results, I’m sure one could imagine my inner turmoil when I had to design outside of what had become my personal procedural safety-zone!<br>My exploration of the web design process began at IdeaBase upon joining the team assigned to redesigning the School of Library and Information Science (SLIS) website, now live at&nbsp;<a href=\"http://www.kent.edu/slis\">www.kent.edu/slis</a>. This project was especially exciting because it was going to be the first custom template design in Kent State’s new content management system, but what I learned from the SLIS website redesign project really came down to adapting to differences in process that resulted not only from working on a real-world project, but also from needing to present to and work with a team of non-graphic designers and clients.<br>Shaking Up the Traditional Design Process</p>\r\n\r\n<p>Typography and ColorsThe simple version of the basic academic design process which I became accustomed to consisted of research, sketching, designing (compositions), and lots of critiquing and modification until the projects end. However, differences in our group design process began to emerge after the sketching step when I was directed to first design page elements (navigations, header, footer, image carousel, etc.) for the SLIS website as opposed to designing whole pages.<br>Seemingly simple, this initially really messed with my mind. I had become used to designing firm, whole compositions to show, but for this project I had to first present to the client design fragments while trying to imagine a future whole, or many possible wholes. I felt like I was trying to sell fragments of glass instead of a whole window! I remember thinking during this step that this process was very odd, although I can see now that this preliminary design step allowed the team to get feedback from SLIS on the design’s basics&mdash;color, type, and structures&mdash;before designing more in- depth. Also, this modular point of view allowed us to test in-browser faster and helped me think more as I would imagine a developer thinks and works&mdash;in pieces (of code).<br>Thinking Responsively</p>\r\n\r\n\r\n\r\n\r\n\r\n\r\n\r\n\r\n\r\n<p>Buttons and NavigationThis brings me to another point of the design process which was different for me: witnessing how the design changes by necessity in a browser setting (aka, practical web design versus theoretical classroom web design). I never realized how important this would be in the process. For example, originally the design for this website featured more angles. However, the viability of CSS triangles often became unworkable, and so I had to come up with new solutions. It was after witnessing how page elements change between different screen sizes in the browser setting that I started to really understand how a responsive design works.<br>Lessons Learned</p>\r\n\r\n\r\n\r\n\r\n\r\n\r\n\r\n\r\n\r\n<p>In short, I learned&nbsp;A TON&nbsp;by being lead designer on this project! I suppose the main takeaway of my experience for me, though, was understanding that design and development had to become a blended process for the website to function and communicate better, and be visually suitable. Shaking up my process to understand and work better with my team gave me insight that I would not have gained otherwise.<br>Everyone should venture outside of their comfort zone every once in a while.</p>', NULL, NULL, NULL, NULL, NULL, NULL, NULL, NULL, NULL, NULL, NULL, NULL, NULL, '0', NULL, NULL, NULL, NULL, NULL, NULL, NULL, NULL, NULL, NULL, NULL, NULL, NULL, NULL, NULL, NULL, NULL, NULL, NULL, NULL, NULL, NULL, NULL, NULL, NULL, NULL, NULL, NULL, NULL, NULL, NULL, NULL, NULL, NULL, NULL, NULL, NULL, NULL, NULL, NULL, '0', NULL, '2015-10-30 14:14:18', '2016-01-14 18:24:27', '4fe56abb-628a-48db-8030-9c891264bbf8'),
 ('127', '127', 'en_us', NULL, NULL, NULL, NULL, '0', NULL, NULL, NULL, NULL, NULL, NULL, NULL, NULL, NULL, NULL, NULL, NULL, NULL, NULL, NULL, NULL, NULL, '0', NULL, NULL, NULL, NULL, NULL, NULL, NULL, NULL, NULL, NULL, NULL, NULL, NULL, NULL, NULL, NULL, NULL, NULL, NULL, NULL, NULL, NULL, NULL, NULL, NULL, NULL, NULL, NULL, NULL, NULL, NULL, NULL, NULL, NULL, NULL, NULL, NULL, NULL, NULL, NULL, '0', NULL, '2015-10-30 15:17:55', '2015-12-08 20:49:36', 'acd8b892-a741-4940-b85f-c1f5229943bb'),
 ('129', '131', 'en_us', 'Being a Creative: Rachel Kozy', NULL, NULL, NULL, '0', NULL, NULL, NULL, '<p>Hi! My name is Rachel Kozy and I am a senior Visual Communication Design major. I actually just started working as a designer at IdeaBase a couple months ago, but I will be here for the rest of the year! Even when I was a freshman in VCD, I had always heard about Glyphix and IdeaBase, but I never knew if I’d get the opportunity to work here. When I became a junior though, I started noticing all the work IdeaBase was putting out, and it made me really interested in being a part of it!</p>\r\n\r\n<p>Before IdeaBase, I had interned at MTV in New York City and Go Media in Cleveland. I’ve also worked as a designer for Kent State University Libraries and I’m currently working as the Art Director for Brainchild and the president of Kent’s collegiate chapter of AIGA.</p>\r\n\r\n\r\n\r\n\r\n\r\n<p>Working at IdeaBase is seriously the best. I love working here. It has such a great environment and I get to collaborate with the friendliest, nicest people, do work that I’m passionate about, and get paid!</p>\r\n\r\n\r\n\r\n\r\n\r\n<p>I chose to major in Visual Communication Design because I was really interested in creating things while in high school. I’ve always loved scrapbooking and working on the computer, so graphic design just seemed like the perfect fit. And luckily, it has been! There hasn’t been one day that has passed where I’ve regretted choosing this as my major, and I’m looking forward to continuing my career doing something I love.</p>\r\n\r\n\r\n\r\n\r\n\r\n<p>The hardest part of my major is probably just making sure not to get burnt out. It’s easy to be overly ambitious and want to work on everything all the time, but that eventually wears you down and you stop looking forward to it. It’s important to take breaks and find other interests, that way you can always look forward to designing rather than it being a chore.</p>\r\n\r\n\r\n\r\n\r\n\r\n<p>When I’m not busy with work or design, you can probably find me playing video games. I grew up with a brother who constantly played, so I’ve developed a habit of it too. My favorite genre is JRPGS, and my favorite games specifically are Persona 4 and the Tales series.</p>\r\n\r\n\r\n\r\n\r\n\r\n<p>After I graduate, I’m not entirely sure where I’ll end up, but I’d love to find a position at a design firm or advertising agency! I really want to work with a lot of different clients and brands and I think that’s my best bet for that kind of work.</p>', NULL, NULL, NULL, NULL, NULL, NULL, NULL, NULL, NULL, NULL, NULL, NULL, NULL, '0', NULL, NULL, NULL, NULL, NULL, NULL, NULL, NULL, NULL, NULL, NULL, NULL, NULL, NULL, NULL, NULL, NULL, NULL, NULL, NULL, NULL, NULL, NULL, NULL, NULL, NULL, NULL, NULL, NULL, NULL, NULL, NULL, NULL, NULL, NULL, NULL, NULL, NULL, NULL, NULL, '0', NULL, '2015-11-05 15:00:59', '2015-12-29 19:08:50', 'eb8ad4f2-59c5-46e5-8675-3e5a3d13a916'),
 ('130', '132', 'en_us', 'Event Planning 101: Victoria Ripepi', NULL, NULL, NULL, '0', NULL, NULL, NULL, '<p>Hello, my name is Victoria Ripepi. I am an Interpersonal Communications major who is currently on my 5th year victory lap, but I am set to graduate in May 2016. I am the new event coordinator at IdeaBase.</p>\r\n\r\n<p>As long as I can remember, event planning has been an interest of mine. The first event I planned was in 3rd grade when my teacher asked me to help with a parent-teacher-open house. As a 3rd grader, I basically thought I was the coolest person in the world&hellip; even though all I really did was set out some flyers, cookies, and juice. But I have enjoyed event planning ever since!</p>\r\n\r\n\r\n\r\n\r\n\r\n<p>I think I enjoy event planning because I am so organized, I like to fix problems, I work best under pressure, and I like the exciting/nervous feeling you get on the day of the event. A lot of times when I say I want to go into event planning after I graduate people automatically think I mean weddings, but that is not the case. I want to do open houses, launch parties, special-event parties and so on.</p>\r\n\r\n\r\n\r\n\r\n\r\n<p>Before working at IdeaBase, I interned in the Spring of 2015 for an awesome company called Rebecca Adele PR & Events. I learned so much about myself and event planning there. One major thing I learned was that I didn’t want to go into PR after I graduate (the other career path I considered) and event planning is really what I love and have a passion for.</p>\r\n\r\n\r\n\r\n\r\n\r\n<p>The owner, Becki, puts on over 10 art shows called the Avant-Garde Art & Craft Shows all throughout Northeast Ohio. There were over 100 vendors at each event and I helped personally put on 4 shows. I also helped in the launch of a new show line called Bump to Bows- A Mommy Boutique Show.</p>\r\n\r\n\r\n\r\n\r\n\r\n<p>When it comes to IdeaBase, I actually heard about the agency through one of the managers, Kristin, who is a longtime-family friend. When she told me about IdeaBase it immediately sparked my interest, and when the opportunity for an event coordinator came up, I jumped at it. I really enjoy working here and have already learned so much! IdeaBase is such a fun, encouraging, and helpful work environment. Being new here, whenever I have a question or concern, they immediately do whatever possible to help me. I have also learned so much about what it means working at a design agency and how talented my co-workers are!</p>\r\n\r\n\r\n\r\n\r\n\r\n<p>As for my personal life, in my free time you can probably find me outside (if it’s nice out), at a mall because I have a deep love for clothes and fashion or hanging out with my two cats. I travel at any opportunity I can; I hope to travel to all 50 states one day!</p>\r\n\r\n\r\n\r\n\r\n\r\n<p>After graduation I hope to get a job out of state. I am Cleveland born and raised and Ohio will always be home, but I know I need to get out of here and explore more than just my bubble that is Ohio. I like to push myself to always try new things and take opportunities that push me outside my comfort zone because that’ll only make my comfort zone that much bigger.</p>', NULL, NULL, NULL, NULL, NULL, NULL, NULL, NULL, NULL, NULL, NULL, NULL, NULL, '0', NULL, NULL, NULL, NULL, NULL, NULL, NULL, NULL, NULL, NULL, NULL, NULL, NULL, NULL, NULL, NULL, NULL, NULL, NULL, NULL, NULL, NULL, NULL, NULL, NULL, NULL, NULL, NULL, NULL, NULL, NULL, NULL, NULL, NULL, NULL, NULL, NULL, NULL, NULL, NULL, '0', NULL, '2015-11-05 15:05:05', '2015-12-29 19:09:07', '61e594fe-41c0-4c20-b28d-b276db539c73'),
 ('144', '146', 'en_us', 'Quintin Steele', NULL, 'IdeaBase Creative Director', 'qsteele@ideabasekent.com', '330.672.7300', '<p>Hi I\'m Quintin Steele (I know, it is a sweet name). I am currently a graduate student in Visual Communication Design at &nbsp;Kent State University and will graduate at the end of&nbsp;summer semmester&nbsp;2016.&nbsp;&nbsp;I am a freelance designer, instructor for KSU, and creative director at IdeaBase. I watch way too many movies and drink entirely too much coffee. When I was 8, I was the&nbsp;raingutter regatta champion of my CubScout pack. I really enjoy working with others and constantly pushing myself to learn more about everything around me.</p>', '', NULL, NULL, NULL, NULL, NULL, NULL, NULL, NULL, NULL, NULL, NULL, NULL, NULL, NULL, NULL, '0', NULL, NULL, NULL, NULL, NULL, NULL, NULL, NULL, NULL, NULL, NULL, NULL, NULL, NULL, NULL, NULL, NULL, NULL, NULL, NULL, NULL, NULL, NULL, 'B.F.A. Visual Communication Design, M.F.A. Visual Communication Design Graduate Student ', NULL, NULL, NULL, NULL, NULL, NULL, NULL, NULL, NULL, NULL, NULL, NULL, NULL, NULL, 'Steele', 'Quintin', '0', NULL, '2015-11-05 16:19:13', '2016-01-14 18:33:50', '445cf356-5468-4878-b928-e1e6240f7a80'),
 ('145', '147', 'en_us', 'Victoria Ripepi', NULL, 'Event Coordinator', 'vripepi@ideabasekent.com', '', '<p>Victoria is an Interpersonal Communications major set to graduate in May 2016. She works as the new event coordinator at IdeaBase. Victoria loves shopping and cats! After graduation, she hopes to find a job out of state.</p>', 'I own 64 pairs of shoes.', NULL, NULL, NULL, NULL, NULL, NULL, NULL, NULL, NULL, NULL, NULL, NULL, NULL, NULL, NULL, '0', NULL, NULL, NULL, NULL, NULL, NULL, NULL, NULL, NULL, NULL, NULL, NULL, NULL, NULL, NULL, NULL, NULL, NULL, NULL, NULL, NULL, NULL, NULL, 'Interpersonal Communications', NULL, NULL, NULL, NULL, NULL, NULL, NULL, NULL, NULL, NULL, NULL, NULL, NULL, NULL, 'Ripepi', 'Victoria', '0', NULL, '2015-11-05 22:26:26', '2015-12-29 16:28:14', 'aec52619-67d6-4070-80d9-349d48911189'),
 ('146', '148', 'en_us', 'Projects Homepage', NULL, NULL, NULL, NULL, NULL, NULL, NULL, NULL, NULL, NULL, NULL, NULL, NULL, NULL, NULL, NULL, NULL, NULL, NULL, NULL, NULL, '0', NULL, NULL, NULL, NULL, NULL, NULL, NULL, NULL, NULL, NULL, NULL, NULL, NULL, NULL, NULL, NULL, NULL, 'Tried-and-true', '<p>Our award-winning process delivers quality design solutions that transform our clients\' products.</p>', 'How we\'re making a difference.', '<p>We make a positive impact on your design, and our student designers.</p>', 'Helping our students succeed.', '<p>At IdeaBase, we want our student employees to succeed. Thats\'s why we partner with Glyphix to teach the next generation through studio experiences. Our students develop and exercise project-based skills in marketing, design, research and more. Additionally, our Responsive Web Design class ensures the next generation of designers and developers understand how to create highly functional and usable websites.</p>\r\n\r\n<p><br></p>\r\n\r\n\r\n\r\n\r\n\r\n<p>Learn about our transformative classroom experiences.</p>', NULL, NULL, NULL, NULL, NULL, NULL, NULL, NULL, NULL, NULL, NULL, NULL, NULL, 'Learn about our transformative classroom experiences.', 'More Projects', NULL, NULL, '0', NULL, '2015-11-06 14:19:01', '2015-12-17 19:35:17', 'e5562858-4fff-475b-9085-3dafe2c3b224'),
 ('147', '149', 'en_us', 'Larrie King', NULL, 'Creative Director, Glyphix', 'lking@ideabasekent.com', '330.672.7300', '<p>This is Larrie\'s test bio.</p>', '', NULL, NULL, NULL, NULL, NULL, NULL, NULL, NULL, NULL, NULL, NULL, NULL, NULL, NULL, NULL, '0', NULL, NULL, NULL, NULL, NULL, NULL, NULL, NULL, NULL, NULL, NULL, NULL, NULL, NULL, NULL, NULL, NULL, NULL, NULL, NULL, NULL, NULL, NULL, '', NULL, NULL, NULL, NULL, NULL, NULL, NULL, NULL, NULL, NULL, NULL, NULL, NULL, NULL, 'King', 'Larrie', '0', NULL, '2015-11-10 17:15:08', '2015-12-17 19:31:53', '479ba4e9-f020-4ebf-9a4d-7e735bddc811'),
 ('148', '150', 'en_us', NULL, NULL, NULL, NULL, NULL, NULL, NULL, NULL, NULL, NULL, NULL, NULL, NULL, NULL, NULL, NULL, NULL, NULL, NULL, NULL, NULL, NULL, '0', NULL, NULL, NULL, NULL, NULL, NULL, NULL, NULL, NULL, NULL, NULL, NULL, NULL, NULL, NULL, NULL, NULL, NULL, NULL, NULL, NULL, NULL, NULL, NULL, NULL, NULL, NULL, NULL, NULL, NULL, NULL, NULL, NULL, NULL, NULL, NULL, NULL, NULL, NULL, NULL, '0', NULL, '2015-11-10 19:43:11', '2015-12-17 15:22:19', '04ff00a9-32a7-4d0e-be56-86509965fea1'),
 ('173', '175', 'en_us', 'Web Design', NULL, NULL, NULL, NULL, NULL, NULL, NULL, NULL, NULL, NULL, NULL, NULL, NULL, NULL, NULL, NULL, NULL, NULL, NULL, NULL, NULL, NULL, NULL, NULL, NULL, NULL, NULL, NULL, NULL, NULL, NULL, NULL, NULL, NULL, NULL, NULL, NULL, NULL, NULL, NULL, NULL, NULL, NULL, NULL, NULL, NULL, NULL, NULL, NULL, NULL, NULL, NULL, NULL, NULL, NULL, NULL, NULL, NULL, NULL, NULL, NULL, NULL, '0', NULL, '2015-11-24 15:14:45', '2015-11-24 15:14:45', 'a3a5165e-d670-4300-8ed3-2ae003948681'),
 ('174', '176', 'en_us', 'Identity', NULL, NULL, NULL, NULL, NULL, NULL, NULL, NULL, NULL, NULL, NULL, NULL, NULL, NULL, NULL, NULL, NULL, NULL, NULL, NULL, NULL, NULL, NULL, NULL, NULL, NULL, NULL, NULL, NULL, NULL, NULL, NULL, NULL, NULL, NULL, NULL, NULL, NULL, NULL, NULL, NULL, NULL, NULL, NULL, NULL, NULL, NULL, NULL, NULL, NULL, NULL, NULL, NULL, NULL, NULL, NULL, NULL, NULL, NULL, NULL, NULL, NULL, '0', NULL, '2015-11-24 15:14:53', '2015-11-24 15:14:53', 'eeb254e1-3006-4302-9e02-d1e49e90e7dd'),
 ('175', '177', 'en_us', 'Branding', NULL, NULL, NULL, NULL, NULL, NULL, NULL, NULL, NULL, NULL, NULL, NULL, NULL, NULL, NULL, NULL, NULL, NULL, NULL, NULL, NULL, NULL, NULL, NULL, NULL, NULL, NULL, NULL, NULL, NULL, NULL, NULL, NULL, NULL, NULL, NULL, NULL, NULL, NULL, NULL, NULL, NULL, NULL, NULL, NULL, NULL, NULL, NULL, NULL, NULL, NULL, NULL, NULL, NULL, NULL, NULL, NULL, NULL, NULL, NULL, NULL, NULL, '0', NULL, '2015-11-24 15:14:58', '2015-11-24 15:14:58', 'd9aac60f-039f-4bb7-bf5d-0b1809be8b93'),
 ('176', '178', 'en_us', 'Illustration', NULL, NULL, NULL, NULL, NULL, NULL, NULL, NULL, NULL, NULL, NULL, NULL, NULL, NULL, NULL, NULL, NULL, NULL, NULL, NULL, NULL, NULL, NULL, NULL, NULL, NULL, NULL, NULL, NULL, NULL, NULL, NULL, NULL, NULL, NULL, NULL, NULL, NULL, NULL, NULL, NULL, NULL, NULL, NULL, NULL, NULL, NULL, NULL, NULL, NULL, NULL, NULL, NULL, NULL, NULL, NULL, NULL, NULL, NULL, NULL, NULL, NULL, '0', NULL, '2015-11-24 15:15:09', '2015-11-24 15:15:09', 'ad80866b-8b1f-4f4c-a54c-f4514915c34d'),
 ('177', '179', 'en_us', 'Print', NULL, NULL, NULL, NULL, NULL, NULL, NULL, NULL, NULL, NULL, NULL, NULL, NULL, NULL, NULL, NULL, NULL, NULL, NULL, NULL, NULL, NULL, NULL, NULL, NULL, NULL, NULL, NULL, NULL, NULL, NULL, NULL, NULL, NULL, NULL, NULL, NULL, NULL, NULL, NULL, NULL, NULL, NULL, NULL, NULL, NULL, NULL, NULL, NULL, NULL, NULL, NULL, NULL, NULL, NULL, NULL, NULL, NULL, NULL, NULL, NULL, NULL, '0', NULL, '2015-11-24 15:15:17', '2015-11-24 15:15:17', '2a77275d-86b0-4b6a-a8be-61d5c983347f'),
 ('178', '180', 'en_us', 'Video', NULL, NULL, NULL, NULL, NULL, NULL, NULL, NULL, NULL, NULL, NULL, NULL, NULL, NULL, NULL, NULL, NULL, NULL, NULL, NULL, NULL, NULL, NULL, NULL, NULL, NULL, NULL, NULL, NULL, NULL, NULL, NULL, NULL, NULL, NULL, NULL, NULL, NULL, NULL, NULL, NULL, NULL, NULL, NULL, NULL, NULL, NULL, NULL, NULL, NULL, NULL, NULL, NULL, NULL, NULL, NULL, NULL, NULL, NULL, NULL, NULL, NULL, '0', NULL, '2015-11-24 15:15:27', '2015-11-24 15:15:27', '1355ae5c-87d4-4d02-a00f-a010690ae426'),
 ('179', '181', 'en_us', 'Photography', NULL, NULL, NULL, NULL, NULL, NULL, NULL, NULL, NULL, NULL, NULL, NULL, NULL, NULL, NULL, NULL, NULL, NULL, NULL, NULL, NULL, NULL, NULL, NULL, NULL, NULL, NULL, NULL, NULL, NULL, NULL, NULL, NULL, NULL, NULL, NULL, NULL, NULL, NULL, NULL, NULL, NULL, NULL, NULL, NULL, NULL, NULL, NULL, NULL, NULL, NULL, NULL, NULL, NULL, NULL, NULL, NULL, NULL, NULL, NULL, NULL, NULL, '0', NULL, '2015-11-24 15:15:36', '2015-11-24 15:15:36', '91eb192c-0df9-4bc8-9799-bacb85c247f4'),
 ('180', '182', 'en_us', 'Projects List', NULL, NULL, NULL, NULL, NULL, NULL, NULL, NULL, NULL, NULL, NULL, NULL, NULL, NULL, NULL, NULL, NULL, NULL, NULL, NULL, NULL, NULL, NULL, NULL, NULL, NULL, NULL, NULL, NULL, NULL, NULL, NULL, NULL, NULL, NULL, NULL, NULL, NULL, NULL, 'This is the project headline', '<p>This is the project description</p>', NULL, NULL, NULL, NULL, NULL, NULL, NULL, NULL, NULL, NULL, NULL, NULL, NULL, NULL, NULL, NULL, NULL, NULL, NULL, NULL, NULL, '0', NULL, '2015-11-24 15:27:14', '2015-11-24 15:28:52', '81842b29-3dd9-4a86-91dc-e25a168f37f7'),
 ('185', '190', 'en_us', 'Sample Testimonail', NULL, NULL, NULL, NULL, NULL, NULL, NULL, NULL, NULL, NULL, NULL, NULL, 'Christopher Hallahan', 'IdeaBase was inexpensive and helped increase visitors to our business. That\'s a win-win if you ask me!', '2015-12-09 05:00:00', NULL, NULL, NULL, NULL, NULL, NULL, NULL, NULL, NULL, NULL, NULL, NULL, NULL, NULL, NULL, NULL, NULL, NULL, NULL, NULL, NULL, NULL, NULL, NULL, NULL, NULL, NULL, NULL, NULL, NULL, NULL, NULL, NULL, NULL, NULL, NULL, NULL, NULL, NULL, NULL, NULL, NULL, NULL, NULL, NULL, NULL, NULL, '0', NULL, '2015-12-14 20:31:22', '2015-12-14 20:33:01', '92c1fb42-71e1-4236-8175-06904290ba5c'),
 ('197', '202', 'en_us', NULL, NULL, NULL, NULL, NULL, NULL, NULL, NULL, NULL, NULL, NULL, NULL, NULL, NULL, NULL, NULL, NULL, NULL, NULL, NULL, NULL, NULL, NULL, NULL, NULL, NULL, NULL, NULL, NULL, NULL, NULL, NULL, NULL, NULL, NULL, NULL, NULL, NULL, NULL, NULL, NULL, NULL, NULL, NULL, NULL, NULL, NULL, NULL, NULL, NULL, NULL, NULL, NULL, NULL, NULL, NULL, NULL, NULL, NULL, NULL, NULL, NULL, NULL, '0', NULL, '2015-12-15 20:17:43', '2015-12-17 19:42:19', '650e8c79-780b-4c87-a346-4b90ec667e48'),
 ('199', '204', 'en_us', NULL, NULL, NULL, NULL, NULL, NULL, NULL, NULL, NULL, NULL, NULL, NULL, NULL, NULL, NULL, NULL, NULL, NULL, NULL, NULL, NULL, NULL, NULL, NULL, NULL, NULL, NULL, NULL, NULL, NULL, NULL, NULL, NULL, NULL, NULL, NULL, NULL, NULL, NULL, NULL, NULL, NULL, NULL, NULL, NULL, NULL, NULL, NULL, NULL, NULL, NULL, NULL, NULL, NULL, NULL, NULL, NULL, NULL, NULL, NULL, NULL, NULL, NULL, '0', NULL, '2015-12-17 15:10:35', '2015-12-17 15:10:35', 'e062530a-f20f-4c20-847d-4a6fbea2ac06'),
 ('200', '205', 'en_us', NULL, NULL, NULL, NULL, NULL, NULL, NULL, NULL, NULL, NULL, NULL, NULL, NULL, NULL, NULL, NULL, NULL, NULL, NULL, NULL, NULL, NULL, NULL, NULL, NULL, NULL, NULL, NULL, NULL, NULL, NULL, NULL, NULL, NULL, NULL, NULL, NULL, NULL, NULL, NULL, NULL, NULL, NULL, NULL, NULL, NULL, NULL, NULL, NULL, NULL, NULL, NULL, NULL, NULL, NULL, NULL, NULL, NULL, NULL, NULL, NULL, NULL, NULL, '0', NULL, '2015-12-17 15:23:34', '2015-12-17 15:23:34', 'ba3c12f4-227a-4f47-b357-607409601e63'),
 ('201', '206', 'en_us', 'Behind the Scenes: Making the IdeaBase Promotional Video: Todd Thomson & John Vrhovnik', NULL, NULL, NULL, NULL, NULL, NULL, NULL, '<p>IdeaBase management had a&nbsp;goal: raise awareness about Kent State’s student-run agency with prospective clients, while telling the stories of the students and staff who work there. Two talented IdeaBase students came together to make that goal a reality – with a 4-minute promotional video compiled from&nbsp;interviews with IdeaBase employees.<br>Todd Thompson&nbsp;and&nbsp;John Vrhovnik&nbsp;are the two students behind the&nbsp;new video.<br>Todd is an Electronic Media Production major in the School of Journalism and Mass Communication, and John is majoring in Visual Communication Design. Todd was originally hired specifically&nbsp;to work on the promotional video, but he has now joined IdeaBase as an Account Manager and Videographer. John works as a graphic&nbsp;designer. John and Todd explained what it was like working on the video project.<br>When asked about their inspiration for the video, both Todd and John looked to a number of existing&nbsp;online videos&nbsp;for ideas. Todd says, “I already had a vision for the pace and feel I wanted it to have, but John and I looked to&nbsp;Designspiration&nbsp;and&nbsp;Vimeo&nbsp;just for some ideas to move passed any creative walls we hit on the way to completion.”<br>Todd worked specifically on filming, editing, audio production, and directing. John worked on the layout and flow of the graphical content. John was also featured&nbsp;in the video, displaying some of his hand-drawn lettering.</p>\r\n\r\n<p><br></p>\r\n\r\n\r\n\r\n<p>The hardest part of working on the video for John was just getting the project going, while Todd said he struggled at first working with someone from a different major. &nbsp;He also had to&nbsp;change his design process&nbsp;to match John’s expertise and style of thinking. “But, in the end, John taught me so much and he was right all along. His designer’s mindset has taught me a lot about taking my time with a piece and really mapping things out before making a final decision. John showed me it’s best to exhaust all options before making a decision, and it truly creates a beautiful product in the end,” says Todd.<br>John went on to explain, “we both had never made something quite like this, and I am incredibly new to video so at the beginning we were just sort of gathering inspiration, building the concepts on paper and mapping out all the content. As soon as we got all the video in, Todd made all the edits, we picked music, started adding type and it all really just came together quite naturally.”<br>Overall, John and Todd felt they learned a lot from each other. Above all,&nbsp;both students think the new video will be a great tool for IdeaBase. “This video will benefit IdeaBase by not only improving awareness of what&nbsp;the agency&nbsp;has to offer to students and clients, but it will also help show the types of students that work here and how passionate they are about their careers and how much effort is put into their work here at IdeaBase,” says Todd.</p>\r\n\r\n\r\n\r\n<p><br></p>', NULL, NULL, NULL, NULL, NULL, NULL, NULL, NULL, NULL, NULL, NULL, NULL, NULL, NULL, NULL, NULL, NULL, NULL, NULL, NULL, NULL, NULL, NULL, NULL, NULL, NULL, NULL, NULL, NULL, NULL, NULL, NULL, NULL, NULL, NULL, NULL, NULL, NULL, NULL, NULL, NULL, NULL, NULL, NULL, NULL, NULL, NULL, NULL, NULL, NULL, NULL, NULL, NULL, NULL, '0', NULL, '2015-12-17 15:33:23', '2015-12-29 17:10:21', 'e374678b-0d5f-4924-9a28-b828f3fcf57d'),
 ('202', '207', 'en_us', 'Reilly Hawkins1 350x500', NULL, NULL, NULL, NULL, NULL, NULL, NULL, NULL, NULL, NULL, NULL, NULL, NULL, NULL, NULL, NULL, NULL, NULL, NULL, NULL, NULL, NULL, NULL, NULL, NULL, NULL, NULL, NULL, NULL, NULL, NULL, NULL, NULL, NULL, NULL, NULL, NULL, NULL, NULL, NULL, NULL, NULL, NULL, NULL, NULL, NULL, NULL, NULL, NULL, NULL, NULL, NULL, NULL, NULL, NULL, NULL, NULL, NULL, NULL, NULL, NULL, NULL, '0', NULL, '2015-12-17 16:36:13', '2016-01-02 18:55:13', '380c3a32-e5e8-4a94-b489-81f4abbc61c6'),
 ('208', '213', 'en_us', 'Rachel Kozy', NULL, 'Designer', 'rkozy@ideabasekent.com', '', '<p>Rachel Kozy is one of the new designers at IdeaBase. She is a senior VCD major who has interned for MTV and Go Media. Rachel enjoys video games, a hobby she acquired from growing up with an older brother. After graduating, Rachel would love to work as a designer at an agency or design firm.</p>', 'I play video games.', NULL, NULL, NULL, NULL, NULL, NULL, NULL, NULL, NULL, NULL, NULL, NULL, NULL, NULL, NULL, NULL, NULL, NULL, NULL, NULL, NULL, NULL, NULL, NULL, NULL, NULL, NULL, NULL, NULL, NULL, NULL, NULL, NULL, NULL, NULL, NULL, NULL, NULL, NULL, 'Visual Communication Design', NULL, NULL, NULL, NULL, NULL, NULL, NULL, NULL, NULL, NULL, NULL, NULL, NULL, NULL, 'Kozy', 'Rachel', '0', NULL, '2015-12-17 18:22:57', '2015-12-29 16:24:03', 'c84cf9ce-dcfc-48d9-90b2-51570cd4ae17'),
 ('210', '215', 'en_us', 'Profile Example2', NULL, NULL, NULL, NULL, NULL, NULL, NULL, NULL, NULL, NULL, NULL, NULL, NULL, NULL, NULL, NULL, NULL, NULL, NULL, NULL, NULL, NULL, NULL, NULL, NULL, NULL, NULL, NULL, NULL, NULL, NULL, NULL, NULL, NULL, NULL, NULL, NULL, NULL, NULL, NULL, NULL, NULL, NULL, NULL, NULL, NULL, NULL, NULL, NULL, NULL, NULL, NULL, NULL, NULL, NULL, NULL, NULL, NULL, NULL, NULL, NULL, NULL, '0', NULL, '2015-12-17 18:38:33', '2016-01-02 18:55:14', '7681190d-d9d6-4857-987f-a0feec8127ea'),
 ('229', '234', 'en_us', 'Martha Arbogast', NULL, 'Designer', 'marbogast@ideabasekent.com', '', '<p>Martha Arbogast is a senior VCD major. She will be graduating this May. After graduation, Martha is getting married and hopes to work at design firm around Cleveland. Beyond design, Martha loves her dog Ursa and hiking.</p>', '', NULL, NULL, NULL, NULL, NULL, NULL, NULL, NULL, NULL, NULL, NULL, NULL, NULL, NULL, NULL, NULL, NULL, NULL, NULL, NULL, NULL, NULL, NULL, NULL, NULL, NULL, NULL, NULL, NULL, NULL, NULL, NULL, NULL, NULL, NULL, NULL, NULL, NULL, NULL, 'Visual Communication Design', NULL, NULL, NULL, NULL, NULL, NULL, NULL, NULL, NULL, NULL, NULL, NULL, NULL, NULL, 'Arbogast', 'Martha', '0', NULL, '2015-12-17 18:59:03', '2015-12-29 16:26:08', '968e5b24-2318-4154-a577-72bb2d3817dd'),
 ('231', '236', 'en_us', 'Sarah Holzer', NULL, 'Designer', 'sholzer@ideabasekent.com', '', '<p>Sarah Holzer is a Senior in the VCD program. She is a graphic designer at IdeaBase who started interning in the summer. Her favorite hobby is gardening and she loves puppies! After graduation, Sarah hopes to obtain a career at a design firm or agency in New York City.</p>', '', NULL, NULL, NULL, NULL, NULL, NULL, NULL, NULL, NULL, NULL, NULL, NULL, NULL, NULL, NULL, NULL, NULL, NULL, NULL, NULL, NULL, NULL, NULL, NULL, NULL, NULL, NULL, NULL, NULL, NULL, NULL, NULL, NULL, NULL, NULL, NULL, NULL, NULL, NULL, 'Visual Communication Design', NULL, NULL, NULL, NULL, NULL, NULL, NULL, NULL, NULL, NULL, NULL, NULL, NULL, NULL, 'Holzer', 'Sarah', '0', NULL, '2015-12-17 18:59:45', '2015-12-29 16:28:56', '1ab10baa-7cc5-4a98-b6af-4ac16d7545e0'),
 ('234', '239', 'en_us', 'Idea Base  Trophy 03', NULL, NULL, NULL, NULL, NULL, NULL, NULL, NULL, NULL, NULL, NULL, NULL, NULL, NULL, NULL, NULL, NULL, NULL, NULL, NULL, NULL, NULL, NULL, NULL, NULL, NULL, NULL, NULL, NULL, NULL, NULL, NULL, NULL, NULL, NULL, NULL, NULL, NULL, NULL, NULL, NULL, NULL, NULL, NULL, NULL, NULL, NULL, NULL, NULL, NULL, NULL, NULL, NULL, NULL, NULL, NULL, NULL, NULL, NULL, NULL, NULL, NULL, '0', NULL, '2015-12-17 19:17:44', '2016-01-02 18:55:08', '1e4792a7-6df1-4edf-aa47-0bb4077492db'),
 ('235', '240', 'en_us', 'Ksu  Logo  Gray', NULL, NULL, NULL, NULL, NULL, NULL, NULL, NULL, NULL, NULL, NULL, NULL, NULL, NULL, NULL, NULL, NULL, NULL, NULL, NULL, NULL, NULL, NULL, NULL, NULL, NULL, NULL, NULL, NULL, NULL, NULL, NULL, NULL, NULL, NULL, NULL, NULL, NULL, NULL, NULL, NULL, NULL, NULL, NULL, NULL, NULL, NULL, NULL, NULL, NULL, NULL, NULL, NULL, NULL, NULL, NULL, NULL, NULL, NULL, NULL, NULL, NULL, '0', NULL, '2015-12-17 19:19:02', '2016-01-02 18:55:09', '22ac7672-f183-4fd5-a8a0-3c87bec11503'),
 ('236', '241', 'en_us', 'Profile Example2', NULL, NULL, NULL, NULL, NULL, NULL, NULL, NULL, NULL, NULL, NULL, NULL, NULL, NULL, NULL, NULL, NULL, NULL, NULL, NULL, NULL, NULL, NULL, NULL, NULL, NULL, NULL, NULL, NULL, NULL, NULL, NULL, NULL, NULL, NULL, NULL, NULL, NULL, NULL, NULL, NULL, NULL, NULL, NULL, NULL, NULL, NULL, NULL, NULL, NULL, NULL, NULL, NULL, NULL, NULL, NULL, NULL, NULL, NULL, NULL, NULL, NULL, '0', NULL, '2015-12-17 19:19:15', '2016-01-02 18:54:48', '00f65157-66c7-4397-b20e-6fcdab775895'),
 ('237', '242', 'en_us', 'Profile Sample', NULL, NULL, NULL, NULL, NULL, NULL, NULL, NULL, NULL, NULL, NULL, NULL, NULL, NULL, NULL, NULL, NULL, NULL, NULL, NULL, NULL, NULL, NULL, NULL, NULL, NULL, NULL, NULL, NULL, NULL, NULL, NULL, NULL, NULL, NULL, NULL, NULL, NULL, NULL, NULL, NULL, NULL, NULL, NULL, NULL, NULL, NULL, NULL, NULL, NULL, NULL, NULL, NULL, NULL, NULL, NULL, NULL, NULL, NULL, NULL, NULL, NULL, '0', NULL, '2015-12-17 19:19:21', '2016-01-02 18:54:48', 'adbc4be4-b834-451f-aae9-526c155d3cd7'),
 ('238', '243', 'en_us', 'Project Sample', NULL, NULL, NULL, NULL, NULL, NULL, NULL, NULL, NULL, NULL, NULL, NULL, NULL, NULL, NULL, NULL, NULL, NULL, NULL, NULL, NULL, NULL, NULL, NULL, NULL, NULL, NULL, NULL, NULL, NULL, NULL, NULL, NULL, NULL, NULL, NULL, NULL, NULL, NULL, NULL, NULL, NULL, NULL, NULL, NULL, NULL, NULL, NULL, NULL, NULL, NULL, NULL, NULL, NULL, NULL, NULL, NULL, NULL, NULL, NULL, NULL, NULL, '0', NULL, '2015-12-17 19:19:28', '2016-01-02 18:55:23', '98226482-7938-4d92-8ee9-dba8280bfa18'),
 ('239', '244', 'en_us', 'Design', NULL, NULL, NULL, NULL, NULL, NULL, NULL, NULL, NULL, NULL, NULL, NULL, NULL, NULL, NULL, NULL, NULL, NULL, NULL, NULL, NULL, NULL, NULL, NULL, NULL, NULL, NULL, NULL, NULL, NULL, NULL, NULL, NULL, NULL, NULL, NULL, NULL, NULL, NULL, NULL, NULL, NULL, NULL, NULL, NULL, NULL, NULL, NULL, NULL, NULL, NULL, NULL, NULL, NULL, NULL, NULL, NULL, NULL, NULL, NULL, NULL, NULL, '0', NULL, '2015-12-17 19:20:23', '2016-01-02 18:55:12', 'e1a0a660-835b-470e-bb6a-a5dbfa05dc35'),
 ('240', '245', 'en_us', 'Discover', NULL, NULL, NULL, NULL, NULL, NULL, NULL, NULL, NULL, NULL, NULL, NULL, NULL, NULL, NULL, NULL, NULL, NULL, NULL, NULL, NULL, NULL, NULL, NULL, NULL, NULL, NULL, NULL, NULL, NULL, NULL, NULL, NULL, NULL, NULL, NULL, NULL, NULL, NULL, NULL, NULL, NULL, NULL, NULL, NULL, NULL, NULL, NULL, NULL, NULL, NULL, NULL, NULL, NULL, NULL, NULL, NULL, NULL, NULL, NULL, NULL, NULL, '0', NULL, '2015-12-17 19:20:23', '2016-01-02 18:55:12', '96c6f2d3-2e4e-4dac-8f4d-ab862f64dc1e'),
 ('241', '246', 'en_us', 'Idea Base  Svgicons  Bolt 01', NULL, NULL, NULL, NULL, NULL, NULL, NULL, NULL, NULL, NULL, NULL, NULL, NULL, NULL, NULL, NULL, NULL, NULL, NULL, NULL, NULL, NULL, NULL, NULL, NULL, NULL, NULL, NULL, NULL, NULL, NULL, NULL, NULL, NULL, NULL, NULL, NULL, NULL, NULL, NULL, NULL, NULL, NULL, NULL, NULL, NULL, NULL, NULL, NULL, NULL, NULL, NULL, NULL, NULL, NULL, NULL, NULL, NULL, NULL, NULL, NULL, NULL, '0', NULL, '2015-12-17 19:20:24', '2016-01-02 18:55:03', '5da8a3a1-f96c-412b-bec4-68c2b6f3eb60'),
 ('242', '247', 'en_us', 'Idea Base  Svgicons  Cam 01', NULL, NULL, NULL, NULL, NULL, NULL, NULL, NULL, NULL, NULL, NULL, NULL, NULL, NULL, NULL, NULL, NULL, NULL, NULL, NULL, NULL, NULL, NULL, NULL, NULL, NULL, NULL, NULL, NULL, NULL, NULL, NULL, NULL, NULL, NULL, NULL, NULL, NULL, NULL, NULL, NULL, NULL, NULL, NULL, NULL, NULL, NULL, NULL, NULL, NULL, NULL, NULL, NULL, NULL, NULL, NULL, NULL, NULL, NULL, NULL, NULL, NULL, '0', NULL, '2015-12-17 19:20:25', '2016-01-02 18:55:04', '20cc86a9-680c-47fe-95e4-94b43253fab0'),
 ('243', '248', 'en_us', 'Idea Base  Svgicons  Compass', NULL, NULL, NULL, NULL, NULL, NULL, NULL, NULL, NULL, NULL, NULL, NULL, NULL, NULL, NULL, NULL, NULL, NULL, NULL, NULL, NULL, NULL, NULL, NULL, NULL, NULL, NULL, NULL, NULL, NULL, NULL, NULL, NULL, NULL, NULL, NULL, NULL, NULL, NULL, NULL, NULL, NULL, NULL, NULL, NULL, NULL, NULL, NULL, NULL, NULL, NULL, NULL, NULL, NULL, NULL, NULL, NULL, NULL, NULL, NULL, NULL, NULL, '0', NULL, '2015-12-17 19:20:25', '2016-01-02 18:55:04', '0910ab3e-3231-4193-96e9-f4fc9060100c'),
 ('244', '249', 'en_us', 'Idea Base  Svgicons  Desktop 01', NULL, NULL, NULL, NULL, NULL, NULL, NULL, NULL, NULL, NULL, NULL, NULL, NULL, NULL, NULL, NULL, NULL, NULL, NULL, NULL, NULL, NULL, NULL, NULL, NULL, NULL, NULL, NULL, NULL, NULL, NULL, NULL, NULL, NULL, NULL, NULL, NULL, NULL, NULL, NULL, NULL, NULL, NULL, NULL, NULL, NULL, NULL, NULL, NULL, NULL, NULL, NULL, NULL, NULL, NULL, NULL, NULL, NULL, NULL, NULL, NULL, NULL, '0', NULL, '2015-12-17 19:20:26', '2016-01-02 18:55:05', 'a873a99b-a6fd-43f8-9522-727f0052fdf0'),
 ('245', '250', 'en_us', 'Idea Base  Svgicons  Devices 01', NULL, NULL, NULL, NULL, NULL, NULL, NULL, NULL, NULL, NULL, NULL, NULL, NULL, NULL, NULL, NULL, NULL, NULL, NULL, NULL, NULL, NULL, NULL, NULL, NULL, NULL, NULL, NULL, NULL, NULL, NULL, NULL, NULL, NULL, NULL, NULL, NULL, NULL, NULL, NULL, NULL, NULL, NULL, NULL, NULL, NULL, NULL, NULL, NULL, NULL, NULL, NULL, NULL, NULL, NULL, NULL, NULL, NULL, NULL, NULL, NULL, NULL, '0', NULL, '2015-12-17 19:20:26', '2016-01-02 18:55:06', '506c2514-0f84-460e-8628-4b4bf6e8718a'),
 ('246', '251', 'en_us', 'Idea Base  Svgicons  Eye 01', NULL, NULL, NULL, NULL, NULL, NULL, NULL, NULL, NULL, NULL, NULL, NULL, NULL, NULL, NULL, NULL, NULL, NULL, NULL, NULL, NULL, NULL, NULL, NULL, NULL, NULL, NULL, NULL, NULL, NULL, NULL, NULL, NULL, NULL, NULL, NULL, NULL, NULL, NULL, NULL, NULL, NULL, NULL, NULL, NULL, NULL, NULL, NULL, NULL, NULL, NULL, NULL, NULL, NULL, NULL, NULL, NULL, NULL, NULL, NULL, NULL, NULL, '0', NULL, '2015-12-17 19:20:27', '2016-01-02 18:55:06', 'b04df133-b974-42a8-b364-9a263e4887e4'),
 ('247', '252', 'en_us', 'Idea Base  Svgicons  Glass 01', NULL, NULL, NULL, NULL, NULL, NULL, NULL, NULL, NULL, NULL, NULL, NULL, NULL, NULL, NULL, NULL, NULL, NULL, NULL, NULL, NULL, NULL, NULL, NULL, NULL, NULL, NULL, NULL, NULL, NULL, NULL, NULL, NULL, NULL, NULL, NULL, NULL, NULL, NULL, NULL, NULL, NULL, NULL, NULL, NULL, NULL, NULL, NULL, NULL, NULL, NULL, NULL, NULL, NULL, NULL, NULL, NULL, NULL, NULL, NULL, NULL, NULL, '0', NULL, '2015-12-17 19:20:28', '2016-01-02 18:55:07', '737895ae-a3e5-499f-8f65-5da285c849d4'),
 ('248', '253', 'en_us', 'Idea Base  Svgicons  Map 01', NULL, NULL, NULL, NULL, NULL, NULL, NULL, NULL, NULL, NULL, NULL, NULL, NULL, NULL, NULL, NULL, NULL, NULL, NULL, NULL, NULL, NULL, NULL, NULL, NULL, NULL, NULL, NULL, NULL, NULL, NULL, NULL, NULL, NULL, NULL, NULL, NULL, NULL, NULL, NULL, NULL, NULL, NULL, NULL, NULL, NULL, NULL, NULL, NULL, NULL, NULL, NULL, NULL, NULL, NULL, NULL, NULL, NULL, NULL, NULL, NULL, NULL, '0', NULL, '2015-12-17 19:20:28', '2016-01-02 18:55:07', '1664ee6a-030a-4b5a-9ec8-07ba8d73bca6'),
 ('249', '254', 'en_us', 'Idea Base  Svgicons  Pencil 01', NULL, NULL, NULL, NULL, NULL, NULL, NULL, NULL, NULL, NULL, NULL, NULL, NULL, NULL, NULL, NULL, NULL, NULL, NULL, NULL, NULL, NULL, NULL, NULL, NULL, NULL, NULL, NULL, NULL, NULL, NULL, NULL, NULL, NULL, NULL, NULL, NULL, NULL, NULL, NULL, NULL, NULL, NULL, NULL, NULL, NULL, NULL, NULL, NULL, NULL, NULL, NULL, NULL, NULL, NULL, NULL, NULL, NULL, NULL, NULL, NULL, NULL, '0', NULL, '2015-12-17 19:20:29', '2016-01-02 18:55:07', 'de9eab12-6e16-47de-9a40-4f19c2c908d4'),
 ('250', '255', 'en_us', 'Idea Base  Svgicons  Speech 01', NULL, NULL, NULL, NULL, NULL, NULL, NULL, NULL, NULL, NULL, NULL, NULL, NULL, NULL, NULL, NULL, NULL, NULL, NULL, NULL, NULL, NULL, NULL, NULL, NULL, NULL, NULL, NULL, NULL, NULL, NULL, NULL, NULL, NULL, NULL, NULL, NULL, NULL, NULL, NULL, NULL, NULL, NULL, NULL, NULL, NULL, NULL, NULL, NULL, NULL, NULL, NULL, NULL, NULL, NULL, NULL, NULL, NULL, NULL, NULL, NULL, NULL, '0', NULL, '2015-12-17 19:20:29', '2016-01-02 18:55:08', '6dbef694-9014-4515-a754-94b163cdb6f4'),
 ('251', '256', 'en_us', 'Idea Base  Svgicons  Square 01', NULL, NULL, NULL, NULL, NULL, NULL, NULL, NULL, NULL, NULL, NULL, NULL, NULL, NULL, NULL, NULL, NULL, NULL, NULL, NULL, NULL, NULL, NULL, NULL, NULL, NULL, NULL, NULL, NULL, NULL, NULL, NULL, NULL, NULL, NULL, NULL, NULL, NULL, NULL, NULL, NULL, NULL, NULL, NULL, NULL, NULL, NULL, NULL, NULL, NULL, NULL, NULL, NULL, NULL, NULL, NULL, NULL, NULL, NULL, NULL, NULL, NULL, '0', NULL, '2015-12-17 19:20:30', '2016-01-02 18:55:08', '1953019f-a726-463c-a72a-b60a6f999498'),
 ('252', '257', 'en_us', 'Lightbulb', NULL, NULL, NULL, NULL, NULL, NULL, NULL, NULL, NULL, NULL, NULL, NULL, NULL, NULL, NULL, NULL, NULL, NULL, NULL, NULL, NULL, NULL, NULL, NULL, NULL, NULL, NULL, NULL, NULL, NULL, NULL, NULL, NULL, NULL, NULL, NULL, NULL, NULL, NULL, NULL, NULL, NULL, NULL, NULL, NULL, NULL, NULL, NULL, NULL, NULL, NULL, NULL, NULL, NULL, NULL, NULL, NULL, NULL, NULL, NULL, NULL, NULL, '0', NULL, '2015-12-17 19:20:31', '2016-01-02 18:55:14', '4fd8648a-660f-4308-9fa8-b64df01cb4cd'),
 ('253', '258', 'en_us', 'Refine', NULL, NULL, NULL, NULL, NULL, NULL, NULL, NULL, NULL, NULL, NULL, NULL, NULL, NULL, NULL, NULL, NULL, NULL, NULL, NULL, NULL, NULL, NULL, NULL, NULL, NULL, NULL, NULL, NULL, NULL, NULL, NULL, NULL, NULL, NULL, NULL, NULL, NULL, NULL, NULL, NULL, NULL, NULL, NULL, NULL, NULL, NULL, NULL, NULL, NULL, NULL, NULL, NULL, NULL, NULL, NULL, NULL, NULL, NULL, NULL, NULL, NULL, '0', NULL, '2015-12-17 19:20:32', '2016-01-02 18:55:16', '4d82a699-ebd4-41f3-8d28-1117abd8b26c'),
 ('254', '259', 'en_us', 'Bricks', NULL, NULL, NULL, NULL, NULL, NULL, NULL, NULL, NULL, NULL, NULL, NULL, NULL, NULL, NULL, NULL, NULL, NULL, NULL, NULL, NULL, NULL, NULL, NULL, NULL, NULL, NULL, NULL, NULL, NULL, NULL, NULL, NULL, NULL, NULL, NULL, NULL, NULL, NULL, NULL, NULL, NULL, NULL, NULL, NULL, NULL, NULL, NULL, NULL, NULL, NULL, NULL, NULL, NULL, NULL, NULL, NULL, NULL, NULL, NULL, NULL, NULL, '0', NULL, '2015-12-17 19:20:58', '2016-01-02 18:54:53', 'baa65715-8b0b-4048-b3f5-bce4f454a547'),
 ('255', '260', 'en_us', 'Practice', NULL, NULL, NULL, NULL, NULL, NULL, NULL, NULL, NULL, NULL, NULL, NULL, NULL, NULL, NULL, NULL, NULL, NULL, NULL, NULL, NULL, NULL, NULL, NULL, NULL, NULL, NULL, NULL, NULL, NULL, NULL, NULL, NULL, NULL, NULL, NULL, NULL, NULL, NULL, NULL, NULL, NULL, NULL, NULL, NULL, NULL, NULL, NULL, NULL, NULL, NULL, NULL, NULL, NULL, NULL, NULL, NULL, NULL, NULL, NULL, NULL, NULL, '0', NULL, '2015-12-17 19:20:59', '2016-01-02 18:54:53', '5dc17eb2-d108-4e14-9271-1e67cc5dd584'),
 ('257', '262', 'en_us', 'Ideabaselogo', NULL, NULL, NULL, NULL, NULL, NULL, NULL, NULL, NULL, NULL, NULL, NULL, NULL, NULL, NULL, NULL, NULL, NULL, NULL, NULL, NULL, NULL, NULL, NULL, NULL, NULL, NULL, NULL, NULL, NULL, NULL, NULL, NULL, NULL, NULL, NULL, NULL, NULL, NULL, NULL, NULL, NULL, NULL, NULL, NULL, NULL, NULL, NULL, NULL, NULL, NULL, NULL, NULL, NULL, NULL, NULL, NULL, NULL, NULL, NULL, NULL, NULL, '0', NULL, '2015-12-17 19:21:14', '2016-01-15 15:40:32', 'c368a7cd-a7ec-446c-8b66-60e7c3c6ecf1'),
 ('258', '263', 'en_us', 'Test', NULL, NULL, NULL, NULL, NULL, NULL, NULL, NULL, NULL, NULL, NULL, NULL, NULL, NULL, NULL, NULL, NULL, NULL, NULL, NULL, NULL, NULL, NULL, NULL, NULL, NULL, NULL, NULL, NULL, NULL, NULL, NULL, NULL, NULL, NULL, NULL, NULL, NULL, NULL, NULL, NULL, NULL, NULL, NULL, NULL, NULL, NULL, NULL, NULL, NULL, NULL, NULL, NULL, NULL, NULL, NULL, NULL, NULL, NULL, NULL, NULL, NULL, '0', NULL, '2015-12-17 19:21:30', '2016-01-02 18:54:49', '4835b02f-8a29-4e01-82c6-33aac0c96655'),
 ('259', '264', 'en_us', 'Test', NULL, NULL, NULL, NULL, NULL, NULL, NULL, NULL, NULL, NULL, NULL, NULL, NULL, NULL, NULL, NULL, NULL, NULL, NULL, NULL, NULL, NULL, NULL, NULL, NULL, NULL, NULL, NULL, NULL, NULL, NULL, NULL, NULL, NULL, NULL, NULL, NULL, NULL, NULL, NULL, NULL, NULL, NULL, NULL, NULL, NULL, NULL, NULL, NULL, NULL, NULL, NULL, NULL, NULL, NULL, NULL, NULL, NULL, NULL, NULL, NULL, NULL, '0', NULL, '2015-12-17 19:21:32', '2016-01-02 18:54:54', 'd03290d5-7509-4477-ae4a-2d86b658a7fe'),
 ('260', '265', 'en_us', 'Test', NULL, NULL, NULL, NULL, NULL, NULL, NULL, NULL, NULL, NULL, NULL, NULL, NULL, NULL, NULL, NULL, NULL, NULL, NULL, NULL, NULL, NULL, NULL, NULL, NULL, NULL, NULL, NULL, NULL, NULL, NULL, NULL, NULL, NULL, NULL, NULL, NULL, NULL, NULL, NULL, NULL, NULL, NULL, NULL, NULL, NULL, NULL, NULL, NULL, NULL, NULL, NULL, NULL, NULL, NULL, NULL, NULL, NULL, NULL, NULL, NULL, NULL, '0', NULL, '2015-12-17 19:21:32', '2016-01-02 18:55:00', '4c0f36ba-c83c-4517-85f7-e398c2b5ad40'),
 ('261', '266', 'en_us', 'Test', NULL, NULL, NULL, NULL, NULL, NULL, NULL, NULL, NULL, NULL, NULL, NULL, NULL, NULL, NULL, NULL, NULL, NULL, NULL, NULL, NULL, NULL, NULL, NULL, NULL, NULL, NULL, NULL, NULL, NULL, NULL, NULL, NULL, NULL, NULL, NULL, NULL, NULL, NULL, NULL, NULL, NULL, NULL, NULL, NULL, NULL, NULL, NULL, NULL, NULL, NULL, NULL, NULL, NULL, NULL, NULL, NULL, NULL, NULL, NULL, NULL, NULL, '0', NULL, '2015-12-17 19:21:33', '2016-01-02 18:55:00', '22dace2b-7a7d-4100-97e0-4a1f61c8a249'),
 ('262', '267', 'en_us', '16447262348 7476080e8c O 350x500', NULL, NULL, NULL, NULL, NULL, NULL, NULL, NULL, NULL, NULL, NULL, NULL, NULL, NULL, NULL, NULL, NULL, NULL, NULL, NULL, NULL, NULL, NULL, NULL, NULL, NULL, NULL, NULL, NULL, NULL, NULL, NULL, NULL, NULL, NULL, NULL, NULL, NULL, NULL, NULL, NULL, NULL, NULL, NULL, NULL, NULL, NULL, NULL, NULL, NULL, NULL, NULL, NULL, NULL, NULL, NULL, NULL, NULL, NULL, NULL, NULL, NULL, '0', NULL, '2015-12-17 19:21:34', '2016-01-02 18:55:01', '049f2228-04a8-4de1-8832-6692fc92f820'),
 ('263', '268', 'en_us', 'Chris  Edit 350x500', NULL, NULL, NULL, NULL, NULL, NULL, NULL, NULL, NULL, NULL, NULL, NULL, NULL, NULL, NULL, NULL, NULL, NULL, NULL, NULL, NULL, NULL, NULL, NULL, NULL, NULL, NULL, NULL, NULL, NULL, NULL, NULL, NULL, NULL, NULL, NULL, NULL, NULL, NULL, NULL, NULL, NULL, NULL, NULL, NULL, NULL, NULL, NULL, NULL, NULL, NULL, NULL, NULL, NULL, NULL, NULL, NULL, NULL, NULL, NULL, NULL, NULL, '0', NULL, '2015-12-17 19:21:34', '2016-01-02 18:55:02', '39daa0bc-b369-4a8f-ac82-7651f16065f1'),
 ('264', '269', 'en_us', 'Dowling Kristin 350x500', NULL, NULL, NULL, NULL, NULL, NULL, NULL, NULL, NULL, NULL, NULL, NULL, NULL, NULL, NULL, NULL, NULL, NULL, NULL, NULL, NULL, NULL, NULL, NULL, NULL, NULL, NULL, NULL, NULL, NULL, NULL, NULL, NULL, NULL, NULL, NULL, NULL, NULL, NULL, NULL, NULL, NULL, NULL, NULL, NULL, NULL, NULL, NULL, NULL, NULL, NULL, NULL, NULL, NULL, NULL, NULL, NULL, NULL, NULL, NULL, NULL, NULL, '0', NULL, '2015-12-17 19:21:35', '2016-01-02 18:55:03', '53ffe641-80f2-43ae-be81-aafab42e64ff'),
 ('265', '270', 'en_us', 'Quintin Steele 350x500', NULL, NULL, NULL, NULL, NULL, NULL, NULL, NULL, NULL, NULL, NULL, NULL, NULL, NULL, NULL, NULL, NULL, NULL, NULL, NULL, NULL, NULL, NULL, NULL, NULL, NULL, NULL, NULL, NULL, NULL, NULL, NULL, NULL, NULL, NULL, NULL, NULL, NULL, NULL, NULL, NULL, NULL, NULL, NULL, NULL, NULL, NULL, NULL, NULL, NULL, NULL, NULL, NULL, NULL, NULL, NULL, NULL, NULL, NULL, NULL, NULL, NULL, '0', NULL, '2015-12-17 19:21:39', '2016-01-02 18:55:09', 'b64e34cc-26bf-45df-a0ea-6dd87ffa713b'),
 ('266', '271', 'en_us', 'Arrow Down White', NULL, NULL, NULL, NULL, NULL, NULL, NULL, NULL, NULL, NULL, NULL, NULL, NULL, NULL, NULL, NULL, NULL, NULL, NULL, NULL, NULL, NULL, NULL, NULL, NULL, NULL, NULL, NULL, NULL, NULL, NULL, NULL, NULL, NULL, NULL, NULL, NULL, NULL, NULL, NULL, NULL, NULL, NULL, NULL, NULL, NULL, NULL, NULL, NULL, NULL, NULL, NULL, NULL, NULL, NULL, NULL, NULL, NULL, NULL, NULL, NULL, NULL, '0', NULL, '2015-12-17 19:21:39', '2016-01-02 18:55:10', '04fc187d-ca9a-48a9-bf43-e9a8614ac79c'),
 ('267', '272', 'en_us', 'Victoria1 350x500', NULL, NULL, NULL, NULL, NULL, NULL, NULL, NULL, NULL, NULL, NULL, NULL, NULL, NULL, NULL, NULL, NULL, NULL, NULL, NULL, NULL, NULL, NULL, NULL, NULL, NULL, NULL, NULL, NULL, NULL, NULL, NULL, NULL, NULL, NULL, NULL, NULL, NULL, NULL, NULL, NULL, NULL, NULL, NULL, NULL, NULL, NULL, NULL, NULL, NULL, NULL, NULL, NULL, NULL, NULL, NULL, NULL, NULL, NULL, NULL, NULL, NULL, '0', NULL, '2015-12-17 19:21:40', '2016-01-02 18:55:09', '4a02ff2f-e049-44e4-b58b-06a22f6dffe7'),
 ('268', '273', 'en_us', 'Arrow Down White 151214 170627', NULL, NULL, NULL, NULL, NULL, NULL, NULL, NULL, NULL, NULL, NULL, NULL, NULL, NULL, NULL, NULL, NULL, NULL, NULL, NULL, NULL, NULL, NULL, NULL, NULL, NULL, NULL, NULL, NULL, NULL, NULL, NULL, NULL, NULL, NULL, NULL, NULL, NULL, NULL, NULL, NULL, NULL, NULL, NULL, NULL, NULL, NULL, NULL, NULL, NULL, NULL, NULL, NULL, NULL, NULL, NULL, NULL, NULL, NULL, NULL, NULL, NULL, '0', NULL, '2015-12-17 19:21:40', '2016-01-02 18:55:10', 'f5dab6ec-856d-4c44-b2df-2679bbeec24d'),
 ('269', '274', 'en_us', 'Arrow Right Blue', NULL, NULL, NULL, NULL, NULL, NULL, NULL, NULL, NULL, NULL, NULL, NULL, NULL, NULL, NULL, NULL, NULL, NULL, NULL, NULL, NULL, NULL, NULL, NULL, NULL, NULL, NULL, NULL, NULL, NULL, NULL, NULL, NULL, NULL, NULL, NULL, NULL, NULL, NULL, NULL, NULL, NULL, NULL, NULL, NULL, NULL, NULL, NULL, NULL, NULL, NULL, NULL, NULL, NULL, NULL, NULL, NULL, NULL, NULL, NULL, NULL, NULL, '0', NULL, '2015-12-17 19:21:40', '2016-01-02 18:55:10', '8f4456e3-bd74-43b3-b71a-825132d9fdca'),
 ('270', '275', 'en_us', 'Arrow Right Blue 151214 170628', NULL, NULL, NULL, NULL, NULL, NULL, NULL, NULL, NULL, NULL, NULL, NULL, NULL, NULL, NULL, NULL, NULL, NULL, NULL, NULL, NULL, NULL, NULL, NULL, NULL, NULL, NULL, NULL, NULL, NULL, NULL, NULL, NULL, NULL, NULL, NULL, NULL, NULL, NULL, NULL, NULL, NULL, NULL, NULL, NULL, NULL, NULL, NULL, NULL, NULL, NULL, NULL, NULL, NULL, NULL, NULL, NULL, NULL, NULL, NULL, NULL, NULL, '0', NULL, '2015-12-17 19:21:41', '2016-01-02 18:55:11', 'b2392e25-9baf-4fe3-821e-2caeac2523ab'),
 ('271', '276', 'en_us', 'Arrow Right White', NULL, NULL, NULL, NULL, NULL, NULL, NULL, NULL, NULL, NULL, NULL, NULL, NULL, NULL, NULL, NULL, NULL, NULL, NULL, NULL, NULL, NULL, NULL, NULL, NULL, NULL, NULL, NULL, NULL, NULL, NULL, NULL, NULL, NULL, NULL, NULL, NULL, NULL, NULL, NULL, NULL, NULL, NULL, NULL, NULL, NULL, NULL, NULL, NULL, NULL, NULL, NULL, NULL, NULL, NULL, NULL, NULL, NULL, NULL, NULL, NULL, NULL, '0', NULL, '2015-12-17 19:21:41', '2016-01-02 18:55:11', 'd685ba31-eaec-4164-b27a-da8226f7d6ee'),
 ('272', '277', 'en_us', 'Arrow Right White 151214 170629', NULL, NULL, NULL, NULL, NULL, NULL, NULL, NULL, NULL, NULL, NULL, NULL, NULL, NULL, NULL, NULL, NULL, NULL, NULL, NULL, NULL, NULL, NULL, NULL, NULL, NULL, NULL, NULL, NULL, NULL, NULL, NULL, NULL, NULL, NULL, NULL, NULL, NULL, NULL, NULL, NULL, NULL, NULL, NULL, NULL, NULL, NULL, NULL, NULL, NULL, NULL, NULL, NULL, NULL, NULL, NULL, NULL, NULL, NULL, NULL, NULL, NULL, '0', NULL, '2015-12-17 19:21:41', '2016-01-02 18:55:11', '0afb45d1-c7cc-45f3-b010-79b8c65697e4'),
 ('273', '278', 'en_us', 'Bricks', NULL, NULL, NULL, NULL, NULL, NULL, NULL, NULL, NULL, NULL, NULL, NULL, NULL, NULL, NULL, NULL, NULL, NULL, NULL, NULL, NULL, NULL, NULL, NULL, NULL, NULL, NULL, NULL, NULL, NULL, NULL, NULL, NULL, NULL, NULL, NULL, NULL, NULL, NULL, NULL, NULL, NULL, NULL, NULL, NULL, NULL, NULL, NULL, NULL, NULL, NULL, NULL, NULL, NULL, NULL, NULL, NULL, NULL, NULL, NULL, NULL, NULL, '0', NULL, '2015-12-17 19:21:42', '2016-01-02 18:55:12', 'aee72416-741f-43e0-a85f-8930090ddce3'),
 ('274', '279', 'en_us', 'Envelopeicon', NULL, NULL, NULL, NULL, NULL, NULL, NULL, NULL, NULL, NULL, NULL, NULL, NULL, NULL, NULL, NULL, NULL, NULL, NULL, NULL, NULL, NULL, NULL, NULL, NULL, NULL, NULL, NULL, NULL, NULL, NULL, NULL, NULL, NULL, NULL, NULL, NULL, NULL, NULL, NULL, NULL, NULL, NULL, NULL, NULL, NULL, NULL, NULL, NULL, NULL, NULL, NULL, NULL, NULL, NULL, NULL, NULL, NULL, NULL, NULL, NULL, NULL, '0', NULL, '2015-12-17 19:21:43', '2016-01-02 18:55:13', 'fe12c875-f244-423d-97d9-22f636139874'),
 ('275', '280', 'en_us', 'Lightbulb Sample', NULL, NULL, NULL, NULL, NULL, NULL, NULL, NULL, NULL, NULL, NULL, NULL, NULL, NULL, NULL, NULL, NULL, NULL, NULL, NULL, NULL, NULL, NULL, NULL, NULL, NULL, NULL, NULL, NULL, NULL, NULL, NULL, NULL, NULL, NULL, NULL, NULL, NULL, NULL, NULL, NULL, NULL, NULL, NULL, NULL, NULL, NULL, NULL, NULL, NULL, NULL, NULL, NULL, NULL, NULL, NULL, NULL, NULL, NULL, NULL, NULL, NULL, '0', NULL, '2015-12-17 19:21:44', '2016-01-02 18:55:14', '130b5339-0406-418b-a0fb-407ab99acdec'),
 ('276', '281', 'en_us', 'Practice', NULL, NULL, NULL, NULL, NULL, NULL, NULL, NULL, NULL, NULL, NULL, NULL, NULL, NULL, NULL, NULL, NULL, NULL, NULL, NULL, NULL, NULL, NULL, NULL, NULL, NULL, NULL, NULL, NULL, NULL, NULL, NULL, NULL, NULL, NULL, NULL, NULL, NULL, NULL, NULL, NULL, NULL, NULL, NULL, NULL, NULL, NULL, NULL, NULL, NULL, NULL, NULL, NULL, NULL, NULL, NULL, NULL, NULL, NULL, NULL, NULL, NULL, '0', NULL, '2015-12-17 19:21:45', '2016-01-02 18:55:15', 'e16cce0c-a189-4437-a06f-2fd8c311c4a1'),
 ('277', '282', 'en_us', 'Profile Example2', NULL, NULL, NULL, NULL, NULL, NULL, NULL, NULL, NULL, NULL, NULL, NULL, NULL, NULL, NULL, NULL, NULL, NULL, NULL, NULL, NULL, NULL, NULL, NULL, NULL, NULL, NULL, NULL, NULL, NULL, NULL, NULL, NULL, NULL, NULL, NULL, NULL, NULL, NULL, NULL, NULL, NULL, NULL, NULL, NULL, NULL, NULL, NULL, NULL, NULL, NULL, NULL, NULL, NULL, NULL, NULL, NULL, NULL, NULL, NULL, NULL, NULL, '0', NULL, '2015-12-17 19:21:45', '2016-01-02 18:55:16', '4b763cb9-cb43-48dd-b6c8-f666160e571b'),
 ('278', '283', 'en_us', 'X', NULL, NULL, NULL, NULL, NULL, NULL, NULL, NULL, NULL, NULL, NULL, NULL, NULL, NULL, NULL, NULL, NULL, NULL, NULL, NULL, NULL, NULL, NULL, NULL, NULL, NULL, NULL, NULL, NULL, NULL, NULL, NULL, NULL, NULL, NULL, NULL, NULL, NULL, NULL, NULL, NULL, NULL, NULL, NULL, NULL, NULL, NULL, NULL, NULL, NULL, NULL, NULL, NULL, NULL, NULL, NULL, NULL, NULL, NULL, NULL, NULL, NULL, '0', NULL, '2015-12-17 19:21:46', '2016-01-02 18:55:17', '464ec8a1-5c07-446f-9593-b0eee5a4b140'),
 ('279', '284', 'en_us', 'X 151214 170629', NULL, NULL, NULL, NULL, NULL, NULL, NULL, NULL, NULL, NULL, NULL, NULL, NULL, NULL, NULL, NULL, NULL, NULL, NULL, NULL, NULL, NULL, NULL, NULL, NULL, NULL, NULL, NULL, NULL, NULL, NULL, NULL, NULL, NULL, NULL, NULL, NULL, NULL, NULL, NULL, NULL, NULL, NULL, NULL, NULL, NULL, NULL, NULL, NULL, NULL, NULL, NULL, NULL, NULL, NULL, NULL, NULL, NULL, NULL, NULL, NULL, NULL, '0', NULL, '2015-12-17 19:21:46', '2016-01-02 18:55:17', '96f7168c-6ac5-4ee6-9717-a30f96f60a56'),
 ('280', '285', 'en_us', 'Profile Sample', NULL, NULL, NULL, NULL, NULL, NULL, NULL, NULL, NULL, NULL, NULL, NULL, NULL, NULL, NULL, NULL, NULL, NULL, NULL, NULL, NULL, NULL, NULL, NULL, NULL, NULL, NULL, NULL, NULL, NULL, NULL, NULL, NULL, NULL, NULL, NULL, NULL, NULL, NULL, NULL, NULL, NULL, NULL, NULL, NULL, NULL, NULL, NULL, NULL, NULL, NULL, NULL, NULL, NULL, NULL, NULL, NULL, NULL, NULL, NULL, NULL, NULL, '0', NULL, '2015-12-17 19:21:47', '2016-01-02 18:55:16', '8d92a05a-582f-4e44-874a-1c66c59ff3c6'),
 ('281', '286', 'en_us', 'Test', NULL, NULL, NULL, NULL, NULL, NULL, NULL, NULL, NULL, NULL, NULL, NULL, NULL, NULL, NULL, NULL, NULL, NULL, NULL, NULL, NULL, NULL, NULL, NULL, NULL, NULL, NULL, NULL, NULL, NULL, NULL, NULL, NULL, NULL, NULL, NULL, NULL, NULL, NULL, NULL, NULL, NULL, NULL, NULL, NULL, NULL, NULL, NULL, NULL, NULL, NULL, NULL, NULL, NULL, NULL, NULL, NULL, NULL, NULL, NULL, NULL, NULL, '0', NULL, '2015-12-17 19:21:48', '2016-01-02 18:55:23', 'ac5b76c6-22da-4c58-af5e-6f619a0ee2ba');
INSERT INTO `craft_content` (`id`, `elementId`, `locale`, `title`, `field_body`, `field_profileJobTitle`, `field_profileContactEmail`, `field_profileOfficePhoneNumber`, `field_profileBiographyDescription`, `field_profileFunFact`, `field_projectDescription`, `field_blogContent`, `field_awardTitle`, `field_awardDateAwarded`, `field_awardWinningProject`, `field_winningProjectUrl`, `field_testimonialNameOfQuoter`, `field_testimonialQuote`, `field_dateOfQuote`, `field_serviceTitle`, `field_serviceDescription`, `field_clientTitle`, `field_primaryContact`, `field_callToAction`, `field_footerAddress`, `field_phoneNumber`, `field_footerEmail`, `field_mainTagline`, `field_homepageAboutText`, `field_staffIndexHeader`, `field_staffIndexDescription`, `field_workForIdeabaseTitle`, `field_workForIdeabaseDescription`, `field_processHeader`, `field_linkToProjects`, `field_caseStudyContent`, `field_basicContent`, `field_qualityHeadline`, `field_qualityDescription`, `field_workForIdeabaseLink`, `field_designHeadline`, `field_projectsHeadline`, `field_projectsDescription`, `field_projectHeadline`, `field_projectsSubDescription`, `field_caseStudyHeadline`, `field_caseStudySubDescription`, `field_classroomExperienceHeadline`, `field_classroomExperienceDescription`, `field_collegeDegree`, `field_processDescription`, `field_uxTestingLabDescription`, `field_copyright`, `field_footerBlurb`, `field_footerHeadline`, `field_contactFormDescription`, `field_ctaButton`, `field_projectUrl`, `field_street`, `field_priceDescription`, `field_priceHeadline`, `field_uxLabButton`, `field_classroomButton`, `field_moreProjectsButton`, `field_profileLastName`, `field_profileFirstName`, `field_alumniLightswitch`, `field_introduction`, `dateCreated`, `dateUpdated`, `uid`) VALUES
 ('282', '287', 'en_us', '16447262348 7476080e8c O 350x500', NULL, NULL, NULL, NULL, NULL, NULL, NULL, NULL, NULL, NULL, NULL, NULL, NULL, NULL, NULL, NULL, NULL, NULL, NULL, NULL, NULL, NULL, NULL, NULL, NULL, NULL, NULL, NULL, NULL, NULL, NULL, NULL, NULL, NULL, NULL, NULL, NULL, NULL, NULL, NULL, NULL, NULL, NULL, NULL, NULL, NULL, NULL, NULL, NULL, NULL, NULL, NULL, NULL, NULL, NULL, NULL, NULL, NULL, NULL, NULL, NULL, NULL, '0', NULL, '2015-12-17 19:29:51', '2016-01-02 18:54:40', '89feed73-3c9d-4a17-8b27-0885125d5639'),
 ('283', '288', 'en_us', 'Brendan Bennett 350x500', NULL, NULL, NULL, NULL, NULL, NULL, NULL, NULL, NULL, NULL, NULL, NULL, NULL, NULL, NULL, NULL, NULL, NULL, NULL, NULL, NULL, NULL, NULL, NULL, NULL, NULL, NULL, NULL, NULL, NULL, NULL, NULL, NULL, NULL, NULL, NULL, NULL, NULL, NULL, NULL, NULL, NULL, NULL, NULL, NULL, NULL, NULL, NULL, NULL, NULL, NULL, NULL, NULL, NULL, NULL, NULL, NULL, NULL, NULL, NULL, NULL, NULL, '0', NULL, '2015-12-17 19:29:52', '2016-01-02 18:54:42', '04026b42-fea4-4508-9071-6a604c6ace7c'),
 ('284', '289', 'en_us', 'Caitlin Smith 350x500', NULL, NULL, NULL, NULL, NULL, NULL, NULL, NULL, NULL, NULL, NULL, NULL, NULL, NULL, NULL, NULL, NULL, NULL, NULL, NULL, NULL, NULL, NULL, NULL, NULL, NULL, NULL, NULL, NULL, NULL, NULL, NULL, NULL, NULL, NULL, NULL, NULL, NULL, NULL, NULL, NULL, NULL, NULL, NULL, NULL, NULL, NULL, NULL, NULL, NULL, NULL, NULL, NULL, NULL, NULL, NULL, NULL, NULL, NULL, NULL, NULL, NULL, '0', NULL, '2015-12-17 19:29:53', '2016-01-02 18:54:42', 'fe4cd761-6e68-4a74-ae15-457357ab89f5'),
 ('285', '290', 'en_us', 'Chris 350x500', NULL, NULL, NULL, NULL, NULL, NULL, NULL, NULL, NULL, NULL, NULL, NULL, NULL, NULL, NULL, NULL, NULL, NULL, NULL, NULL, NULL, NULL, NULL, NULL, NULL, NULL, NULL, NULL, NULL, NULL, NULL, NULL, NULL, NULL, NULL, NULL, NULL, NULL, NULL, NULL, NULL, NULL, NULL, NULL, NULL, NULL, NULL, NULL, NULL, NULL, NULL, NULL, NULL, NULL, NULL, NULL, NULL, NULL, NULL, NULL, NULL, NULL, '0', NULL, '2015-12-17 19:29:53', '2016-01-02 18:54:47', '4316c4f7-2dc7-45d8-a7f6-71ce452ab4c8'),
 ('286', '291', 'en_us', 'Chris  Edit 350x500', NULL, NULL, NULL, NULL, NULL, NULL, NULL, NULL, NULL, NULL, NULL, NULL, NULL, NULL, NULL, NULL, NULL, NULL, NULL, NULL, NULL, NULL, NULL, NULL, NULL, NULL, NULL, NULL, NULL, NULL, NULL, NULL, NULL, NULL, NULL, NULL, NULL, NULL, NULL, NULL, NULL, NULL, NULL, NULL, NULL, NULL, NULL, NULL, NULL, NULL, NULL, NULL, NULL, NULL, NULL, NULL, NULL, NULL, NULL, NULL, NULL, NULL, '0', NULL, '2015-12-17 19:29:54', '2016-01-02 18:54:41', '513d9c2d-b4f7-42a6-8d97-58f9411e47f5'),
 ('287', '292', 'en_us', 'Courtney K 350x500', NULL, NULL, NULL, NULL, NULL, NULL, NULL, NULL, NULL, NULL, NULL, NULL, NULL, NULL, NULL, NULL, NULL, NULL, NULL, NULL, NULL, NULL, NULL, NULL, NULL, NULL, NULL, NULL, NULL, NULL, NULL, NULL, NULL, NULL, NULL, NULL, NULL, NULL, NULL, NULL, NULL, NULL, NULL, NULL, NULL, NULL, NULL, NULL, NULL, NULL, NULL, NULL, NULL, NULL, NULL, NULL, NULL, NULL, NULL, NULL, NULL, NULL, '0', NULL, '2015-12-17 19:29:54', '2016-01-02 18:54:42', 'f2a96153-1ae4-435e-8e1e-1fdcf5b50af5'),
 ('288', '293', 'en_us', 'Dowling Kristin 350x500', NULL, NULL, NULL, NULL, NULL, NULL, NULL, NULL, NULL, NULL, NULL, NULL, NULL, NULL, NULL, NULL, NULL, NULL, NULL, NULL, NULL, NULL, NULL, NULL, NULL, NULL, NULL, NULL, NULL, NULL, NULL, NULL, NULL, NULL, NULL, NULL, NULL, NULL, NULL, NULL, NULL, NULL, NULL, NULL, NULL, NULL, NULL, NULL, NULL, NULL, NULL, NULL, NULL, NULL, NULL, NULL, NULL, NULL, NULL, NULL, NULL, NULL, '0', NULL, '2015-12-17 19:29:55', '2016-01-02 18:54:43', '114a1d39-80fa-4510-94ac-635112807026'),
 ('289', '294', 'en_us', 'John  Headshot 350x500', NULL, NULL, NULL, NULL, NULL, NULL, NULL, NULL, NULL, NULL, NULL, NULL, NULL, NULL, NULL, NULL, NULL, NULL, NULL, NULL, NULL, NULL, NULL, NULL, NULL, NULL, NULL, NULL, NULL, NULL, NULL, NULL, NULL, NULL, NULL, NULL, NULL, NULL, NULL, NULL, NULL, NULL, NULL, NULL, NULL, NULL, NULL, NULL, NULL, NULL, NULL, NULL, NULL, NULL, NULL, NULL, NULL, NULL, NULL, NULL, NULL, NULL, '0', NULL, '2015-12-17 19:29:56', '2016-01-02 18:54:43', 'c9871083-cb51-445c-971c-ea6908e78e3d'),
 ('290', '295', 'en_us', 'Mario Fasolo 350x500', NULL, NULL, NULL, NULL, NULL, NULL, NULL, NULL, NULL, NULL, NULL, NULL, NULL, NULL, NULL, NULL, NULL, NULL, NULL, NULL, NULL, NULL, NULL, NULL, NULL, NULL, NULL, NULL, NULL, NULL, NULL, NULL, NULL, NULL, NULL, NULL, NULL, NULL, NULL, NULL, NULL, NULL, NULL, NULL, NULL, NULL, NULL, NULL, NULL, NULL, NULL, NULL, NULL, NULL, NULL, NULL, NULL, NULL, NULL, NULL, NULL, NULL, '0', NULL, '2015-12-17 19:29:56', '2016-01-02 18:54:43', '4292dc4d-6a29-40c5-9cc3-725998adccfd'),
 ('291', '296', 'en_us', 'Martha  Head  Shot1 350x500', NULL, NULL, NULL, NULL, NULL, NULL, NULL, NULL, NULL, NULL, NULL, NULL, NULL, NULL, NULL, NULL, NULL, NULL, NULL, NULL, NULL, NULL, NULL, NULL, NULL, NULL, NULL, NULL, NULL, NULL, NULL, NULL, NULL, NULL, NULL, NULL, NULL, NULL, NULL, NULL, NULL, NULL, NULL, NULL, NULL, NULL, NULL, NULL, NULL, NULL, NULL, NULL, NULL, NULL, NULL, NULL, NULL, NULL, NULL, NULL, NULL, NULL, '0', NULL, '2015-12-17 19:29:57', '2016-01-02 18:54:44', 'b0a49c5e-d0b5-43db-8850-6f1deec6258e'),
 ('292', '297', 'en_us', 'Nico Ciani 350x500', NULL, NULL, NULL, NULL, NULL, NULL, NULL, NULL, NULL, NULL, NULL, NULL, NULL, NULL, NULL, NULL, NULL, NULL, NULL, NULL, NULL, NULL, NULL, NULL, NULL, NULL, NULL, NULL, NULL, NULL, NULL, NULL, NULL, NULL, NULL, NULL, NULL, NULL, NULL, NULL, NULL, NULL, NULL, NULL, NULL, NULL, NULL, NULL, NULL, NULL, NULL, NULL, NULL, NULL, NULL, NULL, NULL, NULL, NULL, NULL, NULL, NULL, '0', NULL, '2015-12-17 19:29:58', '2016-01-02 18:54:44', '91f113cc-31b4-434b-9533-9d6f9b141f2e'),
 ('293', '298', 'en_us', 'Quintin Steele 350x500', NULL, NULL, NULL, NULL, NULL, NULL, NULL, NULL, NULL, NULL, NULL, NULL, NULL, NULL, NULL, NULL, NULL, NULL, NULL, NULL, NULL, NULL, NULL, NULL, NULL, NULL, NULL, NULL, NULL, NULL, NULL, NULL, NULL, NULL, NULL, NULL, NULL, NULL, NULL, NULL, NULL, NULL, NULL, NULL, NULL, NULL, NULL, NULL, NULL, NULL, NULL, NULL, NULL, NULL, NULL, NULL, NULL, NULL, NULL, NULL, NULL, NULL, '0', NULL, '2015-12-17 19:29:59', '2016-01-02 18:54:44', 'd40402d3-2820-4175-ad69-a68f4922a383'),
 ('294', '299', 'en_us', 'Rachel1 350x500', NULL, NULL, NULL, NULL, NULL, NULL, NULL, NULL, NULL, NULL, NULL, NULL, NULL, NULL, NULL, NULL, NULL, NULL, NULL, NULL, NULL, NULL, NULL, NULL, NULL, NULL, NULL, NULL, NULL, NULL, NULL, NULL, NULL, NULL, NULL, NULL, NULL, NULL, NULL, NULL, NULL, NULL, NULL, NULL, NULL, NULL, NULL, NULL, NULL, NULL, NULL, NULL, NULL, NULL, NULL, NULL, NULL, NULL, NULL, NULL, NULL, NULL, '0', NULL, '2015-12-17 19:30:00', '2016-01-02 18:54:45', '97ad502c-8874-441c-beb1-519835c69147'),
 ('295', '300', 'en_us', 'Reilly Hawkins1 350x500', NULL, NULL, NULL, NULL, NULL, NULL, NULL, NULL, NULL, NULL, NULL, NULL, NULL, NULL, NULL, NULL, NULL, NULL, NULL, NULL, NULL, NULL, NULL, NULL, NULL, NULL, NULL, NULL, NULL, NULL, NULL, NULL, NULL, NULL, NULL, NULL, NULL, NULL, NULL, NULL, NULL, NULL, NULL, NULL, NULL, NULL, NULL, NULL, NULL, NULL, NULL, NULL, NULL, NULL, NULL, NULL, NULL, NULL, NULL, NULL, NULL, NULL, '0', NULL, '2015-12-17 19:30:00', '2016-01-02 18:54:45', '688a1438-60f7-43f6-9f83-8baef11a42a9'),
 ('296', '301', 'en_us', 'Robin Tucker 1 350x500', NULL, NULL, NULL, NULL, NULL, NULL, NULL, NULL, NULL, NULL, NULL, NULL, NULL, NULL, NULL, NULL, NULL, NULL, NULL, NULL, NULL, NULL, NULL, NULL, NULL, NULL, NULL, NULL, NULL, NULL, NULL, NULL, NULL, NULL, NULL, NULL, NULL, NULL, NULL, NULL, NULL, NULL, NULL, NULL, NULL, NULL, NULL, NULL, NULL, NULL, NULL, NULL, NULL, NULL, NULL, NULL, NULL, NULL, NULL, NULL, NULL, NULL, '0', NULL, '2015-12-17 19:30:03', '2016-01-02 18:54:45', 'c4a5be96-48d7-466a-9b45-c8c64c078993'),
 ('297', '302', 'en_us', 'Sarah Holzer 350x500', NULL, NULL, NULL, NULL, NULL, NULL, NULL, NULL, NULL, NULL, NULL, NULL, NULL, NULL, NULL, NULL, NULL, NULL, NULL, NULL, NULL, NULL, NULL, NULL, NULL, NULL, NULL, NULL, NULL, NULL, NULL, NULL, NULL, NULL, NULL, NULL, NULL, NULL, NULL, NULL, NULL, NULL, NULL, NULL, NULL, NULL, NULL, NULL, NULL, NULL, NULL, NULL, NULL, NULL, NULL, NULL, NULL, NULL, NULL, NULL, NULL, NULL, '0', NULL, '2015-12-17 19:30:04', '2016-01-02 18:54:46', 'd375003e-9ba2-4ee4-8f4d-15d34dd7d4db'),
 ('298', '303', 'en_us', 'Smaurer 350x500', NULL, NULL, NULL, NULL, NULL, NULL, NULL, NULL, NULL, NULL, NULL, NULL, NULL, NULL, NULL, NULL, NULL, NULL, NULL, NULL, NULL, NULL, NULL, NULL, NULL, NULL, NULL, NULL, NULL, NULL, NULL, NULL, NULL, NULL, NULL, NULL, NULL, NULL, NULL, NULL, NULL, NULL, NULL, NULL, NULL, NULL, NULL, NULL, NULL, NULL, NULL, NULL, NULL, NULL, NULL, NULL, NULL, NULL, NULL, NULL, NULL, NULL, '0', NULL, '2015-12-17 19:30:05', '2016-01-02 18:54:46', '159b71fd-9190-41cb-a7c2-36369648b231'),
 ('299', '304', 'en_us', 'Soft Smile W  Scarf Headshot  Callie  Sullivan 350x500', NULL, NULL, NULL, NULL, NULL, NULL, NULL, NULL, NULL, NULL, NULL, NULL, NULL, NULL, NULL, NULL, NULL, NULL, NULL, NULL, NULL, NULL, NULL, NULL, NULL, NULL, NULL, NULL, NULL, NULL, NULL, NULL, NULL, NULL, NULL, NULL, NULL, NULL, NULL, NULL, NULL, NULL, NULL, NULL, NULL, NULL, NULL, NULL, NULL, NULL, NULL, NULL, NULL, NULL, NULL, NULL, NULL, NULL, NULL, NULL, NULL, NULL, '0', NULL, '2015-12-17 19:30:07', '2016-01-02 18:54:49', 'a50e4fdb-87d8-4f94-8a7c-e54c22085c4c'),
 ('300', '305', 'en_us', 'Todd  Thompson  Headshot1 350x500', NULL, NULL, NULL, NULL, NULL, NULL, NULL, NULL, NULL, NULL, NULL, NULL, NULL, NULL, NULL, NULL, NULL, NULL, NULL, NULL, NULL, NULL, NULL, NULL, NULL, NULL, NULL, NULL, NULL, NULL, NULL, NULL, NULL, NULL, NULL, NULL, NULL, NULL, NULL, NULL, NULL, NULL, NULL, NULL, NULL, NULL, NULL, NULL, NULL, NULL, NULL, NULL, NULL, NULL, NULL, NULL, NULL, NULL, NULL, NULL, NULL, NULL, '0', NULL, '2015-12-17 19:30:07', '2016-01-02 18:54:47', '4b0cf097-8811-4a9e-aa13-7e41bc5e9e59'),
 ('301', '306', 'en_us', 'Trang 350x500', NULL, NULL, NULL, NULL, NULL, NULL, NULL, NULL, NULL, NULL, NULL, NULL, NULL, NULL, NULL, NULL, NULL, NULL, NULL, NULL, NULL, NULL, NULL, NULL, NULL, NULL, NULL, NULL, NULL, NULL, NULL, NULL, NULL, NULL, NULL, NULL, NULL, NULL, NULL, NULL, NULL, NULL, NULL, NULL, NULL, NULL, NULL, NULL, NULL, NULL, NULL, NULL, NULL, NULL, NULL, NULL, NULL, NULL, NULL, NULL, NULL, NULL, '0', NULL, '2015-12-17 19:30:08', '2016-01-02 18:54:46', 'b4e12833-e372-4f1d-8eee-37c1c7947f9b'),
 ('302', '307', 'en_us', 'Victoria1 350x500', NULL, NULL, NULL, NULL, NULL, NULL, NULL, NULL, NULL, NULL, NULL, NULL, NULL, NULL, NULL, NULL, NULL, NULL, NULL, NULL, NULL, NULL, NULL, NULL, NULL, NULL, NULL, NULL, NULL, NULL, NULL, NULL, NULL, NULL, NULL, NULL, NULL, NULL, NULL, NULL, NULL, NULL, NULL, NULL, NULL, NULL, NULL, NULL, NULL, NULL, NULL, NULL, NULL, NULL, NULL, NULL, NULL, NULL, NULL, NULL, NULL, NULL, '0', NULL, '2015-12-17 19:30:09', '2016-01-02 18:54:47', '3065e0ad-5d52-41d1-9773-6da572536ff7'),
 ('303', '308', 'en_us', '22209357844 E890653102 O', NULL, NULL, NULL, NULL, NULL, NULL, NULL, NULL, NULL, NULL, NULL, NULL, NULL, NULL, NULL, NULL, NULL, NULL, NULL, NULL, NULL, NULL, NULL, NULL, NULL, NULL, NULL, NULL, NULL, NULL, NULL, NULL, NULL, NULL, NULL, NULL, NULL, NULL, NULL, NULL, NULL, NULL, NULL, NULL, NULL, NULL, NULL, NULL, NULL, NULL, NULL, NULL, NULL, NULL, NULL, NULL, NULL, NULL, NULL, NULL, NULL, NULL, '0', NULL, '2015-12-17 19:40:05', '2016-01-02 18:54:50', '9f57bae8-09fa-4a00-a89a-bdafa36435cf'),
 ('304', '309', 'en_us', '22210955613 4359e58c13 O', NULL, NULL, NULL, NULL, NULL, NULL, NULL, NULL, NULL, NULL, NULL, NULL, NULL, NULL, NULL, NULL, NULL, NULL, NULL, NULL, NULL, NULL, NULL, NULL, NULL, NULL, NULL, NULL, NULL, NULL, NULL, NULL, NULL, NULL, NULL, NULL, NULL, NULL, NULL, NULL, NULL, NULL, NULL, NULL, NULL, NULL, NULL, NULL, NULL, NULL, NULL, NULL, NULL, NULL, NULL, NULL, NULL, NULL, NULL, NULL, NULL, NULL, '0', NULL, '2015-12-17 19:40:11', '2016-01-02 18:54:51', 'b4d0bf29-9ee7-4b53-bd18-7a601bafda53'),
 ('305', '310', 'en_us', '22818609742 E0a0c83d14 O', NULL, NULL, NULL, NULL, NULL, NULL, NULL, NULL, NULL, NULL, NULL, NULL, NULL, NULL, NULL, NULL, NULL, NULL, NULL, NULL, NULL, NULL, NULL, NULL, NULL, NULL, NULL, NULL, NULL, NULL, NULL, NULL, NULL, NULL, NULL, NULL, NULL, NULL, NULL, NULL, NULL, NULL, NULL, NULL, NULL, NULL, NULL, NULL, NULL, NULL, NULL, NULL, NULL, NULL, NULL, NULL, NULL, NULL, NULL, NULL, NULL, NULL, '0', NULL, '2015-12-17 19:40:19', '2016-01-02 18:54:52', 'b2b1743d-4d4d-42d3-94d2-def4e35a554e'),
 ('306', '311', 'en_us', 'Athletics', NULL, NULL, NULL, NULL, NULL, NULL, NULL, NULL, NULL, NULL, NULL, NULL, NULL, NULL, NULL, NULL, NULL, NULL, NULL, NULL, NULL, NULL, NULL, NULL, NULL, NULL, NULL, NULL, NULL, NULL, NULL, NULL, NULL, NULL, NULL, NULL, NULL, NULL, NULL, NULL, NULL, NULL, NULL, NULL, NULL, NULL, NULL, NULL, NULL, NULL, NULL, NULL, NULL, NULL, NULL, NULL, NULL, NULL, NULL, NULL, NULL, NULL, '0', NULL, '2015-12-22 00:58:43', '2016-01-02 18:55:22', 'cb8a465f-60d3-46fa-bf9d-fcc7bb82ab92'),
 ('309', '314', 'en_us', 'Kent State Athletics Annual Report 2015', NULL, NULL, NULL, NULL, NULL, NULL, '<p>IdeaBase was brough on board for the second year in a row to develop and design Kent State University Athletics\' year-in-review/annual report.</p>\r\n\r\n<p>The interactive report is designed in HTML/CSS&nbsp;and this year features a single-page design&nbsp;(with supplemental article pages). The design is composed to photos, text and custom icons that match the university\'s blue and gold branding.</p>\r\n\r\n\r\n\r\n\r\n\r\n\r\n\r\n<p>We went through a process of discovert, content gathering, design/architerture and development over a period of 5 months.&nbsp;</p>\r\n\r\n\r\n\r\n\r\n\r\n\r\n\r\n<p>From a technical perspective, the site utilizes:</p>\r\n\r\n\r\n\r\n\r\n\r\n\r\n\r\n<ul><li>Jekyll, a static site generator that doesn\'t require a full content management system</li><li>Grunt, for task running, including image resizing, browser refreshing and code compiling</li><li>SASS&nbsp;for writing CSS&nbsp;for efficiency</li><li>CSS&nbsp;animations</li><li>Image and JavaScript compression and lazy loading for optimal performance</li></ul>\r\n\r\n\r\n\r\n\r\n\r\n\r\n\r\n<p>The site launched in September 2015.</p>', NULL, NULL, NULL, NULL, NULL, NULL, NULL, NULL, NULL, NULL, NULL, NULL, NULL, NULL, NULL, NULL, NULL, NULL, NULL, NULL, NULL, NULL, NULL, NULL, NULL, NULL, NULL, NULL, NULL, NULL, NULL, NULL, NULL, NULL, NULL, NULL, NULL, NULL, NULL, NULL, NULL, NULL, NULL, NULL, NULL, NULL, 'http://www.supportgoldenflashes.com/2015_Annual_Report/', NULL, NULL, NULL, NULL, NULL, NULL, NULL, NULL, '0', NULL, '2015-12-22 01:06:02', '2016-01-12 17:15:27', '063a4e11-fdd3-4166-bc1b-3e6e00483428'),
 ('310', '315', 'en_us', 'Caitlin Smith ', NULL, 'Account Manager', 'csmith@ideabasekent.com', '', '', '', NULL, NULL, NULL, NULL, NULL, NULL, NULL, NULL, NULL, NULL, NULL, NULL, NULL, NULL, NULL, NULL, NULL, NULL, NULL, NULL, NULL, NULL, NULL, NULL, NULL, NULL, NULL, NULL, NULL, NULL, NULL, NULL, NULL, NULL, NULL, NULL, NULL, NULL, NULL, 'Marketing / Photo Illustration ', NULL, NULL, NULL, NULL, NULL, NULL, NULL, NULL, NULL, NULL, NULL, NULL, NULL, NULL, 'Smith', 'Caitlin ', '0', NULL, '2015-12-29 15:37:36', '2015-12-29 15:37:36', '1caefa7c-0f8b-49c1-baec-42bfd8bf36f8'),
 ('311', '316', 'en_us', 'Callie Sullivan', NULL, 'UX Designer', 'csullivan@ideabasekent.com', '', '<p>Callie received her Bachelor’s degree in English from UW-Madison and is currently pursuing her Master’s degree in User Experience Design through Kent State University, where she will graduate in August of 2016.&nbsp;She is dually employed by IdeaBase, as well as a pharmacy benefit management company called Navitus based out of Madison, Wisconsin. At Navitus, Callie works as a Marketing Analyst and is part of the organization’s Web team, assisting primarily on content creation and organization for both the company’s internal and external sites. works in the Marketing department of a pharmacy benefit management company called Navitus based out of Madison, Wisconsin. At IdeaBase, Callie has worked on several projects&mdash;including the State Library of Ohio redesign, the design of the ICE Consulting website, and the redesign of the IdeaBase website&mdash;as the lead Content Strategist and Information Architect.</p>\r\n\r\n<p><br></p>\r\n\r\n\r\n\r\n\r\n\r\n<p>When Callie’s not eating, sleeping and breathing UX, she’s pursuing her other passions, which include music, the French language, travel and cheese plates.</p>', '', NULL, NULL, NULL, NULL, NULL, NULL, NULL, NULL, NULL, NULL, NULL, NULL, NULL, NULL, NULL, NULL, NULL, NULL, NULL, NULL, NULL, NULL, NULL, NULL, NULL, NULL, NULL, NULL, NULL, NULL, NULL, NULL, NULL, NULL, NULL, NULL, NULL, NULL, NULL, 'B.A. English, M.S. User Experience Design Graduate Student', NULL, NULL, NULL, NULL, NULL, NULL, NULL, NULL, NULL, NULL, NULL, NULL, NULL, NULL, 'Sullivan', 'Callie ', '0', NULL, '2015-12-29 15:39:30', '2016-01-14 19:17:00', 'fd171b5e-9de7-4b06-b5da-57f31f6c186b'),
 ('312', '317', 'en_us', 'Christopher Uhler', NULL, 'UX Designer', 'cuhler@ideabasekent.com', '', '<p>Christopher&nbsp;is a Graduate Student studying User Experience Design. He is in his second year. He has a B.A. in Film Studies from The Ohio State University.</p>\r\n\r\n<p>Beyond IdeaBase, Chris also works as a Production Manager at Bent Tree Coffee Roasters. In his spare time, Chris enjoys riding around on his&nbsp;motorcycle, backpacking, and photography.</p>\r\n\r\n<p><br></p>', 'He has been a photographer for over 15 years. ', NULL, NULL, NULL, NULL, NULL, NULL, NULL, NULL, NULL, NULL, NULL, NULL, NULL, NULL, NULL, NULL, NULL, NULL, NULL, NULL, NULL, NULL, NULL, NULL, NULL, NULL, NULL, NULL, NULL, NULL, NULL, NULL, NULL, NULL, NULL, NULL, NULL, NULL, NULL, 'User Experience Design', NULL, NULL, NULL, NULL, NULL, NULL, NULL, NULL, NULL, NULL, NULL, NULL, NULL, NULL, 'Uhler', 'Christopher', '0', NULL, '2015-12-29 15:45:43', '2016-01-08 17:40:58', '5637eb28-4582-46e8-8b35-7dfec756366f'),
 ('313', '318', 'en_us', 'Courtney Kaminski', NULL, 'Account Manager', 'ckaminski@ideabasekent.com', '', '', '', NULL, NULL, NULL, NULL, NULL, NULL, NULL, NULL, NULL, NULL, NULL, NULL, NULL, NULL, NULL, NULL, NULL, NULL, NULL, NULL, NULL, NULL, NULL, NULL, NULL, NULL, NULL, NULL, NULL, NULL, NULL, NULL, NULL, NULL, NULL, NULL, NULL, NULL, NULL, 'Advertising ', NULL, NULL, NULL, NULL, NULL, NULL, NULL, NULL, NULL, NULL, NULL, NULL, NULL, NULL, 'Kaminski', 'Courtney', '0', NULL, '2015-12-29 15:47:48', '2016-01-08 17:41:17', 'e2ea185a-5dc9-4061-8a13-7776c326adaa'),
 ('314', '319', 'en_us', 'Grace Jacobsen', NULL, 'Designer', 'gjacobsen@ideabasekent.com', '', '', '', NULL, NULL, NULL, NULL, NULL, NULL, NULL, NULL, NULL, NULL, NULL, NULL, NULL, NULL, NULL, NULL, NULL, NULL, NULL, NULL, NULL, NULL, NULL, NULL, NULL, NULL, NULL, NULL, NULL, NULL, NULL, NULL, NULL, NULL, NULL, NULL, NULL, NULL, NULL, '', NULL, NULL, NULL, NULL, NULL, NULL, NULL, NULL, NULL, NULL, NULL, NULL, NULL, NULL, 'Jacobsen', 'Grace', '0', NULL, '2015-12-29 15:51:28', '2016-01-05 19:34:48', 'a46070b4-978e-4437-9315-1435114caba5'),
 ('315', '320', 'en_us', 'John Vrhovnik', NULL, 'Designer', 'jvrhovnik@ideabasekent.com', '', '<p>John Vrhovnik is a Bachelor of Fine Arts in Visual Communication Design major and Digital Sciences minor, graduating in spring of 2016. He works as a Graphic Designer at IdeaBase. John enjoys making hand drawn lettering, working out, cooking, hiking/kayaking, and making friends</p>', 'I can draw nice letters, but my actual hand writing is worse than a first graders.', NULL, NULL, NULL, NULL, NULL, NULL, NULL, NULL, NULL, NULL, NULL, NULL, NULL, NULL, NULL, NULL, NULL, NULL, NULL, NULL, NULL, NULL, NULL, NULL, NULL, NULL, NULL, NULL, NULL, NULL, NULL, NULL, NULL, NULL, NULL, NULL, NULL, NULL, NULL, 'Visual Communication Design', NULL, NULL, NULL, NULL, NULL, NULL, NULL, NULL, NULL, NULL, NULL, NULL, NULL, NULL, 'Vrhovnik', 'John', '0', NULL, '2015-12-29 15:54:33', '2015-12-29 15:54:33', '9efddcf1-c482-4f93-bb0b-fb0ca17c2ec4'),
 ('316', '321', 'en_us', 'Placeholder 01 350x5001', NULL, NULL, NULL, NULL, NULL, NULL, NULL, NULL, NULL, NULL, NULL, NULL, NULL, NULL, NULL, NULL, NULL, NULL, NULL, NULL, NULL, NULL, NULL, NULL, NULL, NULL, NULL, NULL, NULL, NULL, NULL, NULL, NULL, NULL, NULL, NULL, NULL, NULL, NULL, NULL, NULL, NULL, NULL, NULL, NULL, NULL, NULL, NULL, NULL, NULL, NULL, NULL, NULL, NULL, NULL, NULL, NULL, NULL, NULL, NULL, NULL, NULL, '0', NULL, '2015-12-29 15:59:27', '2016-01-02 18:54:48', 'f25bbe9d-8ff1-418c-80f4-9a4575647f28'),
 ('317', '322', 'en_us', 'Mario Fasolo', NULL, 'Designer', 'mfasolo@ideabasekent.com', '', '<p>Mario is a senior Visual Communication Design major at Kent State. He works at IdeaBase as a graphic designer and as a barista at Tree City.</p>', '', NULL, NULL, NULL, NULL, NULL, NULL, NULL, NULL, NULL, NULL, NULL, NULL, NULL, NULL, NULL, NULL, NULL, NULL, NULL, NULL, NULL, NULL, NULL, NULL, NULL, NULL, NULL, NULL, NULL, NULL, NULL, NULL, NULL, NULL, NULL, NULL, NULL, NULL, NULL, 'Visual Communication Design', NULL, NULL, NULL, NULL, NULL, NULL, NULL, NULL, NULL, NULL, NULL, NULL, NULL, NULL, 'Fasolo', 'Mario', '0', NULL, '2015-12-29 16:05:57', '2015-12-29 16:05:57', 'a2724cd7-b7a8-4129-99e9-844793352ac1'),
 ('318', '323', 'en_us', 'Nico Ciani', NULL, 'Designer', 'nciani@ideabasekent.com', '', '', '', NULL, NULL, NULL, NULL, NULL, NULL, NULL, NULL, NULL, NULL, NULL, NULL, NULL, NULL, NULL, NULL, NULL, NULL, NULL, NULL, NULL, NULL, NULL, NULL, NULL, NULL, NULL, NULL, NULL, NULL, NULL, NULL, NULL, NULL, NULL, NULL, NULL, NULL, NULL, 'Visual Communication Design', NULL, NULL, NULL, NULL, NULL, NULL, NULL, NULL, NULL, NULL, NULL, NULL, NULL, NULL, 'Ciani', 'Nico', '0', NULL, '2015-12-29 16:08:20', '2015-12-29 16:08:20', '8a0bbc0c-2211-456d-9334-8c22ac4cb323'),
 ('319', '324', 'en_us', 'Robin Tucker', NULL, 'Account Manager', 'rtucker@ideabasekent.com', '', '<p>Robin Tucker is majoring in Advertising with a minor in Marketing. She is involved in Advertising Club and Flash-A-Thon on campus. At IdeaBase, Robin works as an Account Manager. Along with her studies, she is currently interning for Cincy Event Planning. Robin likes to blog and do yoga. She absolutely loves dogs and hopes to own a Corgi one day.</p>', '', NULL, NULL, NULL, NULL, NULL, NULL, NULL, NULL, NULL, NULL, NULL, NULL, NULL, NULL, NULL, NULL, NULL, NULL, NULL, NULL, NULL, NULL, NULL, NULL, NULL, NULL, NULL, NULL, NULL, NULL, NULL, NULL, NULL, NULL, NULL, NULL, NULL, NULL, NULL, 'Advertising ', NULL, NULL, NULL, NULL, NULL, NULL, NULL, NULL, NULL, NULL, NULL, NULL, NULL, NULL, 'Tucker', 'Robin', '0', NULL, '2015-12-29 16:12:09', '2015-12-29 16:12:09', 'c9867b24-e8b2-4d4f-8c34-7cda70c7000b'),
 ('320', '325', 'en_us', 'Shauna Maurer', NULL, 'Designer ', 'smaurer@ideabasekent.com', '', '<p>Shauna is a Visual Communication Design major and Nonprofit Studies minor, graduating in Spring 2016. She eventually plans to combine both fields and design for a cause. Currently, she works as a Graphic Designer at IdeaBase.</p>', '', NULL, NULL, NULL, NULL, NULL, NULL, NULL, NULL, NULL, NULL, NULL, NULL, NULL, NULL, NULL, NULL, NULL, NULL, NULL, NULL, NULL, NULL, NULL, NULL, NULL, NULL, NULL, NULL, NULL, NULL, NULL, NULL, NULL, NULL, NULL, NULL, NULL, NULL, NULL, 'Visual Communication Design', NULL, NULL, NULL, NULL, NULL, NULL, NULL, NULL, NULL, NULL, NULL, NULL, NULL, NULL, 'Maurer', 'Shauna', '0', NULL, '2015-12-29 16:15:15', '2015-12-29 16:15:15', '5e54aa2b-851d-4e98-a1cf-be5e71ec3a16'),
 ('321', '326', 'en_us', 'Todd Thompson', NULL, 'Videographer', 'tthompson@ideabasekent.com', '', '<p>Todd Thompson has an immense passion for anything involving cameras. Since Todd&nbsp;was 13 years old he could always be seen with a camera in his hands. Now pursuing a life long career in Video Journalism, starting at Kent State and IdeaBase, he hopes to work in the field&nbsp;and lend a hand in the current media transition from physical to digital format following his positions in Kent, Ohio.</p>', ' I play in two different bands and enjoy working in ceramics.', NULL, NULL, NULL, NULL, NULL, NULL, NULL, NULL, NULL, NULL, NULL, NULL, NULL, NULL, NULL, NULL, NULL, NULL, NULL, NULL, NULL, NULL, NULL, NULL, NULL, NULL, NULL, NULL, NULL, NULL, NULL, NULL, NULL, NULL, NULL, NULL, NULL, NULL, NULL, 'Electronic Media Production', NULL, NULL, NULL, NULL, NULL, NULL, NULL, NULL, NULL, NULL, NULL, NULL, NULL, NULL, 'Thompson', 'Todd', '0', NULL, '2015-12-29 16:18:46', '2015-12-29 16:26:48', '762afe75-7cda-451d-aad3-aa2aaf1a8c85'),
 ('322', '327', 'en_us', 'Trang Vu', NULL, 'Accountant ', 'tvu@ideabasekent.com', '', '', '', NULL, NULL, NULL, NULL, NULL, NULL, NULL, NULL, NULL, NULL, NULL, NULL, NULL, NULL, NULL, NULL, NULL, NULL, NULL, NULL, NULL, NULL, NULL, NULL, NULL, NULL, NULL, NULL, NULL, NULL, NULL, NULL, NULL, NULL, NULL, NULL, NULL, NULL, NULL, 'Accounting', NULL, NULL, NULL, NULL, NULL, NULL, NULL, NULL, NULL, NULL, NULL, NULL, NULL, NULL, 'Vu', 'Trang', '0', NULL, '2015-12-29 16:20:50', '2015-12-29 16:20:50', 'abc9e043-d1e1-48ed-8890-6fee648dc014'),
 ('323', '328', 'en_us', 'Static1 Squarespace', NULL, NULL, NULL, NULL, NULL, NULL, NULL, NULL, NULL, NULL, NULL, NULL, NULL, NULL, NULL, NULL, NULL, NULL, NULL, NULL, NULL, NULL, NULL, NULL, NULL, NULL, NULL, NULL, NULL, NULL, NULL, NULL, NULL, NULL, NULL, NULL, NULL, NULL, NULL, NULL, NULL, NULL, NULL, NULL, NULL, NULL, NULL, NULL, NULL, NULL, NULL, NULL, NULL, NULL, NULL, NULL, NULL, NULL, NULL, NULL, NULL, NULL, '0', NULL, '2015-12-29 16:40:43', '2016-01-02 18:54:59', '97964344-bdbe-4063-a088-2642518dd96d'),
 ('324', '329', 'en_us', '1409156187 This One Word Will Always Stifle Creativity', NULL, NULL, NULL, NULL, NULL, NULL, NULL, NULL, NULL, NULL, NULL, NULL, NULL, NULL, NULL, NULL, NULL, NULL, NULL, NULL, NULL, NULL, NULL, NULL, NULL, NULL, NULL, NULL, NULL, NULL, NULL, NULL, NULL, NULL, NULL, NULL, NULL, NULL, NULL, NULL, NULL, NULL, NULL, NULL, NULL, NULL, NULL, NULL, NULL, NULL, NULL, NULL, NULL, NULL, NULL, NULL, NULL, NULL, NULL, NULL, NULL, NULL, '0', NULL, '2015-12-29 16:43:10', '2016-01-02 18:54:55', 'ba835ae6-f816-4ce8-a83c-d06b3d620178'),
 ('325', '330', 'en_us', 'Slis  Screenshots 1500x786', NULL, NULL, NULL, NULL, NULL, NULL, NULL, NULL, NULL, NULL, NULL, NULL, NULL, NULL, NULL, NULL, NULL, NULL, NULL, NULL, NULL, NULL, NULL, NULL, NULL, NULL, NULL, NULL, NULL, NULL, NULL, NULL, NULL, NULL, NULL, NULL, NULL, NULL, NULL, NULL, NULL, NULL, NULL, NULL, NULL, NULL, NULL, NULL, NULL, NULL, NULL, NULL, NULL, NULL, NULL, NULL, NULL, NULL, NULL, NULL, NULL, NULL, '0', NULL, '2015-12-29 16:48:05', '2016-01-02 18:54:57', '3db93a92-10ec-4b7a-8507-effa028805bd'),
 ('326', '331', 'en_us', '637255612 1 1500x938', NULL, NULL, NULL, NULL, NULL, NULL, NULL, NULL, NULL, NULL, NULL, NULL, NULL, NULL, NULL, NULL, NULL, NULL, NULL, NULL, NULL, NULL, NULL, NULL, NULL, NULL, NULL, NULL, NULL, NULL, NULL, NULL, NULL, NULL, NULL, NULL, NULL, NULL, NULL, NULL, NULL, NULL, NULL, NULL, NULL, NULL, NULL, NULL, NULL, NULL, NULL, NULL, NULL, NULL, NULL, NULL, NULL, NULL, NULL, NULL, NULL, NULL, '0', NULL, '2015-12-29 16:53:13', '2016-01-02 18:54:55', '26eb6c69-3d39-47c6-be93-cfe9549cae7c'),
 ('327', '332', 'en_us', 'Ivy  Lane  Pic', NULL, NULL, NULL, NULL, NULL, NULL, NULL, NULL, NULL, NULL, NULL, NULL, NULL, NULL, NULL, NULL, NULL, NULL, NULL, NULL, NULL, NULL, NULL, NULL, NULL, NULL, NULL, NULL, NULL, NULL, NULL, NULL, NULL, NULL, NULL, NULL, NULL, NULL, NULL, NULL, NULL, NULL, NULL, NULL, NULL, NULL, NULL, NULL, NULL, NULL, NULL, NULL, NULL, NULL, NULL, NULL, NULL, NULL, NULL, NULL, NULL, NULL, '0', NULL, '2015-12-29 16:56:03', '2016-01-02 18:54:56', 'e2b6450c-b2a5-4306-ab24-61d70092e2ba'),
 ('328', '333', 'en_us', 'Camera', NULL, NULL, NULL, NULL, NULL, NULL, NULL, NULL, NULL, NULL, NULL, NULL, NULL, NULL, NULL, NULL, NULL, NULL, NULL, NULL, NULL, NULL, NULL, NULL, NULL, NULL, NULL, NULL, NULL, NULL, NULL, NULL, NULL, NULL, NULL, NULL, NULL, NULL, NULL, NULL, NULL, NULL, NULL, NULL, NULL, NULL, NULL, NULL, NULL, NULL, NULL, NULL, NULL, NULL, NULL, NULL, NULL, NULL, NULL, NULL, NULL, NULL, '0', NULL, '2015-12-29 17:04:37', '2016-01-02 18:54:58', 'cb3c5a0a-0d49-4ca9-a024-ad251a4d8183'),
 ('329', '334', 'en_us', 'Older Intern 1500x715', NULL, NULL, NULL, NULL, NULL, NULL, NULL, NULL, NULL, NULL, NULL, NULL, NULL, NULL, NULL, NULL, NULL, NULL, NULL, NULL, NULL, NULL, NULL, NULL, NULL, NULL, NULL, NULL, NULL, NULL, NULL, NULL, NULL, NULL, NULL, NULL, NULL, NULL, NULL, NULL, NULL, NULL, NULL, NULL, NULL, NULL, NULL, NULL, NULL, NULL, NULL, NULL, NULL, NULL, NULL, NULL, NULL, NULL, NULL, NULL, NULL, NULL, '0', NULL, '2015-12-29 19:06:43', '2016-01-02 18:54:59', '87418ee2-e1c6-4eed-ba8e-1d1a6247184c'),
 ('330', '335', 'en_us', 'Interning at IdeaBase: Elena Rounsley', NULL, NULL, NULL, NULL, NULL, NULL, NULL, '<p>Students can gain a lot of valuable, real-life work skills from interning at IdeaBase. I learned how to communicate with clients more efficiently, stay on top of my projects, and fill out client information forms. I also learned how to do some visual design work.<br>My name is Elena Rounsley, and I am an Account Management intern at IdeaBase. My major is in Applied Communications, and I have a minor in Advertising. I first heard about IdeaBase from a former employee, Evan Bailey.<br>At IdeaBase I get real-life work experience. I get to work with clients and a creative team. I plan on working in an agency after gradation, so this experience is great before graduation.<br>Working at IdeaBase compared to other student jobs is quite different. I am a Bartender at Mikes Place, and the money I make as a bartender is great. I don’t receive life experience like I do at IdeaBase, though. I don’t plan on staying a bartender my entire life, so I’m glad IdeaBase has given me work experience directly related to my major.<br>The work environment at IdeaBase is friendly. Everyone who works at IdeaBase is open to help anyone and answer any questions. It’s the type of environment where you feel welcomed right when you walk in the door.<br>Working at IdeaBase has prepared me for working in an agency after graduation in many ways. It has taught me how to work with others and connect with people on different levels. I have gained experience in areas I previously knew little about. I have also gotten a taste of what it will be like working in an agency and with a creative team.<br>After graduation, I will be looking for Account Management positions at different agencies in Charlotte, North Carolina. I will also be applying for sales positions and broadcasting positions. I really want to work in Account Management, but after graduation I am willing to work any position in order to gain more experience.<br>I don’t necessarily have a dream job, but I will say that my dream is to work somewhere I enjoy going to every day. I want to be able to wake up and get excited to go to work. I also want to be able to take of care of myself and not struggle.<br>Lastly, I want to thank IdeaBase for giving me the opportunity to work and gain experience at their agency. I appreciate all that they have done for me!</p>\r\n\r\n<p><br></p>\r\n\r\n<p>Written by Elena Rounsley</p>', NULL, NULL, NULL, NULL, NULL, NULL, NULL, NULL, NULL, NULL, NULL, NULL, NULL, NULL, NULL, NULL, NULL, NULL, NULL, NULL, NULL, NULL, NULL, NULL, NULL, NULL, NULL, NULL, NULL, NULL, NULL, NULL, NULL, NULL, NULL, NULL, NULL, NULL, NULL, NULL, NULL, NULL, NULL, NULL, NULL, NULL, NULL, NULL, NULL, NULL, NULL, NULL, NULL, NULL, '0', NULL, '2015-12-29 19:08:18', '2016-01-14 18:23:03', '1556fed4-be9d-46c6-b2bb-d3f2c08d3e21'),
 ('331', '336', 'en_us', '11034893 10153643608919622 1993049094911321176 N', NULL, NULL, NULL, NULL, NULL, NULL, NULL, NULL, NULL, NULL, NULL, NULL, NULL, NULL, NULL, NULL, NULL, NULL, NULL, NULL, NULL, NULL, NULL, NULL, NULL, NULL, NULL, NULL, NULL, NULL, NULL, NULL, NULL, NULL, NULL, NULL, NULL, NULL, NULL, NULL, NULL, NULL, NULL, NULL, NULL, NULL, NULL, NULL, NULL, NULL, NULL, NULL, NULL, NULL, NULL, NULL, NULL, NULL, NULL, NULL, NULL, NULL, '0', NULL, '2015-12-29 19:11:42', '2016-01-02 18:54:54', '95a0b321-5f78-4287-a003-24a372587c7c'),
 ('332', '337', 'en_us', 'From the Field to the Web: Reilly Hawkins ', NULL, NULL, NULL, NULL, NULL, NULL, NULL, '<p>Baseball and computers are not necessarily related to each other, but they are my two biggest passions. My name is Reilly Hawkins. I am a baseball player for Kent State, and I am also Computer Systems information major. I work as a web developer for IdeaBase.<br>I chose Computer Information Systems as my major because computers have always interested me. I was always playing on them growing up, finding out how they worked, and trying to improve the one that I had. I also like to be presented with problems. It’s satisfying figuring out a solution to a tough problem.<br>When it comes to baseball, I’ve been playing for as long as I can remember. I loved the thrill of getting the opportunity each game to make an outstanding play or get a big hit, and it just stuck with me. Even now, the atmosphere of the sport is awesome. Baseball is a more laid back sport. There is still a lot of&nbsp;hard work put into a win, but it’s not high tension like some other sports. With baseball, you just have to go with the flow.<br>Baseball has taught me most about facing adversity and coming together as a team. It’s a game of failure, and it takes a mentally tough person to stick with the game, even when nothing seems to go the right way. Also, baseball is unique in the sense that anything can happen on any day. With some other sports, it’s rare to see a nationally large team get beaten by a small school that no one has heard of. However, with baseball, if one guy has a great day and the other team is not having a good day, the small school is always in the hunt to win some games.<br>As for my work at IdeaBase, I am currently working on designing and creating a new website for the State Library of Ohio. It is a tremendous task that we have been working hard on for a few months now. It’s a really great experience getting to work in a team with other majors. Each person brings their own talents to the table. It also&nbsp;gives me real life experience, which will be applicable after graduation.<br>I enjoy working at IdeaBase because of the atmosphere. Everyone is a student, and the expectations for us are realistic. Each person has to learn new information and apply it to each new project. We work with real clients on real websites, so it’s not just working on a project and turning it in for a grade.<br>Everything that IdeaBase makes&nbsp;is out there for everyone to see. It’s a cool feeling knowing that you’ve left an impression on someone through your work.</p>', NULL, NULL, NULL, NULL, NULL, NULL, NULL, NULL, NULL, NULL, NULL, NULL, NULL, NULL, NULL, NULL, NULL, NULL, NULL, NULL, NULL, NULL, NULL, NULL, NULL, NULL, NULL, NULL, NULL, NULL, NULL, NULL, NULL, NULL, NULL, NULL, NULL, NULL, NULL, NULL, NULL, NULL, NULL, NULL, NULL, NULL, NULL, NULL, NULL, NULL, NULL, NULL, NULL, NULL, '0', NULL, '2015-12-29 19:12:23', '2015-12-29 19:12:23', '32f4963b-78d5-44aa-b10d-c0bdf9cc9d1f'),
 ('333', '338', 'en_us', 'Coffee 1500x1125', NULL, NULL, NULL, NULL, NULL, NULL, NULL, NULL, NULL, NULL, NULL, NULL, NULL, NULL, NULL, NULL, NULL, NULL, NULL, NULL, NULL, NULL, NULL, NULL, NULL, NULL, NULL, NULL, NULL, NULL, NULL, NULL, NULL, NULL, NULL, NULL, NULL, NULL, NULL, NULL, NULL, NULL, NULL, NULL, NULL, NULL, NULL, NULL, NULL, NULL, NULL, NULL, NULL, NULL, NULL, NULL, NULL, NULL, NULL, NULL, NULL, NULL, '0', NULL, '2015-12-29 19:15:09', '2016-01-02 18:54:56', '88e42ca2-1e00-45ff-8d95-cdbcdaadc116'),
 ('334', '339', 'en_us', 'Beyond the Beans: Life of a Coffee Roaster and User Experience Designer: Christopher Uhler', NULL, NULL, NULL, NULL, NULL, NULL, NULL, '<p>My name is Chris Uhler and I’m a user experience designer at IdeaBase. I’m also a graduate student in Kent State’s user experience design program.<br>IdeaBase has been a great opportunity for gaining real-world experience. Personally, I’ve been learning a ton from my manager Chris Hallahan. He is a super awesome resource, and it’s truly rewarding to be able to work on a project the whole way through.<br>Before I started at IdeaBase in March, I actually had no idea this place even existed until my co-worker at Bent Tree Coffee Roasters told me about it. I’ve been working at Bent Tree (also here in Kent) for two years as a Production Manager, but I’m glad I found out about IdeaBase because it’s a great starting point for my future in the User Experience Design field.<br>My main client right now is Northeast Ohio Medical University. I am working on a competitive analysis for them in support of their future website redesign. A competitive analysis is basically the process of looking at similar websites and analyzing their strengths and weaknesses. I’ve also created and sent out a survey to get feedback on the current site, and I’ll be analyzing the data when the survey closes.<br>I stay super busy with work and school, but in my spare time I enjoy photography, home brewing, and my motorcycle. Recently, I made a Kolsch brew, which is a light, sweet beer. I think it turned out pretty well. I needed a break from the heavy stuff, and this was a nice alternative.<br>Right now, I’m just super excited to get married in the fall. My fiancé and I have been together about 5 years. We actually met at Kent State, and have been together ever since.<br>Overall, I am just excited for the experience at IdeaBase. I know I will be able to learn a lot here and can use this experience as a good foundation for my future.</p>', NULL, NULL, NULL, NULL, NULL, NULL, NULL, NULL, NULL, NULL, NULL, NULL, NULL, NULL, NULL, NULL, NULL, NULL, NULL, NULL, NULL, NULL, NULL, NULL, NULL, NULL, NULL, NULL, NULL, NULL, NULL, NULL, NULL, NULL, NULL, NULL, NULL, NULL, NULL, NULL, NULL, NULL, NULL, NULL, NULL, NULL, NULL, NULL, NULL, NULL, NULL, NULL, NULL, NULL, '0', NULL, '2015-12-29 19:15:59', '2015-12-29 19:15:59', 'bb1ae383-e4a7-434d-8444-e9dc34316b22'),
 ('335', '340', 'en_us', 'I Stock 000038782704  Double 1500x1000', NULL, NULL, NULL, NULL, NULL, NULL, NULL, NULL, NULL, NULL, NULL, NULL, NULL, NULL, NULL, NULL, NULL, NULL, NULL, NULL, NULL, NULL, NULL, NULL, NULL, NULL, NULL, NULL, NULL, NULL, NULL, NULL, NULL, NULL, NULL, NULL, NULL, NULL, NULL, NULL, NULL, NULL, NULL, NULL, NULL, NULL, NULL, NULL, NULL, NULL, NULL, NULL, NULL, NULL, NULL, NULL, NULL, NULL, NULL, NULL, NULL, NULL, '0', NULL, '2015-12-29 19:18:03', '2016-01-02 18:54:59', '4a728bf3-be30-4515-bfec-71987174b4ab'),
 ('336', '341', 'en_us', 'Design That Makes a Difference: Shauna Maurer', NULL, NULL, NULL, NULL, NULL, NULL, NULL, '<p>To say I’ve learned a lot at IdeaBase would be an understatement. Not only have I had the chance to design materials for clients, but I also have had the opportunity to work with a team that aligns with the high standards of KSU’s graphic design program. Even if I’m having a bad day before work, the atmosphere at IdeaBase cheers me up. It is a place where everyone can feel welcome to provide ideas to each project, as well as assist each other in the process.<br>I am a senior graphic design major, with a minor in nonprofit studies. I’m excited to use both of these fields combined, designing for a philanthropic cause in the future. I am interested in bringing people together to make a difference in others’ lives.<br>I’ve been working with clients at IdeaBase that are in the business of helping people (or informing customers about boating safety, in addition to selling boats). These clients are: Summa Health Systems, Industry Consulting Enterprise and Boat House Marine. Working with these clients has expanded my knowledge about their business initiatives, as well as their preferences for the materials I design.<br>In addition to the graphic design and philanthropic fields, I also enjoy writing, which comes in handy when writing content for the future nonprofit initiatives. In addition: I enjoy dancing (freestyle of course!), photography, and exploring new places and learning about new cultures.</p>', NULL, NULL, NULL, NULL, NULL, NULL, NULL, NULL, NULL, NULL, NULL, NULL, NULL, NULL, NULL, NULL, NULL, NULL, NULL, NULL, NULL, NULL, NULL, NULL, NULL, NULL, NULL, NULL, NULL, NULL, NULL, NULL, NULL, NULL, NULL, NULL, NULL, NULL, NULL, NULL, NULL, NULL, NULL, NULL, NULL, NULL, NULL, NULL, NULL, NULL, NULL, NULL, NULL, NULL, '0', NULL, '2015-12-29 19:18:59', '2015-12-29 19:18:59', 'b463044e-71b5-4184-90dd-24f03d719bee'),
 ('337', '342', 'en_us', 'I Stock 000033525494  Full 1500x1000', NULL, NULL, NULL, NULL, NULL, NULL, NULL, NULL, NULL, NULL, NULL, NULL, NULL, NULL, NULL, NULL, NULL, NULL, NULL, NULL, NULL, NULL, NULL, NULL, NULL, NULL, NULL, NULL, NULL, NULL, NULL, NULL, NULL, NULL, NULL, NULL, NULL, NULL, NULL, NULL, NULL, NULL, NULL, NULL, NULL, NULL, NULL, NULL, NULL, NULL, NULL, NULL, NULL, NULL, NULL, NULL, NULL, NULL, NULL, NULL, NULL, NULL, '0', NULL, '2015-12-29 19:20:21', '2016-01-02 18:54:58', '988ad81f-446b-479f-beef-50777d9e3e71'),
 ('338', '343', 'en_us', 'Mario Image', NULL, NULL, NULL, NULL, NULL, NULL, NULL, NULL, NULL, NULL, NULL, NULL, NULL, NULL, NULL, NULL, NULL, NULL, NULL, NULL, NULL, NULL, NULL, NULL, NULL, NULL, NULL, NULL, NULL, NULL, NULL, NULL, NULL, NULL, NULL, NULL, NULL, NULL, NULL, NULL, NULL, NULL, NULL, NULL, NULL, NULL, NULL, NULL, NULL, NULL, NULL, NULL, NULL, NULL, NULL, NULL, NULL, NULL, NULL, NULL, NULL, NULL, '0', NULL, '2015-12-29 19:21:21', '2016-01-02 18:55:15', 'b0b95749-3d4b-4fb4-9125-6e3235367f00'),
 ('339', '344', 'en_us', 'From Wrestling to the Workforce: Mario Fasolo', NULL, NULL, NULL, NULL, NULL, NULL, NULL, '<p>Hi, my name is Mario Fasolo and I have been a designer at IdeaBase for about one year. I am going to be entering my fifth and final year of the Visual Communication Design program this upcoming fall. I am set to graduate in Spring 2015 with a Bachelor of Fine Arts with a concentration in 2-D Design.<br>Between working at IdeaBase and attending school full-time, I create coffee drinks as a barista at the nearby coffee shop, Tree City, and post daily design creations on my Instagram. Basically, I believe that I was created to create, and feel that it’s my responsibility to do so.<br>I would like to be able to easily sum up the kind of work I do at IdeaBase – but I don’t really think it’s possible! I’ve worked on designing websites for Kent State, professors, identities for small businesses, libraries, industrial motors, and most recently, Kent State Athletics.<br><a href=\"http://ideabasekent.com/production-new/wp-content/uploads/2015/06/mario_image.jpg\"></a>&nbsp;<img src=\"{asset:343:featureImageMedium}\"><br>But no biography would be complete without the most important stepping stone in my career so far, WWE wrestling. At the mere age of 9, I purchased my first design program that was a cheap version of Photoshop, to create small graphics and websites for wrestling message boards. My first official website design, created over 11 years ago on my first computer in fifth grade, is featured above – along with my first attempts in life to create things digitally. They help to serve as a reminder that with practice,&nbsp;anything&nbsp;is possible!<br>I don’t actually know if I would have gotten into graphic design if I hadn’t spent so many childhood days at the computer because of my short-lived obsession with wrestling that turned into graphic design years later. I had always enjoyed art to an extent, but could never really draw – so the computer was an absolute blessing to me. I knew from fifth grade on that I wanted to be a “graphic designer”, but in reality I had no idea what that actually meant.<br>Fast forward four years through KSU’s brutal VCD program filled with broken spirits and countless revisions, and I think I actually have some idea of what I’m doing now! The most helpful experiences at IdeaBase would have to be the sheer number of diverse clients I’ve worked with. I can’t specialize in one single style because every client has a different goal and aesthetic that you have to be able to adapt. I wouldn’t seek out designing a really detailed flyer of a vacuum cleaner motor, but I have now done so, and ended up absolutely loving it!<br>IdeaBase has provided me with an array of interesting projects, and I’m excited to work on as many of them as I can in the future.</p>', NULL, NULL, NULL, NULL, NULL, NULL, NULL, NULL, NULL, NULL, NULL, NULL, NULL, NULL, NULL, NULL, NULL, NULL, NULL, NULL, NULL, NULL, NULL, NULL, NULL, NULL, NULL, NULL, NULL, NULL, NULL, NULL, NULL, NULL, NULL, NULL, NULL, NULL, NULL, NULL, NULL, NULL, NULL, NULL, NULL, NULL, NULL, NULL, NULL, NULL, NULL, NULL, NULL, NULL, '0', NULL, '2015-12-29 19:21:59', '2015-12-29 19:21:59', '391194c8-db7e-4a29-87db-6df5af2bfd33'),
 ('340', '345', 'en_us', '5319f4c2dbfa3f44830041bd  W 540 S Fit', NULL, NULL, NULL, NULL, NULL, NULL, NULL, NULL, NULL, NULL, NULL, NULL, NULL, NULL, NULL, NULL, NULL, NULL, NULL, NULL, NULL, NULL, NULL, NULL, NULL, NULL, NULL, NULL, NULL, NULL, NULL, NULL, NULL, NULL, NULL, NULL, NULL, NULL, NULL, NULL, NULL, NULL, NULL, NULL, NULL, NULL, NULL, NULL, NULL, NULL, NULL, NULL, NULL, NULL, NULL, NULL, NULL, NULL, NULL, NULL, NULL, NULL, '0', NULL, '2015-12-29 19:22:56', '2016-01-02 18:54:56', 'd72316f1-dd3e-436c-be0c-3ed31060ae9d'),
 ('341', '346', 'en_us', 'The Atmosphere of IdeaBase: Sarah Holzer’s Story', NULL, NULL, NULL, NULL, NULL, NULL, NULL, '<p>Hi! My name is Sarah Holzer and I’m a senior Visual Communications Design major. I started working at IdeaBase in the summer of 2015. It counted as my internship, but I will be continuing to work here throughout the fall.&nbsp;I’m lucky to have a lot of friends that work at IdeaBase, which is how I heard they were hiring for the summer.<br>There are a lot of things I like about VCD, the main one being that I (obviously) get to be creative and I get to study a hobby of mine and make it a career. I also really like the community within VCD. The students in the program have become some of my best friends and it’s awesome to have classes with them.<br>IdeaBase has definitely helped prepare me for my future career in graphic design. My main takeaway so far is learning how to work directly with clients. My first week here I had to present logo concepts to a client and that isn’t an experience I would have learned in a classroom.<br>If I had to choose a favorite thing about IdeaBase it would have be the sense of community. I feel pretty lucky to honestly be able to say I like every single person that I work with, and it’s nice to feel comfortable enough to ask for help if you need it. A lot of places can be competitive and people may be scared to ask questions, but IdeaBase is never like that. It’s a very collaborative and helpful environment.<br>Beyond IdeaBase and my studies I love gardening. I’m currently growing a lemon tree and an apple tree. My apartment is also filled with lots of plants. I think that’s one of the best ways to make a house a home. I also really like yoga and puppies, but who doesn’t love puppies!<br>After graduation, I plan on working at an advertising agency or design firm in Pittsburgh. I want to save some money and move to New York City, as soon as I can afford it, so I can further my career there. Hopefully soon I’ll be happily working in New York with a new puppy and lots of plants!</p>', NULL, NULL, NULL, NULL, NULL, NULL, NULL, NULL, NULL, NULL, NULL, NULL, NULL, NULL, NULL, NULL, NULL, NULL, NULL, NULL, NULL, NULL, NULL, NULL, NULL, NULL, NULL, NULL, NULL, NULL, NULL, NULL, NULL, NULL, NULL, NULL, NULL, NULL, NULL, NULL, NULL, NULL, NULL, NULL, NULL, NULL, NULL, NULL, NULL, NULL, NULL, NULL, NULL, NULL, '0', NULL, '2015-12-29 19:23:53', '2015-12-29 19:23:53', '56f2b6bd-6757-4eb1-9355-919aeda53aa8'),
 ('342', '347', 'en_us', 'Computer Science2', NULL, NULL, NULL, NULL, NULL, NULL, NULL, NULL, NULL, NULL, NULL, NULL, NULL, NULL, NULL, NULL, NULL, NULL, NULL, NULL, NULL, NULL, NULL, NULL, NULL, NULL, NULL, NULL, NULL, NULL, NULL, NULL, NULL, NULL, NULL, NULL, NULL, NULL, NULL, NULL, NULL, NULL, NULL, NULL, NULL, NULL, NULL, NULL, NULL, NULL, NULL, NULL, NULL, NULL, NULL, NULL, NULL, NULL, NULL, NULL, NULL, NULL, '0', NULL, '2015-12-29 19:25:47', '2016-01-02 18:54:57', 'b10a6d79-52c0-4810-9d6c-9c6c3bca7673'),
 ('343', '348', 'en_us', 'Meet Our First High School Intern, Trista Finch', NULL, NULL, NULL, NULL, NULL, NULL, NULL, '<p>Hello! My name is Trista Finch and I’m currently a senior at Bio-Med Science Academy, the high school that’s in Northeast Ohio Medical University. I first heard&nbsp;about IdeaBase when I was a junior. I was preparing for my Senior Experience, and I was looking for a local creative agency that I could intern for every day of my&nbsp;senior year after my classes. I was nervous and hopeful when I first contacted IdeaBase, but looking back, this place is better than I could’ve ever imagined.<br>The things I love most about being here would have to be the environment and the people. It’s great to be surrounded by amazing designers who are passionate about what they do and are willing to critique my work and help me become a better designer. IdeaBase is relaxed and fun (while still productive of course) from the music that’s always playing, to messing around with the other students that work here. They’ve never had a high school student be a part of the company, so this is a new experience for everyone. My time here normally consists of working on the branding project that I’m currently in the middle of and getting feedback from the other designers, sitting in on meetings so I can learn more about the business side of the profession, and attending the Responsive Web Design and Glyphix classes.<br>I’ve learned so much from the people here, everything from programs like Illustrator and InDesign to social skills from being at the meetings and events that are held there. At the moment I’m focusing on design, but I will be shifting to programming later in the year and am eager to broaden my skills there too. I’m ecstatic for college next year, and am planning to pursue a combined degree in Design and Computer Science. I am considering Kent, especially because of the opportunities like IdeaBase that I would have there.<br>Outside of school and my internship I lead the youth group and volunteer at Passion Community Church, read as many books from as many genres as I can- poetry, horror, fiction, nonfiction, anything I can get my hands on- and in turn I love writing poetry and short stories of my own. Also in the winter I’m in the Ski club at my school and go snowmobiling with my family.</p>\r\n\r\n<p><br></p>', NULL, NULL, NULL, NULL, NULL, NULL, NULL, NULL, NULL, NULL, NULL, NULL, NULL, NULL, NULL, NULL, NULL, NULL, NULL, NULL, NULL, NULL, NULL, NULL, NULL, NULL, NULL, NULL, NULL, NULL, NULL, NULL, NULL, NULL, NULL, NULL, NULL, NULL, NULL, NULL, NULL, NULL, NULL, NULL, NULL, NULL, NULL, NULL, NULL, NULL, NULL, NULL, NULL, NULL, '0', NULL, '2015-12-29 19:26:32', '2016-01-14 18:21:28', '4f8a9954-3683-4873-864b-90c57b81cdf9'),
 ('344', '349', 'en_us', 'National  Air And  Space  Museum  Entrance 1500x998', NULL, NULL, NULL, NULL, NULL, NULL, NULL, NULL, NULL, NULL, NULL, NULL, NULL, NULL, NULL, NULL, NULL, NULL, NULL, NULL, NULL, NULL, NULL, NULL, NULL, NULL, NULL, NULL, NULL, NULL, NULL, NULL, NULL, NULL, NULL, NULL, NULL, NULL, NULL, NULL, NULL, NULL, NULL, NULL, NULL, NULL, NULL, NULL, NULL, NULL, NULL, NULL, NULL, NULL, NULL, NULL, NULL, NULL, NULL, NULL, NULL, NULL, '0', NULL, '2015-12-29 19:27:49', '2016-01-02 18:54:57', '632cf7df-8947-4dc2-9689-b1225e114f09'),
 ('345', '350', 'en_us', 'Designing in D.C.: Martha Arbogast', NULL, NULL, NULL, NULL, NULL, NULL, NULL, '<p>My name is Martha Arbogast, and I’m a Senior Visual Communication Design graduating in May. My position at IdeaBase is a designer. I heard about IdeaBase from the Creative Director, Quintin Steele, who was in one of my design classes with me during the spring semester. He talked to me about interning at IdeaBase and encouraged me to apply, so I did!<br>Before working for IdeaBase, I interned at the Smithsonian National Air and Space Museum this past summer in Washington, D.C. My position involved participating in the intern experiences with all of the other interns working there over the summer, meeting with the in-house clients from different departments, and designing different types of materials. I worked on a multitude of projects, from event branding to signage, during the ten weeks that I was&nbsp;interning.&nbsp;A lot of the projects had a waiting period where I’d have to see what the client, or his or her superior, thought of my work before I could continue so I’d just continue to ask for more to work on. All of the projects were for the museum and I worked with different departments in the museum from visitor services to education. I learned the importance of working in a positive work environment.<br>As an intern, I was encouraged to seek out any opportunity where I could to learn more. I attended an eye-opening workshop about interaction design, which I was able to apply to my studies this semester, I watched the IMAX films that museum was featuring, and I would venture downstairs to view the exhibits before the museum opened to the public. The people I worked with were collaborative and kind. I received helpful, direct critiques from my superior Jennifer Carlton, and she always was encouraging.<br>IdeaBase has the same positive work environment that the National Air and Space Museum had. Every one of the staff members at IdeaBase is supportive and helpful. They encourage us to utilize resources that are available to us. We all work in a single space clustered around computers and tables, so it just feeds into the idea of collaboration.<br>I also had a similar experience at The National Air and Space Museum. The other interns in the department, about 7 of us, all worked in one room surrounded by the offices of our superiors. We called it the fishbowl. IdeaBase is, of course, different in the structure since it’s a business, while the museum environment is not.<br>My goal is&nbsp;to one day work at a design firm. I’d love to work at a place where I’d have the opportunity to work with different clients and be inspired by working with other design professionals.<br>Something I’m really passionate about besides design is my dog. I have a six year old German Shepherd named Ursa. I grew up around dogs and horses living out in the country in central Ohio, so being around animals is something that always stuck with me. My mom is a dog trainer and breeder. I got Ursa when I was in high school and trained her in obedience work, along with becoming a certified therapy dog. My mom and I would visit nursing homes and take Ursa and Ursa’s dad Bosko with us. It’s the best to have a dog because she encourages me to go on walks outside even after a long day of classes. My other favorite activity is hiking in the Cuyahoga Valley National Park. My fiancé and I go there regularly during each season. It just really helps to unwind from all the chaos of school and work.<br>After graduation, I’m getting married at the end of September. So currently I’m planning to stay around Cleveland once I graduate in May and work at a design firm.</p>', NULL, NULL, NULL, NULL, NULL, NULL, NULL, NULL, NULL, NULL, NULL, NULL, NULL, NULL, NULL, NULL, NULL, NULL, NULL, NULL, NULL, NULL, NULL, NULL, NULL, NULL, NULL, NULL, NULL, NULL, NULL, NULL, NULL, NULL, NULL, NULL, NULL, NULL, NULL, NULL, NULL, NULL, NULL, NULL, NULL, NULL, NULL, NULL, NULL, NULL, NULL, NULL, NULL, NULL, '0', NULL, '2015-12-29 19:28:30', '2015-12-29 19:28:30', '0484ee92-e5a8-4a25-950b-32df1ff7b2d0'),
 ('346', '351', 'en_us', 'Screenshot 2015 07 06 10 02 192 710x492', NULL, NULL, NULL, NULL, NULL, NULL, NULL, NULL, NULL, NULL, NULL, NULL, NULL, NULL, NULL, NULL, NULL, NULL, NULL, NULL, NULL, NULL, NULL, NULL, NULL, NULL, NULL, NULL, NULL, NULL, NULL, NULL, NULL, NULL, NULL, NULL, NULL, NULL, NULL, NULL, NULL, NULL, NULL, NULL, NULL, NULL, NULL, NULL, NULL, NULL, NULL, NULL, NULL, NULL, NULL, NULL, NULL, NULL, NULL, NULL, NULL, NULL, '0', NULL, '2015-12-31 16:44:25', '2016-01-02 18:55:22', '5df7e440-e625-4433-8691-0379a082ec52'),
 ('347', '352', 'en_us', 'Ice  Screenshots2 710x372', NULL, NULL, NULL, NULL, NULL, NULL, NULL, NULL, NULL, NULL, NULL, NULL, NULL, NULL, NULL, NULL, NULL, NULL, NULL, NULL, NULL, NULL, NULL, NULL, NULL, NULL, NULL, NULL, NULL, NULL, NULL, NULL, NULL, NULL, NULL, NULL, NULL, NULL, NULL, NULL, NULL, NULL, NULL, NULL, NULL, NULL, NULL, NULL, NULL, NULL, NULL, NULL, NULL, NULL, NULL, NULL, NULL, NULL, NULL, NULL, NULL, NULL, '0', NULL, '2015-12-31 16:44:36', '2016-01-02 18:55:18', 'dcc78f71-67ca-438e-80b3-83bc2cb98a8e'),
 ('348', '353', 'en_us', 'ICE Consulting', NULL, NULL, NULL, NULL, NULL, NULL, '<p>IdeaBase redesigned the Ice Consulting&nbsp;website and Glyphix (kentglyphix.org) created a new brand identity and logo for Ice Consulting&nbsp;in July&nbsp;2015. The website uses a customized template from Squarespace.com, with colors, type and custom-designed iconography that matches the new ICE identity and the content was written and positioned to match the ICE business goals and increase search optimization. The website was also designed to be responsive and scale across multiple devices.<br></p>', NULL, NULL, NULL, NULL, NULL, NULL, NULL, NULL, NULL, NULL, NULL, NULL, NULL, NULL, NULL, NULL, NULL, NULL, NULL, NULL, NULL, NULL, NULL, NULL, NULL, NULL, NULL, NULL, NULL, NULL, NULL, NULL, NULL, NULL, NULL, NULL, NULL, NULL, NULL, NULL, NULL, NULL, NULL, NULL, NULL, NULL, 'http://iceconsulting.org/', NULL, NULL, NULL, NULL, NULL, NULL, NULL, NULL, '0', NULL, '2015-12-31 16:47:36', '2016-01-12 17:45:59', '5dec23a4-0377-4465-aa12-62453d73b720'),
 ('349', '354', 'en_us', 'Slis  Screenshots 710x372', NULL, NULL, NULL, NULL, NULL, NULL, NULL, NULL, NULL, NULL, NULL, NULL, NULL, NULL, NULL, NULL, NULL, NULL, NULL, NULL, NULL, NULL, NULL, NULL, NULL, NULL, NULL, NULL, NULL, NULL, NULL, NULL, NULL, NULL, NULL, NULL, NULL, NULL, NULL, NULL, NULL, NULL, NULL, NULL, NULL, NULL, NULL, NULL, NULL, NULL, NULL, NULL, NULL, NULL, NULL, NULL, NULL, NULL, NULL, NULL, NULL, NULL, '0', NULL, '2015-12-31 16:49:49', '2016-01-02 18:55:20', '9e7383f4-e302-405e-8a20-e4de22206b25'),
 ('350', '355', 'en_us', 'School of Library & Information Science', NULL, NULL, NULL, NULL, NULL, NULL, '<p>IdeaBase took on the research, design and development for the School of Library & Information Science over a 9 month period, launching in January 2015.&nbsp;The website features a custom, responsive design template, research-backed content and navigation and was built in Drupal according to Kent State University’s web standards.</p>', NULL, NULL, NULL, NULL, NULL, NULL, NULL, NULL, NULL, NULL, NULL, NULL, NULL, NULL, NULL, NULL, NULL, NULL, NULL, NULL, NULL, NULL, NULL, NULL, NULL, NULL, NULL, NULL, NULL, NULL, NULL, NULL, NULL, NULL, NULL, NULL, NULL, NULL, NULL, NULL, NULL, NULL, NULL, NULL, NULL, NULL, 'http://www.kent.edu/slis', NULL, NULL, NULL, NULL, NULL, NULL, NULL, NULL, '0', NULL, '2015-12-31 16:51:54', '2016-01-12 20:04:33', '768560b0-0e5b-4163-8c7c-055da25a7949'),
 ('351', '356', 'en_us', 'State  Library  Screenshots 1500x786', NULL, NULL, NULL, NULL, NULL, NULL, NULL, NULL, NULL, NULL, NULL, NULL, NULL, NULL, NULL, NULL, NULL, NULL, NULL, NULL, NULL, NULL, NULL, NULL, NULL, NULL, NULL, NULL, NULL, NULL, NULL, NULL, NULL, NULL, NULL, NULL, NULL, NULL, NULL, NULL, NULL, NULL, NULL, NULL, NULL, NULL, NULL, NULL, NULL, NULL, NULL, NULL, NULL, NULL, NULL, NULL, NULL, NULL, NULL, NULL, NULL, NULL, '0', NULL, '2015-12-31 16:53:23', '2016-01-02 18:55:22', '0b2853b4-4994-498b-b4d4-751f07f9fd79'),
 ('352', '357', 'en_us', 'State Library of Ohio', NULL, NULL, NULL, NULL, NULL, NULL, '<p>IdeaBase redesigned the State Library of Ohio website in May 2015. &nbsp;The site&nbsp;features a new interface, improved site navigation, and enhanced search functionality. &nbsp;<a href=\"https://www.youtube.com/watch?v=LeQZE5-ar3Q\">View the video</a>&nbsp;to see the site in action, or<a href=\"http://library.ohio.gov/\">&nbsp;visit the site</a>&nbsp;to learn more.</p>', NULL, NULL, NULL, NULL, NULL, NULL, NULL, NULL, NULL, NULL, NULL, NULL, NULL, NULL, NULL, NULL, NULL, NULL, NULL, NULL, NULL, NULL, NULL, NULL, NULL, NULL, NULL, NULL, NULL, NULL, NULL, NULL, NULL, NULL, NULL, NULL, NULL, NULL, NULL, NULL, NULL, NULL, NULL, NULL, NULL, NULL, 'https://library.ohio.gov/', NULL, NULL, NULL, NULL, NULL, NULL, NULL, NULL, '0', NULL, '2015-12-31 16:54:47', '2016-01-12 17:44:09', '5104b536-8c55-4d42-ace7-17d2fe49f92d'),
 ('353', '358', 'en_us', 'Img 7279 Web 710x450', NULL, NULL, NULL, NULL, NULL, NULL, NULL, NULL, NULL, NULL, NULL, NULL, NULL, NULL, NULL, NULL, NULL, NULL, NULL, NULL, NULL, NULL, NULL, NULL, NULL, NULL, NULL, NULL, NULL, NULL, NULL, NULL, NULL, NULL, NULL, NULL, NULL, NULL, NULL, NULL, NULL, NULL, NULL, NULL, NULL, NULL, NULL, NULL, NULL, NULL, NULL, NULL, NULL, NULL, NULL, NULL, NULL, NULL, NULL, NULL, NULL, NULL, '0', NULL, '2015-12-31 16:57:15', '2016-01-02 18:55:19', '9e95d423-a1a7-4c91-9139-1189e349f60c'),
 ('354', '359', 'en_us', 'Img 7283 Web 710x450', NULL, NULL, NULL, NULL, NULL, NULL, NULL, NULL, NULL, NULL, NULL, NULL, NULL, NULL, NULL, NULL, NULL, NULL, NULL, NULL, NULL, NULL, NULL, NULL, NULL, NULL, NULL, NULL, NULL, NULL, NULL, NULL, NULL, NULL, NULL, NULL, NULL, NULL, NULL, NULL, NULL, NULL, NULL, NULL, NULL, NULL, NULL, NULL, NULL, NULL, NULL, NULL, NULL, NULL, NULL, NULL, NULL, NULL, NULL, NULL, NULL, NULL, '0', NULL, '2015-12-31 16:57:16', '2016-01-02 18:55:18', 'dfc4b0ec-037d-4e4a-8f3c-94d4ecabe9c3'),
 ('355', '360', 'en_us', 'Img 7314 Web', NULL, NULL, NULL, NULL, NULL, NULL, NULL, NULL, NULL, NULL, NULL, NULL, NULL, NULL, NULL, NULL, NULL, NULL, NULL, NULL, NULL, NULL, NULL, NULL, NULL, NULL, NULL, NULL, NULL, NULL, NULL, NULL, NULL, NULL, NULL, NULL, NULL, NULL, NULL, NULL, NULL, NULL, NULL, NULL, NULL, NULL, NULL, NULL, NULL, NULL, NULL, NULL, NULL, NULL, NULL, NULL, NULL, NULL, NULL, NULL, NULL, NULL, '0', NULL, '2015-12-31 16:57:17', '2016-01-02 18:55:19', 'b77b86d0-6220-4cbb-aea2-5d7f162fce1a'),
 ('356', '361', 'en_us', 'Img 7315 Web 710x450', NULL, NULL, NULL, NULL, NULL, NULL, NULL, NULL, NULL, NULL, NULL, NULL, NULL, NULL, NULL, NULL, NULL, NULL, NULL, NULL, NULL, NULL, NULL, NULL, NULL, NULL, NULL, NULL, NULL, NULL, NULL, NULL, NULL, NULL, NULL, NULL, NULL, NULL, NULL, NULL, NULL, NULL, NULL, NULL, NULL, NULL, NULL, NULL, NULL, NULL, NULL, NULL, NULL, NULL, NULL, NULL, NULL, NULL, NULL, NULL, NULL, NULL, '0', NULL, '2015-12-31 16:57:17', '2016-01-02 18:55:19', '2d717af0-6fbd-4785-89e1-b71cf82b056c'),
 ('357', '362', 'en_us', 'Img 7318 Web', NULL, NULL, NULL, NULL, NULL, NULL, NULL, NULL, NULL, NULL, NULL, NULL, NULL, NULL, NULL, NULL, NULL, NULL, NULL, NULL, NULL, NULL, NULL, NULL, NULL, NULL, NULL, NULL, NULL, NULL, NULL, NULL, NULL, NULL, NULL, NULL, NULL, NULL, NULL, NULL, NULL, NULL, NULL, NULL, NULL, NULL, NULL, NULL, NULL, NULL, NULL, NULL, NULL, NULL, NULL, NULL, NULL, NULL, NULL, NULL, NULL, NULL, '0', NULL, '2015-12-31 16:57:18', '2016-01-02 18:55:20', '5472264c-70a7-4869-bc4d-5845e581b0ba'),
 ('358', '363', 'en_us', 'IdeaBase and Glyphix Printed Brochure', NULL, NULL, NULL, NULL, NULL, NULL, '<p>Designed and photographed entirely by IdeaBase and Glyphix students, this printed brochure is given to prospective clients as an introduction to the agency’s services and student staff members.</p>', NULL, NULL, NULL, NULL, NULL, NULL, NULL, NULL, NULL, NULL, NULL, NULL, NULL, NULL, NULL, NULL, NULL, NULL, NULL, NULL, NULL, NULL, NULL, NULL, NULL, NULL, NULL, NULL, NULL, NULL, NULL, NULL, NULL, NULL, NULL, NULL, NULL, NULL, NULL, NULL, NULL, NULL, NULL, NULL, NULL, NULL, 'http://ideabasekent.com/production-new/wp-content/uploads/2015/04/Ideabase_Brochure_Web_PDF.pdf', NULL, NULL, NULL, NULL, NULL, NULL, NULL, NULL, '0', NULL, '2015-12-31 16:58:39', '2016-01-12 17:16:33', '1bd8cd5e-7ce7-44ec-a360-8c4ec7790a71'),
 ('359', '364', 'en_us', 'Florence', NULL, NULL, NULL, NULL, NULL, NULL, NULL, NULL, NULL, NULL, NULL, NULL, NULL, NULL, NULL, NULL, NULL, NULL, NULL, NULL, NULL, NULL, NULL, NULL, NULL, NULL, NULL, NULL, NULL, NULL, NULL, NULL, NULL, NULL, NULL, NULL, NULL, NULL, NULL, NULL, NULL, NULL, NULL, NULL, NULL, NULL, NULL, NULL, NULL, NULL, NULL, NULL, NULL, NULL, NULL, NULL, NULL, NULL, NULL, NULL, NULL, NULL, '0', NULL, '2015-12-31 17:10:15', '2016-01-02 18:55:23', '69abec2d-e456-453b-8e55-3c6a94ddbb00'),
 ('360', '365', 'en_us', 'Florence Tour: Kent State College of Communication and Information', NULL, NULL, NULL, NULL, NULL, NULL, '<p>The Florence Alumni & Friends Tour campaign was developed for Kent State\'s College of Communication and Information with the goal of promoting an exclusive trip to Florence, Italy for alumni of the college. IdeaBase designers created a custom design system that was used across many different printed and digital pieces.</p>\r\n\r\n<p>The campaign included:</p>\r\n\r\n\r\n\r\n\r\n\r\n\r\n\r\n<ul><li>A printed book, explaining the benefits of attending the trip</li><li>A folded invitation, mailed to CCI alumni</li><li>A website, to which those interested were directed for more information</li></ul>\r\n\r\n\r\n\r\n\r\n\r\n\r\n\r\n<p>The Florence Tour campaign won a Solver ADDY&nbsp;from the Akron Advertising Federation in February 2015 as part&nbsp;of the professional Campaign category.</p>', NULL, NULL, NULL, NULL, NULL, NULL, NULL, NULL, NULL, NULL, NULL, NULL, NULL, NULL, NULL, NULL, NULL, NULL, NULL, NULL, NULL, NULL, NULL, NULL, NULL, NULL, NULL, NULL, NULL, NULL, NULL, NULL, NULL, NULL, NULL, NULL, NULL, NULL, NULL, NULL, NULL, NULL, NULL, NULL, NULL, NULL, '', NULL, NULL, NULL, NULL, NULL, NULL, NULL, NULL, '0', NULL, '2015-12-31 17:11:10', '2016-01-12 20:04:01', '491317f6-d95f-4939-bdfc-f3e492308b1c'),
 ('361', '366', 'en_us', 'Screenshot 2015 05 01 15 55 32 219x300', NULL, NULL, NULL, NULL, NULL, NULL, NULL, NULL, NULL, NULL, NULL, NULL, NULL, NULL, NULL, NULL, NULL, NULL, NULL, NULL, NULL, NULL, NULL, NULL, NULL, NULL, NULL, NULL, NULL, NULL, NULL, NULL, NULL, NULL, NULL, NULL, NULL, NULL, NULL, NULL, NULL, NULL, NULL, NULL, NULL, NULL, NULL, NULL, NULL, NULL, NULL, NULL, NULL, NULL, NULL, NULL, NULL, NULL, NULL, NULL, NULL, NULL, '0', NULL, '2015-12-31 17:13:17', '2016-01-02 18:55:21', '52cca86b-e043-4d7f-8a3f-62901055e643'),
 ('362', '367', 'en_us', 'Screen  Shot 2015 12 31 At 12 15 29  Pm', NULL, NULL, NULL, NULL, NULL, NULL, NULL, NULL, NULL, NULL, NULL, NULL, NULL, NULL, NULL, NULL, NULL, NULL, NULL, NULL, NULL, NULL, NULL, NULL, NULL, NULL, NULL, NULL, NULL, NULL, NULL, NULL, NULL, NULL, NULL, NULL, NULL, NULL, NULL, NULL, NULL, NULL, NULL, NULL, NULL, NULL, NULL, NULL, NULL, NULL, NULL, NULL, NULL, NULL, NULL, NULL, NULL, NULL, NULL, NULL, NULL, NULL, '0', NULL, '2015-12-31 17:15:49', '2016-01-02 18:55:20', '159c98eb-b5bd-4bf1-9c46-c80ba62007e3'),
 ('363', '368', 'en_us', 'Brochure: College of Communication and Information', NULL, NULL, NULL, NULL, NULL, NULL, '<p>This 2014 Akron ADDY award-winning brochure illustrates the schools and programs within the College of Communication and Information at Kent State University. &nbsp;The brochure is now a key collateral piece for recruiting new students within the school.</p>', NULL, NULL, NULL, NULL, NULL, NULL, NULL, NULL, NULL, NULL, NULL, NULL, NULL, NULL, NULL, NULL, NULL, NULL, NULL, NULL, NULL, NULL, NULL, NULL, NULL, NULL, NULL, NULL, NULL, NULL, NULL, NULL, NULL, NULL, NULL, NULL, NULL, NULL, NULL, NULL, NULL, NULL, NULL, NULL, NULL, NULL, '', NULL, NULL, NULL, NULL, NULL, NULL, NULL, NULL, '0', NULL, '2015-12-31 17:16:44', '2016-01-12 17:19:17', '089ba846-a0af-403e-876f-d0020153404f'),
 ('364', '369', 'en_us', 'Screen  Shot 2015 12 31 At 12 17 35  Pm', NULL, NULL, NULL, NULL, NULL, NULL, NULL, NULL, NULL, NULL, NULL, NULL, NULL, NULL, NULL, NULL, NULL, NULL, NULL, NULL, NULL, NULL, NULL, NULL, NULL, NULL, NULL, NULL, NULL, NULL, NULL, NULL, NULL, NULL, NULL, NULL, NULL, NULL, NULL, NULL, NULL, NULL, NULL, NULL, NULL, NULL, NULL, NULL, NULL, NULL, NULL, NULL, NULL, NULL, NULL, NULL, NULL, NULL, NULL, NULL, NULL, NULL, '0', NULL, '2015-12-31 17:18:04', '2016-01-02 18:55:21', '5b1c3061-63cc-4216-821d-c7adf18cbb07'),
 ('365', '370', 'en_us', 'May Consulting Partners', NULL, NULL, NULL, NULL, NULL, NULL, '', NULL, NULL, NULL, NULL, NULL, NULL, NULL, NULL, NULL, NULL, NULL, NULL, NULL, NULL, NULL, NULL, NULL, NULL, NULL, NULL, NULL, NULL, NULL, NULL, NULL, NULL, NULL, NULL, NULL, NULL, NULL, NULL, NULL, NULL, NULL, NULL, NULL, NULL, NULL, NULL, NULL, NULL, NULL, NULL, NULL, NULL, 'http://mayconsultingpartners.com/', NULL, NULL, NULL, NULL, NULL, NULL, NULL, NULL, '0', NULL, '2015-12-31 17:19:08', '2016-01-12 17:42:07', 'd33257d0-dcdf-4fe4-9aa9-c529de17dd33'),
 ('367', '372', 'en_us', 'May Consulting Partners', NULL, NULL, NULL, NULL, NULL, NULL, NULL, NULL, NULL, NULL, NULL, NULL, NULL, NULL, NULL, NULL, NULL, '', '', NULL, NULL, NULL, NULL, NULL, NULL, NULL, NULL, NULL, NULL, NULL, NULL, NULL, NULL, NULL, NULL, NULL, NULL, NULL, NULL, NULL, NULL, NULL, NULL, NULL, NULL, NULL, NULL, NULL, NULL, NULL, NULL, NULL, NULL, NULL, NULL, NULL, NULL, NULL, NULL, NULL, NULL, NULL, '0', NULL, '2016-01-04 02:35:20', '2016-01-04 02:35:20', '2bb759a9-2a87-4662-b916-2e92881edab3'),
 ('368', '373', 'en_us', 'College of Communication and Information', NULL, NULL, NULL, NULL, NULL, NULL, NULL, NULL, NULL, NULL, NULL, NULL, NULL, NULL, NULL, NULL, NULL, 'College of Communication and Information', '', NULL, NULL, NULL, NULL, NULL, NULL, NULL, NULL, NULL, NULL, NULL, NULL, NULL, NULL, NULL, NULL, NULL, NULL, NULL, NULL, NULL, NULL, NULL, NULL, NULL, NULL, NULL, NULL, NULL, NULL, NULL, NULL, NULL, NULL, NULL, NULL, NULL, NULL, NULL, NULL, NULL, NULL, NULL, '0', NULL, '2016-01-04 02:36:34', '2016-01-04 02:36:34', '9a3d6f22-3c4c-4b40-a5cb-eb9b28c9b1ea'),
 ('369', '374', 'en_us', 'State  Library  Screenshots 1500x786', NULL, NULL, NULL, NULL, NULL, NULL, NULL, NULL, NULL, NULL, NULL, NULL, NULL, NULL, NULL, NULL, NULL, NULL, NULL, NULL, NULL, NULL, NULL, NULL, NULL, NULL, NULL, NULL, NULL, NULL, NULL, NULL, NULL, NULL, NULL, NULL, NULL, NULL, NULL, NULL, NULL, NULL, NULL, NULL, NULL, NULL, NULL, NULL, NULL, NULL, NULL, NULL, NULL, NULL, NULL, NULL, NULL, NULL, NULL, NULL, NULL, NULL, '0', NULL, '2016-01-04 03:21:17', '2016-01-04 03:21:17', 'b4ced0e9-38d0-47c6-9579-fef0dc187b7b'),
 ('370', '375', 'en_us', 'Designing and Developing a Responsive Library Website', NULL, NULL, NULL, NULL, NULL, NULL, NULL, '<p>A website is only as good and useful as the user’s ability to easily find and comprehend its content and features. &nbsp;When the&nbsp;<a href=\"http://library.ohio.gov/\">State Library of Ohio</a>, a library in Columbus, OH that serves Ohio&nbsp;libraries, state government employees and patrons, came to IdeaBase to discuss a website redesign, we immediately understood that while the current website offered great content and services, the challenge would be framing that content within a visual design and architecture that met the goals of its primary audiences.</p><p>An IdeaBase team made up of students from visual communication design, journalism, communication studies, user experience design and computer information systems at Kent State set out to familiarize themselves with the goals website. &nbsp;The year-long redesign project that would involve content strategy, usability testing, web development and visual design.<br><br></p><p>I had the opportunity to work on and oversee this project from the beginning, and I am thrilled that we could design a great end-product while bringing together a talented group of students from multiple disciplines.<br><br></p><h3>Research & Discovery</h3>\r\n\r\n<p>We started out nearly a year ago with an intense research and discovery phase, during which&nbsp;we worked to learn who used the State Library of Ohio website and what their goals and motivations were. &nbsp;We did this through a business needs analysis, survey, user interviews, competitive analysis, content audit and heuristic evaluation.<br><br></p><p>We found that, perhaps unsurprisingly, users come to the website primarily to search the library catalog, search their digital collections and access their account. &nbsp;This played a major in our design decisions later. &nbsp;It was also important to users that library contact information and hours be prominently displayed on the site. &nbsp;Finally, we were able to narrow down the site’s primary audiences to state employees, ohio residents/patrons and library employees, which drove decision-making around our content.<br><br></p><p>Laura King, a user experience design graduate student who worked closely on this phase of the project before graduating in fall 2014 told me that “redesigning the SLO site was definitely a challenge. The existing site had a lot of information with no clear organizational structure, and several distinct user groups with very different needs and reasons for accessing the site. “<br><br></p><p>Laura went on to explain the importance of research in the redesign process: “Conducting user research was pivotal in the creation of the new website. The team and I interviewed users, sent out surveys, and created personas, all of which served as the foundation for site redesign. Our user-centered approach allowed us to create a much simpler structure and interface that would better serve the needs of the library’s diverse groups of users. I’m so proud of the work that our team has done to create this product!”</p><h3>User-Focused Content and Architecture</h3>\r\n\r\n<p>With over 500 pieces of content discovered in our content audit, it was time to get to work on the information architecture and content. &nbsp;Laura developed a proposed site map and information hierarchy, and we worked with the client to identify missing content, as well content that was no longer needed.<br><br></p><p>We used a tool called&nbsp;<a href=\"https://jumpchart.com/\">JumpChart</a>&nbsp;to map out and rewrite the content. &nbsp;JumpChart allowed us to visualize the content within the context of the sitemap and collaborate with the clients on edits along the way. &nbsp;The State Library team also began building a repository of photos&nbsp;that would later be integrated into the site in&nbsp;<a href=\"https://flickr.com/\">Flickr</a>.<br><br></p><p>Callie Sullivan, our information architect who worked remotely from a different timezone on the site content, noted that “by removing redundancies and re-categorizing content, we were able to create more intuitive information pathways and reduce total content by over 50 percent. The SLO site is now easily traversable and offers library patrons a natural browsing experience.”<br><br></p><h3>Iterative Design and Prototyping</h3>\r\n\r\n<p>While we worked with the client to perfect and structure the site content, our visual designer&nbsp;<a href=\"http://ideabasekent.com/bio/nico-ciani/\">Nico Ciani</a>&nbsp;and creative director&nbsp;<a href=\"http://ideabasekent.com/bio/quintin-steele/\">Quintin Steele</a>&nbsp;worked on developing the visual look and feel of the site. &nbsp;They started with the established brand standards and logos already in existence and developed a set of style tiles and patterns that invoked a professional, but modern design to the site.<br><br></p><p>After each element was developed in&nbsp;<a href=\"http://bohemiancoding.com/sketch/\">Sketch</a>, a visual layout tool, we quickly marked up the element in HTML/CSS and added it to an ongoing&nbsp;<a href=\"http://www.ideabasekent.com/staging/slo/prototype/patterns/\">prototype website website/pattern library on our staging server</a>. &nbsp;Every Friday, we received feedback from the client on the design progress thus far and iterated upon it until we had a working, responsive prototype of the home page and main templates.<br><br></p><p>Nico&nbsp;said, “the introduction of the Sketch software early in the design process really improved our workflow. &nbsp;Our weekly meetings were nice, as we received valuable feedback about what users of the site would most likely be looking for. &nbsp;This allowed us to stay on top of any design changes that needed to happen and get an earlier sign off on our design concept so we could begin building the site.”<br><br></p><p>“Having such an active relationship with the client was ideal because we were able to present changes each week and continue the cyclical process of creating/testing,” IdeaBase Creative Director Quintin Steele said of the process. &nbsp;“By working so closely with the client, we were constantly able to make sure their needs were met.”<br><br></p><h3>A&nbsp;Modern Content Management System</h3>\r\n\r\n<p>As the prototype began taking shape, we started defining our main content types and developing the site’s content management system. &nbsp;Content types were derived directly from our content in JumpChart, as well as from the content audit. &nbsp;Content types for this site were extensive, ranging from books and news articles, to promotional posters, newsletters, events and staff members. &nbsp;We took time to break the content into individual chunks, which we mapped out in a Google Doc.<br><br></p><p>Our client had previously expressed an interest in developing the site in&nbsp;<a href=\"https://wordpress.org/\">WordPress</a>&nbsp;(moving away from Drupal), due to their familiarity with the platform. &nbsp;We agreed that WordPress was a good fit and got to work setting up custom post types, as well as a custom WordPress theme, built from&nbsp;<a href=\"http://underscores.me/\">Automattic’s Underscores</a>&nbsp;starter theme. &nbsp;As elements were finalized in the prototype, we began integrating them into the WordPress theme, using<a href=\"http://www.git-tower.com/\">&nbsp;Git Tower</a>&nbsp;and&nbsp;<a href=\"http://beanstalkapp.com/\">Beanstalk</a>&nbsp;for version control, and&nbsp;<a href=\"http://www.sublimetext.com/\">SublimeText</a>,&nbsp;<a href=\"https://www.mamp.info/\">MAMP Pro</a>&nbsp;and&nbsp;<a href=\"https://incident57.com/codekit/\">CodeKit</a>&nbsp;for local development and preprocessing. &nbsp;We also utilized&nbsp;<a href=\"https://deliciousbrains.com/wp-migrate-db-pro/\">WP DB Migrate Pro</a>&nbsp;for keeping our local development environments in sync with staging and production.<br><br></p><p>We also integrated a number of custom elements into the site, such as:</p><ul><li>custom post types using the&nbsp;<a href=\"http://www.advancedcustomfields.com/\">Advanced Custom Fields</a>&nbsp;plugin for WordPress</li><li>an events calendar that pulled from an existing XML feed, usingThe Events Calendar&nbsp;and&nbsp;WP All Import</li><li>contact forms using Gravity Forms</li><li>integration with the EBSCO&nbsp;Discovery&nbsp;Service for catalog searching</li><li>tying in to the Google&nbsp;Custom Search platform</li><li>media galleries that pulled from Flickr, using the Slickr Flickr plugin</li><li>in-site viewing of PDF, Word and Excel files using the Google Doc Embedder plugin</li></ul><p>As content was finalized, we moved it into WordPress over a 2-month period.</p><a href=\"http://ideabasekent.com/bio/reilly-hawkins/\">Reilly Hawkins</a><p>, the IdeaBase web developer/designer from Kent State’s Computer Information Systems program in the College of Business said, “the State Library was my first in depth project working with WordPress and developing custom code. I was amazed to see how much progress we all made on the project in just a few short months. It was very exciting to see the State Library website go from a few basic wireframes to the full service website that it is now!”.<br></p><br><p><br>Throughout the entire process, we had usability and site performance in mind. &nbsp;In addition to our upfront research, we partnered with the State Library team to run a week of usability testing on the site. &nbsp;During the testing, we had participants come to IdeaBase in person to run through key tasks on the beta website using multiple devices.<br></p><p>Because of the testing, we were able to identify and correct a number of issues before launching the site, ranging from users missing the site search button, to confusing navigation labels and unclear information hierarchy. &nbsp;I was also able to identify accessibility issues using&nbsp;<a href=\"https://chrome.google.com/webstore/detail/accessibility-developer-t/fpkknkljclfencbdbgkenhalefipecmb?hl=en\">Google’s accessibility developer tools</a>, as well as with the fantastic accessibility tools built into OS X.<br><br>Performance and device testing were also a personal goal of mine throughout the project. &nbsp;I used&nbsp;<a href=\"https://incident57.com/codekit/\">CodeKit</a>’s auto-reload feature to test design changes live on multiple mobile devices and tablets. &nbsp;Reilly also ran through a testing plan prior to launch to ensure the site displayed correctly on older laptops as well as Android and Windows Phone devices.<br></p><p>Finally,&nbsp;I was able to use a combination of&nbsp;<a href=\"https://wordpress.org/plugins/bwp-minify/\">minified JavaScript</a>,<a href=\"https://wordpress.org/plugins/ricg-responsive-images/\">responsive images</a>,&nbsp;<a href=\"https://wordpress.org/plugins/async-js-and-css/\">asynchronous CSS</a>&nbsp;and caching (via&nbsp;<a href=\"https://www.cloudflare.com/\">CloudFlare</a>) to improve performance and decrease load time.<br><br>Managing the Project</p>\r\n\r\nThe project wouldn’t have gone anywhere without great management, attention to client feedback and collaboration within the team. &nbsp;A few things really helped us out during this redesign:<br><ul><li>Our account manager,&nbsp;<a href=\"http://ideabasekent.com/bio/brendan-bennett/\">Brendan Bennett</a>, communicated with the client, summarized notes from our meetings and migrated much of the site’s content to WordPress.</li><li>Our project management system Basecamp, allowed us to keep track of todo\'s, emails, project files and timelines</li><li>A weekly Friday phone meeting via WebEx with the client helped everyone stay on track. We were able to discuss design decisions on a regular basis, ensuring the project kept moving forward and remained transparent on both ends.</li></ul><p>Brendan had this to say about his work on the project: “It was a pleasure working with everyone at the State Library of Ohio. Progress moved at an exceptionally smooth pace, and I think everyone’s persistence and hard work can easily be identified in the end result. I’m very proud of how everything turned out.”<br></p>Looking Back\r\n\r\n<p><br>For a staff comprised mostly of students who had, for the most part, never worked on a redesign of this scale before with such a diverse team, we were able to accomplish a massive feat. &nbsp;The website launched on May 27, 2015, replacing the prior version of the website, at&nbsp;<a href=\"http://library.ohio.gov/\">http://library.ohio.gov</a>.<br><br>With all of our success, we also learned a few valuable lessons along the way:<br><br>It’s important to scope in detail a large web design project during the discovery phase, so that the team knows the breadth of the project and can budget accordingly. &nbsp;Involve all team members in the discovery phase so that everyone can give their input on project scope.<br><br>Map out content types early and understand how content will be structured and ultimately displayed. &nbsp;Accounting for all of your “pages” is not enough – it’s the types of content that matters.<br>Work in parallel. &nbsp;While in the research phase, start putting together your staging environment and exploring visual design patterns. &nbsp;Parallel work allows for better collaboration and faster, iterative adjustments<br><br>Design and content are never “finished”. &nbsp;While developing your content, design pattern needs will naturally develop along the way. &nbsp;It’s better to (when possible) develop your design around existing content, rather than retrofitting content into a design.<br><br>Don’t underestimate the amount of effort required to build a custom CMS. &nbsp;The CMS user experience is just as important as the external site’s user experience – don’t cut corners in order to meet a deadline.<br><a href=\"http://ideabasekent.com/bio/kristin-dowling/\"><br>Kristin Dowling</a>, IdeaBase business development manager who worked with the State Library of Ohio to foster the project from its inception and ensure that it met our client’s expectations said “working with the team at the State Library of Ohio was a wonderful experience, and a true collaborative effort. This client was committed to redesigning their website with the end-user in mind, and we were fortunate to have been a part of this project.”<br><br>Our success was aided by the fact that our counterparts on the State Library of Ohio team were able to work with us closely as experts on marketing and communications (Marsha McDevitt-Stredney) and technical integration (Eric Maynard). &nbsp;These team members were able to work with the State Librarian, Beverly Cain, as well as the staff at the State Library of Ohio, to get approval along the way and ensure the project progressed smoothly.<br>Marsha from the State Library team said: “I really enjoyed working with the IdeaBase team. Their approach to research, design, and development brought together a multitude of skills, talent, and expertise to develop a website that best meets the needs of the individuals and groups we serve.”<br><br>She went on to describe the design process, saying, “as a State Library we have collections, programs and services available to all Ohioans and others that are unique to state employees, libraries, and residents. &nbsp;It’s a challenge to bring all of it together into one easy to use website. &nbsp;Their process helped us stay focused on our users. The result is a clean design that is easy to navigate.”<br><br>As a team, we’re proud to have completed a project that not only performs well and looks great, but also is backed in research. &nbsp;This project resulted in a unique&nbsp;collaboration between Kent State students who now have the experience of working on a live, high-impact website. &nbsp;&nbsp;Providing a great student experience, by far, is our most important accomplishment on the State Library of Ohio project and is what makes IdeaBase such a great asset to Kent State University.<br><br>You can view the new State Library of Ohio website at&nbsp;<a href=\"http://library.ohio.gov/\">http://library.ohio.gov</a>. &nbsp;You can also see the site in action by viewing the State Library of Ohio redesign video below, edited and produced by IdeaBase videographer&nbsp;<a href=\"http://ideabasekent.com/bio/todd-thompson/\">Todd Thompson</a>.</p>', NULL, NULL, NULL, NULL, NULL, NULL, NULL, NULL, NULL, NULL, NULL, NULL, NULL, NULL, NULL, NULL, NULL, NULL, NULL, NULL, NULL, NULL, NULL, NULL, NULL, NULL, NULL, NULL, NULL, NULL, NULL, NULL, NULL, NULL, NULL, NULL, NULL, NULL, NULL, NULL, NULL, NULL, NULL, NULL, NULL, NULL, NULL, NULL, NULL, NULL, NULL, NULL, NULL, NULL, '0', NULL, '2016-01-04 03:21:24', '2016-01-04 03:21:24', 'cd95d7a6-9868-4b31-beb3-37a636dbbabc'),
 ('371', '376', 'en_us', 'Test Case Study', NULL, NULL, NULL, NULL, NULL, NULL, NULL, '', NULL, NULL, NULL, NULL, NULL, NULL, NULL, NULL, NULL, NULL, NULL, NULL, NULL, NULL, NULL, NULL, NULL, NULL, NULL, NULL, NULL, NULL, NULL, NULL, NULL, NULL, NULL, NULL, NULL, NULL, NULL, NULL, NULL, NULL, NULL, NULL, NULL, NULL, NULL, NULL, NULL, NULL, NULL, NULL, NULL, NULL, NULL, NULL, NULL, NULL, NULL, NULL, NULL, NULL, '0', NULL, '2016-01-04 03:21:36', '2016-01-04 03:21:36', '00e782f5-51c2-4ab1-8220-f2ba0c18a5dd'),
 ('372', '377', 'en_us', 'Istnick', NULL, NULL, NULL, NULL, NULL, NULL, NULL, NULL, NULL, NULL, NULL, NULL, NULL, NULL, NULL, NULL, NULL, NULL, NULL, NULL, NULL, NULL, NULL, NULL, NULL, NULL, NULL, NULL, NULL, NULL, NULL, NULL, NULL, NULL, NULL, NULL, NULL, NULL, NULL, NULL, NULL, NULL, NULL, NULL, NULL, NULL, NULL, NULL, NULL, NULL, NULL, NULL, NULL, NULL, NULL, NULL, NULL, NULL, NULL, NULL, NULL, NULL, '0', NULL, '2016-01-05 18:20:43', '2016-01-05 18:20:43', '2d2b8844-974c-418d-81b6-54e5e022a65c'),
 ('373', '378', 'en_us', 'Brad Istnick', NULL, 'Creative Director - Hitchcock Fleming & Associates, Inc.', '', '', '', '', NULL, NULL, NULL, NULL, NULL, NULL, NULL, NULL, NULL, NULL, NULL, NULL, NULL, NULL, NULL, NULL, NULL, NULL, NULL, NULL, NULL, NULL, NULL, NULL, NULL, NULL, NULL, NULL, NULL, NULL, NULL, NULL, NULL, NULL, NULL, NULL, NULL, NULL, NULL, '', NULL, NULL, NULL, NULL, NULL, NULL, NULL, NULL, NULL, NULL, NULL, NULL, NULL, NULL, 'Istnick', 'Brad', '0', NULL, '2016-01-05 18:21:55', '2016-01-05 18:21:55', '3f3b1d2e-00e8-4a43-901d-7316823624e9'),
 ('374', '379', 'en_us', 'Kiskadden', NULL, NULL, NULL, NULL, NULL, NULL, NULL, NULL, NULL, NULL, NULL, NULL, NULL, NULL, NULL, NULL, NULL, NULL, NULL, NULL, NULL, NULL, NULL, NULL, NULL, NULL, NULL, NULL, NULL, NULL, NULL, NULL, NULL, NULL, NULL, NULL, NULL, NULL, NULL, NULL, NULL, NULL, NULL, NULL, NULL, NULL, NULL, NULL, NULL, NULL, NULL, NULL, NULL, NULL, NULL, NULL, NULL, NULL, NULL, NULL, NULL, NULL, '0', NULL, '2016-01-05 18:26:20', '2016-01-05 18:26:20', '06f51c80-1e6e-4f1c-99b6-1294135512ac'),
 ('375', '380', 'en_us', 'Greg Kiskadden', NULL, 'Executive Vice President - WhiteSpace Creative', '', '', '<p>Executive Vice President Greg Kiskadden oversees WhiteSpace Creative new business development. He draws from his rich leadership background to foster key relationships with prospective clients from a diverse body of industries, such as service, manufacturing, logistics, healthcare and higher education. He also supports comprehensive agency operations, including spearheading workflow and scheduling improvements and assisting in overall agency integration.</p><p>A member of WhiteSpace since 1996, Greg has transitioned from a designer and developer to account supervisor and agency executive vice president. Experience in these varied roles has enabled Greg to combine his talents in developing integrated communication programs with extensive client service and sales expertise. It also has allowed him to view projects from a unique perspective – one that blends strategic marketing and tactical execution to support business goals.</p><p>Prior to WhiteSpace, Greg worked at The Little Tikes Company, a division of Rubbermaid in Hudson, Ohio, where he helped develop product literature for domestic and international sales, print collateral and advertising material. A Kent State graduate, he earned a BA in visual communications with a concentration in illustration and art history. Greg currently serves on the Habitat for Humanity public relations and communications board, as well as on the professional advisory board of IdeaBase, a Kent State University student-run marketing communications firm in Kent, Ohio.</p><p>Greg is an avid runner and, in addition to competing in the Akron and Nashville half-marathons, he coaches cross country for St. Patrick School in Kent, Ohio. He enjoys travel and has journeyed to Italy, Belize, Trinidad, Tobago and Puerto Rico. Greg lives in Kent with his wife and two daughters.</p>', '', NULL, NULL, NULL, NULL, NULL, NULL, NULL, NULL, NULL, NULL, NULL, NULL, NULL, NULL, NULL, NULL, NULL, NULL, NULL, NULL, NULL, NULL, NULL, NULL, NULL, NULL, NULL, NULL, NULL, NULL, NULL, NULL, NULL, NULL, NULL, NULL, NULL, NULL, NULL, '', NULL, NULL, NULL, NULL, NULL, NULL, NULL, NULL, NULL, NULL, NULL, NULL, NULL, NULL, 'Kiskadden', 'Greg', '0', NULL, '2016-01-05 18:30:52', '2016-01-05 18:30:52', 'c7181f5d-2fab-44c8-84a2-2516dc4d632e'),
 ('376', '381', 'en_us', 'Greg Thomas', NULL, 'Creative Director - Point to Point', '', '', '<p>Greg has spent more than 25 years managing the creative process and&nbsp;coaching creative teams to help businesses be more successful. As a writer,&nbsp;creative director, account director and advertising agency manager, Greg has&nbsp;helped clients such as Ameritech, McDonald’s, Goodyear, Sherwin Williams,&nbsp;FirstEnergy, Parker Hannifin, White Castle and many others manage their brands&nbsp;successfully. The work produced by the teams and agencies he has led has&nbsp;been showcased in numerous national and international competitions and trade&nbsp;journals.</p><p>As Partner/ Creative Director at Point to Point, Greg guides the creative thinking&nbsp;of the agency and its clients and manages the agency’s creative staff.</p><p>Greg has been very involved in education as well.&nbsp;As an adjunct faculty member&nbsp;and Practitioner in Residence at Kent State University, he helped develop a&nbsp;creative curriculum in the Advertising program and guided the launch and first&nbsp;year of IdeaBase, the student-run integrated marketing communications&nbsp;firm. He has also guest lectured on the topic of creativity in the Executive MBA&nbsp;program at Cleveland State’s Nance College of Business. Greg holds bachelor’s&nbsp;degrees in English and Education from Kent State.</p>', '', NULL, NULL, NULL, NULL, NULL, NULL, NULL, NULL, NULL, NULL, NULL, NULL, NULL, NULL, NULL, NULL, NULL, NULL, NULL, NULL, NULL, NULL, NULL, NULL, NULL, NULL, NULL, NULL, NULL, NULL, NULL, NULL, NULL, NULL, NULL, NULL, NULL, NULL, NULL, '', NULL, NULL, NULL, NULL, NULL, NULL, NULL, NULL, NULL, NULL, NULL, NULL, NULL, NULL, 'Thomas', 'Greg', '0', NULL, '2016-01-05 18:33:07', '2016-01-05 18:33:07', '6248efc5-cd91-49e9-a210-7e02baf0f31d'),
 ('377', '382', 'en_us', 'Steve Lageson', NULL, 'Associate Creative Director - Wyse Advertising', '', '', '', '', NULL, NULL, NULL, NULL, NULL, NULL, NULL, NULL, NULL, NULL, NULL, NULL, NULL, NULL, NULL, NULL, NULL, NULL, NULL, NULL, NULL, NULL, NULL, NULL, NULL, NULL, NULL, NULL, NULL, NULL, NULL, NULL, NULL, NULL, NULL, NULL, NULL, NULL, NULL, '', NULL, NULL, NULL, NULL, NULL, NULL, NULL, NULL, NULL, NULL, NULL, NULL, NULL, NULL, 'Lageson', 'Steve', '0', NULL, '2016-01-05 18:37:34', '2016-01-05 18:37:34', '534a1836-9f72-4f5a-8a58-e6727ed1f994'),
 ('378', '383', 'en_us', 'Coombs Danielle 350x500', NULL, NULL, NULL, NULL, NULL, NULL, NULL, NULL, NULL, NULL, NULL, NULL, NULL, NULL, NULL, NULL, NULL, NULL, NULL, NULL, NULL, NULL, NULL, NULL, NULL, NULL, NULL, NULL, NULL, NULL, NULL, NULL, NULL, NULL, NULL, NULL, NULL, NULL, NULL, NULL, NULL, NULL, NULL, NULL, NULL, NULL, NULL, NULL, NULL, NULL, NULL, NULL, NULL, NULL, NULL, NULL, NULL, NULL, NULL, NULL, NULL, NULL, '0', NULL, '2016-01-05 18:49:30', '2016-01-05 18:49:30', 'd91083e2-fa1e-4e41-8c29-cf9e2cf37870'),
 ('379', '384', 'en_us', 'Danielle Coombs, Ph.D.', NULL, 'Assistant Professor, Journalism & Mass Communication', '', '', '<p>Dr. Coombs is an Assistant Professor in the School of Journalism and Mass Communication at Kent State University. In addition to this position, she is the founder and principal of Sarver Research, a Cleveland-based market research firm. Prior to returning to northeastern Ohio, Dr. Coombs served as a senior research manager for Insight Research Group in New York City. While at Insight, she specialized in uncovering consumer insights in order to inform advertising campaigns, product design, and brand strategies for numerous prominent brands from a variety of industries including television, retail, non-profits, and consumer packaged goods. In 2007, she completed her Ph.D. in Mass Communication and Public Affairs from the Manship School of Communication at Louisiana State University. Her dissertation examined the political effects of late night television comedy. She also holds a master’s degree in international mass communication and a bachelor’s degree in media studies, both from the School of Telecommunications at Ohio University.</p>', '', NULL, NULL, NULL, NULL, NULL, NULL, NULL, NULL, NULL, NULL, NULL, NULL, NULL, NULL, NULL, NULL, NULL, NULL, NULL, NULL, NULL, NULL, NULL, NULL, NULL, NULL, NULL, NULL, NULL, NULL, NULL, NULL, NULL, NULL, NULL, NULL, NULL, NULL, NULL, '', NULL, NULL, NULL, NULL, NULL, NULL, NULL, NULL, NULL, NULL, NULL, NULL, NULL, NULL, 'Coombs, Ph.D.', 'Danielle', '0', NULL, '2016-01-05 18:50:47', '2016-01-05 18:50:47', 'c972691e-d044-4ed5-9a40-5167848c9a34'),
 ('380', '385', 'en_us', 'David Robins, Ph.D.', NULL, 'Full Professor, Information and Knowledge Management', '', '', '<p>Dr. Robins is an Associate Professor at Kent State University and holds a Ph.D. in Information Science from the University of North Texas. His research foci are information architecture, visual explanations of complex constructs, and user interaction with information systems. Much of his published work concerns users’ interaction with information seeking structures. He has developed courses in information technologies, information architecture and knowledge management which integrate theory with real world application. Dr. Robins has conducted presentations in the US, Mexico and Denmark.</p>', '', NULL, NULL, NULL, NULL, NULL, NULL, NULL, NULL, NULL, NULL, NULL, NULL, NULL, NULL, NULL, NULL, NULL, NULL, NULL, NULL, NULL, NULL, NULL, NULL, NULL, NULL, NULL, NULL, NULL, NULL, NULL, NULL, NULL, NULL, NULL, NULL, NULL, NULL, NULL, '', NULL, NULL, NULL, NULL, NULL, NULL, NULL, NULL, NULL, NULL, NULL, NULL, NULL, NULL, 'Robins, Ph.D.', 'David', '0', NULL, '2016-01-05 18:51:37', '2016-01-05 18:56:59', '2c378021-b6a6-44e4-a15f-231ae31a2bdf'),
 ('381', '386', 'en_us', 'Robins David 350x500', NULL, NULL, NULL, NULL, NULL, NULL, NULL, NULL, NULL, NULL, NULL, NULL, NULL, NULL, NULL, NULL, NULL, NULL, NULL, NULL, NULL, NULL, NULL, NULL, NULL, NULL, NULL, NULL, NULL, NULL, NULL, NULL, NULL, NULL, NULL, NULL, NULL, NULL, NULL, NULL, NULL, NULL, NULL, NULL, NULL, NULL, NULL, NULL, NULL, NULL, NULL, NULL, NULL, NULL, NULL, NULL, NULL, NULL, NULL, NULL, NULL, NULL, '0', NULL, '2016-01-05 18:52:05', '2016-01-05 18:52:05', '6ee0c60d-69ca-41d0-bb3b-dd8846c9fcce'),
 ('382', '387', 'en_us', 'Coorey Jillianweb 1 350x500', NULL, NULL, NULL, NULL, NULL, NULL, NULL, NULL, NULL, NULL, NULL, NULL, NULL, NULL, NULL, NULL, NULL, NULL, NULL, NULL, NULL, NULL, NULL, NULL, NULL, NULL, NULL, NULL, NULL, NULL, NULL, NULL, NULL, NULL, NULL, NULL, NULL, NULL, NULL, NULL, NULL, NULL, NULL, NULL, NULL, NULL, NULL, NULL, NULL, NULL, NULL, NULL, NULL, NULL, NULL, NULL, NULL, NULL, NULL, NULL, NULL, NULL, '0', NULL, '2016-01-05 18:57:52', '2016-01-05 18:57:52', '35cd80b1-398f-4148-be45-58c2a890ede1'),
 ('383', '388', 'en_us', 'Jillian Coorey', NULL, 'Assistant Professor, Visual Communication Design', '', '', '<p>Jillian Coorey is an Assistant Professor in the School of Visual Communication Design at Kent State University. Prior to coming to Kent, Jillian spent five years working in Chicago as a designer for various companies, in addition to managing freelance clientele. As a designer, she strives to create thoughtful and innovative solutions that combine conceptual and creative thinking. Jillian received her MFA in Graphic Design from the University of Illinois at Chicago and her BFA in Graphic Design from The State University of New York at Fredonia. She has also studied in Basel, Switzerland at The Basel School of Design. Her thesis research involved dance and design, creating work that challenges and informs the dimensional experience of movement, time and space.</p>', '', NULL, NULL, NULL, NULL, NULL, NULL, NULL, NULL, NULL, NULL, NULL, NULL, NULL, NULL, NULL, NULL, NULL, NULL, NULL, NULL, NULL, NULL, NULL, NULL, NULL, NULL, NULL, NULL, NULL, NULL, NULL, NULL, NULL, NULL, NULL, NULL, NULL, NULL, NULL, '', NULL, NULL, NULL, NULL, NULL, NULL, NULL, NULL, NULL, NULL, NULL, NULL, NULL, NULL, 'Coorey', 'Jillian', '0', NULL, '2016-01-05 18:59:13', '2016-01-05 18:59:13', '58ba6ab1-20ca-4b80-ade0-f1dd2b5ff560'),
 ('384', '389', 'en_us', 'Grimm Pam 350x500', NULL, NULL, NULL, NULL, NULL, NULL, NULL, NULL, NULL, NULL, NULL, NULL, NULL, NULL, NULL, NULL, NULL, NULL, NULL, NULL, NULL, NULL, NULL, NULL, NULL, NULL, NULL, NULL, NULL, NULL, NULL, NULL, NULL, NULL, NULL, NULL, NULL, NULL, NULL, NULL, NULL, NULL, NULL, NULL, NULL, NULL, NULL, NULL, NULL, NULL, NULL, NULL, NULL, NULL, NULL, NULL, NULL, NULL, NULL, NULL, NULL, NULL, '0', NULL, '2016-01-05 19:04:06', '2016-01-05 19:04:06', '683d8fbc-62b8-4f2f-80f1-c47cf7d65a1b');
INSERT INTO `craft_content` (`id`, `elementId`, `locale`, `title`, `field_body`, `field_profileJobTitle`, `field_profileContactEmail`, `field_profileOfficePhoneNumber`, `field_profileBiographyDescription`, `field_profileFunFact`, `field_projectDescription`, `field_blogContent`, `field_awardTitle`, `field_awardDateAwarded`, `field_awardWinningProject`, `field_winningProjectUrl`, `field_testimonialNameOfQuoter`, `field_testimonialQuote`, `field_dateOfQuote`, `field_serviceTitle`, `field_serviceDescription`, `field_clientTitle`, `field_primaryContact`, `field_callToAction`, `field_footerAddress`, `field_phoneNumber`, `field_footerEmail`, `field_mainTagline`, `field_homepageAboutText`, `field_staffIndexHeader`, `field_staffIndexDescription`, `field_workForIdeabaseTitle`, `field_workForIdeabaseDescription`, `field_processHeader`, `field_linkToProjects`, `field_caseStudyContent`, `field_basicContent`, `field_qualityHeadline`, `field_qualityDescription`, `field_workForIdeabaseLink`, `field_designHeadline`, `field_projectsHeadline`, `field_projectsDescription`, `field_projectHeadline`, `field_projectsSubDescription`, `field_caseStudyHeadline`, `field_caseStudySubDescription`, `field_classroomExperienceHeadline`, `field_classroomExperienceDescription`, `field_collegeDegree`, `field_processDescription`, `field_uxTestingLabDescription`, `field_copyright`, `field_footerBlurb`, `field_footerHeadline`, `field_contactFormDescription`, `field_ctaButton`, `field_projectUrl`, `field_street`, `field_priceDescription`, `field_priceHeadline`, `field_uxLabButton`, `field_classroomButton`, `field_moreProjectsButton`, `field_profileLastName`, `field_profileFirstName`, `field_alumniLightswitch`, `field_introduction`, `dateCreated`, `dateUpdated`, `uid`) VALUES
 ('385', '390', 'en_us', 'Pamela Grimm, Ph.D.', NULL, 'Associate Professor, Marketing Chair', '', '', '<p>Dr. Grimm joined Kent State University in 1992 as an Associate Professor. She is currently an Associate Professor and Chair of the Department of Marketing and Entrepreneurship. She worked in Advertising before pursuing and completing her doctorate in Marketing at the State University of New York at Buffalo. Her research interests are in consumer behavior, specifically motivation and information search, advertising and celebrity endorsements. Dr. Grimm has been a participant in the Advertising Education Foundation’s Faculty Internship program and has received several teaching awards. Courses she has taught include Marketing, Consumer Behavior, Advertising and Internet Marketing at the Undergraduate level and Marketing Management at the Graduate level. Dr. Grimm has also been a faculty member in the Executive MBA program, teaching the International Business Experience.</p>', '', NULL, NULL, NULL, NULL, NULL, NULL, NULL, NULL, NULL, NULL, NULL, NULL, NULL, NULL, NULL, NULL, NULL, NULL, NULL, NULL, NULL, NULL, NULL, NULL, NULL, NULL, NULL, NULL, NULL, NULL, NULL, NULL, NULL, NULL, NULL, NULL, NULL, NULL, NULL, '', NULL, NULL, NULL, NULL, NULL, NULL, NULL, NULL, NULL, NULL, NULL, NULL, NULL, NULL, 'Grimm, Ph.D.', 'Pamela', '0', NULL, '2016-01-05 19:09:07', '2016-01-05 19:09:07', '404fcb8c-a12f-43ff-ae73-bd06fccc3c69'),
 ('386', '391', 'en_us', 'Ph Optimized 1 350x500', NULL, NULL, NULL, NULL, NULL, NULL, NULL, NULL, NULL, NULL, NULL, NULL, NULL, NULL, NULL, NULL, NULL, NULL, NULL, NULL, NULL, NULL, NULL, NULL, NULL, NULL, NULL, NULL, NULL, NULL, NULL, NULL, NULL, NULL, NULL, NULL, NULL, NULL, NULL, NULL, NULL, NULL, NULL, NULL, NULL, NULL, NULL, NULL, NULL, NULL, NULL, NULL, NULL, NULL, NULL, NULL, NULL, NULL, NULL, NULL, NULL, NULL, '0', NULL, '2016-01-05 19:09:49', '2016-01-05 19:09:49', 'e834d3d7-0203-46f1-b103-c2a92b9385da'),
 ('387', '392', 'en_us', 'Paul Haridakis, Ph.D.', NULL, 'Full Professor, Director of Communication Studies', '', '', '<p>Dr. Haridakis is a full Professor at Kent State University. He completed his doctorate at Kent State University and holds a J.D. and Bachelor of the Arts from the University of Akron. He conducts research in media uses and effects, law, public policy, new communication technologies, and media ethics. His recent work has focused on First Amendment issues related to the regulation of content in various media such as the Internet and television. He teaches courses in Free Speech, Research Methods, Communication Process, and Senior Seminar. He also is a practicing lawyer.</p>', '', NULL, NULL, NULL, NULL, NULL, NULL, NULL, NULL, NULL, NULL, NULL, NULL, NULL, NULL, NULL, NULL, NULL, NULL, NULL, NULL, NULL, NULL, NULL, NULL, NULL, NULL, NULL, NULL, NULL, NULL, NULL, NULL, NULL, NULL, NULL, NULL, NULL, NULL, NULL, '', NULL, NULL, NULL, NULL, NULL, NULL, NULL, NULL, NULL, NULL, NULL, NULL, NULL, NULL, 'Haridakis, Ph.D.', 'Paul', '0', NULL, '2016-01-05 19:11:16', '2016-01-05 19:11:16', '63561bf0-bc69-4e65-bad4-c0368d76205b'),
 ('388', '393', 'en_us', 'Renicker Web Ready 1 11 350x500', NULL, NULL, NULL, NULL, NULL, NULL, NULL, NULL, NULL, NULL, NULL, NULL, NULL, NULL, NULL, NULL, NULL, NULL, NULL, NULL, NULL, NULL, NULL, NULL, NULL, NULL, NULL, NULL, NULL, NULL, NULL, NULL, NULL, NULL, NULL, NULL, NULL, NULL, NULL, NULL, NULL, NULL, NULL, NULL, NULL, NULL, NULL, NULL, NULL, NULL, NULL, NULL, NULL, NULL, NULL, NULL, NULL, NULL, NULL, NULL, NULL, NULL, '0', NULL, '2016-01-05 19:14:14', '2016-01-05 19:14:14', '25844d31-41cd-4c23-bf76-46e52dc6a980'),
 ('389', '394', 'en_us', 'Valora Renicker', NULL, 'Assistant Professor, Visual Communication Design and Creative Director, Glyphix Design Studio', '', '', '<p>Valora received her MFA in Graphic Design from Kent State University and a BFA in Graphic Design and Art Education from the University of Akron. Her background includes experience in the design field and teaching art in the public schools. Valora is an Assistant Professor in the School of Visual Communication Design (VCD) at Kent State University where she has taught course in typography, formal and conceptual design development, 3D graphic design and computer software. She is the Creative Director of&nbsp;<a href=\"http://www.kent.edu/glyphix\">Glyphix</a>, an award-winning student-staffed design studio within the School of VCD, where she instructs both undergraduate and graduate level students in the real-world implementation of design practices and production.</p>', '', NULL, NULL, NULL, NULL, NULL, NULL, NULL, NULL, NULL, NULL, NULL, NULL, NULL, NULL, NULL, NULL, NULL, NULL, NULL, NULL, NULL, NULL, NULL, NULL, NULL, NULL, NULL, NULL, NULL, NULL, NULL, NULL, NULL, NULL, NULL, NULL, NULL, NULL, NULL, '', NULL, NULL, NULL, NULL, NULL, NULL, NULL, NULL, NULL, NULL, NULL, NULL, NULL, NULL, 'Renicker', 'Valora', '0', NULL, '2016-01-05 19:15:35', '2016-01-05 19:15:35', '4955de73-1174-468a-82f3-e8d1f09cb4b3'),
 ('390', '395', 'en_us', 'Kent State Athletics', NULL, NULL, NULL, NULL, NULL, NULL, NULL, NULL, NULL, NULL, NULL, NULL, NULL, NULL, NULL, NULL, NULL, '', '', NULL, NULL, NULL, NULL, NULL, NULL, NULL, NULL, NULL, NULL, NULL, NULL, NULL, NULL, NULL, NULL, NULL, NULL, NULL, NULL, NULL, NULL, NULL, NULL, NULL, NULL, NULL, NULL, NULL, NULL, NULL, NULL, NULL, NULL, NULL, NULL, NULL, NULL, NULL, NULL, NULL, NULL, NULL, '0', NULL, '2016-01-05 20:03:50', '2016-01-05 20:03:50', '7a2e652f-aa4a-4e25-9950-c146f368ef31'),
 ('391', '396', 'en_us', 'State Library of Ohio', NULL, NULL, NULL, NULL, NULL, NULL, NULL, NULL, NULL, NULL, NULL, NULL, NULL, NULL, NULL, NULL, NULL, '', '', NULL, NULL, NULL, NULL, NULL, NULL, NULL, NULL, NULL, NULL, NULL, NULL, NULL, NULL, NULL, NULL, NULL, NULL, NULL, NULL, NULL, NULL, NULL, NULL, NULL, NULL, NULL, NULL, NULL, NULL, NULL, NULL, NULL, NULL, NULL, NULL, NULL, NULL, NULL, NULL, NULL, NULL, NULL, '0', NULL, '2016-01-05 20:05:49', '2016-01-05 20:05:49', 'a97e792c-d1c4-46a0-86dd-f238bcb3149f'),
 ('392', '397', 'en_us', 'Schneller', NULL, NULL, NULL, NULL, NULL, NULL, NULL, NULL, NULL, NULL, NULL, NULL, NULL, NULL, NULL, NULL, NULL, '', '', NULL, NULL, NULL, NULL, NULL, NULL, NULL, NULL, NULL, NULL, NULL, NULL, NULL, NULL, NULL, NULL, NULL, NULL, NULL, NULL, NULL, NULL, NULL, NULL, NULL, NULL, NULL, NULL, NULL, NULL, NULL, NULL, NULL, NULL, NULL, NULL, NULL, NULL, NULL, NULL, NULL, NULL, NULL, '0', NULL, '2016-01-05 20:13:37', '2016-01-05 20:13:37', '2a598a17-f4fd-4c67-8b20-96a27c65f4e1'),
 ('393', '398', 'en_us', 'Schneller AerFilm Flex Product Demonstration Video', NULL, NULL, NULL, NULL, NULL, NULL, '<p>IdeaBase filmed and edited this&nbsp;product demonstration video for use in tradeshows by Schneller, a manufacturer of custom, specialty laminates and coated fabrics for transportation interiors in Kent, OH.</p>\r\n\r\n<p>AerFilm Flex® is Schneller’s&nbsp;newest decorative laminate, designed to provide superior formability compared to established decorative laminates. Engineered to cover complex, compound-curve, 3 dimensional parts, AerFilm Flex® is lightweight and provides superior texture retention while providing the design freedom needed to create premium cabin designs.</p>', NULL, NULL, NULL, NULL, NULL, NULL, NULL, NULL, NULL, NULL, NULL, NULL, NULL, NULL, NULL, NULL, NULL, NULL, NULL, NULL, NULL, NULL, NULL, NULL, NULL, NULL, NULL, NULL, NULL, NULL, NULL, NULL, NULL, NULL, NULL, NULL, NULL, NULL, NULL, NULL, NULL, NULL, NULL, NULL, NULL, NULL, 'https://www.youtube.com/watch?v=5GQs1SARyro', NULL, NULL, NULL, NULL, NULL, NULL, NULL, NULL, '0', NULL, '2016-01-05 20:14:42', '2016-01-12 17:19:46', '899553cf-4f94-4acd-8329-1cc7344fab8c'),
 ('394', '399', 'en_us', 'Dan Nicol of Ice Consulting', NULL, NULL, NULL, NULL, NULL, NULL, NULL, NULL, NULL, NULL, NULL, NULL, NULL, NULL, NULL, NULL, NULL, '', '', NULL, NULL, NULL, NULL, NULL, NULL, NULL, NULL, NULL, NULL, NULL, NULL, NULL, NULL, NULL, NULL, NULL, NULL, NULL, NULL, NULL, NULL, NULL, NULL, NULL, NULL, NULL, NULL, NULL, NULL, NULL, NULL, NULL, NULL, NULL, NULL, NULL, NULL, NULL, NULL, NULL, NULL, NULL, '0', NULL, '2016-01-05 20:19:26', '2016-01-05 20:19:26', '8b1681bf-6af9-4679-8f9a-e5c5b551b5b6'),
 ('395', '400', 'en_us', 'Kent State University School of Library & Information Science', NULL, NULL, NULL, NULL, NULL, NULL, NULL, NULL, NULL, NULL, NULL, NULL, NULL, NULL, NULL, NULL, NULL, '', '', NULL, NULL, NULL, NULL, NULL, NULL, NULL, NULL, NULL, NULL, NULL, NULL, NULL, NULL, NULL, NULL, NULL, NULL, NULL, NULL, NULL, NULL, NULL, NULL, NULL, NULL, NULL, NULL, NULL, NULL, NULL, NULL, NULL, NULL, NULL, NULL, NULL, NULL, NULL, NULL, NULL, NULL, NULL, '0', NULL, '2016-01-05 20:26:30', '2016-01-05 20:26:30', 'e71f4282-4ae9-49a0-8580-6b0622e17a3c'),
 ('396', '401', 'en_us', 'Idea Base  Powered By  Kent  State  Students 1', NULL, NULL, NULL, NULL, NULL, NULL, NULL, NULL, NULL, NULL, NULL, NULL, NULL, NULL, NULL, NULL, NULL, NULL, NULL, NULL, NULL, NULL, NULL, NULL, NULL, NULL, NULL, NULL, NULL, NULL, NULL, NULL, NULL, NULL, NULL, NULL, NULL, NULL, NULL, NULL, NULL, NULL, NULL, NULL, NULL, NULL, NULL, NULL, NULL, NULL, NULL, NULL, NULL, NULL, NULL, NULL, NULL, NULL, NULL, NULL, NULL, NULL, '0', NULL, '2016-01-05 20:58:04', '2016-01-05 20:58:04', 'f7060211-69c7-41f4-89cb-d0944e6f577d'),
 ('397', '402', 'en_us', 'IdeaBase Internal', NULL, NULL, NULL, NULL, NULL, NULL, NULL, NULL, NULL, NULL, NULL, NULL, NULL, NULL, NULL, NULL, NULL, '', '', NULL, NULL, NULL, NULL, NULL, NULL, NULL, NULL, NULL, NULL, NULL, NULL, NULL, NULL, NULL, NULL, NULL, NULL, NULL, NULL, NULL, NULL, NULL, NULL, NULL, NULL, NULL, NULL, NULL, NULL, NULL, NULL, NULL, NULL, NULL, NULL, NULL, NULL, NULL, NULL, NULL, NULL, NULL, '0', NULL, '2016-01-05 20:58:55', '2016-01-05 20:58:55', 'd5e87374-a6b9-4685-b677-ac74e0945e6e'),
 ('398', '403', 'en_us', 'IdeaBase: Powered by Kent State Students', NULL, NULL, NULL, NULL, NULL, NULL, '<p>Students and staff at IdeaBase speak about their experiences working on real-world client projects. Directed, edited and filmed exclusively by students at IdeaBase, the video shows how students from various backgrounds put into action what they’ve learned in their Kent State University classes. IdeaBase is a student-run creative agency in downtown Kent and is a service of the College of Communication and Information.</p>', NULL, NULL, NULL, NULL, NULL, NULL, NULL, NULL, NULL, NULL, NULL, NULL, NULL, NULL, NULL, NULL, NULL, NULL, NULL, NULL, NULL, NULL, NULL, NULL, NULL, NULL, NULL, NULL, NULL, NULL, NULL, NULL, NULL, NULL, NULL, NULL, NULL, NULL, NULL, NULL, NULL, NULL, NULL, NULL, NULL, NULL, 'https://www.youtube.com/watch?v=VqQZbh8P8AI', NULL, NULL, NULL, NULL, NULL, NULL, NULL, NULL, '0', NULL, '2016-01-05 20:59:50', '2016-01-12 17:20:16', '55b3ffb0-c329-4ecd-8345-ab6825fd9e9f'),
 ('399', '404', 'en_us', 'Kent State University Academic Affairs Office', NULL, NULL, NULL, NULL, NULL, NULL, NULL, NULL, NULL, NULL, NULL, NULL, NULL, NULL, NULL, NULL, NULL, '', '', NULL, NULL, NULL, NULL, NULL, NULL, NULL, NULL, NULL, NULL, NULL, NULL, NULL, NULL, NULL, NULL, NULL, NULL, NULL, NULL, NULL, NULL, NULL, NULL, NULL, NULL, NULL, NULL, NULL, NULL, NULL, NULL, NULL, NULL, NULL, NULL, NULL, NULL, NULL, NULL, NULL, NULL, NULL, '0', NULL, '2016-01-05 21:02:30', '2016-01-05 21:02:30', '2953fe4e-7c37-4633-a695-304e858930eb'),
 ('400', '405', 'en_us', 'iPlan: Graduation Planning System Video', NULL, NULL, NULL, NULL, NULL, NULL, '', NULL, NULL, NULL, NULL, NULL, NULL, NULL, NULL, NULL, NULL, NULL, NULL, NULL, NULL, NULL, NULL, NULL, NULL, NULL, NULL, NULL, NULL, NULL, NULL, NULL, NULL, NULL, NULL, NULL, NULL, NULL, NULL, NULL, NULL, NULL, NULL, NULL, NULL, NULL, NULL, NULL, NULL, NULL, NULL, NULL, NULL, '', NULL, NULL, NULL, NULL, NULL, NULL, NULL, NULL, '0', NULL, '2016-01-05 21:04:06', '2016-01-12 17:23:40', '815c4a03-0646-4d7f-b9b1-c4e224b5a35a'),
 ('401', '406', 'en_us', 'Viewbook1', NULL, NULL, NULL, NULL, NULL, NULL, NULL, NULL, NULL, NULL, NULL, NULL, NULL, NULL, NULL, NULL, NULL, NULL, NULL, NULL, NULL, NULL, NULL, NULL, NULL, NULL, NULL, NULL, NULL, NULL, NULL, NULL, NULL, NULL, NULL, NULL, NULL, NULL, NULL, NULL, NULL, NULL, NULL, NULL, NULL, NULL, NULL, NULL, NULL, NULL, NULL, NULL, NULL, NULL, NULL, NULL, NULL, NULL, NULL, NULL, NULL, NULL, '0', NULL, '2016-01-05 21:06:14', '2016-01-05 21:06:14', '075f7948-d67f-4d8d-8cca-b8f597aba7d8'),
 ('402', '407', 'en_us', 'Kent State University College of Architecture and Environmental Design', NULL, NULL, NULL, NULL, NULL, NULL, NULL, NULL, NULL, NULL, NULL, NULL, NULL, NULL, NULL, NULL, NULL, '', '', NULL, NULL, NULL, NULL, NULL, NULL, NULL, NULL, NULL, NULL, NULL, NULL, NULL, NULL, NULL, NULL, NULL, NULL, NULL, NULL, NULL, NULL, NULL, NULL, NULL, NULL, NULL, NULL, NULL, NULL, NULL, NULL, NULL, NULL, NULL, NULL, NULL, NULL, NULL, NULL, NULL, NULL, NULL, '0', NULL, '2016-01-05 21:07:49', '2016-01-05 21:07:49', 'b8d79d66-bdaa-4e22-9010-ec6d9814e67e'),
 ('403', '408', 'en_us', 'Caed View 002', NULL, NULL, NULL, NULL, NULL, NULL, NULL, NULL, NULL, NULL, NULL, NULL, NULL, NULL, NULL, NULL, NULL, NULL, NULL, NULL, NULL, NULL, NULL, NULL, NULL, NULL, NULL, NULL, NULL, NULL, NULL, NULL, NULL, NULL, NULL, NULL, NULL, NULL, NULL, NULL, NULL, NULL, NULL, NULL, NULL, NULL, NULL, NULL, NULL, NULL, NULL, NULL, NULL, NULL, NULL, NULL, NULL, NULL, NULL, NULL, NULL, NULL, '0', NULL, '2016-01-05 21:08:30', '2016-01-05 21:08:30', '664300e2-0dcb-44e9-94dd-9ee90f041786'),
 ('404', '409', 'en_us', 'Caed View 003', NULL, NULL, NULL, NULL, NULL, NULL, NULL, NULL, NULL, NULL, NULL, NULL, NULL, NULL, NULL, NULL, NULL, NULL, NULL, NULL, NULL, NULL, NULL, NULL, NULL, NULL, NULL, NULL, NULL, NULL, NULL, NULL, NULL, NULL, NULL, NULL, NULL, NULL, NULL, NULL, NULL, NULL, NULL, NULL, NULL, NULL, NULL, NULL, NULL, NULL, NULL, NULL, NULL, NULL, NULL, NULL, NULL, NULL, NULL, NULL, NULL, NULL, '0', NULL, '2016-01-05 21:08:31', '2016-01-05 21:08:31', '17562e32-0cde-4554-b7e1-d68c4b55294d'),
 ('405', '410', 'en_us', 'Caed View 004', NULL, NULL, NULL, NULL, NULL, NULL, NULL, NULL, NULL, NULL, NULL, NULL, NULL, NULL, NULL, NULL, NULL, NULL, NULL, NULL, NULL, NULL, NULL, NULL, NULL, NULL, NULL, NULL, NULL, NULL, NULL, NULL, NULL, NULL, NULL, NULL, NULL, NULL, NULL, NULL, NULL, NULL, NULL, NULL, NULL, NULL, NULL, NULL, NULL, NULL, NULL, NULL, NULL, NULL, NULL, NULL, NULL, NULL, NULL, NULL, NULL, NULL, '0', NULL, '2016-01-05 21:08:31', '2016-01-05 21:08:31', 'ac348dbc-9865-44f4-8220-59fe36e2257a'),
 ('406', '411', 'en_us', 'Caed View 005', NULL, NULL, NULL, NULL, NULL, NULL, NULL, NULL, NULL, NULL, NULL, NULL, NULL, NULL, NULL, NULL, NULL, NULL, NULL, NULL, NULL, NULL, NULL, NULL, NULL, NULL, NULL, NULL, NULL, NULL, NULL, NULL, NULL, NULL, NULL, NULL, NULL, NULL, NULL, NULL, NULL, NULL, NULL, NULL, NULL, NULL, NULL, NULL, NULL, NULL, NULL, NULL, NULL, NULL, NULL, NULL, NULL, NULL, NULL, NULL, NULL, NULL, '0', NULL, '2016-01-05 21:08:32', '2016-01-05 21:08:32', '8ba64619-70d3-4ba7-9f6f-036ab946327b'),
 ('407', '412', 'en_us', 'Viewbook: College of Architecture and Environmental Design', NULL, NULL, NULL, NULL, NULL, NULL, '', NULL, NULL, NULL, NULL, NULL, NULL, NULL, NULL, NULL, NULL, NULL, NULL, NULL, NULL, NULL, NULL, NULL, NULL, NULL, NULL, NULL, NULL, NULL, NULL, NULL, NULL, NULL, NULL, NULL, NULL, NULL, NULL, NULL, NULL, NULL, NULL, NULL, NULL, NULL, NULL, NULL, NULL, NULL, NULL, NULL, NULL, '', NULL, NULL, NULL, NULL, NULL, NULL, NULL, NULL, '0', NULL, '2016-01-05 21:12:35', '2016-01-12 17:24:52', '5018613f-fad3-4747-91d0-717beefc8d2e'),
 ('408', '413', 'en_us', 'School of Communication Studies Brochure', NULL, NULL, NULL, NULL, NULL, NULL, '', NULL, NULL, NULL, NULL, NULL, NULL, NULL, NULL, NULL, NULL, NULL, NULL, NULL, NULL, NULL, NULL, NULL, NULL, NULL, NULL, NULL, NULL, NULL, NULL, NULL, NULL, NULL, NULL, NULL, NULL, NULL, NULL, NULL, NULL, NULL, NULL, NULL, NULL, NULL, NULL, NULL, NULL, NULL, NULL, NULL, NULL, '', NULL, NULL, NULL, NULL, NULL, NULL, NULL, NULL, '0', NULL, '2016-01-05 21:13:51', '2016-01-12 17:26:01', '8e66128c-63ab-4219-9ca9-1ee1bf2010bc'),
 ('409', '414', 'en_us', 'Summa Diversity Report', NULL, NULL, NULL, NULL, NULL, NULL, '', NULL, NULL, NULL, NULL, NULL, NULL, NULL, NULL, NULL, NULL, NULL, NULL, NULL, NULL, NULL, NULL, NULL, NULL, NULL, NULL, NULL, NULL, NULL, NULL, NULL, NULL, NULL, NULL, NULL, NULL, NULL, NULL, NULL, NULL, NULL, NULL, NULL, NULL, NULL, NULL, NULL, NULL, NULL, NULL, NULL, NULL, '', NULL, NULL, NULL, NULL, NULL, NULL, NULL, NULL, '0', NULL, '2016-01-05 21:15:14', '2016-01-12 17:27:24', '6962aa51-9c75-49f2-9aa3-dfefa51276a3'),
 ('410', '415', 'en_us', 'Ametek Print Pieces', NULL, NULL, NULL, NULL, NULL, NULL, '', NULL, NULL, NULL, NULL, NULL, NULL, NULL, NULL, NULL, NULL, NULL, NULL, NULL, NULL, NULL, NULL, NULL, NULL, NULL, NULL, NULL, NULL, NULL, NULL, NULL, NULL, NULL, NULL, NULL, NULL, NULL, NULL, NULL, NULL, NULL, NULL, NULL, NULL, NULL, NULL, NULL, NULL, NULL, NULL, NULL, NULL, '', NULL, NULL, NULL, NULL, NULL, NULL, NULL, NULL, '0', NULL, '2016-01-05 21:16:36', '2016-01-12 20:01:37', 'a9eb3959-86f1-49d8-917e-65ed0d7accfd'),
 ('411', '416', 'en_us', 'Athletics Posters/Billboards/Schedules', NULL, NULL, NULL, NULL, NULL, NULL, '', NULL, NULL, NULL, NULL, NULL, NULL, NULL, NULL, NULL, NULL, NULL, NULL, NULL, NULL, NULL, NULL, NULL, NULL, NULL, NULL, NULL, NULL, NULL, NULL, NULL, NULL, NULL, NULL, NULL, NULL, NULL, NULL, NULL, NULL, NULL, NULL, NULL, NULL, NULL, NULL, NULL, NULL, NULL, NULL, NULL, NULL, '', NULL, NULL, NULL, NULL, NULL, NULL, NULL, NULL, '0', NULL, '2016-01-05 21:17:03', '2016-01-12 20:02:33', 'aac19410-bc7e-4bae-833b-f9c4dd6c2d05'),
 ('412', '417', 'en_us', 'Boathouse Postcards/Email Newsletters', NULL, NULL, NULL, NULL, NULL, NULL, '', NULL, NULL, NULL, NULL, NULL, NULL, NULL, NULL, NULL, NULL, NULL, NULL, NULL, NULL, NULL, NULL, NULL, NULL, NULL, NULL, NULL, NULL, NULL, NULL, NULL, NULL, NULL, NULL, NULL, NULL, NULL, NULL, NULL, NULL, NULL, NULL, NULL, NULL, NULL, NULL, NULL, NULL, NULL, NULL, NULL, NULL, '', NULL, NULL, NULL, NULL, NULL, NULL, NULL, NULL, '0', NULL, '2016-01-05 21:17:46', '2016-01-12 17:29:32', '51f58722-d768-4189-b62c-ad5bb777d15f'),
 ('413', '418', 'en_us', 'Consumer\'s National Bank', NULL, NULL, NULL, NULL, NULL, NULL, '', NULL, NULL, NULL, NULL, NULL, NULL, NULL, NULL, NULL, NULL, NULL, NULL, NULL, NULL, NULL, NULL, NULL, NULL, NULL, NULL, NULL, NULL, NULL, NULL, NULL, NULL, NULL, NULL, NULL, NULL, NULL, NULL, NULL, NULL, NULL, NULL, NULL, NULL, NULL, NULL, NULL, NULL, NULL, NULL, NULL, NULL, '', NULL, NULL, NULL, NULL, NULL, NULL, NULL, NULL, '0', NULL, '2016-01-05 21:18:30', '2016-01-12 17:30:12', 'b46637b8-bee2-432b-bf5d-36d8d26cae54'),
 ('414', '419', 'en_us', 'Career Expo', NULL, NULL, NULL, NULL, NULL, NULL, '', NULL, NULL, NULL, NULL, NULL, NULL, NULL, NULL, NULL, NULL, NULL, NULL, NULL, NULL, NULL, NULL, NULL, NULL, NULL, NULL, NULL, NULL, NULL, NULL, NULL, NULL, NULL, NULL, NULL, NULL, NULL, NULL, NULL, NULL, NULL, NULL, NULL, NULL, NULL, NULL, NULL, NULL, NULL, NULL, NULL, NULL, '', NULL, NULL, NULL, NULL, NULL, NULL, NULL, NULL, '0', NULL, '2016-01-05 21:18:57', '2016-01-12 20:03:29', 'e09d5149-67ec-4d93-bfc7-69d346fb2a31'),
 ('415', '420', 'en_us', 'Schneller Environmental Design', NULL, NULL, NULL, NULL, NULL, NULL, '', NULL, NULL, NULL, NULL, NULL, NULL, NULL, NULL, NULL, NULL, NULL, NULL, NULL, NULL, NULL, NULL, NULL, NULL, NULL, NULL, NULL, NULL, NULL, NULL, NULL, NULL, NULL, NULL, NULL, NULL, NULL, NULL, NULL, NULL, NULL, NULL, NULL, NULL, NULL, NULL, NULL, NULL, NULL, NULL, NULL, NULL, '', NULL, NULL, NULL, NULL, NULL, NULL, NULL, NULL, '0', NULL, '2016-01-05 21:20:47', '2016-01-12 17:37:06', '02bd4d11-cba3-40d0-92d5-76b385d320da'),
 ('416', '421', 'en_us', 'Teleproductions Promotional Items', NULL, NULL, NULL, NULL, NULL, NULL, '', NULL, NULL, NULL, NULL, NULL, NULL, NULL, NULL, NULL, NULL, NULL, NULL, NULL, NULL, NULL, NULL, NULL, NULL, NULL, NULL, NULL, NULL, NULL, NULL, NULL, NULL, NULL, NULL, NULL, NULL, NULL, NULL, NULL, NULL, NULL, NULL, NULL, NULL, NULL, NULL, NULL, NULL, NULL, NULL, NULL, NULL, '', NULL, NULL, NULL, NULL, NULL, NULL, NULL, NULL, '0', NULL, '2016-01-05 21:21:22', '2016-01-12 17:35:18', '4e03f0a5-9670-49de-9a70-28cc2e1859fb'),
 ('417', '422', 'en_us', 'Orientation Video', NULL, NULL, NULL, NULL, NULL, NULL, '', NULL, NULL, NULL, NULL, NULL, NULL, NULL, NULL, NULL, NULL, NULL, NULL, NULL, NULL, NULL, NULL, NULL, NULL, NULL, NULL, NULL, NULL, NULL, NULL, NULL, NULL, NULL, NULL, NULL, NULL, NULL, NULL, NULL, NULL, NULL, NULL, NULL, NULL, NULL, NULL, NULL, NULL, NULL, NULL, NULL, NULL, '', NULL, NULL, NULL, NULL, NULL, NULL, NULL, NULL, '0', NULL, '2016-01-05 21:21:40', '2016-01-12 17:34:11', '1fa4e47f-b8ac-4e54-bb7b-12d396721206'),
 ('418', '423', 'en_us', 'Brendan Bennett', NULL, 'Account Manger/Copywriter', '', '', '', '', NULL, NULL, NULL, NULL, NULL, NULL, NULL, NULL, NULL, NULL, NULL, NULL, NULL, NULL, NULL, NULL, NULL, NULL, NULL, NULL, NULL, NULL, NULL, NULL, NULL, NULL, NULL, NULL, NULL, NULL, NULL, NULL, NULL, NULL, NULL, NULL, NULL, NULL, NULL, 'Advertising', NULL, NULL, NULL, NULL, NULL, NULL, NULL, NULL, NULL, NULL, NULL, NULL, NULL, NULL, 'Bennett', 'Brendan', '1', NULL, '2016-01-05 21:25:15', '2016-01-08 17:33:20', 'a862ac05-e14c-49e6-88b5-459888f21dcf'),
 ('419', '424', 'en_us', 'Andrew Keller', NULL, 'Photographer', 'akeller@ideabasekent.com', '', '', '', NULL, NULL, NULL, NULL, NULL, NULL, NULL, NULL, NULL, NULL, NULL, NULL, NULL, NULL, NULL, NULL, NULL, NULL, NULL, NULL, NULL, NULL, NULL, NULL, NULL, NULL, NULL, NULL, NULL, NULL, NULL, NULL, NULL, NULL, NULL, NULL, NULL, NULL, NULL, 'Journalism and Mass Communication', NULL, NULL, NULL, NULL, NULL, NULL, NULL, NULL, NULL, NULL, NULL, NULL, NULL, NULL, 'Keller', 'Andrew', '1', NULL, '2016-01-08 17:33:08', '2016-01-08 17:33:08', '38bcc4a7-6a28-4dfe-9e51-b1cda07df6a4'),
 ('420', '425', 'en_us', 'Chelsea Graff', NULL, '', '', '', '', '', NULL, NULL, NULL, NULL, NULL, NULL, NULL, NULL, NULL, NULL, NULL, NULL, NULL, NULL, NULL, NULL, NULL, NULL, NULL, NULL, NULL, NULL, NULL, NULL, NULL, NULL, NULL, NULL, NULL, NULL, NULL, NULL, NULL, NULL, NULL, NULL, NULL, NULL, NULL, '', NULL, NULL, NULL, NULL, NULL, NULL, NULL, NULL, NULL, NULL, NULL, NULL, NULL, NULL, 'Graff', 'Chelsea', '1', NULL, '2016-01-08 17:39:43', '2016-01-08 17:39:43', '05480cd1-11e7-4ceb-b9cf-e1d0ec7b228b'),
 ('421', '426', 'en_us', 'Francesca Demming', NULL, '', '', '', '', '', NULL, NULL, NULL, NULL, NULL, NULL, NULL, NULL, NULL, NULL, NULL, NULL, NULL, NULL, NULL, NULL, NULL, NULL, NULL, NULL, NULL, NULL, NULL, NULL, NULL, NULL, NULL, NULL, NULL, NULL, NULL, NULL, NULL, NULL, NULL, NULL, NULL, NULL, NULL, '', NULL, NULL, NULL, NULL, NULL, NULL, NULL, NULL, NULL, NULL, NULL, NULL, NULL, NULL, 'Demming', 'Francesca', '1', NULL, '2016-01-08 17:42:21', '2016-01-08 17:42:21', '864a56c2-caad-4632-b2af-befff82e491e'),
 ('422', '427', 'en_us', 'Joe Dister', NULL, 'Web Developer', '', '', '', '', NULL, NULL, NULL, NULL, NULL, NULL, NULL, NULL, NULL, NULL, NULL, NULL, NULL, NULL, NULL, NULL, NULL, NULL, NULL, NULL, NULL, NULL, NULL, NULL, NULL, NULL, NULL, NULL, NULL, NULL, NULL, NULL, NULL, NULL, NULL, NULL, NULL, NULL, NULL, 'Computer Information Systems, Computer Science', NULL, NULL, NULL, NULL, NULL, NULL, NULL, NULL, NULL, NULL, NULL, NULL, NULL, NULL, 'Dister', 'Joe', '1', NULL, '2016-01-08 17:44:33', '2016-01-08 17:46:37', '5a45ad85-cc1e-4a8f-9cbe-c5d88502c452'),
 ('423', '428', 'en_us', 'Summa Health', NULL, NULL, NULL, NULL, NULL, NULL, NULL, NULL, NULL, NULL, NULL, NULL, NULL, NULL, NULL, NULL, NULL, '', '', NULL, NULL, NULL, NULL, NULL, NULL, NULL, NULL, NULL, NULL, NULL, NULL, NULL, NULL, NULL, NULL, NULL, NULL, NULL, NULL, NULL, NULL, NULL, NULL, NULL, NULL, NULL, NULL, NULL, NULL, NULL, NULL, NULL, NULL, NULL, NULL, NULL, NULL, NULL, NULL, NULL, NULL, NULL, '0', NULL, '2016-01-12 17:27:12', '2016-01-12 17:27:12', '5c8dbcc2-1701-4ae5-8c07-374348a1830b'),
 ('424', '429', 'en_us', 'Ametek', NULL, NULL, NULL, NULL, NULL, NULL, NULL, NULL, NULL, NULL, NULL, NULL, NULL, NULL, NULL, NULL, NULL, '', '', NULL, NULL, NULL, NULL, NULL, NULL, NULL, NULL, NULL, NULL, NULL, NULL, NULL, NULL, NULL, NULL, NULL, NULL, NULL, NULL, NULL, NULL, NULL, NULL, NULL, NULL, NULL, NULL, NULL, NULL, NULL, NULL, NULL, NULL, NULL, NULL, NULL, NULL, NULL, NULL, NULL, NULL, NULL, '0', NULL, '2016-01-12 17:27:52', '2016-01-12 17:27:52', '3aefb39a-2d9c-4dbf-a580-37fb806d1a7d'),
 ('425', '430', 'en_us', 'Boathouse', NULL, NULL, NULL, NULL, NULL, NULL, NULL, NULL, NULL, NULL, NULL, NULL, NULL, NULL, NULL, NULL, NULL, '', '', NULL, NULL, NULL, NULL, NULL, NULL, NULL, NULL, NULL, NULL, NULL, NULL, NULL, NULL, NULL, NULL, NULL, NULL, NULL, NULL, NULL, NULL, NULL, NULL, NULL, NULL, NULL, NULL, NULL, NULL, NULL, NULL, NULL, NULL, NULL, NULL, NULL, NULL, NULL, NULL, NULL, NULL, NULL, '0', NULL, '2016-01-12 17:29:28', '2016-01-12 17:29:28', 'eec5b11e-92ce-468f-b417-7464a6b78882'),
 ('426', '431', 'en_us', 'Consumer\'s National Bank', NULL, NULL, NULL, NULL, NULL, NULL, NULL, NULL, NULL, NULL, NULL, NULL, NULL, NULL, NULL, NULL, NULL, '', '', NULL, NULL, NULL, NULL, NULL, NULL, NULL, NULL, NULL, NULL, NULL, NULL, NULL, NULL, NULL, NULL, NULL, NULL, NULL, NULL, NULL, NULL, NULL, NULL, NULL, NULL, NULL, NULL, NULL, NULL, NULL, NULL, NULL, NULL, NULL, NULL, NULL, NULL, NULL, NULL, NULL, NULL, NULL, '0', NULL, '2016-01-12 17:30:03', '2016-01-12 17:30:03', 'e5b335bf-a08f-4d5f-89ac-ec67fda83b8a'),
 ('427', '432', 'en_us', 'Teleproduction', NULL, NULL, NULL, NULL, NULL, NULL, NULL, NULL, NULL, NULL, NULL, NULL, NULL, NULL, NULL, NULL, NULL, '', '', NULL, NULL, NULL, NULL, NULL, NULL, NULL, NULL, NULL, NULL, NULL, NULL, NULL, NULL, NULL, NULL, NULL, NULL, NULL, NULL, NULL, NULL, NULL, NULL, NULL, NULL, NULL, NULL, NULL, NULL, NULL, NULL, NULL, NULL, NULL, NULL, NULL, NULL, NULL, NULL, NULL, NULL, NULL, '0', NULL, '2016-01-12 17:35:14', '2016-01-12 17:35:14', '97881aac-f427-4591-bf34-0fc89f65b063'),
 ('428', '433', 'en_us', 'Environmental', NULL, NULL, NULL, NULL, NULL, NULL, NULL, NULL, NULL, NULL, NULL, NULL, NULL, NULL, NULL, NULL, NULL, NULL, NULL, NULL, NULL, NULL, NULL, NULL, NULL, NULL, NULL, NULL, NULL, NULL, NULL, NULL, NULL, NULL, NULL, NULL, NULL, NULL, NULL, NULL, NULL, NULL, NULL, NULL, NULL, NULL, NULL, NULL, NULL, NULL, NULL, NULL, NULL, NULL, NULL, NULL, NULL, NULL, NULL, NULL, NULL, NULL, '0', NULL, '2016-01-12 17:36:17', '2016-01-12 17:36:17', '4332853a-0506-4e7e-943a-46335428b2e9'),
 ('429', '434', 'en_us', 'Ashley Kozak', NULL, 'Designer', '', '', '', '', NULL, NULL, NULL, NULL, NULL, NULL, NULL, NULL, NULL, NULL, NULL, NULL, NULL, NULL, NULL, NULL, NULL, NULL, NULL, NULL, NULL, NULL, NULL, NULL, NULL, NULL, NULL, NULL, NULL, NULL, NULL, NULL, NULL, NULL, NULL, NULL, NULL, NULL, NULL, '', NULL, NULL, NULL, NULL, NULL, NULL, NULL, NULL, NULL, NULL, NULL, NULL, NULL, NULL, 'Kozak', 'Ashley', '1', NULL, '2016-01-12 17:38:25', '2016-01-12 17:38:25', '82264f90-fb51-4763-87b8-2e62ef2e72e6'),
 ('430', '435', 'en_us', 'Laura King', NULL, 'UX Designer', '', '', '', '', NULL, NULL, NULL, NULL, NULL, NULL, NULL, NULL, NULL, NULL, NULL, NULL, NULL, NULL, NULL, NULL, NULL, NULL, NULL, NULL, NULL, NULL, NULL, NULL, NULL, NULL, NULL, NULL, NULL, NULL, NULL, NULL, NULL, NULL, NULL, NULL, NULL, NULL, NULL, '', NULL, NULL, NULL, NULL, NULL, NULL, NULL, NULL, NULL, NULL, NULL, NULL, NULL, NULL, 'King', 'Laura', '1', NULL, '2016-01-12 17:39:57', '2016-01-12 17:39:57', 'de7c88b0-ce21-40f3-9440-3dbe8777e504'),
 ('431', '436', 'en_us', 'Tyler Shaw', NULL, '', '', '', '', '', NULL, NULL, NULL, NULL, NULL, NULL, NULL, NULL, NULL, NULL, NULL, NULL, NULL, NULL, NULL, NULL, NULL, NULL, NULL, NULL, NULL, NULL, NULL, NULL, NULL, NULL, NULL, NULL, NULL, NULL, NULL, NULL, NULL, NULL, NULL, NULL, NULL, NULL, NULL, '', NULL, NULL, NULL, NULL, NULL, NULL, NULL, NULL, NULL, NULL, NULL, NULL, NULL, NULL, 'Shaw', 'Tyler', '1', NULL, '2016-01-12 17:41:24', '2016-01-12 17:41:24', '09d13378-f3e8-4260-8482-c8286de92df2'),
 ('432', '439', 'en_us', 'Megan Johnson', NULL, 'Designer', '', '', '', '', NULL, NULL, NULL, NULL, NULL, NULL, NULL, NULL, NULL, NULL, NULL, NULL, NULL, NULL, NULL, NULL, NULL, NULL, NULL, NULL, NULL, NULL, NULL, NULL, NULL, NULL, NULL, NULL, NULL, NULL, NULL, NULL, NULL, NULL, NULL, NULL, NULL, NULL, NULL, 'Visual Communication Design', NULL, NULL, NULL, NULL, NULL, NULL, NULL, NULL, NULL, NULL, NULL, NULL, NULL, NULL, 'Megan Johnson', 'Megan ', '1', NULL, '2016-01-14 18:17:22', '2016-01-14 18:17:22', '2d222a26-c947-45ed-9530-1d3d93a97064'),
 ('433', '440', 'en_us', 'Trista Finch', NULL, 'High School Intern', '', '', '', '', NULL, NULL, NULL, NULL, NULL, NULL, NULL, NULL, NULL, NULL, NULL, NULL, NULL, NULL, NULL, NULL, NULL, NULL, NULL, NULL, NULL, NULL, NULL, NULL, NULL, NULL, NULL, NULL, NULL, NULL, NULL, NULL, NULL, NULL, NULL, NULL, NULL, NULL, NULL, '', NULL, NULL, NULL, NULL, NULL, NULL, NULL, NULL, NULL, NULL, NULL, NULL, NULL, NULL, 'Finch', 'Trista', '0', NULL, '2016-01-14 18:21:18', '2016-01-14 18:21:18', '4336bf23-ef7c-4cbb-9abc-0567e9faa020'),
 ('434', '441', 'en_us', 'Elena Rounsley', NULL, 'Student Intern', '', '', '', '', NULL, NULL, NULL, NULL, NULL, NULL, NULL, NULL, NULL, NULL, NULL, NULL, NULL, NULL, NULL, NULL, NULL, NULL, NULL, NULL, NULL, NULL, NULL, NULL, NULL, NULL, NULL, NULL, NULL, NULL, NULL, NULL, NULL, NULL, NULL, NULL, NULL, NULL, NULL, '', NULL, NULL, NULL, NULL, NULL, NULL, NULL, NULL, NULL, NULL, NULL, NULL, NULL, NULL, 'Rounsley', 'Elena', '1', NULL, '2016-01-14 18:22:55', '2016-01-14 18:22:55', '3b4b4c6f-ddf6-4674-b2d1-62cd16efabc4'),
 ('435', '442', 'en_us', 'Ashley Kozak', NULL, '', '', '', '', '', NULL, NULL, NULL, NULL, NULL, NULL, NULL, NULL, NULL, NULL, NULL, NULL, NULL, NULL, NULL, NULL, NULL, NULL, NULL, NULL, NULL, NULL, NULL, NULL, NULL, NULL, NULL, NULL, NULL, NULL, NULL, NULL, NULL, NULL, NULL, NULL, NULL, NULL, NULL, '', NULL, NULL, NULL, NULL, NULL, NULL, NULL, NULL, NULL, NULL, NULL, NULL, NULL, NULL, 'Kozak', 'Ashley', '1', NULL, '2016-01-14 18:24:16', '2016-01-14 18:24:16', '653ce1bb-c9cd-4f66-a4c1-c4f8a0a25be0'),
 ('437', '448', 'en_us', 'Ux', NULL, NULL, NULL, NULL, NULL, NULL, NULL, NULL, NULL, NULL, NULL, NULL, NULL, NULL, NULL, NULL, NULL, NULL, NULL, NULL, NULL, NULL, NULL, NULL, NULL, NULL, NULL, NULL, NULL, NULL, NULL, NULL, NULL, NULL, NULL, NULL, NULL, NULL, NULL, NULL, NULL, NULL, NULL, NULL, NULL, NULL, NULL, NULL, NULL, NULL, NULL, NULL, NULL, NULL, NULL, NULL, NULL, NULL, NULL, NULL, NULL, NULL, '0', NULL, '2016-01-15 15:50:11', '2016-01-15 16:11:32', 'ff0f8324-a42a-45da-816e-120b12f141cd'),
 ('438', '449', 'en_us', 'User Experience Testing Lab', NULL, NULL, NULL, NULL, NULL, NULL, NULL, NULL, NULL, NULL, NULL, NULL, NULL, NULL, NULL, NULL, NULL, NULL, NULL, NULL, NULL, NULL, NULL, NULL, NULL, NULL, NULL, NULL, NULL, NULL, NULL, NULL, NULL, NULL, NULL, NULL, NULL, NULL, NULL, NULL, NULL, NULL, NULL, NULL, NULL, NULL, NULL, NULL, NULL, NULL, NULL, NULL, NULL, NULL, NULL, NULL, NULL, NULL, NULL, NULL, NULL, NULL, '0', '<p>We proudly manage our own in-house User Experience Testing Lab. This on-site lab complements our design services by offering clients the ability to test their products using our advanced research equipment. The lab is operated by an experienced User Experience Designer and a team of graduate students from Kent State’s renowned User Experience Design master’s program.</p>', '2016-01-15 15:50:35', '2016-01-15 16:11:36', '68b45a48-b94e-4d29-9559-b4e2836f1fce');



DROP TABLE IF EXISTS `craft_deprecationerrors`;


--
-- Schema for table `craft_deprecationerrors`
--
CREATE TABLE `craft_deprecationerrors` (
  `id` int(11) NOT NULL AUTO_INCREMENT,
  `key` varchar(255) COLLATE utf8_unicode_ci NOT NULL,
  `fingerprint` varchar(255) COLLATE utf8_unicode_ci NOT NULL,
  `lastOccurrence` datetime NOT NULL,
  `file` varchar(255) COLLATE utf8_unicode_ci NOT NULL,
  `line` smallint(6) unsigned NOT NULL,
  `class` varchar(255) COLLATE utf8_unicode_ci DEFAULT NULL,
  `method` varchar(255) COLLATE utf8_unicode_ci DEFAULT NULL,
  `template` varchar(255) COLLATE utf8_unicode_ci DEFAULT NULL,
  `templateLine` smallint(6) unsigned DEFAULT NULL,
  `message` varchar(255) COLLATE utf8_unicode_ci DEFAULT NULL,
  `traces` text COLLATE utf8_unicode_ci,
  `dateCreated` datetime NOT NULL,
  `dateUpdated` datetime NOT NULL,
  `uid` char(36) COLLATE utf8_unicode_ci NOT NULL DEFAULT '0',
  PRIMARY KEY (`id`),
  UNIQUE KEY `craft_deprecationerrors_key_fingerprint_unq_idx` (`key`,`fingerprint`)
) ENGINE=InnoDB DEFAULT CHARSET=utf8 COLLATE=utf8_unicode_ci;

DROP TABLE IF EXISTS `craft_elementindexsettings`;


--
-- Schema for table `craft_elementindexsettings`
--
CREATE TABLE `craft_elementindexsettings` (
  `id` int(11) NOT NULL AUTO_INCREMENT,
  `type` varchar(150) COLLATE utf8_unicode_ci NOT NULL,
  `settings` text COLLATE utf8_unicode_ci,
  `dateCreated` datetime NOT NULL,
  `dateUpdated` datetime NOT NULL,
  `uid` char(36) COLLATE utf8_unicode_ci NOT NULL DEFAULT '0',
  PRIMARY KEY (`id`),
  UNIQUE KEY `craft_elementindexsettings_type_unq_idx` (`type`)
) ENGINE=InnoDB AUTO_INCREMENT=2 DEFAULT CHARSET=utf8 COLLATE=utf8_unicode_ci;

--
-- Data for table `craft_elementindexsettings`
--

INSERT INTO `craft_elementindexsettings` (`id`, `type`, `settings`, `dateCreated`, `dateUpdated`, `uid`) VALUES
 ('1', 'Asset', '{\"sources\":{\"folder:1\":{\"tableAttributes\":{\"1\":\"filename\",\"2\":\"size\",\"3\":\"dateModified\",\"4\":\"kind\",\"5\":\"imageSize\"}}}}', '2015-12-14 22:09:45', '2015-12-14 22:09:45', '5ae90f18-3eaf-46d7-907d-a9e28ca088aa');



DROP TABLE IF EXISTS `craft_elements`;


--
-- Schema for table `craft_elements`
--
CREATE TABLE `craft_elements` (
  `id` int(11) NOT NULL AUTO_INCREMENT,
  `type` varchar(150) COLLATE utf8_unicode_ci NOT NULL,
  `enabled` tinyint(1) unsigned NOT NULL DEFAULT '1',
  `archived` tinyint(1) unsigned NOT NULL DEFAULT '0',
  `dateCreated` datetime NOT NULL,
  `dateUpdated` datetime NOT NULL,
  `uid` char(36) COLLATE utf8_unicode_ci NOT NULL DEFAULT '0',
  PRIMARY KEY (`id`),
  KEY `craft_elements_type_idx` (`type`),
  KEY `craft_elements_enabled_idx` (`enabled`),
  KEY `craft_elements_archived_dateCreated_idx` (`archived`,`dateCreated`)
) ENGINE=InnoDB AUTO_INCREMENT=451 DEFAULT CHARSET=utf8 COLLATE=utf8_unicode_ci;

--
-- Data for table `craft_elements`
--

INSERT INTO `craft_elements` (`id`, `type`, `enabled`, `archived`, `dateCreated`, `dateUpdated`, `uid`) VALUES
 ('1', 'User', '1', '0', '2015-09-18 13:02:10', '2015-11-10 19:42:58', '25f020c6-ec8f-4c84-935c-9d5b009c9e28'),
 ('2', 'Entry', '1', '0', '2015-09-18 13:02:12', '2015-12-17 19:34:26', 'd1cdeaaa-042d-4354-9788-e294620ce809'),
 ('3', 'Entry', '1', '0', '2015-09-18 13:02:13', '2015-09-18 13:02:13', '8ae99cd4-a3e5-4a29-abdd-8bdc19626d4b'),
 ('5', 'Category', '1', '0', '2015-09-18 13:28:28', '2015-09-18 13:28:28', 'b0c46c32-e9e2-4d76-81e9-a608083cd27e'),
 ('6', 'Category', '1', '0', '2015-09-18 13:28:41', '2015-09-18 13:28:41', 'd4aced96-ba21-46e1-aed1-ca878dc3f59d'),
 ('7', 'Category', '1', '0', '2015-09-18 13:28:57', '2015-09-18 13:28:57', 'f423bc11-d46d-4649-94c3-f79fc74897ac'),
 ('8', 'Category', '1', '0', '2015-09-18 13:29:09', '2015-09-18 13:29:09', '7863fe49-a589-4c62-80be-a921ef34278c'),
 ('67', 'Entry', '1', '0', '2015-09-18 14:03:06', '2016-01-12 19:49:22', '6ebe177d-e7af-4733-b7a0-703eff2a3c07'),
 ('73', 'Entry', '1', '0', '2015-09-22 13:27:28', '2015-12-29 16:57:57', '91cf94e5-8851-4483-bb3b-8b2726bdf56a'),
 ('75', 'Entry', '1', '0', '2015-09-22 14:33:18', '2015-11-06 15:45:44', 'f5e7d894-64ff-402e-8b4b-8004a1b19c53'),
 ('77', 'Entry', '1', '0', '2015-09-22 14:36:49', '2015-09-22 14:36:49', 'a023045f-bdfd-4140-bb83-8616fe628815'),
 ('79', 'Entry', '1', '0', '2015-09-22 14:37:54', '2015-09-22 14:37:54', 'c68f9438-9a09-452d-aa1c-9c58d6490e0b'),
 ('80', 'Entry', '1', '0', '2015-09-23 00:27:55', '2016-01-14 18:17:45', 'c268c322-f652-4fee-89e0-ddd5bda047f2'),
 ('81', 'Entry', '1', '0', '2015-09-23 00:37:27', '2015-11-06 15:33:45', 'ef13a0c5-132a-455b-ab41-207bad1c22f6'),
 ('87', 'User', '1', '0', '2015-09-29 14:15:13', '2015-09-29 14:15:27', '68aa4508-508f-4ffa-b718-ff24f1734c5f'),
 ('89', 'GlobalSet', '1', '0', '2015-09-29 14:19:07', '2016-01-15 15:40:35', '04db2fb2-4ddd-49f8-93ed-27cea448bf04'),
 ('90', 'GlobalSet', '1', '0', '2015-09-29 14:19:11', '2016-01-04 02:23:11', '02184d34-0a71-454a-9a1e-0776a294ea58'),
 ('95', 'Entry', '1', '0', '2015-10-02 22:53:33', '2015-10-06 15:25:31', 'bef3d145-aaa8-420d-8ad2-ed976e6a2f26'),
 ('96', 'Entry', '1', '0', '2015-10-02 22:53:48', '2015-10-06 15:25:44', 'a496f5f8-2f13-4481-86a9-a48c2650e7f3'),
 ('97', 'Entry', '1', '0', '2015-10-02 22:53:59', '2015-10-06 15:25:58', '9b42dd9e-0aaf-402b-a66a-e1fb3144b2f6'),
 ('108', 'Entry', '1', '0', '2015-10-06 14:08:01', '2015-12-17 19:35:36', '1f3414eb-0de2-49c5-b88b-6bae566ee8aa'),
 ('109', 'Entry', '1', '0', '2015-10-06 14:37:07', '2015-12-17 19:53:40', '60efea53-9fdd-4342-a3d3-d25e33abfde1'),
 ('119', 'Entry', '1', '0', '2015-10-22 17:54:18', '2015-12-17 19:31:17', '728c760d-e799-4244-b02f-faed7a553599'),
 ('120', 'Entry', '1', '0', '2015-10-22 17:54:56', '2015-12-17 19:31:24', '14175b5e-09dd-4abf-bc3e-d026504bebd2'),
 ('122', 'Category', '1', '0', '2015-10-30 14:05:25', '2015-10-30 14:05:25', '9667e14f-31ca-4218-b05f-5a868d4d2a13'),
 ('123', 'Category', '1', '0', '2015-10-30 14:05:39', '2015-10-30 14:05:46', '2a3aa843-5a03-4adb-98f7-5942591ebf9c'),
 ('125', 'Entry', '1', '0', '2015-10-30 14:14:18', '2016-01-14 18:24:27', 'dfc544f6-e2c4-42bc-ba56-030a7b972410'),
 ('127', 'GlobalSet', '1', '0', '2015-10-30 15:17:55', '2015-12-08 20:49:36', 'f1d7861e-3eb8-41aa-bc61-b19ee7db3d0e'),
 ('129', 'MatrixBlock', '1', '0', '2015-10-30 15:46:46', '2015-12-08 20:49:36', '6835d748-e967-4b96-b703-12407827b9ee'),
 ('130', 'MatrixBlock', '1', '0', '2015-10-30 16:07:20', '2015-12-08 20:49:36', '842ee174-96d2-410d-a358-f18fc0bcbe92'),
 ('131', 'Entry', '1', '0', '2015-11-05 15:00:59', '2015-12-29 19:08:50', '81edc464-60b1-473b-89bf-846088678ad2'),
 ('132', 'Entry', '1', '0', '2015-11-05 15:05:05', '2015-12-29 19:09:07', '0ad50dec-6113-4522-b6c4-e8887a615837'),
 ('146', 'Entry', '1', '0', '2015-11-05 16:19:13', '2016-01-14 18:33:50', '0d07423c-77af-42b2-ae07-aa00c0894bea'),
 ('147', 'Entry', '1', '0', '2015-11-05 22:26:26', '2015-12-29 16:28:14', '38e4f462-3207-4c6c-b755-4efe80480102'),
 ('148', 'Entry', '1', '0', '2015-11-06 14:19:01', '2015-12-17 19:35:17', '85b3cbd9-010c-45d3-9609-70c55e2f3354'),
 ('149', 'Entry', '1', '0', '2015-11-10 17:15:08', '2015-12-17 19:31:53', '47ee2895-f97e-43c6-8ae0-4a8468e5b685'),
 ('150', 'User', '1', '0', '2015-11-10 19:43:11', '2015-12-17 15:22:19', 'bdfad809-796e-4ad7-878e-7f24998cb847'),
 ('175', 'Category', '1', '0', '2015-11-24 15:14:45', '2015-11-24 15:14:45', '68eec5e4-f2d3-46b5-aff5-889cf0155d2a'),
 ('176', 'Category', '1', '0', '2015-11-24 15:14:53', '2015-11-24 15:14:53', '02011a03-89f1-4c76-adfc-ea37975426ea'),
 ('177', 'Category', '1', '0', '2015-11-24 15:14:58', '2015-11-24 15:14:58', '67ad7b7e-99fb-4799-ab97-8306f299f0b8'),
 ('178', 'Category', '1', '0', '2015-11-24 15:15:09', '2015-11-24 15:15:09', 'bed04a00-98c8-4544-b226-d16f60b08392'),
 ('179', 'Category', '1', '0', '2015-11-24 15:15:17', '2015-11-24 15:15:17', '39cf602f-bd8f-40cc-a756-aa7d84f16d1e'),
 ('180', 'Category', '1', '0', '2015-11-24 15:15:27', '2015-11-24 15:15:27', '723f37a3-d815-4627-8552-a48ca0a1b602'),
 ('181', 'Category', '1', '0', '2015-11-24 15:15:36', '2015-11-24 15:15:36', '68da9cbe-c286-4957-bb8d-8c907f4bb056'),
 ('182', 'Entry', '1', '0', '2015-11-24 15:27:14', '2015-11-24 15:28:52', 'b9ddcb37-3c8e-47e6-8d33-a28c786cb85c'),
 ('183', 'MatrixBlock', '1', '0', '2015-12-03 20:37:02', '2015-12-17 19:53:40', '49032047-7cdf-4a25-8734-e70accddcdbd'),
 ('184', 'MatrixBlock', '1', '0', '2015-12-03 20:37:02', '2015-12-17 19:53:40', 'a01770a1-d8f3-4752-a983-d97310e3367c'),
 ('185', 'MatrixBlock', '1', '0', '2015-12-03 20:37:02', '2015-12-17 19:53:40', '9e8e8456-917e-45ff-8d1c-57a90de90a0c'),
 ('190', 'Entry', '1', '0', '2015-12-14 20:31:22', '2015-12-14 20:33:01', '7ae2726b-bb63-4a24-b194-b4742f1a255b'),
 ('202', 'GlobalSet', '1', '0', '2015-12-15 20:17:43', '2015-12-17 19:42:19', '55755ff0-1b8e-410c-9f63-8f7da354b176'),
 ('204', 'User', '1', '0', '2015-12-17 15:10:35', '2015-12-17 15:10:35', '1cb35e19-7113-40a9-8b9c-bc0715e29c25'),
 ('205', 'User', '1', '0', '2015-12-17 15:23:34', '2015-12-17 15:23:34', 'b8d1bd66-b91a-49c5-a65c-1d74f6cb6365'),
 ('206', 'Entry', '1', '0', '2015-12-17 15:33:23', '2015-12-29 17:10:21', '96fe334c-f596-4ba2-8f16-53c5516a31dd'),
 ('207', 'Asset', '1', '0', '2015-12-17 16:36:13', '2016-01-02 18:55:13', '10366d9d-4149-4a8f-8c3f-5a341c2e08df'),
 ('213', 'Entry', '1', '0', '2015-12-17 18:22:57', '2015-12-29 16:24:03', '5cdf66d5-8380-4e6d-a990-2a0ec51d66f2'),
 ('215', 'Asset', '1', '0', '2015-12-17 18:38:33', '2016-01-02 18:55:14', '4049f659-f4eb-4b94-bd9a-20f98d843164'),
 ('234', 'Entry', '1', '0', '2015-12-17 18:59:03', '2015-12-29 16:26:08', '454bb46b-6f0d-49a2-a960-362d19ed59ff'),
 ('236', 'Entry', '1', '0', '2015-12-17 18:59:45', '2015-12-29 16:28:56', '0757204a-92b5-473d-90d0-484238dc7e31'),
 ('239', 'Asset', '1', '0', '2015-12-17 19:17:44', '2016-01-02 18:55:08', '82d72024-286f-4716-be22-99071575440a'),
 ('240', 'Asset', '1', '0', '2015-12-17 19:19:02', '2016-01-02 18:55:09', 'aa558462-5261-40db-8bdd-56909d0593b5'),
 ('241', 'Asset', '1', '0', '2015-12-17 19:19:15', '2016-01-02 18:54:48', '5deaaeb8-1cea-4f58-9e51-463e72c6531c'),
 ('242', 'Asset', '1', '0', '2015-12-17 19:19:21', '2016-01-02 18:54:48', 'c067a4f8-19a0-4df0-a11e-a1d673620ff3'),
 ('243', 'Asset', '1', '0', '2015-12-17 19:19:28', '2016-01-02 18:55:23', 'd72a11ff-3632-4400-8d9c-112d65864e13'),
 ('244', 'Asset', '1', '0', '2015-12-17 19:20:23', '2016-01-02 18:55:12', 'ea0642bf-e580-4ba5-8438-27128ea912b1'),
 ('245', 'Asset', '1', '0', '2015-12-17 19:20:23', '2016-01-02 18:55:12', '5bb7102b-ba4e-40ac-b72e-6ed4925c876c'),
 ('246', 'Asset', '1', '0', '2015-12-17 19:20:24', '2016-01-02 18:55:03', 'de190789-621f-4e10-9396-948e1af7aef9'),
 ('247', 'Asset', '1', '0', '2015-12-17 19:20:25', '2016-01-02 18:55:04', '9defc75b-7ccf-4871-b258-9232b85135e2'),
 ('248', 'Asset', '1', '0', '2015-12-17 19:20:25', '2016-01-02 18:55:04', 'e594d4b3-761d-454a-8778-eb8e9ace3610'),
 ('249', 'Asset', '1', '0', '2015-12-17 19:20:26', '2016-01-02 18:55:05', '78140cc3-c308-456a-886e-658d05b5ab77'),
 ('250', 'Asset', '1', '0', '2015-12-17 19:20:26', '2016-01-02 18:55:06', '433084bf-464e-4790-8b89-cc3ef5dde792'),
 ('251', 'Asset', '1', '0', '2015-12-17 19:20:27', '2016-01-02 18:55:06', '2b44af60-fa4d-4866-94a6-bf6dad266bfe'),
 ('252', 'Asset', '1', '0', '2015-12-17 19:20:28', '2016-01-02 18:55:07', 'b7206978-e64c-4eed-b2b0-8c804e4c39cf'),
 ('253', 'Asset', '1', '0', '2015-12-17 19:20:28', '2016-01-02 18:55:07', '31e5ca2d-1dfe-4ec5-990b-451db1ef6899'),
 ('254', 'Asset', '1', '0', '2015-12-17 19:20:29', '2016-01-02 18:55:07', 'cae52b73-d143-4d3f-ab3d-6446bd512684'),
 ('255', 'Asset', '1', '0', '2015-12-17 19:20:29', '2016-01-02 18:55:08', '3a77ea28-709a-4c00-b66c-1b02b131317b'),
 ('256', 'Asset', '1', '0', '2015-12-17 19:20:30', '2016-01-02 18:55:08', '88886e79-2ae0-403a-9961-f09ba70d0552'),
 ('257', 'Asset', '1', '0', '2015-12-17 19:20:31', '2016-01-02 18:55:14', '0daf9e6b-4721-475f-81ba-d85773bfa44d'),
 ('258', 'Asset', '1', '0', '2015-12-17 19:20:32', '2016-01-02 18:55:16', '8a400599-c33b-4c7d-a312-197c1c9ab9d1'),
 ('259', 'Asset', '1', '0', '2015-12-17 19:20:58', '2016-01-02 18:54:53', 'eef80170-9160-476e-a832-72ce33ebf02c'),
 ('260', 'Asset', '1', '0', '2015-12-17 19:20:59', '2016-01-02 18:54:53', '0e62185b-9c54-4f69-9264-ec0b76a962d5'),
 ('262', 'Asset', '1', '0', '2015-12-17 19:21:14', '2016-01-15 15:40:32', 'bd6e13be-3ace-4bfd-8b92-b20790d34d3c'),
 ('263', 'Asset', '1', '0', '2015-12-17 19:21:30', '2016-01-02 18:54:49', '0c3930d3-f512-4185-8a1a-219f3be3d17a'),
 ('264', 'Asset', '1', '0', '2015-12-17 19:21:32', '2016-01-02 18:54:54', 'e0b4ea5d-f944-422c-834f-2d3153521dfd'),
 ('265', 'Asset', '1', '0', '2015-12-17 19:21:32', '2016-01-02 18:55:00', '7aebd852-5fc1-4e41-a3a9-e732d603bd5f'),
 ('266', 'Asset', '1', '0', '2015-12-17 19:21:33', '2016-01-02 18:55:00', 'ba337146-9d83-46a9-95d5-e8bda05f49eb'),
 ('267', 'Asset', '1', '0', '2015-12-17 19:21:34', '2016-01-02 18:55:01', '5ea1b582-45ff-4c63-81a4-4a78aade168b'),
 ('268', 'Asset', '1', '0', '2015-12-17 19:21:34', '2016-01-02 18:55:02', '630d05bd-275c-4c30-999a-ecb13d8834be'),
 ('269', 'Asset', '1', '0', '2015-12-17 19:21:34', '2016-01-02 18:55:03', 'e9fe8e5c-f023-4273-8772-acc3ad7fed56'),
 ('270', 'Asset', '1', '0', '2015-12-17 19:21:39', '2016-01-02 18:55:09', '0581aa0b-e96e-4d16-b9c3-559c160a444f'),
 ('271', 'Asset', '1', '0', '2015-12-17 19:21:39', '2016-01-02 18:55:10', '022a4ba5-31de-48f4-9f58-f5198677626c'),
 ('272', 'Asset', '1', '0', '2015-12-17 19:21:40', '2016-01-02 18:55:09', '6da4abb4-0182-4b7d-98f7-d2bbc6870e07'),
 ('273', 'Asset', '1', '0', '2015-12-17 19:21:40', '2016-01-02 18:55:10', 'd001d8b6-8a87-48de-b8c4-19bc5aff7820'),
 ('274', 'Asset', '1', '0', '2015-12-17 19:21:40', '2016-01-02 18:55:10', 'cefff002-5408-4eb3-bae3-5d0d0f714924'),
 ('275', 'Asset', '1', '0', '2015-12-17 19:21:41', '2016-01-02 18:55:11', '84d1f48e-3df2-49be-946f-0949f3b5aa1a'),
 ('276', 'Asset', '1', '0', '2015-12-17 19:21:41', '2016-01-02 18:55:11', '93ad5c7d-5974-467e-bb8f-0df6d46f92c6'),
 ('277', 'Asset', '1', '0', '2015-12-17 19:21:41', '2016-01-02 18:55:11', '33caf440-fd50-4017-9b31-10e466351426'),
 ('278', 'Asset', '1', '0', '2015-12-17 19:21:42', '2016-01-02 18:55:12', 'd38cdc4e-339e-44da-addc-bfb6836864f6'),
 ('279', 'Asset', '1', '0', '2015-12-17 19:21:43', '2016-01-02 18:55:13', '167d62e4-1af4-4e70-b33e-7ce9774fc331'),
 ('280', 'Asset', '1', '0', '2015-12-17 19:21:44', '2016-01-02 18:55:14', '214adcfc-ee0e-42c4-87c8-648c3bcb15f8'),
 ('281', 'Asset', '1', '0', '2015-12-17 19:21:45', '2016-01-02 18:55:15', 'b24735ae-d398-4f83-a24d-45904b0f3def');
INSERT INTO `craft_elements` (`id`, `type`, `enabled`, `archived`, `dateCreated`, `dateUpdated`, `uid`) VALUES
 ('282', 'Asset', '1', '0', '2015-12-17 19:21:45', '2016-01-02 18:55:16', '4705adfd-5f46-4b0f-883b-38c2506eba95'),
 ('283', 'Asset', '1', '0', '2015-12-17 19:21:46', '2016-01-02 18:55:17', '15578715-9ccc-4bbc-ab5d-2a426e5c3bd7'),
 ('284', 'Asset', '1', '0', '2015-12-17 19:21:46', '2016-01-02 18:55:17', '799d7463-6fc1-454b-a3ba-ef8e64dd30e9'),
 ('285', 'Asset', '1', '0', '2015-12-17 19:21:47', '2016-01-02 18:55:16', '335a38b9-728d-4eb6-83b5-614d1f60ec87'),
 ('286', 'Asset', '1', '0', '2015-12-17 19:21:48', '2016-01-02 18:55:23', 'f6d863f5-5ee9-4f31-be6a-11ab220ce06f'),
 ('287', 'Asset', '1', '0', '2015-12-17 19:29:51', '2016-01-02 18:54:40', '60d13c38-4e40-4951-a28a-5ceba5aebf07'),
 ('288', 'Asset', '1', '0', '2015-12-17 19:29:52', '2016-01-02 18:54:42', '9c545117-a7fb-4d56-97ae-500b35e670ee'),
 ('289', 'Asset', '1', '0', '2015-12-17 19:29:53', '2016-01-02 18:54:42', '80185adf-9896-4f1c-a2d8-abd55003487c'),
 ('290', 'Asset', '1', '0', '2015-12-17 19:29:53', '2016-01-02 18:54:47', '81f403af-f5ce-4f34-9741-088aec54f86b'),
 ('291', 'Asset', '1', '0', '2015-12-17 19:29:54', '2016-01-02 18:54:41', '0c883ae9-144e-4247-889d-21f0aa526b11'),
 ('292', 'Asset', '1', '0', '2015-12-17 19:29:54', '2016-01-02 18:54:42', '19aac5e6-811b-475a-9fa2-40111a294d94'),
 ('293', 'Asset', '1', '0', '2015-12-17 19:29:55', '2016-01-02 18:54:43', 'c746cf5a-c8b0-4d68-8365-efc4a6546522'),
 ('294', 'Asset', '1', '0', '2015-12-17 19:29:56', '2016-01-02 18:54:43', '6836851a-0621-4bca-8157-7d311ff9c82c'),
 ('295', 'Asset', '1', '0', '2015-12-17 19:29:56', '2016-01-02 18:54:43', '12543d8b-6e6f-4109-8279-a4d9c7be16bf'),
 ('296', 'Asset', '1', '0', '2015-12-17 19:29:57', '2016-01-02 18:54:44', '75577751-4e10-4a12-acca-b9ed04066dea'),
 ('297', 'Asset', '1', '0', '2015-12-17 19:29:58', '2016-01-02 18:54:44', 'a3cd4384-4187-484c-a848-88aa840193f9'),
 ('298', 'Asset', '1', '0', '2015-12-17 19:29:59', '2016-01-02 18:54:44', 'f66697d1-6144-4380-b114-c8aedc3b4c14'),
 ('299', 'Asset', '1', '0', '2015-12-17 19:30:00', '2016-01-02 18:54:45', '31935664-4e19-4748-af5c-0338025f40cf'),
 ('300', 'Asset', '1', '0', '2015-12-17 19:30:00', '2016-01-02 18:54:45', '1bd7b8d8-6787-442f-aa79-009f6b481e93'),
 ('301', 'Asset', '1', '0', '2015-12-17 19:30:03', '2016-01-02 18:54:45', 'd18f5df4-c1c6-4a3f-a900-7d02d581a2ae'),
 ('302', 'Asset', '1', '0', '2015-12-17 19:30:04', '2016-01-02 18:54:46', '780bf107-f588-4c87-a4e4-ef49cdb02f95'),
 ('303', 'Asset', '1', '0', '2015-12-17 19:30:05', '2016-01-02 18:54:46', 'c9ad6578-0f93-4748-9d15-014521378fa1'),
 ('304', 'Asset', '1', '0', '2015-12-17 19:30:07', '2016-01-02 18:54:49', '6e70ae2c-caa5-42c5-945a-8fbc2090e7eb'),
 ('305', 'Asset', '1', '0', '2015-12-17 19:30:07', '2016-01-02 18:54:47', 'd28dc2ef-b7ad-4f64-93d6-6dd038287064'),
 ('306', 'Asset', '1', '0', '2015-12-17 19:30:08', '2016-01-02 18:54:46', 'f206e35e-5dc0-454c-b5e3-09e42766c4e0'),
 ('307', 'Asset', '1', '0', '2015-12-17 19:30:09', '2016-01-02 18:54:47', 'b04f44c3-3a70-4a55-879b-b6d6c1f828e6'),
 ('308', 'Asset', '1', '0', '2015-12-17 19:40:05', '2016-01-02 18:54:50', 'f6839df6-5885-4eff-8ef3-53316a38bcb8'),
 ('309', 'Asset', '1', '0', '2015-12-17 19:40:11', '2016-01-02 18:54:51', 'b51b93c1-5bf8-47f9-9060-b8e244f64148'),
 ('310', 'Asset', '1', '0', '2015-12-17 19:40:19', '2016-01-02 18:54:52', 'd6aeca93-0066-4d7d-bd5f-663156f8873f'),
 ('311', 'Asset', '1', '0', '2015-12-22 00:58:43', '2016-01-02 18:55:22', 'ffa64c69-6261-4eaf-a614-83fa9f03d86e'),
 ('314', 'Entry', '1', '0', '2015-12-22 01:06:02', '2016-01-12 17:15:27', 'a2fa29d0-62e3-467f-b391-a70e6ce44906'),
 ('315', 'Entry', '1', '0', '2015-12-29 15:37:36', '2015-12-29 15:37:36', '8b408fc4-73f5-4472-9dcf-51bc3bd85804'),
 ('316', 'Entry', '1', '0', '2015-12-29 15:39:30', '2016-01-14 19:17:00', 'c87d9738-6e14-450a-89bd-212c6240d323'),
 ('317', 'Entry', '1', '0', '2015-12-29 15:45:43', '2016-01-08 17:40:58', '7242b84e-9b13-496a-9050-9941cf0a4d8a'),
 ('318', 'Entry', '1', '0', '2015-12-29 15:47:48', '2016-01-08 17:41:17', '4310afae-7f98-4442-b79b-36d68f48844f'),
 ('319', 'Entry', '1', '0', '2015-12-29 15:51:28', '2016-01-05 19:34:48', '5d2d7861-baf3-4f38-b7ee-14fc7cdc6b17'),
 ('320', 'Entry', '1', '0', '2015-12-29 15:54:33', '2015-12-29 15:54:33', '4941a794-0631-4c67-89a3-e0e768696e14'),
 ('321', 'Asset', '1', '0', '2015-12-29 15:59:27', '2016-01-02 18:54:48', '82396275-8794-4603-af71-0080ba84f675'),
 ('322', 'Entry', '1', '0', '2015-12-29 16:05:57', '2015-12-29 16:05:57', '1a998f83-1067-4a29-b4e5-9ea344c434f5'),
 ('323', 'Entry', '1', '0', '2015-12-29 16:08:20', '2015-12-29 16:08:20', '880216db-b208-467c-a3a4-477ec3010ebe'),
 ('324', 'Entry', '1', '0', '2015-12-29 16:12:09', '2015-12-29 16:12:09', '1c3cea4a-1e00-4ba6-a8f0-91546ca16c51'),
 ('325', 'Entry', '1', '0', '2015-12-29 16:15:15', '2015-12-29 16:15:15', 'b0991ba6-8990-410a-b256-08ea5a52826d'),
 ('326', 'Entry', '1', '0', '2015-12-29 16:18:46', '2015-12-29 16:26:48', 'b8ae5926-8bd4-442e-aa3a-346fa1c2162d'),
 ('327', 'Entry', '1', '0', '2015-12-29 16:20:50', '2015-12-29 16:20:50', '27613872-20ed-4b1d-aa28-c9811d45dde7'),
 ('328', 'Asset', '1', '0', '2015-12-29 16:40:43', '2016-01-02 18:54:59', '7c836f9b-82fc-4c67-a7f4-2e3aca6b97b0'),
 ('329', 'Asset', '1', '0', '2015-12-29 16:43:10', '2016-01-02 18:54:55', '56ba81d5-05f4-4972-aedd-29570a70830c'),
 ('330', 'Asset', '1', '0', '2015-12-29 16:48:05', '2016-01-02 18:54:57', '03d0db61-bac0-4af9-b11b-a10a519643cb'),
 ('331', 'Asset', '1', '0', '2015-12-29 16:53:13', '2016-01-02 18:54:55', '01b013ac-329f-4627-87c6-0b725d839373'),
 ('332', 'Asset', '1', '0', '2015-12-29 16:56:03', '2016-01-02 18:54:56', 'cbbcb36b-dbbf-40cd-b681-b3e92e361cfe'),
 ('333', 'Asset', '1', '0', '2015-12-29 17:04:37', '2016-01-02 18:54:58', '108105af-34ce-48a2-9aa6-63533c07282e'),
 ('334', 'Asset', '1', '0', '2015-12-29 19:06:43', '2016-01-02 18:54:59', '04bdbf70-43c4-4aa7-879c-e641e7359ef2'),
 ('335', 'Entry', '1', '0', '2015-12-29 19:08:18', '2016-01-14 18:23:03', 'f8e7baef-f42e-499c-b7bf-1b30a9eac0d3'),
 ('336', 'Asset', '1', '0', '2015-12-29 19:11:42', '2016-01-02 18:54:54', '2b8d961f-3ac5-4127-9505-0a4a5f64918b'),
 ('337', 'Entry', '1', '0', '2015-12-29 19:12:23', '2015-12-29 19:12:23', '3a04b30a-a444-4e36-be02-60ec56f0c567'),
 ('338', 'Asset', '1', '0', '2015-12-29 19:15:09', '2016-01-02 18:54:56', 'c851b142-aae3-4fb9-851a-bf7c6a453942'),
 ('339', 'Entry', '1', '0', '2015-12-29 19:15:59', '2015-12-29 19:15:59', 'a0df7495-bb7d-486c-9de6-02d87e63001b'),
 ('340', 'Asset', '1', '0', '2015-12-29 19:18:03', '2016-01-02 18:54:59', '3b3271c1-e321-4931-9ad7-372882700b7b'),
 ('341', 'Entry', '1', '0', '2015-12-29 19:18:59', '2015-12-29 19:18:59', '9e70ebb8-63ad-4410-bf5a-f906bba94b8b'),
 ('342', 'Asset', '1', '0', '2015-12-29 19:20:21', '2016-01-02 18:54:58', '67328469-7173-410a-a327-9dd74e76b33a'),
 ('343', 'Asset', '1', '0', '2015-12-29 19:21:21', '2016-01-02 18:55:15', '41b6e713-518c-43d2-942e-e3d4060f9439'),
 ('344', 'Entry', '1', '0', '2015-12-29 19:21:59', '2015-12-29 19:21:59', '036bc6bc-b6c9-4140-8c07-efa1ff3e433d'),
 ('345', 'Asset', '1', '0', '2015-12-29 19:22:56', '2016-01-02 18:54:56', '2437cf3e-b17a-421e-b337-c83941557341'),
 ('346', 'Entry', '1', '0', '2015-12-29 19:23:53', '2015-12-29 19:23:53', '0ae2a7ba-7262-4115-bd52-07c85507325a'),
 ('347', 'Asset', '1', '0', '2015-12-29 19:25:47', '2016-01-02 18:54:57', '7fc67952-7987-41a0-9ec2-491388dee826'),
 ('348', 'Entry', '1', '0', '2015-12-29 19:26:32', '2016-01-14 18:21:28', '35860021-2e07-4854-83cd-58e1836e18d9'),
 ('349', 'Asset', '1', '0', '2015-12-29 19:27:49', '2016-01-02 18:54:57', '83878607-d872-4d05-9281-009288c177f1'),
 ('350', 'Entry', '1', '0', '2015-12-29 19:28:30', '2015-12-29 19:28:30', '6aba9821-f166-4b5e-82dd-c94ae6bf83ba'),
 ('351', 'Asset', '1', '0', '2015-12-31 16:44:25', '2016-01-02 18:55:22', 'd1ef5554-2dc2-4673-97c2-633ca73a2ab2'),
 ('352', 'Asset', '1', '0', '2015-12-31 16:44:36', '2016-01-02 18:55:18', '77d282a1-642d-4780-b773-bcb4b8a57c2f'),
 ('353', 'Entry', '1', '0', '2015-12-31 16:47:36', '2016-01-12 17:45:59', 'a8a002a0-07f9-4750-b257-bce949c21e12'),
 ('354', 'Asset', '1', '0', '2015-12-31 16:49:49', '2016-01-02 18:55:20', 'dbc7858b-a23c-4eb4-b159-e2bb80590177'),
 ('355', 'Entry', '1', '0', '2015-12-31 16:51:54', '2016-01-12 20:04:33', '6d2e8bd3-6cb8-479c-8c7e-bfd3075312ed'),
 ('356', 'Asset', '1', '0', '2015-12-31 16:53:23', '2016-01-02 18:55:22', '006c5fbe-6753-4538-a8b5-a7a1b67e8634'),
 ('357', 'Entry', '1', '0', '2015-12-31 16:54:47', '2016-01-12 17:44:09', 'c6cb721c-0c67-44f6-803f-55c9bfc2ad8a'),
 ('358', 'Asset', '1', '0', '2015-12-31 16:57:15', '2016-01-02 18:55:19', 'd70f1aa4-4dda-48f4-acfb-b8b257b258ca'),
 ('359', 'Asset', '1', '0', '2015-12-31 16:57:16', '2016-01-02 18:55:18', 'dc83c2b7-3d92-448f-9fb1-9d0840df7a08'),
 ('360', 'Asset', '1', '0', '2015-12-31 16:57:17', '2016-01-02 18:55:19', '337c93ad-3138-4ad4-8cf9-d9c7f37cce77'),
 ('361', 'Asset', '1', '0', '2015-12-31 16:57:17', '2016-01-02 18:55:19', '4b7bdc03-26b8-4b5f-b40d-1fe99894a05a'),
 ('362', 'Asset', '1', '0', '2015-12-31 16:57:18', '2016-01-02 18:55:20', '04fe6e84-ccee-4f57-abbe-e7cd916d7fff'),
 ('363', 'Entry', '1', '0', '2015-12-31 16:58:39', '2016-01-12 17:16:33', '829c6ad1-63a1-45c0-bf91-0a81586a0b04'),
 ('364', 'Asset', '1', '0', '2015-12-31 17:10:15', '2016-01-02 18:55:23', '342a871e-e9d4-4702-a012-9fbfd7571167'),
 ('365', 'Entry', '1', '0', '2015-12-31 17:11:10', '2016-01-12 20:04:01', 'bb5862eb-1316-44b4-ba33-d45d37863dfd'),
 ('366', 'Asset', '1', '0', '2015-12-31 17:13:17', '2016-01-02 18:55:21', '08a2585b-c998-4174-9a8f-90f26846fdb8'),
 ('367', 'Asset', '1', '0', '2015-12-31 17:15:49', '2016-01-02 18:55:20', 'ac904209-613c-45b5-bc21-f695990abdaa'),
 ('368', 'Entry', '1', '0', '2015-12-31 17:16:44', '2016-01-12 17:19:17', '028bd97e-3f6d-4a52-a803-4a7757d5caf2'),
 ('369', 'Asset', '1', '0', '2015-12-31 17:18:04', '2016-01-02 18:55:21', '62fed2b2-311c-47ed-b638-04a57541d40f'),
 ('370', 'Entry', '1', '0', '2015-12-31 17:19:08', '2016-01-12 17:42:07', '79d2e7f7-8b4e-49b2-971d-62e5be51590c'),
 ('372', 'Entry', '1', '0', '2016-01-04 02:35:20', '2016-01-04 02:35:20', '4bd4fe7e-712c-4684-98a5-722774b756b3'),
 ('373', 'Entry', '1', '0', '2016-01-04 02:36:34', '2016-01-04 02:36:34', '05699129-7acb-4c8e-98ac-a85fc6878d70'),
 ('374', 'Asset', '1', '0', '2016-01-04 03:21:17', '2016-01-04 03:21:17', 'acdc2a69-c8df-4cf5-b81c-fa98d20624dc'),
 ('375', 'Entry', '1', '0', '2016-01-04 03:21:24', '2016-01-04 03:21:24', '96bf078d-db8f-4c70-95e0-a37ca71ab075'),
 ('376', 'Entry', '1', '0', '2016-01-04 03:21:36', '2016-01-04 03:21:36', 'a5a80363-c30b-4425-ad8a-3a1ab8f4ac2d'),
 ('377', 'Asset', '1', '0', '2016-01-05 18:20:43', '2016-01-05 18:20:43', 'ca031870-5097-4b7c-9736-52c11a2c4e56'),
 ('378', 'Entry', '1', '0', '2016-01-05 18:21:55', '2016-01-05 18:21:55', '9eb9dcd4-a969-4142-91e0-f16c3b5735d6'),
 ('379', 'Asset', '1', '0', '2016-01-05 18:26:20', '2016-01-05 18:26:20', '54ba7730-5e96-434f-a542-b1c00c8f73f3'),
 ('380', 'Entry', '1', '0', '2016-01-05 18:30:52', '2016-01-05 18:30:52', '22aee14f-d53b-4a31-8b7e-066c0fc9f6d1'),
 ('381', 'Entry', '1', '0', '2016-01-05 18:33:07', '2016-01-05 18:33:07', '77d6e513-d031-4528-94f3-d6fb8611bf89'),
 ('382', 'Entry', '1', '0', '2016-01-05 18:37:34', '2016-01-05 18:37:34', 'a0f88220-3a03-4d66-8f31-c3b5ffe0095e'),
 ('383', 'Asset', '1', '0', '2016-01-05 18:49:30', '2016-01-05 18:49:30', '8f7bdd09-4eef-4f1b-aa44-9ed951abe7ab'),
 ('384', 'Entry', '1', '0', '2016-01-05 18:50:47', '2016-01-05 18:50:47', 'b3620b22-7d83-4e73-8522-8d746b39e46d');
INSERT INTO `craft_elements` (`id`, `type`, `enabled`, `archived`, `dateCreated`, `dateUpdated`, `uid`) VALUES
 ('385', 'Entry', '1', '0', '2016-01-05 18:51:37', '2016-01-05 18:56:59', 'cb3e34a3-0aca-4361-a115-83a50e50a490'),
 ('386', 'Asset', '1', '0', '2016-01-05 18:52:05', '2016-01-05 18:52:05', '38addfc7-69d8-4061-9082-9bf159f08b96'),
 ('387', 'Asset', '1', '0', '2016-01-05 18:57:52', '2016-01-05 18:57:52', 'd3efe107-ee44-4075-b743-54821c34a78d'),
 ('388', 'Entry', '1', '0', '2016-01-05 18:59:13', '2016-01-05 18:59:13', '762f28df-0739-441c-a064-c4f0f05750a6'),
 ('389', 'Asset', '1', '0', '2016-01-05 19:04:06', '2016-01-05 19:04:06', 'fe48d9cf-bac8-40e3-99c2-94471b140ac1'),
 ('390', 'Entry', '1', '0', '2016-01-05 19:09:07', '2016-01-05 19:09:07', 'ed242404-ccd1-470b-87d5-43a9ef29dc30'),
 ('391', 'Asset', '1', '0', '2016-01-05 19:09:49', '2016-01-05 19:09:49', '061b8aae-eb2d-4cfa-95a5-e235afc80f43'),
 ('392', 'Entry', '1', '0', '2016-01-05 19:11:16', '2016-01-05 19:11:16', '05ac07d3-b12a-46fd-a461-5d17bb48f162'),
 ('393', 'Asset', '1', '0', '2016-01-05 19:14:14', '2016-01-05 19:14:14', '1d53f2f2-41cd-4d1b-b570-b9c644b4e238'),
 ('394', 'Entry', '1', '0', '2016-01-05 19:15:35', '2016-01-05 19:15:35', '5a376f41-e265-44ea-b69b-83b61c96e997'),
 ('395', 'Entry', '1', '0', '2016-01-05 20:03:50', '2016-01-05 20:03:50', '8870b77a-0539-4ff9-9abb-bdf5b19c6cc5'),
 ('396', 'Entry', '1', '0', '2016-01-05 20:05:49', '2016-01-05 20:05:49', 'f9bb1f28-6334-4269-aa44-51454a4823c3'),
 ('397', 'Entry', '1', '0', '2016-01-05 20:13:37', '2016-01-05 20:13:37', 'c35e8073-9b19-4267-bdbe-6a89f2768fa2'),
 ('398', 'Entry', '1', '0', '2016-01-05 20:14:42', '2016-01-12 17:19:46', '9c4c62c7-5563-4d4a-9daf-13e23a84a4d7'),
 ('399', 'Entry', '1', '0', '2016-01-05 20:19:26', '2016-01-05 20:19:26', '644de6c6-0f03-414b-a8a6-865d56298245'),
 ('400', 'Entry', '1', '0', '2016-01-05 20:26:30', '2016-01-05 20:26:30', '3d1e27a4-639e-4e13-b61a-c7784e6bc32e'),
 ('401', 'Asset', '1', '0', '2016-01-05 20:58:04', '2016-01-05 20:58:04', '63da910e-c03b-44e6-8096-46f719fd7063'),
 ('402', 'Entry', '1', '0', '2016-01-05 20:58:55', '2016-01-05 20:58:55', '17b247bc-4a0a-4cb7-87f8-d777b84ed13a'),
 ('403', 'Entry', '1', '0', '2016-01-05 20:59:50', '2016-01-12 17:20:16', '8edc6ede-3a40-49f2-9381-1b06ab72fb7a'),
 ('404', 'Entry', '1', '0', '2016-01-05 21:02:30', '2016-01-05 21:02:30', '5457ccd1-f342-44fa-bc9c-296952a85118'),
 ('405', 'Entry', '1', '0', '2016-01-05 21:04:06', '2016-01-12 17:23:40', 'd9fa3e0b-ac60-49cf-ae79-238858126bf3'),
 ('406', 'Asset', '1', '0', '2016-01-05 21:06:14', '2016-01-05 21:06:14', '8edf4f78-fc98-4919-b8fb-f29423e1b178'),
 ('407', 'Entry', '1', '0', '2016-01-05 21:07:49', '2016-01-05 21:07:49', '9f32ef14-aedb-455c-a64c-25d41da87c8e'),
 ('408', 'Asset', '1', '0', '2016-01-05 21:08:30', '2016-01-05 21:08:30', '77ec5402-704e-4d39-a698-34e83335c39a'),
 ('409', 'Asset', '1', '0', '2016-01-05 21:08:31', '2016-01-05 21:08:31', '3710a3fa-2457-4eee-a19d-cccc55a73869'),
 ('410', 'Asset', '1', '0', '2016-01-05 21:08:31', '2016-01-05 21:08:31', '0cdeacc4-8290-4246-8799-7a415ca80383'),
 ('411', 'Asset', '1', '0', '2016-01-05 21:08:32', '2016-01-05 21:08:32', '7612c582-6ab5-4617-8455-34c021b49cff'),
 ('412', 'Entry', '1', '0', '2016-01-05 21:12:35', '2016-01-12 17:24:52', 'f2dfa61b-1255-4e42-90f7-6427eb6fd4df'),
 ('413', 'Entry', '1', '0', '2016-01-05 21:13:51', '2016-01-12 17:26:01', '44b2e927-eaf3-4040-b9da-9a1e6e05698d'),
 ('414', 'Entry', '1', '0', '2016-01-05 21:15:14', '2016-01-12 17:27:24', '75fc8c5f-aaf0-416b-a7a0-a6fe1a05ddcd'),
 ('415', 'Entry', '1', '0', '2016-01-05 21:16:36', '2016-01-12 20:01:37', '63c548aa-2189-4502-8c23-1db27bef9eeb'),
 ('416', 'Entry', '1', '0', '2016-01-05 21:17:03', '2016-01-12 20:02:33', '23b7d50f-5c9b-4a34-b5e7-b2f4d889d59c'),
 ('417', 'Entry', '1', '0', '2016-01-05 21:17:46', '2016-01-12 17:29:32', '131fe2c4-d264-4caa-b534-ccbfbc0a63a8'),
 ('418', 'Entry', '1', '0', '2016-01-05 21:18:30', '2016-01-12 17:30:12', 'cda8be1c-23c5-43d4-b160-48755c9e5c4a'),
 ('419', 'Entry', '1', '0', '2016-01-05 21:18:57', '2016-01-12 20:03:29', 'f66dbdd8-d7e7-4ae5-bfaf-0b7310b21308'),
 ('420', 'Entry', '1', '0', '2016-01-05 21:20:47', '2016-01-12 17:37:06', '86045e0f-4bfb-4d28-9319-31c3663f34da'),
 ('421', 'Entry', '1', '0', '2016-01-05 21:21:22', '2016-01-12 17:35:18', '26267ece-fd3d-4707-b691-621119025929'),
 ('422', 'Entry', '1', '0', '2016-01-05 21:21:40', '2016-01-12 17:34:11', '02cb3577-982a-45c8-bc24-2fbd7c32dfef'),
 ('423', 'Entry', '1', '0', '2016-01-05 21:25:15', '2016-01-08 17:33:20', 'ae432d7d-b601-4027-8935-34b4eb2442f9'),
 ('424', 'Entry', '1', '0', '2016-01-08 17:33:08', '2016-01-08 17:33:08', '8e74228a-52a3-46b7-b4d6-62c42f8b0fc9'),
 ('425', 'Entry', '1', '0', '2016-01-08 17:39:43', '2016-01-08 17:39:43', '8f9bfc20-635a-433d-997f-92589aec5317'),
 ('426', 'Entry', '1', '0', '2016-01-08 17:42:21', '2016-01-08 17:42:21', '2e29bf13-7eab-467f-8a57-b6296b3f6970'),
 ('427', 'Entry', '1', '0', '2016-01-08 17:44:33', '2016-01-08 17:46:37', '6d51f6cb-cd83-43b6-b6dd-6592bddd51a5'),
 ('428', 'Entry', '1', '0', '2016-01-12 17:27:12', '2016-01-12 17:27:12', 'a651bda6-9729-418f-99ec-1bd2e6718902'),
 ('429', 'Entry', '1', '0', '2016-01-12 17:27:52', '2016-01-12 17:27:52', '37e6537d-7383-4c12-85b3-7ac8e80c50fe'),
 ('430', 'Entry', '1', '0', '2016-01-12 17:29:28', '2016-01-12 17:29:28', '12266561-d39c-4ece-88fd-43a178fd42ee'),
 ('431', 'Entry', '1', '0', '2016-01-12 17:30:03', '2016-01-12 17:30:03', '129bf522-2c56-4d9f-8f0a-7837b511cb07'),
 ('432', 'Entry', '1', '0', '2016-01-12 17:35:14', '2016-01-12 17:35:14', 'dcb927c2-aed9-49ca-a728-2d8695f9ce59'),
 ('433', 'Category', '1', '0', '2016-01-12 17:36:17', '2016-01-12 17:36:17', '710f1156-e071-4fdf-b760-53e07eb18f58'),
 ('434', 'Entry', '1', '0', '2016-01-12 17:38:25', '2016-01-12 17:38:25', '8501d145-c14f-477d-b37a-9e271599c18e'),
 ('435', 'Entry', '1', '0', '2016-01-12 17:39:57', '2016-01-12 17:39:57', 'bf68f638-6de1-4580-b572-82fb71cb6ae3'),
 ('436', 'Entry', '1', '0', '2016-01-12 17:41:24', '2016-01-12 17:41:24', 'c03ed999-93d6-45cd-885f-49475b1989dd'),
 ('437', 'MatrixBlock', '1', '0', '2016-01-12 19:49:23', '2016-01-12 19:49:23', '8f295813-a336-4031-b695-acd1e033f85d'),
 ('438', 'MatrixBlock', '1', '0', '2016-01-12 19:49:23', '2016-01-12 19:49:23', '9cf04654-5df4-4f00-a861-304d17c19fba'),
 ('439', 'Entry', '1', '0', '2016-01-14 18:17:22', '2016-01-14 18:17:22', '229d98ee-544a-412b-bfc6-11bbddf119e2'),
 ('440', 'Entry', '1', '0', '2016-01-14 18:21:18', '2016-01-14 18:21:18', 'fb24f292-5852-4af5-bdf9-3bcfdfe967ef'),
 ('441', 'Entry', '1', '0', '2016-01-14 18:22:55', '2016-01-14 18:22:55', 'c5dd2a37-2c08-4284-aca0-3fb179d9dabc'),
 ('442', 'Entry', '1', '0', '2016-01-14 18:24:16', '2016-01-14 18:24:16', '1aebf8c9-56a6-4e77-899f-0e64d8aeb65d'),
 ('443', 'MatrixBlock', '1', '0', '2016-01-14 19:08:12', '2016-01-14 19:17:00', '5b3bd2da-961c-439d-af0f-72675e565718'),
 ('444', 'MatrixBlock', '1', '0', '2016-01-14 19:08:12', '2016-01-14 19:17:00', '8c3fb1ee-da4c-4052-9efe-39eabc3cf78b'),
 ('445', 'MatrixBlock', '1', '0', '2016-01-14 19:08:12', '2016-01-14 19:17:00', '7abadd90-800e-4446-b418-b767e647a588'),
 ('446', 'MatrixBlock', '1', '0', '2016-01-14 19:08:12', '2016-01-14 19:17:00', '1488b5d5-4f48-43a7-8a84-fe12e4e6a363'),
 ('448', 'Asset', '1', '0', '2016-01-15 15:50:11', '2016-01-15 16:11:32', '9ef1c191-a1c6-4428-9013-99dc2bb3cf9e'),
 ('449', 'Entry', '1', '0', '2016-01-15 15:50:35', '2016-01-15 16:11:36', 'fcc955a3-8816-465c-959a-4103a1f5250f');



DROP TABLE IF EXISTS `craft_elements_i18n`;


--
-- Schema for table `craft_elements_i18n`
--
CREATE TABLE `craft_elements_i18n` (
  `id` int(11) NOT NULL AUTO_INCREMENT,
  `elementId` int(11) NOT NULL,
  `locale` char(12) COLLATE utf8_unicode_ci NOT NULL,
  `slug` varchar(255) COLLATE utf8_unicode_ci DEFAULT NULL,
  `uri` varchar(255) COLLATE utf8_unicode_ci DEFAULT NULL,
  `enabled` tinyint(1) unsigned NOT NULL DEFAULT '1',
  `dateCreated` datetime NOT NULL,
  `dateUpdated` datetime NOT NULL,
  `uid` char(36) COLLATE utf8_unicode_ci NOT NULL DEFAULT '0',
  PRIMARY KEY (`id`),
  UNIQUE KEY `craft_elements_i18n_elementId_locale_unq_idx` (`elementId`,`locale`),
  UNIQUE KEY `craft_elements_i18n_uri_locale_unq_idx` (`uri`,`locale`),
  KEY `craft_elements_i18n_slug_locale_idx` (`slug`,`locale`),
  KEY `craft_elements_i18n_enabled_idx` (`enabled`),
  KEY `craft_elements_i18n_locale_fk` (`locale`)
) ENGINE=InnoDB AUTO_INCREMENT=451 DEFAULT CHARSET=utf8 COLLATE=utf8_unicode_ci;

--
-- Data for table `craft_elements_i18n`
--

INSERT INTO `craft_elements_i18n` (`id`, `elementId`, `locale`, `slug`, `uri`, `enabled`, `dateCreated`, `dateUpdated`, `uid`) VALUES
 ('1', '1', 'en_us', '', NULL, '1', '2015-09-18 13:02:10', '2015-11-10 19:42:58', '1a2ad04d-d965-4e6d-b3b1-4b95cef9c769'),
 ('2', '2', 'en_us', 'homepage', '__home__', '1', '2015-09-18 13:02:12', '2015-12-17 19:34:26', '0fc82978-0fb9-49cd-b5e0-08700b8a4834'),
 ('3', '3', 'en_us', 'we-just-installed-craft', 'news/2015/we-just-installed-craft', '1', '2015-09-18 13:02:13', '2015-09-18 13:02:13', 'c5ad9361-0601-4913-947f-b695bd4f86c4'),
 ('5', '5', 'en_us', 'leadership', 'staff-hierarchy/role/leadership', '1', '2015-09-18 13:28:28', '2015-10-22 17:30:07', 'eb248124-6eec-4b23-a94f-939afef7de76'),
 ('6', '6', 'en_us', 'student', 'staff-hierarchy/role/student', '1', '2015-09-18 13:28:41', '2015-10-22 17:30:05', 'd72d2a3f-963b-4083-a115-4052fa7d4ce9'),
 ('7', '7', 'en_us', 'professional-advisory-board', 'staff-hierarchy/professional-advisory-board', '1', '2015-09-18 13:28:57', '2015-10-22 17:56:21', '0284f457-b3ab-494f-9e79-d39e8f7418c2'),
 ('8', '8', 'en_us', 'faculty-advisory-board', 'staff-hierarchy/faculty-advisory-board', '1', '2015-09-18 13:29:09', '2015-10-22 17:56:24', '5f5e758c-89be-4642-90b0-e669381f2f32'),
 ('67', '67', 'en_us', 'reilly-hawkins', 'people-profile/reilly-hawkins', '1', '2015-09-18 14:03:06', '2016-01-12 19:49:23', '1b638009-824f-4889-8f3d-7a0c37ca6293'),
 ('73', '73', 'en_us', 'this-is-a-title', 'blog-post/2015/this-is-a-title', '1', '2015-09-22 13:27:28', '2015-12-29 16:57:57', 'e68b226c-d9a5-4558-971f-5a938381c118'),
 ('75', '75', 'en_us', 'this-is-an-award', 'awards/this-is-an-award', '1', '2015-09-22 14:33:18', '2015-11-06 15:45:44', '664e5852-d23f-4770-abc0-efc0dcd3175b'),
 ('77', '77', 'en_us', 'this-is-a-new-client', 'clients/this-is-a-new-client', '1', '2015-09-22 14:36:50', '2015-09-22 14:36:50', '8d8c0f65-d61d-4d07-b435-5d04ddafaf8b'),
 ('79', '79', 'en_us', 'another-news-post', 'news/2015/another-news-post', '1', '2015-09-22 14:37:55', '2015-09-22 14:37:55', '0b35e89a-fa1d-4523-99a3-5ec7b6ab3666'),
 ('80', '80', 'en_us', 'this-is-a-test-blog-title', 'blog-post/2015/this-is-a-test-blog-title', '1', '2015-09-23 00:27:55', '2016-01-14 18:17:46', 'adc29ec2-ba39-4dc1-99f3-809627a03469'),
 ('81', '81', 'en_us', 'award-title', 'awards/award-title', '1', '2015-09-23 00:37:27', '2015-11-06 15:33:45', 'e5a29455-5436-49ca-8839-fdd3cfb469b9'),
 ('87', '87', 'en_us', '', NULL, '1', '2015-09-29 14:15:13', '2015-09-29 14:15:27', 'd595f18b-1c1d-47af-b8f6-ba8b19060346'),
 ('89', '89', 'en_us', '', NULL, '1', '2015-09-29 14:19:07', '2016-01-15 15:40:35', '83a16a0f-1c22-4341-b78f-9fe90b5e0333'),
 ('90', '90', 'en_us', '', NULL, '1', '2015-09-29 14:19:11', '2016-01-04 02:23:11', '268fd5bb-cf45-4591-8fe6-aa0609301434'),
 ('95', '95', 'en_us', 'service-1', 'services/service-1', '1', '2015-10-02 22:53:33', '2015-10-06 15:25:31', '01ee2761-62f7-417a-9619-464426722a88'),
 ('96', '96', 'en_us', 'service-2', 'services/service-2', '1', '2015-10-02 22:53:48', '2015-10-06 15:25:44', '715cae82-877c-4e2c-8510-157f9dab4aee'),
 ('97', '97', 'en_us', 'service-3', 'services/service-3', '1', '2015-10-02 22:53:59', '2015-10-06 15:25:58', '0ae0261b-821f-45a0-9bf8-ecf154a1c1a0'),
 ('108', '108', 'en_us', 'staff-profile-index', 'people', '1', '2015-10-06 14:08:01', '2015-12-17 19:35:36', '867467ee-ab49-4831-b5f1-f22199344aaf'),
 ('109', '109', 'en_us', 'process-index', 'process', '1', '2015-10-06 14:37:07', '2015-12-17 19:53:40', '3a2519b0-1901-4b82-b530-6f9844023b6d'),
 ('119', '119', 'en_us', 'kristin-dowling', 'people-profile/kristin-dowling', '1', '2015-10-22 17:54:18', '2015-12-17 19:31:17', '0b32d9c5-644f-4ab3-8122-a58fd8d52b76'),
 ('120', '120', 'en_us', 'christopher-hallahan', 'people-profile/christopher-hallahan', '1', '2015-10-22 17:54:56', '2015-12-29 15:35:33', '51d64cd0-40fb-4396-9de7-1afa3516032d'),
 ('122', '122', 'en_us', 'case-study', 'case-study-or-blog/type/case-study', '1', '2015-10-30 14:05:26', '2015-10-30 14:06:08', 'c6f2551a-5f5d-4762-ab99-3af79eb0abab'),
 ('123', '123', 'en_us', 'blog', 'case-study-or-blog/type/blog', '1', '2015-10-30 14:05:39', '2015-10-30 14:06:06', '8b772d80-755f-499e-bc54-282e1dbff8ea'),
 ('125', '125', 'en_us', 'this-is-a-test-blog', 'blog-post/2015/this-is-a-test-blog', '1', '2015-10-30 14:14:18', '2016-01-14 18:24:27', '8492da68-a128-4745-973d-694e8ceb2e36'),
 ('127', '127', 'en_us', '', NULL, '1', '2015-10-30 15:17:55', '2015-12-08 20:49:36', '308abe3c-ca47-41f1-915a-fa07dfcf8c61'),
 ('129', '129', 'en_us', '', NULL, '1', '2015-10-30 15:46:46', '2015-12-08 20:49:36', '86687ce3-0179-43e1-ae5d-dcab16a8feee'),
 ('130', '130', 'en_us', '', NULL, '1', '2015-10-30 16:07:20', '2015-12-08 20:49:36', '19762f48-dd6d-492f-a22a-5fb0ec313c82'),
 ('131', '131', 'en_us', 'being-a-creative-rachel-kozy', 'blog-post/2015/being-a-creative-rachel-kozy', '1', '2015-11-05 15:00:59', '2015-12-29 19:08:50', '86449da7-82f8-42b7-9422-1e1c7ea31712'),
 ('132', '132', 'en_us', 'event-planning-101-victoria-ripepi', 'blog-post/2015/event-planning-101-victoria-ripepi', '1', '2015-11-05 15:05:05', '2015-12-29 19:09:07', '1cdc30d0-5549-4c98-ae6b-ff22b5b45784'),
 ('146', '146', 'en_us', 'quintin-steele', 'people-profile/quintin-steele', '1', '2015-11-05 16:19:13', '2016-01-14 18:33:51', 'ac838b52-68c7-4595-8292-6101a51d2e87'),
 ('147', '147', 'en_us', 'victoria-ripepi', 'people-profile/victoria-ripepi', '1', '2015-11-05 22:26:26', '2015-12-29 16:28:14', 'e22de1e9-3797-4536-b948-aae1de89613f'),
 ('148', '148', 'en_us', 'projects-homepage', 'projects', '1', '2015-11-06 14:19:01', '2015-12-17 19:35:17', '0396fffc-8d69-471d-8cc4-3cc358fee5e4'),
 ('149', '149', 'en_us', 'larrie-king', 'people-profile/larrie-king', '1', '2015-11-10 17:15:08', '2015-12-29 15:35:22', '48bf7d3a-52fe-4394-ad84-ca59f0e01c0a'),
 ('150', '150', 'en_us', '', NULL, '1', '2015-11-10 19:43:11', '2015-12-17 15:22:19', 'a15f5b14-98b1-4154-a29b-de493d950b49'),
 ('175', '175', 'en_us', 'web-design', 'project-type/web-design', '1', '2015-11-24 15:14:45', '2015-11-24 15:19:51', '39eea3a5-47de-485b-8e7f-57018f7474dd'),
 ('176', '176', 'en_us', 'identity', 'project-type/identity', '1', '2015-11-24 15:14:53', '2015-11-24 15:14:53', '71b8a3bb-4efa-4da5-b05a-bf0badaa0973'),
 ('177', '177', 'en_us', 'branding', 'project-type/branding', '1', '2015-11-24 15:14:58', '2015-11-24 15:19:47', '33ff4ed3-79f0-4d57-98d4-582d9f3c2d13'),
 ('178', '178', 'en_us', 'illustration', 'project-type/illustration', '1', '2015-11-24 15:15:09', '2015-11-24 15:15:09', 'dcb2db1c-14b6-42dc-b1af-77ebed779fc3'),
 ('179', '179', 'en_us', 'print', 'project-type/print', '1', '2015-11-24 15:15:17', '2015-11-24 15:19:55', '13bebfea-ab19-4143-a74f-1f98780805b8'),
 ('180', '180', 'en_us', 'video', 'project-type/video', '1', '2015-11-24 15:15:27', '2015-11-24 15:19:53', '9d79a801-38dd-4886-8235-27231310f27f'),
 ('181', '181', 'en_us', 'photography', 'project-type/photography', '1', '2015-11-24 15:15:36', '2015-11-24 15:15:36', '6cb8faee-c347-4a94-8766-1989f89983e3'),
 ('182', '182', 'en_us', 'projects-list', 'projects-list', '1', '2015-11-24 15:27:14', '2015-11-24 15:28:52', '063c1253-0c8c-4a83-9eea-cc2ca48954c4'),
 ('183', '183', 'en_us', '', NULL, '1', '2015-12-03 20:37:02', '2015-12-17 19:53:40', 'c6bcf633-3f28-49ad-8c31-275cacca4340'),
 ('184', '184', 'en_us', '', NULL, '1', '2015-12-03 20:37:02', '2015-12-17 19:53:40', '4f686b7a-f7a4-4336-aec3-cb7dc0424cf7'),
 ('185', '185', 'en_us', '', NULL, '1', '2015-12-03 20:37:02', '2015-12-17 19:53:40', '1d1f99ec-f5cd-4807-9490-0e03f4acffb6'),
 ('190', '190', 'en_us', 'sample-testimonail', 'testimonials/sample-testimonail', '1', '2015-12-14 20:31:22', '2015-12-14 20:33:01', '684e53d3-958f-483b-9367-4c1907b0a95e'),
 ('202', '202', 'en_us', '', NULL, '1', '2015-12-15 20:17:44', '2015-12-17 19:42:19', '2701816a-4d23-433e-90fa-4d6abedd0eb5'),
 ('204', '204', 'en_us', '', NULL, '1', '2015-12-17 15:10:35', '2015-12-17 15:10:35', '4c29e7b9-e201-4534-938d-e6e35bbfea66'),
 ('205', '205', 'en_us', '', NULL, '1', '2015-12-17 15:23:34', '2015-12-17 15:23:34', '224f6ea8-201c-42b1-a6d9-4d4311f1abb9'),
 ('206', '206', 'en_us', 'test-blog', 'blog-post/2015/test-blog', '1', '2015-12-17 15:33:23', '2015-12-29 17:10:21', 'fdc0df60-9e0c-4b0b-9f2d-0d00117e7702'),
 ('207', '207', 'en_us', 'reilly-hawkins1-350x500', NULL, '1', '2015-12-17 16:36:13', '2016-01-02 18:55:13', 'a460eefb-2cda-4430-81fd-411a8cd1f3dd'),
 ('213', '213', 'en_us', 'rachel-kozy', 'people-profile/rachel-kozy', '1', '2015-12-17 18:22:57', '2015-12-29 16:24:03', 'b41ff916-0043-493a-9ee7-fd453990557d'),
 ('215', '215', 'en_us', 'profile-example2', NULL, '1', '2015-12-17 18:38:33', '2016-01-02 18:55:14', 'acb1181d-ec73-4be7-9209-f38794561b23'),
 ('234', '234', 'en_us', 'martha-arbogast', 'people-profile/martha-arbogast', '1', '2015-12-17 18:59:04', '2015-12-29 16:26:08', 'a8f2bb86-5b85-42e1-a238-6eeecf00ef13'),
 ('236', '236', 'en_us', 'sarah-holzer', 'people-profile/sarah-holzer', '1', '2015-12-17 18:59:45', '2015-12-29 16:28:56', '81ef3c5e-c0f8-47c3-919c-62399b786266'),
 ('239', '239', 'en_us', 'idea-base-trophy-03', NULL, '1', '2015-12-17 19:17:44', '2016-01-02 18:55:08', '8cd7b13c-a00c-472f-a11c-3aec6ef3e02e'),
 ('240', '240', 'en_us', 'ksu-logo-gray', NULL, '1', '2015-12-17 19:19:02', '2016-01-02 18:55:09', '9ab2fee2-4d0f-442c-a2b2-28b008460195'),
 ('241', '241', 'en_us', 'profile-example2', NULL, '1', '2015-12-17 19:19:15', '2016-01-02 18:54:48', '8a71a649-d258-4bd9-9c66-8cf8bc4c26a5'),
 ('242', '242', 'en_us', 'profile-sample', NULL, '1', '2015-12-17 19:19:21', '2016-01-02 18:54:48', '23dc2c63-6ddb-4e0d-a9cc-fa4eae99d9f1'),
 ('243', '243', 'en_us', 'project-sample', NULL, '1', '2015-12-17 19:19:28', '2016-01-02 18:55:23', '3c70b1f4-5f38-4570-aae0-80478484e482'),
 ('244', '244', 'en_us', 'design', NULL, '1', '2015-12-17 19:20:23', '2016-01-02 18:55:12', '420f5eef-5823-4235-be77-576265e5484d'),
 ('245', '245', 'en_us', 'discover', NULL, '1', '2015-12-17 19:20:23', '2016-01-02 18:55:12', 'e91c2d0b-d7fa-442e-bcc5-7b6ee323a282'),
 ('246', '246', 'en_us', 'idea-base-svgicons-bolt-01', NULL, '1', '2015-12-17 19:20:24', '2016-01-02 18:55:03', '30b6c539-46d2-45bd-80b5-a5ee05ac9c62'),
 ('247', '247', 'en_us', 'idea-base-svgicons-cam-01', NULL, '1', '2015-12-17 19:20:25', '2016-01-02 18:55:04', '6490f9e8-3d03-46e9-bff5-18ed087d9ee9'),
 ('248', '248', 'en_us', 'idea-base-svgicons-compass', NULL, '1', '2015-12-17 19:20:25', '2016-01-02 18:55:04', 'b59663d0-ae60-42a3-bcbc-4ed855bfb166'),
 ('249', '249', 'en_us', 'idea-base-svgicons-desktop-01', NULL, '1', '2015-12-17 19:20:26', '2016-01-02 18:55:05', 'bd06a1ee-09b5-4eee-a4ed-e9a4093135c4'),
 ('250', '250', 'en_us', 'idea-base-svgicons-devices-01', NULL, '1', '2015-12-17 19:20:26', '2016-01-02 18:55:06', 'e98c7dd3-c785-4e1d-862c-3b9be65c2190'),
 ('251', '251', 'en_us', 'idea-base-svgicons-eye-01', NULL, '1', '2015-12-17 19:20:27', '2016-01-02 18:55:06', '99de7a74-25ff-4899-a98f-81ade99496cb'),
 ('252', '252', 'en_us', 'idea-base-svgicons-glass-01', NULL, '1', '2015-12-17 19:20:28', '2016-01-02 18:55:07', '3f9ee3eb-a2e9-4c9f-ac58-2bf621760284'),
 ('253', '253', 'en_us', 'idea-base-svgicons-map-01', NULL, '1', '2015-12-17 19:20:28', '2016-01-02 18:55:07', '4561fc5c-4914-4d93-a3ad-1dea6b0160d4'),
 ('254', '254', 'en_us', 'idea-base-svgicons-pencil-01', NULL, '1', '2015-12-17 19:20:29', '2016-01-02 18:55:07', 'f816f6eb-08f6-44c9-b816-3d2dfdb09af0'),
 ('255', '255', 'en_us', 'idea-base-svgicons-speech-01', NULL, '1', '2015-12-17 19:20:29', '2016-01-02 18:55:08', 'fad74697-28b0-40d3-8cb8-bbe7f58d9b49'),
 ('256', '256', 'en_us', 'idea-base-svgicons-square-01', NULL, '1', '2015-12-17 19:20:30', '2016-01-02 18:55:08', '07a9a1f2-64d4-4fb0-a599-0e865cf6421b'),
 ('257', '257', 'en_us', 'lightbulb', NULL, '1', '2015-12-17 19:20:31', '2016-01-02 18:55:14', '3ef0f0ad-28c2-4354-bab0-7597833ce1ae'),
 ('258', '258', 'en_us', 'refine', NULL, '1', '2015-12-17 19:20:32', '2016-01-02 18:55:16', '3e3e7091-6aed-4a72-b2c8-ae9928422103'),
 ('259', '259', 'en_us', 'bricks', NULL, '1', '2015-12-17 19:20:58', '2016-01-02 18:54:53', '33eab993-838d-416f-a089-82e7f31d5858'),
 ('260', '260', 'en_us', 'practice', NULL, '1', '2015-12-17 19:20:59', '2016-01-02 18:54:53', 'dbc3a015-356d-49ec-bee9-92268cb7617f'),
 ('262', '262', 'en_us', 'ideabaselogo', NULL, '1', '2015-12-17 19:21:14', '2016-01-15 15:40:32', '5d6af2fa-7106-49a3-9c07-be0237a00a19'),
 ('263', '263', 'en_us', 'test', NULL, '1', '2015-12-17 19:21:30', '2016-01-02 18:54:49', '86f1b84a-d85e-464b-94e1-3ee36d93716b'),
 ('264', '264', 'en_us', 'test', NULL, '1', '2015-12-17 19:21:32', '2016-01-02 18:54:54', 'faa4c3ee-4946-420a-8da9-770d617a94ae'),
 ('265', '265', 'en_us', 'test', NULL, '1', '2015-12-17 19:21:32', '2016-01-02 18:55:00', 'ad7fc971-0a8d-4b00-ad1c-aa86a48fa479'),
 ('266', '266', 'en_us', 'test', NULL, '1', '2015-12-17 19:21:33', '2016-01-02 18:55:00', 'a70f9386-f08a-4d73-be43-088ab34b8b48'),
 ('267', '267', 'en_us', '16447262348-7476080e8c-o-350x500', NULL, '1', '2015-12-17 19:21:34', '2016-01-02 18:55:01', 'bb8c1095-8909-4e8d-a266-3f51571a28e5'),
 ('268', '268', 'en_us', 'chris-edit-350x500', NULL, '1', '2015-12-17 19:21:34', '2016-01-02 18:55:02', 'b37672f8-3673-4dd0-a1df-147895233e81'),
 ('269', '269', 'en_us', 'dowling-kristin-350x500', NULL, '1', '2015-12-17 19:21:35', '2016-01-02 18:55:03', '8be83abc-356e-44f1-a25c-f8a78efd351a'),
 ('270', '270', 'en_us', 'quintin-steele-350x500', NULL, '1', '2015-12-17 19:21:39', '2016-01-02 18:55:09', '152b6882-70cd-408b-85c2-7734e4de58b9'),
 ('271', '271', 'en_us', 'arrow-down-white', NULL, '1', '2015-12-17 19:21:39', '2016-01-02 18:55:10', '018d83d3-767c-4b2e-ac8d-3d6643ab76fe'),
 ('272', '272', 'en_us', 'victoria1-350x500', NULL, '1', '2015-12-17 19:21:40', '2016-01-02 18:55:09', '3242dcc9-5b06-4094-8ebc-1c74842a5f74'),
 ('273', '273', 'en_us', 'arrow-down-white-151214-170627', NULL, '1', '2015-12-17 19:21:40', '2016-01-02 18:55:10', 'aff042f6-b0c8-4cc5-b02a-0bd8921168e9'),
 ('274', '274', 'en_us', 'arrow-right-blue', NULL, '1', '2015-12-17 19:21:40', '2016-01-02 18:55:11', 'd84af404-cb37-4033-877d-753a1096aa64'),
 ('275', '275', 'en_us', 'arrow-right-blue-151214-170628', NULL, '1', '2015-12-17 19:21:41', '2016-01-02 18:55:11', 'd2ec09bb-e9f4-493c-8caf-71a6277b984d'),
 ('276', '276', 'en_us', 'arrow-right-white', NULL, '1', '2015-12-17 19:21:41', '2016-01-02 18:55:11', 'ba11a590-0189-45b7-9c4e-c95f182a87e5'),
 ('277', '277', 'en_us', 'arrow-right-white-151214-170629', NULL, '1', '2015-12-17 19:21:41', '2016-01-02 18:55:11', 'd95c58e5-2d85-4b69-acf8-30c5e953cd9c'),
 ('278', '278', 'en_us', 'bricks', NULL, '1', '2015-12-17 19:21:42', '2016-01-02 18:55:12', 'd747f4c9-8246-4be0-9990-11ee9cff80bd'),
 ('279', '279', 'en_us', 'envelopeicon', NULL, '1', '2015-12-17 19:21:43', '2016-01-02 18:55:13', '5db2d5d7-5e32-4a41-a6fc-0b3a4dc60af4'),
 ('280', '280', 'en_us', 'lightbulb-sample', NULL, '1', '2015-12-17 19:21:44', '2016-01-02 18:55:14', '8cc7e61c-fdc0-4958-8b78-af99e6dcde90'),
 ('281', '281', 'en_us', 'practice', NULL, '1', '2015-12-17 19:21:45', '2016-01-02 18:55:15', '38cfcaa6-22d8-4cfe-900a-af9b7a928100');
INSERT INTO `craft_elements_i18n` (`id`, `elementId`, `locale`, `slug`, `uri`, `enabled`, `dateCreated`, `dateUpdated`, `uid`) VALUES
 ('282', '282', 'en_us', 'profile-example2', NULL, '1', '2015-12-17 19:21:45', '2016-01-02 18:55:16', 'aa0a8b94-6832-45dd-850b-0fafb5914d46'),
 ('283', '283', 'en_us', 'x', NULL, '1', '2015-12-17 19:21:46', '2016-01-02 18:55:17', '1054738b-07d8-48d5-88b2-3e1ba092fada'),
 ('284', '284', 'en_us', 'x-151214-170629', NULL, '1', '2015-12-17 19:21:46', '2016-01-02 18:55:17', '3678f954-461d-4c06-b368-b6aa7eae035a'),
 ('285', '285', 'en_us', 'profile-sample', NULL, '1', '2015-12-17 19:21:47', '2016-01-02 18:55:16', '6448a2c6-aa4f-4f17-8ee6-762919d4a0c9'),
 ('286', '286', 'en_us', 'test', NULL, '1', '2015-12-17 19:21:48', '2016-01-02 18:55:23', '852e0a0b-ba0c-43cc-bca7-100a7649b8ec'),
 ('287', '287', 'en_us', '16447262348-7476080e8c-o-350x500', NULL, '1', '2015-12-17 19:29:51', '2016-01-02 18:54:41', '44636470-e6eb-49c3-b277-4afaf93af448'),
 ('288', '288', 'en_us', 'brendan-bennett-350x500', NULL, '1', '2015-12-17 19:29:52', '2016-01-02 18:54:42', '6b9fd64a-6b50-4e20-9770-b00b576f5feb'),
 ('289', '289', 'en_us', 'caitlin-smith-350x500', NULL, '1', '2015-12-17 19:29:53', '2016-01-02 18:54:42', '52cdb3d7-c545-4331-a0d1-5adfe15c8826'),
 ('290', '290', 'en_us', 'chris-350x500', NULL, '1', '2015-12-17 19:29:53', '2016-01-02 18:54:47', 'b5264e6c-5451-46fc-b362-4d6a67470b6c'),
 ('291', '291', 'en_us', 'chris-edit-350x500', NULL, '1', '2015-12-17 19:29:54', '2016-01-02 18:54:41', '238691cf-a088-4f4d-9b25-1eb043efc794'),
 ('292', '292', 'en_us', 'courtney-k-350x500', NULL, '1', '2015-12-17 19:29:54', '2016-01-02 18:54:42', '12c11305-fba8-4afb-bb39-1224469f06e8'),
 ('293', '293', 'en_us', 'dowling-kristin-350x500', NULL, '1', '2015-12-17 19:29:55', '2016-01-02 18:54:43', 'ed423dee-2cf4-4e48-b37a-69c45b2c13a0'),
 ('294', '294', 'en_us', 'john-headshot-350x500', NULL, '1', '2015-12-17 19:29:56', '2016-01-02 18:54:43', '6da4547a-b844-4ce1-bcc2-2971ffa79840'),
 ('295', '295', 'en_us', 'mario-fasolo-350x500', NULL, '1', '2015-12-17 19:29:57', '2016-01-02 18:54:43', '4bc4352b-dc28-4232-ade5-2825364e01cf'),
 ('296', '296', 'en_us', 'martha-head-shot1-350x500', NULL, '1', '2015-12-17 19:29:57', '2016-01-02 18:54:44', '28a87112-9f3a-49f4-9229-e3fbd42d429d'),
 ('297', '297', 'en_us', 'nico-ciani-350x500', NULL, '1', '2015-12-17 19:29:58', '2016-01-02 18:54:44', '263f5e35-cf6c-447f-9d62-da5261ab5469'),
 ('298', '298', 'en_us', 'quintin-steele-350x500', NULL, '1', '2015-12-17 19:29:59', '2016-01-02 18:54:44', '1ed43313-7bb6-46ee-8cfb-c8daf7be0ff5'),
 ('299', '299', 'en_us', 'rachel1-350x500', NULL, '1', '2015-12-17 19:30:00', '2016-01-02 18:54:45', '56241444-b806-4ca9-8c78-4be4ee6536d2'),
 ('300', '300', 'en_us', 'reilly-hawkins1-350x500', NULL, '1', '2015-12-17 19:30:00', '2016-01-02 18:54:45', 'bbbfbf02-0451-4dcd-b792-f1a20b39e20b'),
 ('301', '301', 'en_us', 'robin-tucker-1-350x500', NULL, '1', '2015-12-17 19:30:03', '2016-01-02 18:54:45', '6cc89f6d-65c4-40ae-8527-83cf9bb18d5c'),
 ('302', '302', 'en_us', 'sarah-holzer-350x500', NULL, '1', '2015-12-17 19:30:04', '2016-01-02 18:54:46', '7eb03b12-5429-4ebb-a3fb-b81bf8526ecb'),
 ('303', '303', 'en_us', 'smaurer-350x500', NULL, '1', '2015-12-17 19:30:05', '2016-01-02 18:54:46', '35ca1687-f102-495e-a338-0758028954bb'),
 ('304', '304', 'en_us', 'soft-smile-w-scarf-headshot-callie-sullivan-350x500', NULL, '1', '2015-12-17 19:30:07', '2016-01-02 18:54:49', 'ebdad87e-e27a-46ab-8308-fd22f463313c'),
 ('305', '305', 'en_us', 'todd-thompson-headshot1-350x500', NULL, '1', '2015-12-17 19:30:08', '2016-01-02 18:54:47', '9a8abe1e-6af6-48da-bdf6-9523160ff775'),
 ('306', '306', 'en_us', 'trang-350x500', NULL, '1', '2015-12-17 19:30:09', '2016-01-02 18:54:46', '974d146f-2cda-4541-8660-4930b6113ec2'),
 ('307', '307', 'en_us', 'victoria1-350x500', NULL, '1', '2015-12-17 19:30:09', '2016-01-02 18:54:47', '5bec6661-d0f5-4ab3-b592-17a8203edcd2'),
 ('308', '308', 'en_us', '22209357844-e890653102-o', NULL, '1', '2015-12-17 19:40:05', '2016-01-02 18:54:50', '2aa5cd33-98fe-4eb9-89db-62d58e70b661'),
 ('309', '309', 'en_us', '22210955613-4359e58c13-o', NULL, '1', '2015-12-17 19:40:11', '2016-01-02 18:54:51', '7dff32fb-7a40-421c-9254-dd6a5ea7d57c'),
 ('310', '310', 'en_us', '22818609742-e0a0c83d14-o', NULL, '1', '2015-12-17 19:40:19', '2016-01-02 18:54:52', '8fc35d70-6686-4a96-bc39-849166258d7d'),
 ('311', '311', 'en_us', 'athletics', NULL, '1', '2015-12-22 00:58:44', '2016-01-02 18:55:22', '6ef8f53e-6f0a-4425-af94-6cda6ff1e6b5'),
 ('314', '314', 'en_us', 'kent-state-athletics-annual-report-2015', 'projects/2015/kent-state-athletics-annual-report-2015', '1', '2015-12-22 01:06:02', '2016-01-12 17:15:28', '8a1280f8-e5d3-4960-bd1f-080039c2d7a4'),
 ('315', '315', 'en_us', 'caitlin-smith', 'people-profile/caitlin-smith', '1', '2015-12-29 15:37:37', '2015-12-29 15:37:37', '909c0562-b3a7-4924-ba26-cbbf02cdebba'),
 ('316', '316', 'en_us', 'callie-sullivan', 'people-profile/callie-sullivan', '1', '2015-12-29 15:39:30', '2016-01-14 19:17:00', 'f2aede90-a925-4357-b720-f0a4b1b9a272'),
 ('317', '317', 'en_us', 'christopher-uhler', 'people-profile/christopher-uhler', '1', '2015-12-29 15:45:43', '2016-01-08 17:40:58', '01324855-6b9f-439b-a21f-9fc09623001a'),
 ('318', '318', 'en_us', 'courtney-kaminski', 'people-profile/courtney-kaminski', '1', '2015-12-29 15:47:48', '2016-01-08 17:41:17', '7751117f-5e92-49fd-acd8-389ce1a550d2'),
 ('319', '319', 'en_us', 'grace-jacobsen', 'people-profile/grace-jacobsen', '1', '2015-12-29 15:51:28', '2016-01-05 19:34:48', '6741ed57-e6d8-41df-a633-07633c4b526c'),
 ('320', '320', 'en_us', 'john-vrhovnik', 'people-profile/john-vrhovnik', '1', '2015-12-29 15:54:33', '2015-12-29 15:54:33', '936d4332-05ba-46fe-a36e-e7f6bf51be29'),
 ('321', '321', 'en_us', 'placeholder-01-350x5001', NULL, '1', '2015-12-29 15:59:27', '2016-01-02 18:54:48', '167ed13d-d2d9-4bae-9b88-e4f09cc9d21a'),
 ('322', '322', 'en_us', 'mario-fasolo', 'people-profile/mario-fasolo', '1', '2015-12-29 16:05:57', '2015-12-29 16:05:57', 'ae2e97c3-12f7-4560-8609-9635c56bb9a1'),
 ('323', '323', 'en_us', 'nico-ciani', 'people-profile/nico-ciani', '1', '2015-12-29 16:08:20', '2015-12-29 16:08:20', '333b920c-c3da-4fa0-b4fd-351286cd75d6'),
 ('324', '324', 'en_us', 'robin-tucker', 'people-profile/robin-tucker', '1', '2015-12-29 16:12:09', '2015-12-29 16:12:20', '078712f3-0374-47c5-a76f-3b91fd555f42'),
 ('325', '325', 'en_us', 'shauna-maurer', 'people-profile/shauna-maurer', '1', '2015-12-29 16:15:15', '2015-12-29 16:15:36', 'b6f9af4e-c4eb-4f51-bc54-93392c574a2f'),
 ('326', '326', 'en_us', 'todd-thompson', 'people-profile/todd-thompson', '1', '2015-12-29 16:18:46', '2015-12-29 16:26:48', '3257b11f-fb8a-4b6a-8401-e9cda54d3b04'),
 ('327', '327', 'en_us', 'trang-vu', 'people-profile/trang-vu', '1', '2015-12-29 16:20:50', '2015-12-29 16:20:57', 'b6df65c9-1696-42e6-8894-6fd62421f005'),
 ('328', '328', 'en_us', 'static1-squarespace', NULL, '1', '2015-12-29 16:40:43', '2016-01-02 18:54:59', 'f54b9ce9-6049-492b-ae3b-267c89a40e71'),
 ('329', '329', 'en_us', '1409156187-this-one-word-will-always-stifle-creativity', NULL, '1', '2015-12-29 16:43:10', '2016-01-02 18:54:55', 'a478095b-7145-4bed-94d6-ac908e33a27b'),
 ('330', '330', 'en_us', 'slis-screenshots-1500x786', NULL, '1', '2015-12-29 16:48:05', '2016-01-02 18:54:57', '61eabef1-21a4-4b1a-a2e0-f754373864f5'),
 ('331', '331', 'en_us', '637255612-1-1500x938', NULL, '1', '2015-12-29 16:53:13', '2016-01-02 18:54:55', 'c6941e33-b61a-466c-ab5e-d1ad062f2765'),
 ('332', '332', 'en_us', 'ivy-lane-pic', NULL, '1', '2015-12-29 16:56:03', '2016-01-02 18:54:56', '824dcc63-0ed2-435a-8bc6-03326a1150c0'),
 ('333', '333', 'en_us', 'camera', NULL, '1', '2015-12-29 17:04:37', '2016-01-02 18:54:58', '8b178178-ce86-4ee6-9572-c48c202388f7'),
 ('334', '334', 'en_us', 'older-intern-1500x715', NULL, '1', '2015-12-29 19:06:43', '2016-01-02 18:54:59', 'ab078864-e786-47e6-b55c-c4b1fcda2f18'),
 ('335', '335', 'en_us', 'interning-at-ideabase-elena-rounsley', 'blog-post/2015/interning-at-ideabase-elena-rounsley', '1', '2015-12-29 19:08:18', '2016-01-14 18:23:03', 'f99b6f54-9d51-4a46-9d1b-4ab131e6d180'),
 ('336', '336', 'en_us', '11034893-10153643608919622-1993049094911321176-n', NULL, '1', '2015-12-29 19:11:42', '2016-01-02 18:54:54', '94dfeb98-701d-4ed5-887d-4a7f4f5d21c7'),
 ('337', '337', 'en_us', 'from-the-field-to-the-web-reilly-hawkins', 'blog-post/2015/from-the-field-to-the-web-reilly-hawkins', '1', '2015-12-29 19:12:23', '2015-12-29 19:12:23', 'b64297d3-4dfa-40d8-9bfd-fdd3a1ca21b5'),
 ('338', '338', 'en_us', 'coffee-1500x1125', NULL, '1', '2015-12-29 19:15:09', '2016-01-02 18:54:56', '05c91870-253c-473a-9bed-6c521890f136'),
 ('339', '339', 'en_us', 'beyond-the-beans-life-of-a-coffee-roaster-and-user-experience-designer-christopher-uhler', 'blog-post/2015/beyond-the-beans-life-of-a-coffee-roaster-and-user-experience-designer-christopher-uhler', '1', '2015-12-29 19:15:59', '2015-12-29 19:15:59', '2a122e1d-7f83-4f93-bb37-80dd0fdc0953'),
 ('340', '340', 'en_us', 'i-stock-000038782704-double-1500x1000', NULL, '1', '2015-12-29 19:18:03', '2016-01-02 18:54:59', 'a35a540b-0dec-49fb-9301-cec525fb7c42'),
 ('341', '341', 'en_us', 'design-that-makes-a-difference-shauna-maurer', 'blog-post/2015/design-that-makes-a-difference-shauna-maurer', '1', '2015-12-29 19:18:59', '2015-12-29 19:18:59', 'b2c161d1-178f-4560-8dfa-aa282b00497c'),
 ('342', '342', 'en_us', 'i-stock-000033525494-full-1500x1000', NULL, '1', '2015-12-29 19:20:21', '2016-01-02 18:54:58', '616d7c4c-55e2-43b9-b3b7-f04c8fcc90f2'),
 ('343', '343', 'en_us', 'mario-image', NULL, '1', '2015-12-29 19:21:21', '2016-01-02 18:55:15', 'be8c9034-1937-43bd-8b27-356a3a73c7c7'),
 ('344', '344', 'en_us', 'from-wrestling-to-the-workforce-mario-fasolo', 'blog-post/2015/from-wrestling-to-the-workforce-mario-fasolo', '1', '2015-12-29 19:21:59', '2015-12-29 19:21:59', 'a7625752-5833-483a-961c-1f1b21c8c1bd'),
 ('345', '345', 'en_us', '5319f4c2dbfa3f44830041bd-w-540-s-fit', NULL, '1', '2015-12-29 19:22:56', '2016-01-02 18:54:56', 'c7fa3a0e-316d-4775-98da-72b5ec8d62e8'),
 ('346', '346', 'en_us', 'the-atmosphere-of-ideabase-sarah-holzers-story', 'blog-post/2015/the-atmosphere-of-ideabase-sarah-holzers-story', '1', '2015-12-29 19:23:53', '2015-12-29 19:23:53', '91843a4a-1424-422e-a454-09942c8e637e'),
 ('347', '347', 'en_us', 'computer-science2', NULL, '1', '2015-12-29 19:25:47', '2016-01-02 18:54:57', '165a547a-50b1-4811-b6a7-9f9a900d17ab'),
 ('348', '348', 'en_us', 'meet-our-first-high-school-intern-trista-finch', 'blog-post/2015/meet-our-first-high-school-intern-trista-finch', '1', '2015-12-29 19:26:32', '2016-01-14 18:21:28', '0a854ecf-9da4-488d-b344-02b3d1ed2d6f'),
 ('349', '349', 'en_us', 'national-air-and-space-museum-entrance-1500x998', NULL, '1', '2015-12-29 19:27:50', '2016-01-02 18:54:57', '27116d34-37c2-4ff1-b108-6fa6aa82995d'),
 ('350', '350', 'en_us', 'designing-in-d-c-martha-arbogast', 'blog-post/2015/designing-in-d-c-martha-arbogast', '1', '2015-12-29 19:28:30', '2015-12-29 19:28:30', '5f5c19f4-e4c4-4e61-9624-3828ca5c7443'),
 ('351', '351', 'en_us', 'screenshot-2015-07-06-10-02-192-710x492', NULL, '1', '2015-12-31 16:44:25', '2016-01-02 18:55:22', '2f36aec4-e530-4de1-b5fc-93f3d9682b44'),
 ('352', '352', 'en_us', 'ice-screenshots2-710x372', NULL, '1', '2015-12-31 16:44:36', '2016-01-02 18:55:18', 'c0f7c671-eb82-4d6a-b50a-85c4bd126195'),
 ('353', '353', 'en_us', 'ice-consulting', 'projects/2015/ice-consulting', '1', '2015-12-31 16:47:36', '2016-01-12 17:46:00', 'fd0f374d-1c72-4ccc-ad4c-72eaf08f214c'),
 ('354', '354', 'en_us', 'slis-screenshots-710x372', NULL, '1', '2015-12-31 16:49:49', '2016-01-02 18:55:20', '8dd293cf-606e-4300-bcde-58b8d6a9bf2c'),
 ('355', '355', 'en_us', 'school-of-library-information-science', 'projects/2015/school-of-library-information-science', '1', '2015-12-31 16:51:55', '2016-01-12 20:04:33', '6928ce7d-b85c-49ab-b523-111b0074b23b'),
 ('356', '356', 'en_us', 'state-library-screenshots-1500x786', NULL, '1', '2015-12-31 16:53:23', '2016-01-02 18:55:22', '36681f74-b163-4142-b7da-7c9a9405b3f7'),
 ('357', '357', 'en_us', 'state-library-of-ohio', 'projects/2015/state-library-of-ohio', '1', '2015-12-31 16:54:47', '2016-01-12 17:44:09', '14b1c59d-bc71-4f68-b2b1-30bf0a1d85bd'),
 ('358', '358', 'en_us', 'img-7279-web-710x450', NULL, '1', '2015-12-31 16:57:15', '2016-01-02 18:55:19', 'f7aea037-53a6-43de-8a54-9bde83699b3a'),
 ('359', '359', 'en_us', 'img-7283-web-710x450', NULL, '1', '2015-12-31 16:57:16', '2016-01-02 18:55:18', 'beb915ce-d91d-448f-88b5-edc13e4bdf57'),
 ('360', '360', 'en_us', 'img-7314-web', NULL, '1', '2015-12-31 16:57:17', '2016-01-02 18:55:19', 'b854a3c1-511e-468d-9f2c-10c9cbf0be11'),
 ('361', '361', 'en_us', 'img-7315-web-710x450', NULL, '1', '2015-12-31 16:57:17', '2016-01-02 18:55:19', 'f3579a00-a911-40d4-9668-fd13a325c0d3'),
 ('362', '362', 'en_us', 'img-7318-web', NULL, '1', '2015-12-31 16:57:18', '2016-01-02 18:55:20', 'ee185e1d-ad28-4ef4-945f-49b2ee49bac1'),
 ('363', '363', 'en_us', 'ideabase-and-glyphix-printed-brochure', 'projects/2015/ideabase-and-glyphix-printed-brochure', '1', '2015-12-31 16:58:40', '2016-01-12 17:16:33', '771811af-5468-48e6-9a34-4eb49cbdc59d'),
 ('364', '364', 'en_us', 'florence', NULL, '1', '2015-12-31 17:10:15', '2016-01-02 18:55:23', 'f9c5b24e-9cfc-46b2-a6f0-0f050b82f9d7'),
 ('365', '365', 'en_us', 'florence-tour-kent-state-college-of-communication-and-information', 'projects/2015/florence-tour-kent-state-college-of-communication-and-information', '1', '2015-12-31 17:11:10', '2016-01-12 20:04:01', '631444b4-758f-4ffe-8dcf-6ed1c629b619'),
 ('366', '366', 'en_us', 'screenshot-2015-05-01-15-55-32-219x300', NULL, '1', '2015-12-31 17:13:17', '2016-01-02 18:55:21', '2727d28d-44d3-44cd-8e69-e42df68b9d65'),
 ('367', '367', 'en_us', 'screen-shot-2015-12-31-at-12-15-29-pm', NULL, '1', '2015-12-31 17:15:49', '2016-01-02 18:55:20', 'ea9d5fe4-3e24-4f1f-b91b-cec1a7758038'),
 ('368', '368', 'en_us', 'brochure-college-of-communication-and-information', 'projects/2015/brochure-college-of-communication-and-information', '1', '2015-12-31 17:16:44', '2016-01-12 17:19:17', '5b407a7f-fede-4206-8ede-6a2d296f1ebc'),
 ('369', '369', 'en_us', 'screen-shot-2015-12-31-at-12-17-35-pm', NULL, '1', '2015-12-31 17:18:04', '2016-01-02 18:55:21', '4cbc3049-cf6f-4727-8e97-3dd17f85551a'),
 ('370', '370', 'en_us', 'may-consulting-partners', 'projects/2015/may-consulting-partners', '1', '2015-12-31 17:19:08', '2016-01-12 17:42:07', '540a3120-4425-489c-98e1-534738f60bbb'),
 ('372', '372', 'en_us', 'may-consulting-partners', 'clients/may-consulting-partners', '1', '2016-01-04 02:35:20', '2016-01-04 02:35:20', 'ed566b12-daa3-4234-8586-e3066f8315a0'),
 ('373', '373', 'en_us', 'college-of-communication-and-information', 'clients/college-of-communication-and-information', '1', '2016-01-04 02:36:34', '2016-01-04 02:36:34', '0a7d7c61-2406-445c-bab3-fee5906104f5'),
 ('374', '374', 'en_us', 'state-library-screenshots-1500x786', NULL, '1', '2016-01-04 03:21:18', '2016-01-04 03:21:18', '1780c3a1-3b65-45e1-b15f-4abb82eb765c'),
 ('375', '375', 'en_us', 'designing-and-developing-a-responsive-library-website', 'case-study/designing-and-developing-a-responsive-library-website', '1', '2016-01-04 03:21:25', '2016-01-04 03:21:25', '402aea0b-2bda-4c22-9352-e8d57a6a2fd5'),
 ('376', '376', 'en_us', 'test-case-study', 'case-study/test-case-study', '1', '2016-01-04 03:21:36', '2016-01-04 03:21:36', 'bd2152f6-9a5a-4778-bc91-9833e6367b44'),
 ('377', '377', 'en_us', 'istnick', NULL, '1', '2016-01-05 18:20:43', '2016-01-05 18:20:43', 'd25c8ec5-e6e2-4225-bd18-f4707b658c8c'),
 ('378', '378', 'en_us', 'brad-istnick', 'people-profile/brad-istnick', '1', '2016-01-05 18:21:55', '2016-01-05 18:37:40', '8e34c8a8-c125-49be-a824-23bdc150c5f5'),
 ('379', '379', 'en_us', 'kiskadden', NULL, '1', '2016-01-05 18:26:20', '2016-01-05 18:26:20', '84fa802d-1ba9-46a9-a47d-f51b63cbe862'),
 ('380', '380', 'en_us', 'greg-kiskadden', 'people-profile/greg-kiskadden', '1', '2016-01-05 18:30:52', '2016-01-05 18:37:40', 'e3a450cb-8c29-4d78-b643-26edaae001aa'),
 ('381', '381', 'en_us', 'greg-thomas', 'people-profile/greg-thomas', '1', '2016-01-05 18:33:08', '2016-01-05 18:37:41', '801108ad-3312-4cd9-a5be-e6df74eaa4f3'),
 ('382', '382', 'en_us', 'steve-lageson', 'people-profile/steve-lageson', '1', '2016-01-05 18:37:34', '2016-01-05 18:37:41', 'ffa9c673-6cb4-4a15-ad3e-fc65816c313e'),
 ('383', '383', 'en_us', 'coombs-danielle-350x500', NULL, '1', '2016-01-05 18:49:31', '2016-01-05 18:49:31', 'e1b5f459-0b9e-44b2-aeb0-893bf32aa2ac'),
 ('384', '384', 'en_us', 'danielle-coombs-ph-d', 'people-profile/danielle-coombs-ph-d', '1', '2016-01-05 18:50:47', '2016-01-05 18:51:43', 'dcb99cec-b9ee-45d9-9fc4-68cbeef57db4');
INSERT INTO `craft_elements_i18n` (`id`, `elementId`, `locale`, `slug`, `uri`, `enabled`, `dateCreated`, `dateUpdated`, `uid`) VALUES
 ('385', '385', 'en_us', 'david-robins-ph-d', 'people-profile/david-robins-ph-d', '1', '2016-01-05 18:51:38', '2016-01-05 18:56:59', '2354421d-a3c2-4c59-957c-08bc473e55d1'),
 ('386', '386', 'en_us', 'robins-david-350x500', NULL, '1', '2016-01-05 18:52:05', '2016-01-05 18:52:05', '956a58ee-7e7e-4e52-b9ef-085c2fa84fa0'),
 ('387', '387', 'en_us', 'coorey-jillianweb-1-350x500', NULL, '1', '2016-01-05 18:57:52', '2016-01-05 18:57:52', '3f4dae52-2033-456d-9883-83ba6c70311d'),
 ('388', '388', 'en_us', 'jillian-coorey', 'people-profile/jillian-coorey', '1', '2016-01-05 18:59:13', '2016-01-05 19:24:54', '816cdc59-bae9-4e77-8026-23d63ff8cd5b'),
 ('389', '389', 'en_us', 'grimm-pam-350x500', NULL, '1', '2016-01-05 19:04:06', '2016-01-05 19:04:06', '9fa4700f-bdc8-4d77-b006-444ea8eaac15'),
 ('390', '390', 'en_us', 'pamela-grimm-ph-d', 'people-profile/pamela-grimm-ph-d', '1', '2016-01-05 19:09:07', '2016-01-05 19:24:55', '8bd630a1-3f8b-4d78-987d-1831caf7c165'),
 ('391', '391', 'en_us', 'ph-optimized-1-350x500', NULL, '1', '2016-01-05 19:09:49', '2016-01-05 19:09:49', '6a9cd5b1-324f-4336-be76-b4fe512f95ca'),
 ('392', '392', 'en_us', 'paul-haridakis-ph-d', 'people-profile/paul-haridakis-ph-d', '1', '2016-01-05 19:11:16', '2016-01-05 19:24:55', 'f877d6c5-2be5-4822-b7d1-2b486f611053'),
 ('393', '393', 'en_us', 'renicker-web-ready-1-11-350x500', NULL, '1', '2016-01-05 19:14:14', '2016-01-05 19:14:14', '853897d6-25d6-40aa-8f1f-0888e7e0e4a4'),
 ('394', '394', 'en_us', 'valora-renicker', 'people-profile/valora-renicker', '1', '2016-01-05 19:15:35', '2016-01-05 19:24:55', 'e2abcf70-29ce-437b-9b70-03882258dd51'),
 ('395', '395', 'en_us', 'kent-state-athletics', 'clients/kent-state-athletics', '1', '2016-01-05 20:03:50', '2016-01-05 20:03:50', 'd186da75-5e85-41b3-b499-0d6c1ff99c2a'),
 ('396', '396', 'en_us', 'state-library-of-ohio', 'clients/state-library-of-ohio', '1', '2016-01-05 20:05:49', '2016-01-05 20:05:49', '4d404546-b5e7-4137-8627-5cbba9b5c398'),
 ('397', '397', 'en_us', 'schneller', 'clients/schneller', '1', '2016-01-05 20:13:37', '2016-01-05 20:13:37', '8a05355b-64c1-409f-a6e6-4fe13c1fa70e'),
 ('398', '398', 'en_us', 'schneller-aerfilm-flex-product-demonstration-video', 'projects/2016/schneller-aerfilm-flex-product-demonstration-video', '1', '2016-01-05 20:14:42', '2016-01-12 17:19:46', '4946a2da-4ce2-433a-aa55-936122cd40cd'),
 ('399', '399', 'en_us', 'dan-nicol-of-ice-consulting', 'clients/dan-nicol-of-ice-consulting', '1', '2016-01-05 20:19:26', '2016-01-05 20:19:26', '1fead151-a688-484d-a610-bc001a183906'),
 ('400', '400', 'en_us', 'kent-state-university-school-of-library-information-science', 'clients/kent-state-university-school-of-library-information-science', '1', '2016-01-05 20:26:30', '2016-01-05 20:26:30', '3d6a0707-71af-429f-a7d2-9920f508c03c'),
 ('401', '401', 'en_us', 'idea-base-powered-by-kent-state-students-1', NULL, '1', '2016-01-05 20:58:04', '2016-01-05 20:58:04', 'bab8c2f4-3395-4919-8f9f-b9bcdf59332f'),
 ('402', '402', 'en_us', 'ideabase-internal', 'clients/ideabase-internal', '1', '2016-01-05 20:58:55', '2016-01-05 20:58:55', '1068cf7f-1d8e-4d47-b2a3-9c8e176cd737'),
 ('403', '403', 'en_us', 'ideabase-powered-by-kent-state-students', 'projects/2016/ideabase-powered-by-kent-state-students', '1', '2016-01-05 20:59:51', '2016-01-12 17:20:16', '14f3790a-03ab-4bbb-b507-44dacf0f7088'),
 ('404', '404', 'en_us', 'kent-state-university-academic-affairs-office', 'clients/kent-state-university-academic-affairs-office', '1', '2016-01-05 21:02:30', '2016-01-05 21:02:30', '20a66d8f-f025-4c93-877a-156d1cf85b94'),
 ('405', '405', 'en_us', 'iplan-graduation-planning-system-video', 'projects/2016/iplan-graduation-planning-system-video', '1', '2016-01-05 21:04:06', '2016-01-12 17:23:40', 'adfa336f-669f-4873-bdf3-ac66a936cca1'),
 ('406', '406', 'en_us', 'viewbook1', NULL, '1', '2016-01-05 21:06:14', '2016-01-05 21:06:14', '7e3b0300-d2d4-4f24-b8a9-75717728597f'),
 ('407', '407', 'en_us', 'kent-state-university-college-of-architecture-and-environmental-design', 'clients/kent-state-university-college-of-architecture-and-environmental-design', '1', '2016-01-05 21:07:49', '2016-01-05 21:07:49', 'e3130e74-68f8-4925-a33c-414f285fbdf0'),
 ('408', '408', 'en_us', 'caed-view-002', NULL, '1', '2016-01-05 21:08:30', '2016-01-05 21:08:30', '0bcaa9fe-e5e0-4c78-b1ab-3bcc903efd05'),
 ('409', '409', 'en_us', 'caed-view-003', NULL, '1', '2016-01-05 21:08:31', '2016-01-05 21:08:31', '5daa0a50-5671-4112-95fb-4587ef47aea6'),
 ('410', '410', 'en_us', 'caed-view-004', NULL, '1', '2016-01-05 21:08:31', '2016-01-05 21:08:31', 'bab73da9-eb0b-4daf-82a8-9e5b4097a30c'),
 ('411', '411', 'en_us', 'caed-view-005', NULL, '1', '2016-01-05 21:08:32', '2016-01-05 21:08:32', '1d2638f8-f4bd-4f4c-961e-400a1ed9471b'),
 ('412', '412', 'en_us', 'viewbook-college-of-architecture-and-environmental-design', 'projects/2016/viewbook-college-of-architecture-and-environmental-design', '1', '2016-01-05 21:12:35', '2016-01-12 17:24:52', '95def7cf-8ead-4c17-9617-9fc4411b5cb9'),
 ('413', '413', 'en_us', 'school-of-communication-studies-brochure', 'projects/2016/school-of-communication-studies-brochure', '1', '2016-01-05 21:13:51', '2016-01-12 17:26:02', '73b69d7a-5f1e-44cf-addb-ee6f0845a1e4'),
 ('414', '414', 'en_us', 'summa-diversity-report', 'projects/2016/summa-diversity-report', '1', '2016-01-05 21:15:14', '2016-01-12 17:27:24', '7b92ed0f-a708-4bfd-badf-99040ed4e0b7'),
 ('415', '415', 'en_us', 'ametek-print-pieces', 'projects/2016/ametek-print-pieces', '1', '2016-01-05 21:16:36', '2016-01-12 20:01:37', 'be30eb05-e804-4419-bbde-fc4a33d985c5'),
 ('416', '416', 'en_us', 'athletics-posters-billboards-schedules', 'projects/2016/athletics-posters-billboards-schedules', '1', '2016-01-05 21:17:03', '2016-01-12 20:02:33', 'ab014b11-6b0c-4243-9d71-3909371cb4bc'),
 ('417', '417', 'en_us', 'boathouse-postcards-email-newsletters', 'projects/2016/boathouse-postcards-email-newsletters', '1', '2016-01-05 21:17:46', '2016-01-12 17:29:32', 'ec47ce44-ba73-4af7-8dad-6ecab34185b4'),
 ('418', '418', 'en_us', 'consumers-national-bank', 'projects/2016/consumers-national-bank', '1', '2016-01-05 21:18:30', '2016-01-12 17:30:12', 'f4ebcb83-30b6-4a81-bbb2-1fb857978361'),
 ('419', '419', 'en_us', 'career-expo', 'projects/2016/career-expo', '1', '2016-01-05 21:18:57', '2016-01-12 20:03:30', '92641495-4eae-491a-bc33-fed04f00f9eb'),
 ('420', '420', 'en_us', 'schneller-environmental-design', 'projects/2016/schneller-environmental-design', '1', '2016-01-05 21:20:47', '2016-01-12 17:37:06', 'b300a570-af97-4eed-a6f4-811b5710783f'),
 ('421', '421', 'en_us', 'teleproductions-promotional-items', 'projects/2016/teleproductions-promotional-items', '1', '2016-01-05 21:21:22', '2016-01-12 17:35:18', 'eefd296d-5697-461c-af98-11e5bcbcdf09'),
 ('422', '422', 'en_us', 'orientation-video', 'projects/2016/orientation-video', '1', '2016-01-05 21:21:40', '2016-01-12 17:34:11', 'cfcf2f1f-d944-4fd8-96a5-a787c1bd0bd3'),
 ('423', '423', 'en_us', 'brendan-bennett', 'people-profile/brendan-bennett', '1', '2016-01-05 21:25:15', '2016-01-08 17:33:20', '476cad0f-7615-4629-a90d-88a3c91888d4'),
 ('424', '424', 'en_us', 'andrew-keller', 'people-profile/andrew-keller', '1', '2016-01-08 17:33:08', '2016-01-08 17:33:09', 'f6c53586-7b3c-4253-bab9-8b92ce3673d9'),
 ('425', '425', 'en_us', 'chelsea-graff', 'people-profile/chelsea-graff', '1', '2016-01-08 17:39:43', '2016-01-08 17:39:43', '363707b2-ffd5-4018-9dd5-adf899ccc071'),
 ('426', '426', 'en_us', 'francesca-demming', 'people-profile/francesca-demming', '1', '2016-01-08 17:42:21', '2016-01-08 17:42:21', 'afce6cc5-334c-4061-b755-b0d6d08c4d86'),
 ('427', '427', 'en_us', 'joe-dister', 'people-profile/joe-dister', '1', '2016-01-08 17:44:33', '2016-01-08 17:46:37', 'e0dff536-dbb3-431f-a873-3e25dd1e5330'),
 ('428', '428', 'en_us', 'summa-health', 'clients/summa-health', '1', '2016-01-12 17:27:12', '2016-01-12 17:27:12', '991355d2-e656-4986-af07-a4b32e53bcfa'),
 ('429', '429', 'en_us', 'ametek', 'clients/ametek', '1', '2016-01-12 17:27:53', '2016-01-12 17:27:53', '9d65564c-2975-421c-91a7-701fd49576e6'),
 ('430', '430', 'en_us', 'boathouse', 'clients/boathouse', '1', '2016-01-12 17:29:28', '2016-01-12 17:29:28', '543b8df9-8447-4a86-9d6f-3cd1b99c772b'),
 ('431', '431', 'en_us', 'consumers-national-bank', 'clients/consumers-national-bank', '1', '2016-01-12 17:30:04', '2016-01-12 17:30:04', '8094d423-a7c9-4b0b-906a-0af36c02b6ec'),
 ('432', '432', 'en_us', 'teleproduction', 'clients/teleproduction', '1', '2016-01-12 17:35:14', '2016-01-12 17:35:14', 'b19b0e89-cfe6-4838-b888-c29c947306f8'),
 ('433', '433', 'en_us', 'environmental', 'project-type/environmental', '1', '2016-01-12 17:36:18', '2016-01-12 17:37:08', '11d8374a-db61-41f0-aead-473f28a7fd69'),
 ('434', '434', 'en_us', 'ashley-kozak', 'people-profile/ashley-kozak', '1', '2016-01-12 17:38:25', '2016-01-12 17:40:27', '25214e28-5a22-4bde-9035-ade688f0fa8c'),
 ('435', '435', 'en_us', 'laura-king', 'people-profile/laura-king', '1', '2016-01-12 17:39:57', '2016-01-12 17:40:27', 'dd04140b-6056-454f-b43a-1a96e6d71505'),
 ('436', '436', 'en_us', 'tyler-shaw', 'people-profile/tyler-shaw', '1', '2016-01-12 17:41:24', '2016-01-12 17:42:10', 'b7920a6b-3c39-4b5d-a05f-380b9109b56b'),
 ('437', '437', 'en_us', '', NULL, '1', '2016-01-12 19:49:23', '2016-01-12 19:49:23', 'efdd36ff-cdf6-4abd-aac1-680291fa7d77'),
 ('438', '438', 'en_us', '', NULL, '1', '2016-01-12 19:49:23', '2016-01-12 19:49:23', '49e01430-a19d-47d0-8a72-1248ad55ac8a'),
 ('439', '439', 'en_us', 'megan-johnson', 'people-profile/megan-johnson', '1', '2016-01-14 18:17:22', '2016-01-14 18:17:48', '5645e9b5-e239-471a-985c-29306f22ba95'),
 ('440', '440', 'en_us', 'trista-finch', 'people-profile/trista-finch', '1', '2016-01-14 18:21:18', '2016-01-14 18:21:30', 'd42c3e52-ec5e-4ec1-9927-fc8a30506daf'),
 ('441', '441', 'en_us', 'elena-rounsley', 'people-profile/elena-rounsley', '1', '2016-01-14 18:22:55', '2016-01-14 18:23:07', 'f263de1f-32ee-4b55-9190-09bf4d383771'),
 ('442', '442', 'en_us', 'ashley-kozak-1', 'people-profile/ashley-kozak-1', '1', '2016-01-14 18:24:16', '2016-01-14 18:24:29', 'fb54e327-c9d5-4636-8dd3-a077b0022f3b'),
 ('443', '443', 'en_us', '', NULL, '1', '2016-01-14 19:08:12', '2016-01-14 19:17:00', '89212a0f-76d4-47bd-9bcf-f06aced46f60'),
 ('444', '444', 'en_us', '', NULL, '1', '2016-01-14 19:08:12', '2016-01-14 19:17:00', '89185b26-a39d-40ad-9072-8743f63c9a5e'),
 ('445', '445', 'en_us', '', NULL, '1', '2016-01-14 19:08:12', '2016-01-14 19:17:00', '6350892d-ce68-4b83-b1bb-3a905d10cf63'),
 ('446', '446', 'en_us', '', NULL, '1', '2016-01-14 19:08:12', '2016-01-14 19:17:00', '9e0d75e9-10cb-41fc-8144-047ff2ba6bb9'),
 ('448', '448', 'en_us', 'ux', NULL, '1', '2016-01-15 15:50:11', '2016-01-15 16:11:32', '7e3a0915-8bd2-48d3-9c01-39e5c51654be'),
 ('449', '449', 'en_us', 'ux', 'ux', '1', '2016-01-15 15:50:35', '2016-01-15 16:11:36', '65561519-2a8b-4ec5-b408-d91bab8708b6');



DROP TABLE IF EXISTS `craft_emailmessages`;


--
-- Schema for table `craft_emailmessages`
--
CREATE TABLE `craft_emailmessages` (
  `id` int(11) NOT NULL AUTO_INCREMENT,
  `key` char(150) COLLATE utf8_unicode_ci NOT NULL,
  `locale` char(12) COLLATE utf8_unicode_ci NOT NULL,
  `subject` varchar(1000) COLLATE utf8_unicode_ci NOT NULL,
  `body` text COLLATE utf8_unicode_ci NOT NULL,
  `dateCreated` datetime NOT NULL,
  `dateUpdated` datetime NOT NULL,
  `uid` char(36) COLLATE utf8_unicode_ci NOT NULL DEFAULT '0',
  PRIMARY KEY (`id`),
  UNIQUE KEY `craft_emailmessages_key_locale_unq_idx` (`key`,`locale`),
  KEY `craft_emailmessages_locale_fk` (`locale`)
) ENGINE=InnoDB DEFAULT CHARSET=utf8 COLLATE=utf8_unicode_ci;

DROP TABLE IF EXISTS `craft_entries`;


--
-- Schema for table `craft_entries`
--
CREATE TABLE `craft_entries` (
  `id` int(11) NOT NULL,
  `sectionId` int(11) NOT NULL,
  `typeId` int(11) DEFAULT NULL,
  `authorId` int(11) DEFAULT NULL,
  `postDate` datetime DEFAULT NULL,
  `expiryDate` datetime DEFAULT NULL,
  `dateCreated` datetime NOT NULL,
  `dateUpdated` datetime NOT NULL,
  `uid` char(36) COLLATE utf8_unicode_ci NOT NULL DEFAULT '0',
  PRIMARY KEY (`id`),
  KEY `craft_entries_sectionId_idx` (`sectionId`),
  KEY `craft_entries_typeId_idx` (`typeId`),
  KEY `craft_entries_postDate_idx` (`postDate`),
  KEY `craft_entries_expiryDate_idx` (`expiryDate`),
  KEY `craft_entries_authorId_fk` (`authorId`)
) ENGINE=InnoDB DEFAULT CHARSET=utf8 COLLATE=utf8_unicode_ci;

--
-- Data for table `craft_entries`
--

INSERT INTO `craft_entries` (`id`, `sectionId`, `typeId`, `authorId`, `postDate`, `expiryDate`, `dateCreated`, `dateUpdated`, `uid`) VALUES
 ('2', '1', NULL, NULL, '2015-09-18 13:02:12', NULL, '2015-09-18 13:02:12', '2015-12-17 19:34:26', 'a6b2cb1a-38c6-46c9-849f-99663f94db27'),
 ('3', '2', '2', '1', '2015-09-18 13:02:13', NULL, '2015-09-18 13:02:13', '2015-09-18 13:02:13', 'b1d4fe6d-00d8-482d-b74c-6158a39c49ac'),
 ('67', '3', '3', '1', '2015-09-18 14:03:00', NULL, '2015-09-18 14:03:06', '2016-01-12 19:49:23', '71544981-94cb-4422-8212-df60964280eb'),
 ('73', '5', '5', '1', '2015-03-02 14:27:00', NULL, '2015-09-22 13:27:28', '2015-12-29 16:57:57', '8c94c6e2-3232-4f2c-a383-b2584ec3e0a3'),
 ('75', '6', '6', '1', '2015-09-22 14:33:00', NULL, '2015-09-22 14:33:18', '2015-11-06 15:45:44', 'ba860779-cd31-4379-b3b7-a5949046dcdd'),
 ('77', '8', '8', '1', '2015-09-22 14:36:49', NULL, '2015-09-22 14:36:50', '2015-09-22 14:36:50', '31b3cfa2-4e9a-4776-995b-af1bddafae01'),
 ('79', '2', '2', '1', '2015-09-22 14:37:54', NULL, '2015-09-22 14:37:55', '2015-09-22 14:37:55', '87494fab-2980-460a-96f0-dce11d36ccc1'),
 ('80', '5', '5', '1', '2015-02-16 01:27:00', NULL, '2015-09-23 00:27:55', '2016-01-14 18:17:46', '39a65b83-edbc-40a3-b471-e48fd9cd5d50'),
 ('81', '6', '6', '1', '2015-09-23 00:37:00', NULL, '2015-09-23 00:37:27', '2015-11-06 15:33:46', 'df064588-193d-4e3f-bab3-a748b45796ab'),
 ('95', '10', '10', '87', '2015-10-02 22:53:00', NULL, '2015-10-02 22:53:33', '2015-10-06 15:25:31', 'da92120b-6879-4d94-b3ec-7c7964bc213c'),
 ('96', '10', '10', '87', '2015-10-02 22:53:00', NULL, '2015-10-02 22:53:48', '2015-10-06 15:25:44', '64fae9fd-12d3-4dcf-bb42-ca204705a51c'),
 ('97', '10', '10', '87', '2015-10-02 22:53:00', NULL, '2015-10-02 22:53:59', '2015-10-06 15:25:58', '17e3e69a-a530-4fee-b648-28723eb197ff'),
 ('108', '11', '11', NULL, '2015-10-23 14:23:48', NULL, '2015-10-06 14:08:01', '2015-12-17 19:35:36', 'cfaeaa6c-9a64-479c-9c51-e5db39ac0afd'),
 ('109', '12', '12', NULL, '2015-10-23 14:25:09', NULL, '2015-10-06 14:37:07', '2015-12-17 19:53:40', 'dcb8bcf5-951a-4ddc-adb1-2ec23851346e'),
 ('119', '3', '3', '87', '2015-10-22 17:54:00', NULL, '2015-10-22 17:54:18', '2015-12-17 19:31:17', '23485fe6-b102-4629-b3ae-819b951fe1ad'),
 ('120', '3', '3', '87', '2015-10-22 17:54:00', NULL, '2015-10-22 17:54:56', '2015-12-17 19:31:24', 'fcf063fb-72c7-404f-aed8-f15831ab0491'),
 ('125', '5', '5', '87', '2015-01-24 15:14:00', NULL, '2015-10-30 14:14:18', '2016-01-14 18:24:27', '3a5830ca-fafb-4c1f-8ff1-249bec41bede'),
 ('131', '5', '5', '87', '2015-10-22 14:00:00', NULL, '2015-11-05 15:01:00', '2015-12-29 19:08:50', 'b6b8f5ce-7a68-4481-85bf-a37b160d7585'),
 ('132', '5', '5', '87', '2015-10-08 14:05:00', NULL, '2015-11-05 15:05:05', '2015-12-29 19:09:07', '261bad56-b77c-4459-8187-d1a7fcb24092'),
 ('146', '3', '3', '87', '2015-11-05 16:19:00', NULL, '2015-11-05 16:19:13', '2016-01-14 18:33:51', '3adff49e-a75e-4239-8ed7-48f6117b94a8'),
 ('147', '3', '3', '87', '2015-11-05 22:26:00', NULL, '2015-11-05 22:26:26', '2015-12-29 16:28:14', 'de37eecc-b184-45f0-a98f-33677eed4cb2'),
 ('148', '15', '15', NULL, '2015-11-06 14:34:28', NULL, '2015-11-06 14:19:01', '2015-12-17 19:35:17', '4bca9b7c-4db6-426f-9bad-2ced1b32e4b7'),
 ('149', '3', '3', '87', '2015-11-10 17:15:00', NULL, '2015-11-10 17:15:08', '2015-12-17 19:31:53', '1f3ff58b-13d6-44aa-984b-2d126fdcf846'),
 ('182', '16', NULL, NULL, '2015-11-24 15:27:14', NULL, '2015-11-24 15:27:14', '2015-11-24 15:28:52', '7155bfdb-5992-42c5-af16-b42446dca8c2'),
 ('190', '7', '7', '87', '2015-12-14 20:31:00', NULL, '2015-12-14 20:31:22', '2015-12-14 20:33:01', '16a42c46-2513-4eca-b1bf-8c85556531a7'),
 ('206', '5', '5', '87', '2015-03-11 14:33:00', NULL, '2015-12-17 15:33:23', '2015-12-29 17:10:21', 'de516c73-7591-4059-82fa-db9dd683c622'),
 ('213', '3', '3', '87', '2015-12-17 18:22:00', NULL, '2015-12-17 18:22:57', '2015-12-29 16:24:03', '229d6ecf-a06d-47ce-8600-f62a5e7dd588'),
 ('234', '3', '3', '87', '2015-12-17 18:59:00', NULL, '2015-12-17 18:59:04', '2015-12-29 16:26:08', '913efedd-bb3f-425e-9c28-c93467263c69'),
 ('236', '3', '3', '87', '2015-12-17 18:59:00', NULL, '2015-12-17 18:59:45', '2015-12-29 16:28:56', '1feb9a4f-264a-4250-a130-06eccf526e86'),
 ('314', '4', '4', '87', '2015-09-09 04:00:00', NULL, '2015-12-22 01:06:02', '2016-01-12 17:15:28', '5eef34bb-2c5c-4a6f-ae70-1919c92c15bc'),
 ('315', '3', '3', '204', '2015-12-29 15:37:36', NULL, '2015-12-29 15:37:37', '2015-12-29 15:37:37', 'b0b2d1a1-f54f-4102-9edf-583e65693ee0'),
 ('316', '3', '3', '204', '2015-12-29 15:39:00', NULL, '2015-12-29 15:39:30', '2016-01-14 19:17:00', '0c2660f5-6f40-4f4d-af09-cb750a515901'),
 ('317', '3', '3', '204', '2015-12-29 15:45:00', NULL, '2015-12-29 15:45:43', '2016-01-08 17:40:58', 'c239ce4f-7359-4f40-a44f-b9a4951b3e8b'),
 ('318', '3', '3', '204', '2015-12-29 15:47:00', NULL, '2015-12-29 15:47:49', '2016-01-08 17:41:17', '5f20d62a-b7e3-4d8c-bc70-7f1276c7507a'),
 ('319', '3', '3', '204', '2015-12-29 15:51:00', NULL, '2015-12-29 15:51:28', '2016-01-05 19:34:48', '52f948d1-9fb2-478d-a840-648e98c47097'),
 ('320', '3', '3', '204', '2015-12-29 15:54:33', NULL, '2015-12-29 15:54:33', '2015-12-29 15:54:33', 'b0255f91-b3d6-4959-825b-df1dbc39c17c'),
 ('322', '3', '3', '204', '2015-12-29 16:05:57', NULL, '2015-12-29 16:05:57', '2015-12-29 16:05:57', 'd8a64d83-22dc-4a3a-8654-dde80e1ffcfd'),
 ('323', '3', '3', '204', '2015-12-29 16:08:20', NULL, '2015-12-29 16:08:20', '2015-12-29 16:08:20', '73a9b189-2fec-4edd-979f-45c8fd828022'),
 ('324', '3', '3', '204', '2015-12-29 16:12:09', NULL, '2015-12-29 16:12:09', '2015-12-29 16:12:09', '36295249-ccfc-43a0-bd95-09dbb42a891c'),
 ('325', '3', '3', '204', '2015-12-29 16:15:15', NULL, '2015-12-29 16:15:15', '2015-12-29 16:15:15', 'edef3bc4-2d3a-43fd-a727-91bf1a040872'),
 ('326', '3', '3', '204', '2015-12-29 16:18:00', NULL, '2015-12-29 16:18:46', '2015-12-29 16:26:48', '73cb6e37-ff17-4390-bd27-5b3ac7431a8f'),
 ('327', '3', '3', '204', '2015-12-29 16:20:50', NULL, '2015-12-29 16:20:50', '2015-12-29 16:20:50', 'b1c0d4e3-e2de-4ff7-b544-8ddc87ff77cf'),
 ('335', '5', '5', '204', '2015-04-01 04:00:00', NULL, '2015-12-29 19:08:18', '2016-01-14 18:23:03', '239ee354-bc82-4d3c-8a4a-5b1c8686192e'),
 ('337', '5', '5', '204', '2015-04-08 04:00:00', NULL, '2015-12-29 19:12:23', '2015-12-29 19:12:23', '46a3374c-fd98-450f-bd38-775d4c5ae18a'),
 ('339', '5', '5', '204', '2015-04-29 04:00:00', NULL, '2015-12-29 19:15:59', '2015-12-29 19:15:59', 'a65d7b9b-22d0-45b3-a844-3f7808f1105d'),
 ('341', '5', '5', '204', '2015-07-01 04:00:00', NULL, '2015-12-29 19:18:59', '2015-12-29 19:18:59', '81ca4dca-4810-4828-8b2d-118377e8987a'),
 ('344', '5', '5', '204', '2015-07-08 04:00:00', NULL, '2015-12-29 19:21:59', '2015-12-29 19:21:59', '4066fab9-3b39-4200-b405-56d87371474d'),
 ('346', '5', '5', '204', '2015-09-24 04:00:00', NULL, '2015-12-29 19:23:53', '2015-12-29 19:23:53', 'd7885d7e-716a-4db8-8f16-b4cb8335af35'),
 ('348', '5', '5', '204', '2015-11-06 05:00:00', NULL, '2015-12-29 19:26:32', '2016-01-14 18:21:28', '4dc1ba4d-c37d-4ea1-b4a6-7559339711e6'),
 ('350', '5', '5', '204', '2015-12-04 05:00:00', NULL, '2015-12-29 19:28:30', '2015-12-29 19:28:30', 'e04fe35b-00ca-400e-9d88-24555f66232e'),
 ('353', '4', '4', '204', '2015-12-31 16:47:00', NULL, '2015-12-31 16:47:36', '2016-01-12 17:46:00', '83119102-4968-4b71-a1c6-2048d94212c8'),
 ('355', '4', '4', '204', '2015-12-31 16:51:00', NULL, '2015-12-31 16:51:55', '2016-01-12 20:04:33', 'd8e4ae4a-7762-4552-a738-efc597ced83d'),
 ('357', '4', '4', '204', '2015-12-31 16:54:00', NULL, '2015-12-31 16:54:47', '2016-01-12 17:44:10', '41aa606a-ab42-40fa-b5b4-e98028d89bd9'),
 ('363', '4', '4', '204', '2015-12-31 16:58:00', NULL, '2015-12-31 16:58:40', '2016-01-12 17:16:33', 'ffee297d-7daf-406c-bfb2-be90929757a9'),
 ('365', '4', '4', '204', '2015-12-31 17:11:00', NULL, '2015-12-31 17:11:11', '2016-01-12 20:04:01', '663d8d93-9c0b-4e1c-a7d9-546466110f1e'),
 ('368', '4', '4', '204', '2015-12-31 17:16:00', NULL, '2015-12-31 17:16:44', '2016-01-12 17:19:17', 'a56b09be-b135-4905-8f8d-a3ccacf8480d'),
 ('370', '4', '4', '204', '2015-12-31 17:19:00', NULL, '2015-12-31 17:19:08', '2016-01-12 17:42:07', 'd0f73f1c-f484-44bb-a141-e276cdf28687'),
 ('372', '8', '8', NULL, '2016-01-04 02:35:20', NULL, '2016-01-04 02:35:20', '2016-01-04 02:35:20', '78a686d1-3e70-48f7-a346-bb688b980902'),
 ('373', '8', '8', NULL, '2016-01-04 02:36:34', NULL, '2016-01-04 02:36:34', '2016-01-04 02:36:34', '7bb0fd7a-082b-472c-b157-f82f1ae1d7b4'),
 ('375', '13', '13', '87', '2016-01-04 03:21:24', NULL, '2016-01-04 03:21:25', '2016-01-04 03:21:25', 'c5d1265c-9cff-40ce-9062-848a859b3b26'),
 ('376', '13', '13', '87', '2016-01-04 03:21:36', NULL, '2016-01-04 03:21:36', '2016-01-04 03:21:36', '36e89747-2f3b-4b4c-afa7-8521a128fb32'),
 ('378', '3', '3', '87', '2016-01-05 18:21:55', NULL, '2016-01-05 18:21:55', '2016-01-05 18:21:55', '315cc605-751a-40a1-8b0c-2331103b5ce2'),
 ('380', '3', '3', '87', '2016-01-05 18:30:51', NULL, '2016-01-05 18:30:52', '2016-01-05 18:30:52', '99306263-8402-47b9-b1b3-de1d18b606a2'),
 ('381', '3', '3', '87', '2016-01-05 18:33:07', NULL, '2016-01-05 18:33:08', '2016-01-05 18:33:08', '09970bfd-5c48-49f7-9f38-c62d40572960'),
 ('382', '3', '3', '87', '2016-01-05 18:37:34', NULL, '2016-01-05 18:37:34', '2016-01-05 18:37:34', 'ad73ce86-b10b-4172-bcb9-ee260272759a'),
 ('384', '3', '3', '87', '2016-01-05 18:50:47', NULL, '2016-01-05 18:50:47', '2016-01-05 18:50:47', '7f8b4c3c-d8b3-42b6-b6ac-48b237a0382a'),
 ('385', '3', '3', '87', '2016-01-05 18:51:00', NULL, '2016-01-05 18:51:38', '2016-01-05 18:56:59', 'c8c09fbd-b7e9-4e56-8bad-ed56a9c1b60f'),
 ('388', '3', '3', '87', '2016-01-05 18:59:13', NULL, '2016-01-05 18:59:13', '2016-01-05 18:59:13', 'c80d89fd-9ad4-49fc-8b78-11c0a6dafe59'),
 ('390', '3', '3', '87', '2016-01-05 19:09:07', NULL, '2016-01-05 19:09:07', '2016-01-05 19:09:07', 'ebce2946-93b6-41c0-ba37-5b775bf20f85'),
 ('392', '3', '3', '87', '2016-01-05 19:11:15', NULL, '2016-01-05 19:11:16', '2016-01-05 19:11:16', '91321cd0-f41b-4bb5-a1d2-004c746a3bde'),
 ('394', '3', '3', '87', '2016-01-05 19:15:35', NULL, '2016-01-05 19:15:35', '2016-01-05 19:15:35', '795bb33f-8e5b-4622-9929-c249366caaa3'),
 ('395', '8', '8', NULL, '2016-01-05 20:03:50', NULL, '2016-01-05 20:03:51', '2016-01-05 20:03:51', 'ef1a0075-add2-4009-9b84-b9c459a12063'),
 ('396', '8', '8', NULL, '2016-01-05 20:05:49', NULL, '2016-01-05 20:05:49', '2016-01-05 20:05:49', '944e0ac0-53b1-4471-bc82-4a26c9d0be1c'),
 ('397', '8', '8', NULL, '2016-01-05 20:13:37', NULL, '2016-01-05 20:13:37', '2016-01-05 20:13:37', '40c551c6-d60f-4286-a86e-43820e5e5f17'),
 ('398', '4', '4', '87', '2016-01-05 20:14:00', NULL, '2016-01-05 20:14:42', '2016-01-12 17:19:46', 'e37d404e-41ca-4a13-a353-a520f62fab0a'),
 ('399', '8', '8', NULL, '2016-01-05 20:19:26', NULL, '2016-01-05 20:19:26', '2016-01-05 20:19:26', '1a2149d1-6324-485d-af5a-544269d82c96'),
 ('400', '8', '8', NULL, '2016-01-05 20:26:30', NULL, '2016-01-05 20:26:30', '2016-01-05 20:26:30', '2b877fee-9e09-4764-9ab9-b2366e272232'),
 ('402', '8', '8', NULL, '2016-01-05 20:58:55', NULL, '2016-01-05 20:58:55', '2016-01-05 20:58:55', 'd16ef6f1-bd0d-4e8a-bf35-e7754b215ca9'),
 ('403', '4', '4', '87', '2016-01-05 20:59:00', NULL, '2016-01-05 20:59:51', '2016-01-12 17:20:16', '006fe819-bc0f-48c3-8920-0447e260091f'),
 ('404', '8', '8', NULL, '2016-01-05 21:02:30', NULL, '2016-01-05 21:02:30', '2016-01-05 21:02:30', '3eac02a5-d64e-4488-b801-55cea4667dc7'),
 ('405', '4', '4', '87', '2016-01-05 21:04:00', NULL, '2016-01-05 21:04:06', '2016-01-12 17:23:40', '58f5e705-7a39-41b1-91ca-0105786ccbc7'),
 ('407', '8', '8', NULL, '2016-01-05 21:07:49', NULL, '2016-01-05 21:07:49', '2016-01-05 21:07:49', 'f1fb53a8-e36c-4175-8658-d60179abce9d'),
 ('412', '4', '4', '87', '2016-01-05 21:12:00', NULL, '2016-01-05 21:12:35', '2016-01-12 17:24:53', '9685752c-2a0a-4160-9645-72988a65cb1d'),
 ('413', '4', '4', '87', '2016-01-05 21:13:00', NULL, '2016-01-05 21:13:51', '2016-01-12 17:26:02', 'faf46484-dc07-4506-a1f0-bd494ae9c992'),
 ('414', '4', '4', '87', '2016-01-05 21:15:00', NULL, '2016-01-05 21:15:14', '2016-01-12 17:27:24', 'a56cdb0f-7815-46da-b149-788a92924df1'),
 ('415', '4', '4', '87', '2016-01-05 21:16:00', NULL, '2016-01-05 21:16:36', '2016-01-12 20:01:37', '6a9710a6-a4f7-4158-8f63-6bb25cf50a8c'),
 ('416', '4', '4', '87', '2016-01-05 21:17:00', NULL, '2016-01-05 21:17:03', '2016-01-12 20:02:33', '72646113-156f-416d-9cb3-f27cd0b33e5b'),
 ('417', '4', '4', '87', '2016-01-05 21:17:00', NULL, '2016-01-05 21:17:46', '2016-01-12 17:29:32', '66d0eb62-bfd7-4e14-a87b-102b513e2add'),
 ('418', '4', '4', '87', '2016-01-05 21:18:00', NULL, '2016-01-05 21:18:30', '2016-01-12 17:30:12', '9f797b54-bda4-4566-96b1-d7da6d70e188'),
 ('419', '4', '4', '87', '2016-01-05 21:18:00', NULL, '2016-01-05 21:18:57', '2016-01-12 20:03:30', '86956bcb-4331-4145-966c-8b44a40dccbd'),
 ('420', '4', '4', '87', '2016-01-05 21:20:00', NULL, '2016-01-05 21:20:47', '2016-01-12 17:37:06', '98e08017-3c9f-4044-a3dd-d8d3e9148b74'),
 ('421', '4', '4', '87', '2016-01-05 21:21:00', NULL, '2016-01-05 21:21:22', '2016-01-12 17:35:18', '6cf48cf8-e3b5-4f7e-88b0-be68e02bd3ca'),
 ('422', '4', '4', '87', '2016-01-05 21:21:00', NULL, '2016-01-05 21:21:40', '2016-01-12 17:34:11', 'cc2f4443-b604-49a1-8e0a-5900f1ea8941'),
 ('423', '3', '3', '87', '2016-01-05 21:25:00', NULL, '2016-01-05 21:25:15', '2016-01-08 17:33:20', 'd792ecd7-f0bf-4d67-88e6-a9f869eeba19'),
 ('424', '3', '3', '87', '2016-01-08 17:33:08', NULL, '2016-01-08 17:33:08', '2016-01-08 17:33:08', '747ae770-40fb-4458-a787-13c28693b047'),
 ('425', '3', '3', '87', '2016-01-08 17:39:43', NULL, '2016-01-08 17:39:43', '2016-01-08 17:39:43', 'b936651e-2638-4077-8151-5e6b100de889'),
 ('426', '3', '3', '87', '2016-01-08 17:42:21', NULL, '2016-01-08 17:42:21', '2016-01-08 17:42:21', '027723d0-9c99-4b4d-a6ed-fb5a24d3fcf6'),
 ('427', '3', '3', '87', '2016-01-08 17:44:00', NULL, '2016-01-08 17:44:33', '2016-01-08 17:46:37', '72e501a3-3331-487c-8bbe-8cfe535571b7'),
 ('428', '8', '8', NULL, '2016-01-12 17:27:12', NULL, '2016-01-12 17:27:12', '2016-01-12 17:27:12', '9099b322-0c52-4bbe-8af7-f172d1d642ab'),
 ('429', '8', '8', NULL, '2016-01-12 17:27:52', NULL, '2016-01-12 17:27:53', '2016-01-12 17:27:53', '982a07f8-1a61-40dd-947f-0eb3c51069c0');
INSERT INTO `craft_entries` (`id`, `sectionId`, `typeId`, `authorId`, `postDate`, `expiryDate`, `dateCreated`, `dateUpdated`, `uid`) VALUES
 ('430', '8', '8', NULL, '2016-01-12 17:29:28', NULL, '2016-01-12 17:29:28', '2016-01-12 17:29:28', '13a0e853-530d-471a-b035-5a9ddcfeb602'),
 ('431', '8', '8', NULL, '2016-01-12 17:30:03', NULL, '2016-01-12 17:30:04', '2016-01-12 17:30:04', 'cbd8955f-842e-44f8-b1b0-34f807986871'),
 ('432', '8', '8', NULL, '2016-01-12 17:35:14', NULL, '2016-01-12 17:35:14', '2016-01-12 17:35:14', '80201e86-422d-4146-9989-2ea703d6927f'),
 ('434', '3', '3', NULL, '2016-01-12 17:38:25', NULL, '2016-01-12 17:38:25', '2016-01-12 17:38:25', '9dea046a-2f66-4acf-85bd-2aee8c9b239a'),
 ('435', '3', '3', NULL, '2016-01-12 17:39:57', NULL, '2016-01-12 17:39:57', '2016-01-12 17:39:57', '4dc56c77-6bce-408d-9cef-0aa4af673b9e'),
 ('436', '3', '3', NULL, '2016-01-12 17:41:24', NULL, '2016-01-12 17:41:24', '2016-01-12 17:41:24', '61d52b0b-7faf-436d-8047-470deef99281'),
 ('439', '3', '3', NULL, '2016-01-14 18:17:22', NULL, '2016-01-14 18:17:22', '2016-01-14 18:17:22', 'd4c07cb8-e37f-47bb-8d74-3a554e9b5f90'),
 ('440', '3', '3', NULL, '2016-01-14 18:21:18', NULL, '2016-01-14 18:21:18', '2016-01-14 18:21:18', '3f012e08-4721-4d53-b794-2bbcd6c3781b'),
 ('441', '3', '3', NULL, '2016-01-14 18:22:55', NULL, '2016-01-14 18:22:55', '2016-01-14 18:22:55', '57a34a17-8fc7-4e39-b201-2846082ce0d7'),
 ('442', '3', '3', NULL, '2016-01-14 18:24:16', NULL, '2016-01-14 18:24:16', '2016-01-14 18:24:16', 'a16e9d68-5898-477c-9e08-1cefb738009c'),
 ('449', '14', '14', '150', '2016-01-15 15:50:00', NULL, '2016-01-15 15:50:35', '2016-01-15 16:11:36', '0bae48ba-8895-48ac-af6d-4ec6c9b7f9dd');



DROP TABLE IF EXISTS `craft_entrydrafts`;


--
-- Schema for table `craft_entrydrafts`
--
CREATE TABLE `craft_entrydrafts` (
  `id` int(11) NOT NULL AUTO_INCREMENT,
  `entryId` int(11) NOT NULL,
  `sectionId` int(11) NOT NULL,
  `creatorId` int(11) NOT NULL,
  `locale` char(12) COLLATE utf8_unicode_ci NOT NULL,
  `name` varchar(255) COLLATE utf8_unicode_ci NOT NULL,
  `notes` tinytext COLLATE utf8_unicode_ci,
  `data` mediumtext COLLATE utf8_unicode_ci NOT NULL,
  `dateCreated` datetime NOT NULL,
  `dateUpdated` datetime NOT NULL,
  `uid` char(36) COLLATE utf8_unicode_ci NOT NULL DEFAULT '0',
  PRIMARY KEY (`id`),
  KEY `craft_entrydrafts_entryId_locale_idx` (`entryId`,`locale`),
  KEY `craft_entrydrafts_sectionId_fk` (`sectionId`),
  KEY `craft_entrydrafts_creatorId_fk` (`creatorId`),
  KEY `craft_entrydrafts_locale_fk` (`locale`)
) ENGINE=InnoDB DEFAULT CHARSET=utf8 COLLATE=utf8_unicode_ci;

DROP TABLE IF EXISTS `craft_entrytypes`;


--
-- Schema for table `craft_entrytypes`
--
CREATE TABLE `craft_entrytypes` (
  `id` int(11) NOT NULL AUTO_INCREMENT,
  `sectionId` int(11) NOT NULL,
  `fieldLayoutId` int(11) DEFAULT NULL,
  `name` varchar(255) COLLATE utf8_unicode_ci NOT NULL,
  `handle` varchar(255) COLLATE utf8_unicode_ci NOT NULL,
  `hasTitleField` tinyint(1) unsigned NOT NULL DEFAULT '1',
  `titleLabel` varchar(255) COLLATE utf8_unicode_ci DEFAULT 'Title',
  `titleFormat` varchar(255) COLLATE utf8_unicode_ci DEFAULT NULL,
  `sortOrder` tinyint(4) DEFAULT NULL,
  `dateCreated` datetime NOT NULL,
  `dateUpdated` datetime NOT NULL,
  `uid` char(36) COLLATE utf8_unicode_ci NOT NULL DEFAULT '0',
  PRIMARY KEY (`id`),
  UNIQUE KEY `craft_entrytypes_name_sectionId_unq_idx` (`name`,`sectionId`),
  UNIQUE KEY `craft_entrytypes_handle_sectionId_unq_idx` (`handle`,`sectionId`),
  KEY `craft_entrytypes_sectionId_fk` (`sectionId`),
  KEY `craft_entrytypes_fieldLayoutId_fk` (`fieldLayoutId`)
) ENGINE=InnoDB AUTO_INCREMENT=17 DEFAULT CHARSET=utf8 COLLATE=utf8_unicode_ci;

--
-- Data for table `craft_entrytypes`
--

INSERT INTO `craft_entrytypes` (`id`, `sectionId`, `fieldLayoutId`, `name`, `handle`, `hasTitleField`, `titleLabel`, `titleFormat`, `sortOrder`, `dateCreated`, `dateUpdated`, `uid`) VALUES
 ('1', '1', '173', 'Homepage', 'homepage', '1', 'Title', NULL, NULL, '2015-09-18 13:02:12', '2015-12-15 17:44:54', '7a6604a3-7d8c-43b2-b7da-55b8b3ff8830'),
 ('2', '2', '5', 'News', 'news', '1', 'Title', NULL, NULL, '2015-09-18 13:02:13', '2015-09-18 13:02:13', '47223a67-7a86-412e-820e-9da9f8441c12'),
 ('3', '3', '197', 'Staff Profile', 'staffProfile', '1', 'Title', NULL, NULL, '2015-09-18 13:12:21', '2016-01-08 17:26:19', '954eb0f7-59bf-42e7-a964-14b8f943ca8a'),
 ('4', '4', '195', 'Projects', 'ideabaseProjects', '1', 'Title', NULL, NULL, '2015-09-18 13:12:40', '2016-01-04 02:31:04', '923d67d9-a529-4494-aba1-9efa6ba2caa5'),
 ('5', '5', '155', 'Blog Post', 'blogPost', '1', 'Title', NULL, NULL, '2015-09-18 13:13:03', '2015-11-25 21:58:26', '594d8ccf-66ab-4280-b18c-2a1ce9b3edbd'),
 ('6', '6', '198', 'Awards', 'ideabaseAwards', '1', 'Title', NULL, NULL, '2015-09-18 13:13:17', '2016-01-14 21:27:16', 'e320fa3a-a259-47bc-98e4-963f619269b2'),
 ('7', '7', '86', 'Testimonials', 'testimonials', '1', 'Title', NULL, NULL, '2015-09-18 13:13:27', '2015-11-06 15:06:30', '7973efb4-076f-42c8-a3c6-7b0e276fe724'),
 ('8', '8', '20', 'Clients', 'clients', '1', 'Title', NULL, NULL, '2015-09-18 13:13:40', '2015-09-18 14:01:18', '9bf6368c-82ea-49d8-94ca-667f3b4704f3'),
 ('10', '10', '177', 'Services', 'services', '1', 'Title', NULL, NULL, '2015-10-02 22:46:16', '2015-12-15 20:20:57', '900264af-6821-40bb-af8d-4a8b68d42b73'),
 ('11', '11', '172', 'Staff Profile Index', 'staffProfileIndex', '0', NULL, '{section.name|raw}', NULL, '2015-10-06 14:08:01', '2015-12-14 20:45:35', 'e76f01cc-a0fc-43b5-bca6-80527641b94c'),
 ('12', '12', '170', 'Process Index', 'processIndex', '0', NULL, '{section.name|raw}', NULL, '2015-10-06 14:37:07', '2015-12-14 20:40:15', '665d0b6e-13d3-410f-9a42-cfe6a39ec1d4'),
 ('13', '13', '196', 'Case Study', 'caseStudy', '1', 'Title', NULL, NULL, '2015-10-30 15:28:15', '2016-01-04 02:47:14', '224602ec-36ab-4897-8621-ca2e9d1dd75a'),
 ('14', '14', '200', 'Basic Pages', 'basicPages', '1', 'Title', NULL, NULL, '2015-11-03 17:20:01', '2016-01-15 16:00:13', 'd6620d67-a4ec-4a52-bfed-e685a70d3fdd'),
 ('15', '15', '169', 'Projects Homepage', 'projectsHomepage', '0', NULL, '{section.name|raw}', NULL, '2015-11-06 14:19:01', '2015-12-14 20:40:01', '556e124c-da8f-47bc-961d-af78d4698077'),
 ('16', '16', '151', 'Projects List', 'projectsList', '0', NULL, '{section.name|raw}', NULL, '2015-11-24 15:27:14', '2015-11-24 15:28:20', 'd188fb1c-002f-43d2-8e5e-55e05812b77b');



DROP TABLE IF EXISTS `craft_entryversions`;


--
-- Schema for table `craft_entryversions`
--
CREATE TABLE `craft_entryversions` (
  `id` int(11) NOT NULL AUTO_INCREMENT,
  `entryId` int(11) NOT NULL,
  `sectionId` int(11) NOT NULL,
  `creatorId` int(11) DEFAULT NULL,
  `locale` char(12) COLLATE utf8_unicode_ci NOT NULL,
  `num` smallint(6) unsigned NOT NULL,
  `notes` tinytext COLLATE utf8_unicode_ci,
  `data` mediumtext COLLATE utf8_unicode_ci NOT NULL,
  `dateCreated` datetime NOT NULL,
  `dateUpdated` datetime NOT NULL,
  `uid` char(36) COLLATE utf8_unicode_ci NOT NULL DEFAULT '0',
  PRIMARY KEY (`id`),
  KEY `craft_entryversions_entryId_locale_idx` (`entryId`,`locale`),
  KEY `craft_entryversions_sectionId_fk` (`sectionId`),
  KEY `craft_entryversions_creatorId_fk` (`creatorId`),
  KEY `craft_entryversions_locale_fk` (`locale`)
) ENGINE=InnoDB AUTO_INCREMENT=339 DEFAULT CHARSET=utf8 COLLATE=utf8_unicode_ci;

--
-- Data for table `craft_entryversions`
--

INSERT INTO `craft_entryversions` (`id`, `entryId`, `sectionId`, `creatorId`, `locale`, `num`, `notes`, `data`, `dateCreated`, `dateUpdated`, `uid`) VALUES
 ('1', '67', '3', '1', 'en_us', '1', '', '{\"typeId\":null,\"authorId\":\"1\",\"title\":\"Reilly Hawkins\",\"slug\":\"reilly-hawkins\",\"postDate\":1442584986,\"expiryDate\":null,\"enabled\":1,\"fields\":{\"6\":\"This is a test bio\",\"4\":\"rhawkins@ideabasekent.com\",\"7\":\"test fun fact\",\"26\":[\"4\",\"6\"],\"3\":\"programmer\",\"5\":\"01234\"}}', '2015-09-18 14:03:06', '2015-09-18 14:03:06', 'de2facca-8b63-4ade-92d8-8cd679a2622a'),
 ('2', '67', '3', '1', 'en_us', '2', '', '{\"typeId\":\"3\",\"authorId\":\"1\",\"title\":\"Reilly Hawkins\",\"slug\":\"reilly-hawkins\",\"postDate\":1442584980,\"expiryDate\":null,\"enabled\":1,\"fields\":{\"6\":\"This is a test bio\",\"4\":\"rhawkins@ideabasekent.com\",\"7\":\"test fun fact\",\"26\":[\"4\",\"6\"],\"3\":\"programmer\",\"5\":\"1234\",\"27\":[\"71\"]}}', '2015-09-18 14:21:11', '2015-09-18 14:21:11', 'ad224823-1347-44c3-8909-93c5f39be418'),
 ('3', '67', '3', '1', 'en_us', '3', '', '{\"typeId\":\"3\",\"authorId\":\"1\",\"title\":\"Reilly Hawkins\",\"slug\":\"reilly-hawkins\",\"postDate\":1442584980,\"expiryDate\":null,\"enabled\":1,\"fields\":{\"6\":\"This is a test bio\",\"4\":\"rhawkins@ideabasekent.com\",\"7\":\"test fun fact\",\"26\":[\"4\",\"6\"],\"3\":\"programmer\",\"5\":\"1234\",\"27\":[\"71\",\"72\"]}}', '2015-09-18 14:27:20', '2015-09-18 14:27:20', '29c17416-45b2-4649-89d4-cccfe10b5cc4'),
 ('4', '73', '5', '1', 'en_us', '1', '', '{\"typeId\":null,\"authorId\":\"1\",\"title\":\"this is a title\",\"slug\":\"this-is-a-title\",\"postDate\":1442928448,\"expiryDate\":null,\"enabled\":1,\"fields\":{\"11\":\";oasidfjaso;ifj\",\"10\":\"title\"}}', '2015-09-22 13:27:28', '2015-09-22 13:27:28', 'd3013ec1-d014-4a7a-8e9f-1037d51cb9a7'),
 ('5', '73', '5', '1', 'en_us', '2', '', '{\"typeId\":\"5\",\"authorId\":\"1\",\"title\":\"this is a title\",\"slug\":\"this-is-a-title\",\"postDate\":1442928420,\"expiryDate\":null,\"enabled\":1,\"fields\":{\"11\":\";oasidfjaso;ifj\",\"10\":\"title\"}}', '2015-09-22 13:29:50', '2015-09-22 13:29:50', 'd46d32a8-5571-4fe7-b7b2-66388953e6be'),
 ('6', '2', '1', '1', 'en_us', '1', '', '{\"typeId\":null,\"authorId\":null,\"title\":\"Welcome to Localhost!\",\"slug\":\"homepage\",\"postDate\":1442581332,\"expiryDate\":null,\"enabled\":1,\"fields\":{\"1\":\"<p>It\\u2019s true, this site doesn\\u2019t have a whole lot of content yet, but don\\u2019t worry. Our web developers have just installed the CMS, and they\\u2019re setting things up for the content editors this very moment. Soon Localhost will be an oasis of fresh perspectives, sharp analyses, and astute opinions that will keep you coming back again and again.<\\/p>\"}}', '2015-09-22 13:47:16', '2015-09-22 13:47:16', '766812dc-a6bb-48f4-b721-c53cac3de233'),
 ('8', '75', '6', '1', 'en_us', '1', '', '{\"typeId\":null,\"authorId\":\"1\",\"title\":\"This is an award\",\"slug\":\"this-is-an-award\",\"postDate\":1442932398,\"expiryDate\":null,\"enabled\":1,\"fields\":{\"15\":\"test \",\"14\":{\"date\":\"9\\/8\\/2015\"},\"13\":\"test \",\"16\":\"http:\\/\\/www.google.com\"}}', '2015-09-22 14:33:18', '2015-09-22 14:33:18', '1366c4c4-cd6e-4724-a638-8de574196800'),
 ('10', '77', '8', '1', 'en_us', '1', '', '{\"typeId\":null,\"authorId\":\"1\",\"title\":\"This is a new client\",\"slug\":\"this-is-a-new-client\",\"postDate\":1442932609,\"expiryDate\":null,\"enabled\":1,\"fields\":{\"22\":\"\",\"23\":\"\"}}', '2015-09-22 14:36:50', '2015-09-22 14:36:50', '69cc4004-8783-4870-8e1f-d17c778768e9'),
 ('12', '79', '2', '1', 'en_us', '1', '', '{\"typeId\":null,\"authorId\":\"1\",\"title\":\"Another news post\",\"slug\":\"another-news-post\",\"postDate\":1442932674,\"expiryDate\":null,\"enabled\":1,\"fields\":{\"1\":\"<p>this is another news post<\\/p>\",\"2\":\"\"}}', '2015-09-22 14:37:55', '2015-09-22 14:37:55', '1c19f54a-4651-4270-9175-7cab50e6cbe4'),
 ('13', '80', '5', '1', 'en_us', '1', '', '{\"typeId\":null,\"authorId\":\"1\",\"title\":\"This is a test blog title\",\"slug\":\"this-is-a-test-blog-title\",\"postDate\":1442968075,\"expiryDate\":null,\"enabled\":1,\"fields\":{\"11\":\"This is the blog content\"}}', '2015-09-23 00:27:55', '2015-09-23 00:27:55', 'f3b1ae08-0c06-439c-9746-7a23e6c3ca64'),
 ('14', '75', '6', '1', 'en_us', '2', '', '{\"typeId\":\"6\",\"authorId\":\"1\",\"title\":\"This is an award\",\"slug\":\"this-is-an-award\",\"postDate\":1442932380,\"expiryDate\":null,\"enabled\":1,\"fields\":{\"15\":\"test \",\"14\":{\"date\":\"9\\/8\\/2015\"},\"13\":\"\",\"16\":\"http:\\/\\/www.google.com\"}}', '2015-09-23 00:34:07', '2015-09-23 00:34:07', '11592017-9ebc-4229-bca9-f2ffa9b8107f'),
 ('15', '81', '6', '1', 'en_us', '1', '', '{\"typeId\":null,\"authorId\":\"1\",\"title\":\"Award title\",\"slug\":\"award-title\",\"postDate\":1442968647,\"expiryDate\":null,\"enabled\":1,\"fields\":{\"15\":\"Yahoo\",\"14\":{\"date\":\"9\\/8\\/2015\"},\"13\":\"\",\"16\":\"http:\\/\\/www.google.com\"}}', '2015-09-23 00:37:27', '2015-09-23 00:37:27', 'b87340f0-fb35-4a13-a183-e7affd510ca3'),
 ('16', '67', '3', '1', 'en_us', '4', '', '{\"typeId\":\"3\",\"authorId\":\"1\",\"title\":\"Reilly Hawkins\",\"slug\":\"reilly-hawkins\",\"postDate\":1442584980,\"expiryDate\":null,\"enabled\":1,\"fields\":{\"6\":\"This is a test bio\",\"4\":\"rhawkins@ideabasekent.com\",\"7\":\"test fun fact\",\"26\":[\"4\",\"6\"],\"3\":\"Web Programmer\",\"5\":\"1234\",\"27\":[\"83\"]}}', '2015-09-25 13:19:48', '2015-09-25 13:19:48', 'f3a09396-badc-4fd5-a1ad-47aff68622be'),
 ('17', '67', '3', '1', 'en_us', '5', '', '{\"typeId\":\"3\",\"authorId\":\"1\",\"title\":\"Reilly Hawkins\",\"slug\":\"reilly-hawkins\",\"postDate\":1442584980,\"expiryDate\":null,\"enabled\":1,\"fields\":{\"6\":\"This is a test bio\",\"4\":\"rhawkins@ideabasekent.com\",\"7\":\"test fun fact\",\"26\":[\"4\",\"6\"],\"3\":\"Web Programmer\",\"5\":\"1234\",\"27\":[\"84\"]}}', '2015-09-25 13:36:46', '2015-09-25 13:36:46', '34dbcf67-c5f4-4265-a44a-75db98239ea4'),
 ('18', '2', '1', '87', 'en_us', '2', '', '{\"typeId\":null,\"authorId\":null,\"title\":\"Welcome to Localhost!\",\"slug\":\"homepage\",\"postDate\":1442581332,\"expiryDate\":null,\"enabled\":1,\"fields\":{\"35\":\"This is a tagline\"}}', '2015-09-29 15:12:27', '2015-09-29 15:12:27', '4fb13729-3232-4b1b-83d6-7746cf219b33'),
 ('19', '2', '1', '87', 'en_us', '3', '', '{\"typeId\":null,\"authorId\":null,\"title\":\"IdeaBase Kent New Website\",\"slug\":\"homepage\",\"postDate\":1442581332,\"expiryDate\":null,\"enabled\":1,\"fields\":{\"35\":\"This is a tagline\"}}', '2015-09-29 15:18:56', '2015-09-29 15:18:56', 'be8bb640-70f6-420e-b3ca-9aa4146dbc6b'),
 ('20', '2', '1', '87', 'en_us', '4', '', '{\"typeId\":null,\"authorId\":null,\"title\":\"IdeaBase Kent New Website\",\"slug\":\"homepage\",\"postDate\":1442581332,\"expiryDate\":null,\"enabled\":1,\"fields\":{\"37\":[\"92\"],\"36\":\"This is sample \\\"About\\\" text\",\"35\":\"This is a tagline\"}}', '2015-10-02 14:41:35', '2015-10-02 14:41:35', '92677fd1-db95-4779-842c-09de9f9d5359'),
 ('21', '2', '1', '87', 'en_us', '5', '', '{\"typeId\":null,\"authorId\":null,\"title\":\"IdeaBase Kent New Website\",\"slug\":\"homepage\",\"postDate\":1442581332,\"expiryDate\":null,\"enabled\":1,\"fields\":{\"37\":[\"93\"],\"36\":\"This is sample \\\"About\\\" text\",\"35\":\"This is a tagline\"}}', '2015-10-02 14:55:17', '2015-10-02 14:55:17', '346067cb-c620-4dae-b2c6-8c0526046dbd'),
 ('22', '95', '10', '87', 'en_us', '1', '', '{\"typeId\":null,\"authorId\":\"87\",\"title\":\"Service 1\",\"slug\":\"service-1\",\"postDate\":1443826413,\"expiryDate\":null,\"enabled\":1,\"fields\":{\"21\":\"This is service 1\",\"20\":\"\"}}', '2015-10-02 22:53:33', '2015-10-02 22:53:33', 'a9574fb6-cd75-4367-b1d0-077c7c5801f6'),
 ('23', '96', '10', '87', 'en_us', '1', '', '{\"typeId\":null,\"authorId\":\"87\",\"title\":\"Service 2\",\"slug\":\"service-2\",\"postDate\":1443826428,\"expiryDate\":null,\"enabled\":1,\"fields\":{\"21\":\"Service 2\",\"20\":\"\"}}', '2015-10-02 22:53:48', '2015-10-02 22:53:48', 'dd9ece5d-a425-4222-b053-dea55d417173'),
 ('24', '97', '10', '87', 'en_us', '1', '', '{\"typeId\":null,\"authorId\":\"87\",\"title\":\"Service 3\",\"slug\":\"service-3\",\"postDate\":1443826439,\"expiryDate\":null,\"enabled\":1,\"fields\":{\"21\":\"This is service 3\",\"20\":\"\"}}', '2015-10-02 22:53:59', '2015-10-02 22:53:59', 'aeeda297-c9a9-41ea-99c2-2e1890418297'),
 ('30', '67', '3', '87', 'en_us', '6', '', '{\"typeId\":\"3\",\"authorId\":\"1\",\"title\":\"Reilly Hawkins\",\"slug\":\"reilly-hawkins\",\"postDate\":1442584980,\"expiryDate\":null,\"enabled\":1,\"fields\":{\"6\":\"This is a test bio\",\"4\":\"rhawkins@ideabasekent.com\",\"7\":\"test fun fact\",\"26\":[\"4\",\"6\"],\"3\":\"Web Programmer\",\"5\":\"1234\",\"27\":[\"103\"]}}', '2015-10-05 23:01:35', '2015-10-05 23:01:35', '49f9b219-e6cd-47ee-bfb1-e28800ace157'),
 ('33', '108', '11', '87', 'en_us', '1', NULL, '{\"typeId\":\"11\",\"authorId\":null,\"title\":\"Staff Profile Index\",\"slug\":\"staff-profile-index\",\"postDate\":1444140481,\"expiryDate\":null,\"enabled\":1,\"fields\":[]}', '2015-10-06 14:08:01', '2015-10-06 14:08:01', 'c3fe3301-1132-4c45-879c-698345fac09e'),
 ('34', '108', '11', '87', 'en_us', '2', '', '{\"typeId\":null,\"authorId\":null,\"title\":\"Staff Profile Index\",\"slug\":\"staff-profile-index\",\"postDate\":1444140481,\"expiryDate\":null,\"enabled\":1,\"fields\":{\"39\":\"This is a Description\",\"38\":\"This is a Header\",\"41\":\"Work For Ideabase Description\",\"40\":\"Work for ideabase title\"}}', '2015-10-06 14:14:52', '2015-10-06 14:14:52', '46174e35-dd51-4b7c-b340-53b2b6232745'),
 ('35', '109', '12', '87', 'en_us', '1', NULL, '{\"typeId\":\"12\",\"authorId\":null,\"title\":\"Process Index\",\"slug\":\"process-index\",\"postDate\":1444142227,\"expiryDate\":null,\"enabled\":1,\"fields\":[]}', '2015-10-06 14:37:07', '2015-10-06 14:37:07', 'e0407ead-0de3-46dc-9113-d3a657313771'),
 ('36', '109', '12', '87', 'en_us', '2', '', '{\"typeId\":\"12\",\"authorId\":null,\"title\":\"Process Index\",\"slug\":\"process-index\",\"postDate\":1444142546,\"expiryDate\":null,\"enabled\":1,\"fields\":{\"44\":\"This is a Link\",\"43\":\"\",\"42\":\"Our design process is tailored to you.\"}}', '2015-10-06 14:57:10', '2015-10-06 14:57:10', 'c139d94a-18b7-460e-acf4-92484c8bc8bc'),
 ('37', '109', '12', '87', 'en_us', '3', '', '{\"typeId\":\"12\",\"authorId\":null,\"title\":\"Process Index\",\"slug\":\"process-index\",\"postDate\":1444142546,\"expiryDate\":null,\"enabled\":1,\"fields\":{\"44\":\"This is a Link\",\"43\":[\"110\"],\"42\":\"Our design process is tailored to you.\"}}', '2015-10-06 15:03:17', '2015-10-06 15:03:17', '96425e00-7b2c-4499-aa50-35fd0c2b9455'),
 ('38', '108', '11', '87', 'en_us', '3', '', '{\"typeId\":\"11\",\"authorId\":null,\"title\":\"Staff Profile Index\",\"slug\":\"staff-profile-index\",\"postDate\":1444141013,\"expiryDate\":null,\"enabled\":1,\"fields\":{\"39\":\"This is a Description\",\"38\":\"This is a Header\",\"45\":[\"111\"],\"41\":\"Work For Ideabase Description\",\"40\":\"Work for ideabase title\"}}', '2015-10-06 15:09:44', '2015-10-06 15:09:44', '95cbd619-3c03-43ce-aebf-377342371c98'),
 ('39', '95', '10', '87', 'en_us', '2', '', '{\"typeId\":\"10\",\"authorId\":\"87\",\"title\":\"Service 1\",\"slug\":\"service-1\",\"postDate\":1443826380,\"expiryDate\":null,\"enabled\":1,\"fields\":{\"21\":\"This is service 1\",\"47\":[\"112\"],\"20\":\"\"}}', '2015-10-06 15:25:31', '2015-10-06 15:25:31', 'b2fb8986-2def-4fab-854b-fbf462ea2292'),
 ('40', '96', '10', '87', 'en_us', '2', '', '{\"typeId\":\"10\",\"authorId\":\"87\",\"title\":\"Service 2\",\"slug\":\"service-2\",\"postDate\":1443826380,\"expiryDate\":null,\"enabled\":1,\"fields\":{\"21\":\"Service 2\",\"47\":[\"113\"],\"20\":\"\"}}', '2015-10-06 15:25:44', '2015-10-06 15:25:44', 'a84537f5-ab01-43a4-87d2-b8e127ddad09'),
 ('41', '97', '10', '87', 'en_us', '2', '', '{\"typeId\":\"10\",\"authorId\":\"87\",\"title\":\"Service 3\",\"slug\":\"service-3\",\"postDate\":1443826380,\"expiryDate\":null,\"enabled\":1,\"fields\":{\"21\":\"This is service 3\",\"47\":[\"114\"],\"20\":\"\"}}', '2015-10-06 15:25:58', '2015-10-06 15:25:58', 'ae8793eb-e4bc-435b-ad72-6b1438526e53'),
 ('44', '67', '3', '87', 'en_us', '7', '', '{\"typeId\":\"3\",\"authorId\":\"1\",\"title\":\"Reilly Hawkins\",\"slug\":\"reilly-hawkins\",\"postDate\":1442584980,\"expiryDate\":null,\"enabled\":1,\"fields\":{\"6\":\"This is a test bio\",\"4\":\"rhawkins@ideabasekent.com\",\"7\":\"test fun fact\",\"26\":[\"6\"],\"3\":\"Web Programmer\",\"5\":\"1234\",\"27\":[\"103\"]}}', '2015-10-16 15:08:58', '2015-10-16 15:08:58', '346d580c-bbdb-417b-bca1-fa0cc5918383'),
 ('46', '67', '3', '87', 'en_us', '8', '', '{\"typeId\":\"3\",\"authorId\":\"1\",\"title\":\"Reilly Hawkins\",\"slug\":\"reilly-hawkins\",\"postDate\":1442584980,\"expiryDate\":null,\"enabled\":1,\"fields\":{\"6\":\"This is a test bio\",\"4\":\"rhawkins@ideabasekent.com\",\"7\":\"test fun fact\",\"26\":[\"6\"],\"3\":\"Web Programmer\",\"5\":\"1234\",\"27\":[\"103\"]}}', '2015-10-22 17:53:20', '2015-10-22 17:53:20', 'b4e73e6b-cb9b-4a66-87d3-c3ae3a0a65c4'),
 ('48', '119', '3', '87', 'en_us', '1', '', '{\"typeId\":null,\"authorId\":\"87\",\"title\":\"Kristin Dowling\",\"slug\":\"kristin-dowling\",\"postDate\":1445536458,\"expiryDate\":null,\"enabled\":1,\"fields\":{\"6\":\"\",\"4\":\"\",\"7\":\"\",\"26\":[\"5\"],\"3\":\"\",\"5\":\"0\",\"27\":\"\"}}', '2015-10-22 17:54:18', '2015-10-22 17:54:18', 'cf969d6f-bb4e-4e0f-9999-ffcfc8e3d3d4'),
 ('49', '120', '3', '87', 'en_us', '1', '', '{\"typeId\":null,\"authorId\":\"87\",\"title\":\"Christopher Hallahan\",\"slug\":\"christopher-hallahan\",\"postDate\":1445536496,\"expiryDate\":null,\"enabled\":1,\"fields\":{\"6\":\"\",\"4\":\"\",\"7\":\"\",\"26\":[\"8\"],\"3\":\"\",\"5\":\"0\",\"27\":\"\"}}', '2015-10-22 17:54:57', '2015-10-22 17:54:57', '127a8968-c95b-4e63-8b4e-dea41e8bf20a'),
 ('51', '125', '5', '87', 'en_us', '1', '', '{\"typeId\":null,\"authorId\":\"87\",\"title\":\"This is a test blog\",\"slug\":\"this-is-a-test-blog\",\"postDate\":1446214458,\"expiryDate\":null,\"enabled\":1,\"fields\":{\"11\":\"asdfasdfasf\",\"49\":[\"124\",\"123\"]}}', '2015-10-30 14:14:18', '2015-10-30 14:14:18', '12ec100d-8939-4a99-bcaf-fa7b2276f278'),
 ('55', '108', '11', '87', 'en_us', '4', '', '{\"typeId\":\"11\",\"authorId\":null,\"title\":\"Staff Profile Index\",\"slug\":\"staff-profile-index\",\"postDate\":1445610228,\"expiryDate\":null,\"enabled\":1,\"fields\":{\"39\":\"Our student employees come from backgrounds of all shapes and sizes, bringing with them a fresh and versatile approach that inspires our designs. With backgrounds in Visual Communication Design, Public Relations, User Experience, Advertising, Computer Information Systmes, Digital Sciences, Marketing and Communications, our diverse team members have one thing in common, they\'re passionate about design.\",\"38\":\"Our students are passionate about design.\",\"45\":[\"111\"],\"41\":\"We empower our student employees to imagine, create and deliver quality designs whil gaining real-world experience on client-facing projects. Our studen employees get to put their design skills to the test, build their resumes and jumpstart their careers.\",\"40\":\"Work for IdeaBase\"}}', '2015-11-05 14:17:48', '2015-11-05 14:17:48', 'f17e4c24-2584-40ac-a243-f8e5bb0943a8'),
 ('56', '108', '11', '87', 'en_us', '5', '', '{\"typeId\":\"11\",\"authorId\":null,\"title\":\"Staff Profile Index\",\"slug\":\"staff-profile-index\",\"postDate\":1445610228,\"expiryDate\":null,\"enabled\":1,\"fields\":{\"39\":\"Our student employees come from backgrounds of all shapes and sizes, bringing with them a fresh and versatile approach that inspires our designs. With backgrounds in Visual Communication Design, Public Relations, User Experience, Advertising, Computer Information Systmes, Digital Sciences, Marketing and Communications, our diverse team members have one thing in common, they\'re passionate about design.\",\"38\":\"Our students are passionate about design.\",\"45\":[\"111\"],\"57\":\"<p>We\\u2019re committed to delivering quality work to our clients. That\\u2019s why our student employees work under the guidance of our professional staff from Kent State\\u2019s College of Communication of Information and a professional advisory board. Our student employees interact directly with clients, developing proposals, managing projects and handling all stages of design production.<\\/p>\",\"56\":\"Committed to quality.\",\"41\":\"We empower our student employees to imagine, create and deliver quality designs whil gaining real-world experience on client-facing projects. Our studen employees get to put their design skills to the test, build their resumes and jumpstart their careers.\",\"58\":\"<p>Learn more about <a href=\\\"http:\\/\\/www.google.com\\\">working for IdeaBase.<\\/a><\\/p>\",\"40\":\"Work for IdeaBase\"}}', '2015-11-05 14:39:36', '2015-11-05 14:39:36', 'e0ca60f6-9b7d-438c-aecb-71c1f4448fcf'),
 ('57', '131', '5', '87', 'en_us', '1', '', '{\"typeId\":null,\"authorId\":\"87\",\"title\":\"Being a Creative: Rachel Kozy\",\"slug\":\"being-a-creative-rachel-kozy\",\"postDate\":1446735659,\"expiryDate\":null,\"enabled\":1,\"fields\":{\"59\":\"Rachel Kozy\",\"11\":\"<p>Hi! My name is Rachel Kozy and I am a senior Visual Communication Design major. I actually just started working as a designer at IdeaBase a couple months ago, but I will be here for the rest of the year! Even when I was a freshman in VCD, I had always heard about Glyphix and IdeaBase, but I never knew if I\\u2019d get the opportunity to work here. When I became a junior though, I started noticing all the work IdeaBase was putting out, and it made me really interested in being a part of it!<\\/p><p>Before IdeaBase, I had interned at MTV in New York City and Go Media in Cleveland. I\\u2019ve also worked as a designer for Kent State University Libraries and I\\u2019m currently working as the Art Director for Brainchild and the president of Kent\\u2019s collegiate chapter of AIGA.<\\/p><p>Working at IdeaBase is seriously the best. I love working here. It has such a great environment and I get to collaborate with the friendliest, nicest people, do work that I\\u2019m passionate about, and get paid!<\\/p><p>I chose to major in Visual Communication Design because I was really interested in creating things while in high school. I\\u2019ve always loved scrapbooking and working on the computer, so graphic design just seemed like the perfect fit. And luckily, it has been! There hasn\\u2019t been one day that has passed where I\\u2019ve regretted choosing this as my major, and I\\u2019m looking forward to continuing my career doing something I love.<\\/p><p>The hardest part of my major is probably just making sure not to get burnt out. It\\u2019s easy to be overly ambitious and want to work on everything all the time, but that eventually wears you down and you stop looking forward to it. It\\u2019s important to take breaks and find other interests, that way you can always look forward to designing rather than it being a chore.<\\/p><p>When I\\u2019m not busy with work or design, you can probably find me playing video games. I grew up with a brother who constantly played, so I\\u2019ve developed a habit of it too. My favorite genre is JRPGS, and my favorite games specifically are Persona 4 and the Tales series.<\\/p><p>After I graduate, I\\u2019m not entirely sure where I\\u2019ll end up, but I\\u2019d love to find a position at a design firm or advertising agency! I really want to work with a lot of different clients and brands and I think that\\u2019s my best bet for that kind of work.<\\/p>\",\"49\":\"\"}}', '2015-11-05 15:01:00', '2015-11-05 15:01:00', '79bcc9f7-fab9-4e60-b4cf-b80714b506ee'),
 ('58', '132', '5', '87', 'en_us', '1', '', '{\"typeId\":null,\"authorId\":\"87\",\"title\":\"Event Planning 101: Victoria Ripepi\",\"slug\":\"event-planning-101-victoria-ripepi\",\"postDate\":1446735905,\"expiryDate\":null,\"enabled\":1,\"fields\":{\"59\":\"Victoria Ripepi\",\"11\":\"<p>Hello, my name is Victoria Ripepi. I am an Interpersonal Communications major who is currently on my 5th year victory lap, but I am set to graduate in May 2016. I am the new event coordinator at IdeaBase.<\\/p><p>As long as I can remember, event planning has been an interest of mine. The first event I planned was in 3rd grade when my teacher asked me to help with a parent-teacher-open house. As a 3rd grader, I basically thought I was the coolest person in the world\\u2026 even though all I really did was set out some flyers, cookies, and juice. But I have enjoyed event planning ever since!<\\/p><p>I think I enjoy event planning because I am so organized, I like to fix problems, I work best under pressure, and I like the exciting\\/nervous feeling you get on the day of the event. A lot of times when I say I want to go into event planning after I graduate people automatically think I mean weddings, but that is not the case. I want to do open houses, launch parties, special-event parties and so on.<\\/p><p>Before working at IdeaBase, I interned in the Spring of 2015 for an awesome company called Rebecca Adele PR & Events. I learned so much about myself and event planning there. One major thing I learned was that I didn\\u2019t want to go into PR after I graduate (the other career path I considered) and event planning is really what I love and have a passion for.<\\/p><p>The owner, Becki, puts on over 10 art shows called the Avant-Garde Art & Craft Shows all throughout Northeast Ohio. There were over 100 vendors at each event and I helped personally put on 4 shows. I also helped in the launch of a new show line called Bump to Bows- A Mommy Boutique Show.<\\/p><p>When it comes to IdeaBase, I actually heard about the agency through one of the managers, Kristin, who is a longtime-family friend. When she told me about IdeaBase it immediately sparked my interest, and when the opportunity for an event coordinator came up, I jumped at it. I really enjoy working here and have already learned so much! IdeaBase is such a fun, encouraging, and helpful work environment. Being new here, whenever I have a question or concern, they immediately do whatever possible to help me. I have also learned so much about what it means working at a design agency and how talented my co-workers are!<\\/p><p>As for my personal life, in my free time you can probably find me outside (if it\\u2019s nice out), at a mall because I have a deep love for clothes and fashion or hanging out with my two cats. I travel at any opportunity I can; I hope to travel to all 50 states one day!<\\/p><p>After graduation I hope to get a job out of state. I am Cleveland born and raised and Ohio will always be home, but I know I need to get out of here and explore more than just my bubble that is Ohio. I like to push myself to always try new things and take opportunities that push me outside my comfort zone because that\\u2019ll only make my comfort zone that much bigger.<\\/p>\",\"49\":\"\"}}', '2015-11-05 15:05:05', '2015-11-05 15:05:05', '0cd5517e-3573-4c3e-9404-ffd8199ae436'),
 ('59', '132', '5', '87', 'en_us', '2', '', '{\"typeId\":\"5\",\"authorId\":\"87\",\"title\":\"Event Planning 101: Victoria Ripepi\",\"slug\":\"event-planning-101-victoria-ripepi\",\"postDate\":1446735900,\"expiryDate\":null,\"enabled\":1,\"fields\":{\"60\":[\"67\"],\"11\":\"<p>Hello, my name is Victoria Ripepi. I am an Interpersonal Communications major who is currently on my 5th year victory lap, but I am set to graduate in May 2016. I am the new event coordinator at IdeaBase.<\\/p><p>As long as I can remember, event planning has been an interest of mine. The first event I planned was in 3rd grade when my teacher asked me to help with a parent-teacher-open house. As a 3rd grader, I basically thought I was the coolest person in the world\\u2026 even though all I really did was set out some flyers, cookies, and juice. But I have enjoyed event planning ever since!<\\/p><p>I think I enjoy event planning because I am so organized, I like to fix problems, I work best under pressure, and I like the exciting\\/nervous feeling you get on the day of the event. A lot of times when I say I want to go into event planning after I graduate people automatically think I mean weddings, but that is not the case. I want to do open houses, launch parties, special-event parties and so on.<\\/p><p>Before working at IdeaBase, I interned in the Spring of 2015 for an awesome company called Rebecca Adele PR & Events. I learned so much about myself and event planning there. One major thing I learned was that I didn\\u2019t want to go into PR after I graduate (the other career path I considered) and event planning is really what I love and have a passion for.<\\/p><p>The owner, Becki, puts on over 10 art shows called the Avant-Garde Art & Craft Shows all throughout Northeast Ohio. There were over 100 vendors at each event and I helped personally put on 4 shows. I also helped in the launch of a new show line called Bump to Bows- A Mommy Boutique Show.<\\/p><p>When it comes to IdeaBase, I actually heard about the agency through one of the managers, Kristin, who is a longtime-family friend. When she told me about IdeaBase it immediately sparked my interest, and when the opportunity for an event coordinator came up, I jumped at it. I really enjoy working here and have already learned so much! IdeaBase is such a fun, encouraging, and helpful work environment. Being new here, whenever I have a question or concern, they immediately do whatever possible to help me. I have also learned so much about what it means working at a design agency and how talented my co-workers are!<\\/p><p>As for my personal life, in my free time you can probably find me outside (if it\\u2019s nice out), at a mall because I have a deep love for clothes and fashion or hanging out with my two cats. I travel at any opportunity I can; I hope to travel to all 50 states one day!<\\/p><p>After graduation I hope to get a job out of state. I am Cleveland born and raised and Ohio will always be home, but I know I need to get out of here and explore more than just my bubble that is Ohio. I like to push myself to always try new things and take opportunities that push me outside my comfort zone because that\\u2019ll only make my comfort zone that much bigger.<\\/p>\",\"49\":\"\"}}', '2015-11-05 15:33:44', '2015-11-05 15:33:44', 'b983cf54-916d-4221-b7d9-ab436b26ddf4'),
 ('61', '119', '3', '87', 'en_us', '2', '', '{\"typeId\":\"3\",\"authorId\":\"87\",\"title\":\"Kristin Dowling\",\"slug\":\"kristin-dowling\",\"postDate\":1445536440,\"expiryDate\":null,\"enabled\":1,\"fields\":{\"6\":\"<p>Kristin is the Business Development Manager for IdeaBase (formerly The Tannery). She is responsible for building client relationships in order to provide high quality experiential learning opportunities for our students.<\\/p>\\r\\n<p>She previously served as an Entrepreneur-in-Residence for the Center for Entrepreneurship and Business Innovation in the Kent State University College of Business. Her experience prior to coming to Kent State University was as Regional Operations Manager for Kinko\\u2019s Inc. (now known as FedEx Office).<\\/p>\",\"4\":\"kdowling@ideabasekent.com\",\"7\":\"\",\"26\":[\"5\"],\"3\":\"Business Development Manager\",\"5\":\"330.672.7366\",\"27\":\"\"}}', '2015-11-05 15:47:08', '2015-11-05 15:47:08', '638ad314-d269-4f86-bd7a-7cfb963e1eeb'),
 ('62', '119', '3', '87', 'en_us', '3', '', '{\"typeId\":\"3\",\"authorId\":\"87\",\"title\":\"Kristin Dowling\",\"slug\":\"kristin-dowling\",\"postDate\":1445536440,\"expiryDate\":null,\"enabled\":1,\"fields\":{\"6\":\"<p>Kristin is the Business Development Manager for IdeaBase (formerly The Tannery). She is responsible for building client relationships in order to provide high quality experiential learning opportunities for our students.<\\/p><p>She previously served as an Entrepreneur-in-Residence for the Center for Entrepreneurship and Business Innovation in the Kent State University College of Business. Her experience prior to coming to Kent State University was as Regional Operations Manager for Kinko\\u2019s Inc. (now known as FedEx Office).<\\/p>\",\"4\":\"kdowling@ideabasekent.com\",\"7\":\"\",\"26\":[\"5\"],\"3\":\"Business Development Manager\",\"5\":\"330.672.7366\",\"27\":\"\"}}', '2015-11-05 15:51:18', '2015-11-05 15:51:18', '62bddc49-81bd-473b-8a56-ed87ff64b458'),
 ('63', '119', '3', '87', 'en_us', '4', '', '{\"typeId\":\"3\",\"authorId\":\"87\",\"title\":\"Kristin Dowling\",\"slug\":\"kristin-dowling\",\"postDate\":1445536440,\"expiryDate\":null,\"enabled\":1,\"fields\":{\"6\":\"<p>Kristin is the Business Development Manager for IdeaBase (formerly The Tannery). She is responsible for building client relationships in order to provide high quality experiential learning opportunities for our students.<\\/p><p>She previously served as an Entrepreneur-in-Residence for the Center for Entrepreneurship and Business Innovation in the Kent State University College of Business. Her experience prior to coming to Kent State University was as Regional Operations Manager for Kinko\\u2019s Inc. (now known as FedEx Office).<\\/p>\",\"4\":\"kdowling@ideabasekent.com\",\"7\":\"\",\"26\":[\"5\"],\"3\":\"Business Development Manager\",\"5\":\"330.672.7366\",\"27\":[\"135\"]}}', '2015-11-05 15:52:54', '2015-11-05 15:52:54', 'eb1fe89f-1208-49f8-b46f-a273cf9fba0e'),
 ('64', '67', '3', '87', 'en_us', '9', '', '{\"typeId\":\"3\",\"authorId\":\"1\",\"title\":\"Reilly Hawkins\",\"slug\":\"reilly-hawkins\",\"postDate\":1442584980,\"expiryDate\":null,\"enabled\":1,\"fields\":{\"6\":\"<p>This is a test biography for Reilly Hawkins. This is a test biography for Reilly Hawkins. <span class=\\\"redactor-invisible-space\\\">This is a test biography for Reilly Hawkins. <span class=\\\"redactor-invisible-space\\\">This is a test biography for Reilly Hawkins. <span class=\\\"redactor-invisible-space\\\">This is a test biography for Reilly Hawkins. <span class=\\\"redactor-invisible-space\\\">This is a test biography for Reilly Hawkins. <span class=\\\"redactor-invisible-space\\\">This is a test biography for Reilly Hawkins. <span class=\\\"redactor-invisible-space\\\">This is a test biography for Reilly Hawkins. <span class=\\\"redactor-invisible-space\\\">This is a test biography for Reilly Hawkins. <span class=\\\"redactor-invisible-space\\\">This is a test biography for Reilly Hawkins. <span class=\\\"redactor-invisible-space\\\">This is a test biography for Reilly Hawkins. <span class=\\\"redactor-invisible-space\\\"><\\/span><\\/span><\\/span><\\/span><\\/span><\\/span><\\/span><\\/span><\\/span><\\/span><\\/p><p><span class=\\\"redactor-invisible-space\\\"><span class=\\\"redactor-invisible-space\\\"><span class=\\\"redactor-invisible-space\\\"><span class=\\\"redactor-invisible-space\\\"><span class=\\\"redactor-invisible-space\\\"><span class=\\\"redactor-invisible-space\\\"><span class=\\\"redactor-invisible-space\\\"><span class=\\\"redactor-invisible-space\\\"><span class=\\\"redactor-invisible-space\\\"><span class=\\\"redactor-invisible-space\\\"><br><\\/span><\\/span><\\/span><\\/span><\\/span><\\/span><\\/span><\\/span><\\/span><\\/span><\\/p><p><span class=\\\"redactor-invisible-space\\\"><span class=\\\"redactor-invisible-space\\\"><span class=\\\"redactor-invisible-space\\\"><span class=\\\"redactor-invisible-space\\\"><span class=\\\"redactor-invisible-space\\\"><span class=\\\"redactor-invisible-space\\\"><span class=\\\"redactor-invisible-space\\\"><span class=\\\"redactor-invisible-space\\\"><span class=\\\"redactor-invisible-space\\\"><span class=\\\"redactor-invisible-space\\\">This is a test biography for Reilly Hawkins. <span class=\\\"redactor-invisible-space\\\">This is a test biography for Reilly Hawkins. <span class=\\\"redactor-invisible-space\\\">This is a test biography for Reilly Hawkins. <span class=\\\"redactor-invisible-space\\\">This is a test biography for Reilly Hawkins. <span class=\\\"redactor-invisible-space\\\">This is a test biography for Reilly Hawkins. <span class=\\\"redactor-invisible-space\\\"><\\/span><\\/span><\\/span><\\/span><br><\\/span><\\/span><\\/span><\\/span><\\/span><\\/span><\\/span><\\/span><\\/span><\\/span><\\/span><\\/p>\",\"4\":\"rhawkins@ideabasekent.com\",\"7\":\"I legally had my name changed in Kindergarten. It used to be Andrew Quaid Hawkins, however there were 4 other \\u201cAndrews\\u201d in my class so my mom wanted it to be more unique. Changed to Reilly William Hawkins.\",\"26\":[\"6\"],\"3\":\"Web Programmer\",\"5\":\"440.221.9193\",\"27\":[\"141\"]}}', '2015-11-05 16:13:49', '2015-11-05 16:13:49', '7f428b60-9751-4b11-a84c-3454229cb6bd'),
 ('65', '120', '3', '87', 'en_us', '2', '', '{\"typeId\":\"3\",\"authorId\":\"87\",\"title\":\"Christopher Hallahan\",\"slug\":\"christopher-hallahan\",\"postDate\":1445536440,\"expiryDate\":null,\"enabled\":1,\"fields\":{\"6\":\"<p>Chris is a full-time user experience designer for<a href=\\\"http:\\/\\/ideabasekent.com\\/\\\"> <u>IdeaBase<\\/u><\\/a> and<a href=\\\"http:\\/\\/www.kent.edu\\/cci\\\"> <u>Kent State University\\u2019s College of Communication and Information<\\/u><\\/a>. He manages research and interactive\\/web projects at IdeaBase, and works one-on-one with IdeaBase students to teach them web design, user experience and content management techniques.<\\/p>\\r\\n<p>His passions include responsive web design, usability, information architecture and content management system design (especially WordPress).  In addition to his work at IdeaBase, he teaches courses in Digital Sciences and Responsive Web Design.<\\/p><br>He is a graduate of Kent State, with a bachelor\\u2019s degree in Electronic Media and master\\u2019s degree in User Experience Design. He lives in Kent, OH.\",\"4\":\"challahan@ideabasekent.com\",\"7\":\"\",\"26\":[\"8\"],\"3\":\"User Experience Designer\",\"5\":\"330.672.3031\",\"27\":[\"134\"]}}', '2015-11-05 16:14:37', '2015-11-05 16:14:37', '351780e1-dc9b-4313-acec-f4a8922fddf1'),
 ('66', '146', '3', '87', 'en_us', '1', '', '{\"typeId\":null,\"authorId\":\"87\",\"title\":\"Quintin Steele\",\"slug\":\"quintin-steele\",\"postDate\":1446740353,\"expiryDate\":null,\"enabled\":1,\"fields\":{\"6\":\"<p>This is Quintin\'s biography.This is Quintin\'s biography.<span class=\\\"redactor-invisible-space\\\">This is Quintin\'s biography.<span class=\\\"redactor-invisible-space\\\">This is Quintin\'s biography.<span class=\\\"redactor-invisible-space\\\">This is Quintin\'s biography.<span class=\\\"redactor-invisible-space\\\">This is Quintin\'s biography.<span class=\\\"redactor-invisible-space\\\">This is Quintin\'s biography.<span class=\\\"redactor-invisible-space\\\">This is Quintin\'s biography.<span class=\\\"redactor-invisible-space\\\">This is Quintin\'s biography.<span class=\\\"redactor-invisible-space\\\"><\\/span><\\/span><\\/span><\\/span><\\/span><\\/span><\\/span><\\/span><\\/p>\",\"4\":\"qsteele@ideabasekent.com\",\"7\":\"This is Quintin\'s fun fact.\",\"26\":[\"5\"],\"3\":\"IdeaBase Creative Director\",\"5\":\"330.672.7300\",\"27\":[\"139\"]}}', '2015-11-05 16:19:13', '2015-11-05 16:19:13', '7f46bf2f-a757-4b44-beb0-106e99d683c0'),
 ('67', '120', '3', '87', 'en_us', '3', '', '{\"typeId\":\"3\",\"authorId\":\"87\",\"title\":\"Christopher Hallahan\",\"slug\":\"christopher-hallahan\",\"postDate\":1445536440,\"expiryDate\":null,\"enabled\":1,\"fields\":{\"6\":\"<p>Chris is a full-time user experience designer for<a href=\\\"http:\\/\\/ideabasekent.com\\/\\\"> <u>IdeaBase<\\/u><\\/a> and<a href=\\\"http:\\/\\/www.kent.edu\\/cci\\\"> <u>Kent State University\\u2019s College of Communication and Information<\\/u><\\/a>. He manages research and interactive\\/web projects at IdeaBase, and works one-on-one with IdeaBase students to teach them web design, user experience and content management techniques.<\\/p><p>His passions include responsive web design, usability, information architecture and content management system design (especially WordPress).  In addition to his work at IdeaBase, he teaches courses in Digital Sciences and Responsive Web Design.<\\/p><br>He is a graduate of Kent State, with a bachelor\\u2019s degree in Electronic Media and master\\u2019s degree in User Experience Design. He lives in Kent, OH.\",\"4\":\"challahan@ideabasekent.com\",\"7\":\"\",\"26\":[\"5\"],\"3\":\"User Experience Designer\",\"5\":\"330.672.3031\",\"27\":[\"134\"]}}', '2015-11-05 16:20:03', '2015-11-05 16:20:03', '347aefa2-8029-4b91-81d8-1fe4adff59d3'),
 ('68', '2', '1', '87', 'en_us', '6', '', '{\"typeId\":null,\"authorId\":null,\"title\":\"IdeaBase Kent New Website\",\"slug\":\"homepage\",\"postDate\":1442581332,\"expiryDate\":null,\"enabled\":1,\"fields\":{\"37\":[\"93\"],\"36\":\"<p>We\\u2019re a Kent State student-powered design agency located in downtown Kent, OH. Our student employees represent a variety of backgrounds and disciplines, united in their passion for creating meaningful designs to support our clients\\u2019 design initiatives. <\\/p><p><br>At IdeaBase, we\\u2019re determined to deliver quality design solutions while equipping our student team with lasting experiential learning opportunities.<br><\\/p>\",\"66\":\"Our design process is tailored to you.\",\"35\":\"Research-based, student-powered design solutions.\",\"68\":\"<p>Our processes deliver results. No matter the industry or design challenge, our past work speaks for itself.<\\/p>\",\"67\":\"Tried-and-True\"}}', '2015-11-05 16:38:59', '2015-11-05 16:38:59', '7b35ff52-78a1-4cf5-91d7-75fbdaa95bce'),
 ('69', '147', '3', '87', 'en_us', '1', '', '{\"typeId\":null,\"authorId\":\"87\",\"title\":\"Victoria Ripepi\",\"slug\":\"victoria-ripepi\",\"postDate\":1446762386,\"expiryDate\":null,\"enabled\":1,\"fields\":{\"6\":\"<p>This is Victoria\'s biography. This is Victoria\'s biography. <span class=\\\"redactor-invisible-space\\\">This is Victoria\'s biography. <span class=\\\"redactor-invisible-space\\\">This is Victoria\'s biography. <span class=\\\"redactor-invisible-space\\\">This is Victoria\'s biography. <span class=\\\"redactor-invisible-space\\\">This is Victoria\'s biography. <span class=\\\"redactor-invisible-space\\\">This is Victoria\'s biography. <span class=\\\"redactor-invisible-space\\\">This is Victoria\'s biography. <span class=\\\"redactor-invisible-space\\\">This is Victoria\'s biography. <span class=\\\"redactor-invisible-space\\\">This is Victoria\'s biography. <span class=\\\"redactor-invisible-space\\\">This is Victoria\'s biography. <span class=\\\"redactor-invisible-space\\\">This is Victoria\'s biography. <span class=\\\"redactor-invisible-space\\\"><\\/span><\\/span><\\/span><\\/span><\\/span><\\/span><\\/span><\\/span><\\/span><\\/span><\\/span><\\/p>\",\"4\":\"vripepi@ideabasekent.com\",\"7\":\"I own 64 pairs of shoes.\",\"26\":[\"6\"],\"3\":\"Event Coordinator\",\"5\":\"N\\/A\",\"27\":[\"142\"]}}', '2015-11-05 22:26:27', '2015-11-05 22:26:27', '24ca48c5-6676-468b-bbb5-d0b49de2f396'),
 ('70', '132', '5', '87', 'en_us', '3', '', '{\"typeId\":\"5\",\"authorId\":\"87\",\"title\":\"Event Planning 101: Victoria Ripepi\",\"slug\":\"event-planning-101-victoria-ripepi\",\"postDate\":1446735900,\"expiryDate\":null,\"enabled\":1,\"fields\":{\"60\":\"\",\"11\":\"<p>Hello, my name is Victoria Ripepi. I am an Interpersonal Communications major who is currently on my 5th year victory lap, but I am set to graduate in May 2016. I am the new event coordinator at IdeaBase.<\\/p><p>As long as I can remember, event planning has been an interest of mine. The first event I planned was in 3rd grade when my teacher asked me to help with a parent-teacher-open house. As a 3rd grader, I basically thought I was the coolest person in the world\\u2026 even though all I really did was set out some flyers, cookies, and juice. But I have enjoyed event planning ever since!<\\/p><p>I think I enjoy event planning because I am so organized, I like to fix problems, I work best under pressure, and I like the exciting\\/nervous feeling you get on the day of the event. A lot of times when I say I want to go into event planning after I graduate people automatically think I mean weddings, but that is not the case. I want to do open houses, launch parties, special-event parties and so on.<\\/p><p>Before working at IdeaBase, I interned in the Spring of 2015 for an awesome company called Rebecca Adele PR & Events. I learned so much about myself and event planning there. One major thing I learned was that I didn\\u2019t want to go into PR after I graduate (the other career path I considered) and event planning is really what I love and have a passion for.<\\/p><p>The owner, Becki, puts on over 10 art shows called the Avant-Garde Art & Craft Shows all throughout Northeast Ohio. There were over 100 vendors at each event and I helped personally put on 4 shows. I also helped in the launch of a new show line called Bump to Bows- A Mommy Boutique Show.<\\/p><p>When it comes to IdeaBase, I actually heard about the agency through one of the managers, Kristin, who is a longtime-family friend. When she told me about IdeaBase it immediately sparked my interest, and when the opportunity for an event coordinator came up, I jumped at it. I really enjoy working here and have already learned so much! IdeaBase is such a fun, encouraging, and helpful work environment. Being new here, whenever I have a question or concern, they immediately do whatever possible to help me. I have also learned so much about what it means working at a design agency and how talented my co-workers are!<\\/p><p>As for my personal life, in my free time you can probably find me outside (if it\\u2019s nice out), at a mall because I have a deep love for clothes and fashion or hanging out with my two cats. I travel at any opportunity I can; I hope to travel to all 50 states one day!<\\/p><p>After graduation I hope to get a job out of state. I am Cleveland born and raised and Ohio will always be home, but I know I need to get out of here and explore more than just my bubble that is Ohio. I like to push myself to always try new things and take opportunities that push me outside my comfort zone because that\\u2019ll only make my comfort zone that much bigger.<\\/p>\",\"49\":\"\"}}', '2015-11-05 22:27:27', '2015-11-05 22:27:27', '74e9bc66-7587-427a-a829-bf3720c98827'),
 ('71', '148', '15', '87', 'en_us', '1', NULL, '{\"typeId\":\"15\",\"authorId\":null,\"title\":\"Projects Homepage\",\"slug\":\"projects-homepage\",\"postDate\":1446819541,\"expiryDate\":null,\"enabled\":1,\"fields\":[]}', '2015-11-06 14:19:01', '2015-11-06 14:19:01', 'e16df361-cf8c-4673-aede-73fba3dc7a2d'),
 ('72', '148', '15', '87', 'en_us', '2', '', '{\"typeId\":\"15\",\"authorId\":null,\"title\":\"Projects Homepage\",\"slug\":\"projects-homepage\",\"postDate\":1446819866,\"expiryDate\":null,\"enabled\":1,\"fields\":{\"71\":\"How we\'re making a difference.\",\"72\":\"<p>We make a positive impact on your design, and our student designers.<\\/p>\",\"74\":\"<p>At IdeaBase, we want our student employees to succeed. Thats\'s why we partner with Glyphix to teach the next generation through studio experiences. Our students develop and exercise project-based skills in marketing, design, research and more. Additionally, our Responsive Web Design class ensures the next generation of designers and developers understand how to create highly functional and usable websites.<\\/p><p><br><\\/p><p>Learn about our transformative classroom experiences.<\\/p>\",\"73\":\"Helping our students succeed.\",\"69\":\"Tried-and-true\",\"70\":\"<p>Our award-winning process delivers quality design solutions that transform our clients\' products.<\\/p>\"}}', '2015-11-06 14:27:52', '2015-11-06 14:27:52', '5159fe4f-d274-4473-98a2-03b62fe1a3c4'),
 ('73', '81', '6', '87', 'en_us', '2', '', '{\"typeId\":\"6\",\"authorId\":\"1\",\"title\":\"ADDY AWARD\",\"slug\":\"award-title\",\"postDate\":1442968620,\"expiryDate\":null,\"enabled\":1,\"fields\":{\"75\":[\"98\"],\"15\":\"\",\"14\":{\"date\":\"9\\/8\\/2015\"},\"13\":\"\",\"16\":\"http:\\/\\/www.google.com\"}}', '2015-11-06 15:06:53', '2015-11-06 15:06:53', '079087dd-284b-4188-9727-3e3286cf2502'),
 ('74', '81', '6', '87', 'en_us', '3', '', '{\"typeId\":\"6\",\"authorId\":\"1\",\"title\":\"ADDY AWARD\",\"slug\":\"award-title\",\"postDate\":1442968620,\"expiryDate\":null,\"enabled\":1,\"fields\":{\"75\":[\"98\"],\"15\":\"\",\"14\":{\"date\":\"9\\/8\\/2015\"},\"13\":\"ADDY AWARD\",\"16\":\"http:\\/\\/www.google.com\"}}', '2015-11-06 15:23:56', '2015-11-06 15:23:56', '02bd20b4-dd84-488d-9ac4-4d75bfcf24f1'),
 ('75', '81', '6', '87', 'en_us', '4', '', '{\"typeId\":\"6\",\"authorId\":\"1\",\"title\":\"ADDY AWARD\",\"slug\":\"award-title\",\"postDate\":1442968620,\"expiryDate\":null,\"enabled\":1,\"fields\":{\"75\":[\"98\"],\"15\":\"\",\"14\":{\"date\":\"9\\/8\\/2015\"},\"13\":\"ADDY AWARD\",\"16\":\"http:\\/\\/www.google.com\"}}', '2015-11-06 15:23:57', '2015-11-06 15:23:57', '88411d6f-4ffc-40f4-9fb6-0348c9bd3c7b'),
 ('76', '81', '6', '87', 'en_us', '5', '', '{\"typeId\":\"6\",\"authorId\":\"1\",\"title\":\"ADDY AWARD\",\"slug\":\"award-title\",\"postDate\":1442968620,\"expiryDate\":null,\"enabled\":1,\"fields\":{\"75\":[\"99\"],\"15\":\"\",\"14\":{\"date\":\"9\\/8\\/2015\"},\"13\":\"ADDY AWARD\",\"16\":\"http:\\/\\/www.google.com\"}}', '2015-11-06 15:33:46', '2015-11-06 15:33:46', '88dd105e-5251-4a57-b0ea-cc924b7fdea3'),
 ('77', '75', '6', '87', 'en_us', '3', '', '{\"typeId\":\"6\",\"authorId\":\"1\",\"title\":\"This is an award\",\"slug\":\"this-is-an-award\",\"postDate\":1442932380,\"expiryDate\":null,\"enabled\":1,\"fields\":{\"75\":[\"98\"],\"15\":\"test \",\"14\":{\"date\":\"9\\/8\\/2015\"},\"13\":\"\",\"16\":\"http:\\/\\/www.google.com\"}}', '2015-11-06 15:45:44', '2015-11-06 15:45:44', 'c19b32ea-01f4-411e-9b63-00116a144acd'),
 ('79', '149', '3', '87', 'en_us', '1', '', '{\"typeId\":null,\"authorId\":\"87\",\"title\":\"Larrie King\",\"slug\":\"larrie-king\",\"postDate\":1447175708,\"expiryDate\":null,\"enabled\":1,\"fields\":{\"6\":\"<p>This is Larrie\'s test bio.<\\/p>\",\"4\":\"lking@ideabasekent.com\",\"7\":\"\",\"26\":[\"5\"],\"3\":\"Creative Director, Glyphix\",\"5\":\"330.672.7300\",\"27\":\"\"}}', '2015-11-10 17:15:08', '2015-11-10 17:15:08', '6db22c73-43a8-4989-981d-ca2a7bbe2c9e'),
 ('80', '67', '3', '87', 'en_us', '10', '', '{\"typeId\":\"3\",\"authorId\":\"1\",\"title\":\"Reilly Hawkins\",\"slug\":\"reilly-hawkins\",\"postDate\":1442584980,\"expiryDate\":null,\"enabled\":1,\"fields\":{\"6\":\"<p>This is a test biography for Reilly Hawkins. This is a test biography for Reilly Hawkins. This is a test biography for Reilly Hawkins. This is a test biography for Reilly Hawkins. This is a test biography for Reilly Hawkins. This is a test biography for Reilly Hawkins. This is a test biography for Reilly Hawkins. This is a test biography for Reilly Hawkins. This is a test biography for Reilly Hawkins. This is a test biography for Reilly Hawkins. This is a test biography for Reilly Hawkins. <\\/p><p><br><\\/p><p>This is a test biography for Reilly Hawkins. This is a test biography for Reilly Hawkins. This is a test biography for Reilly Hawkins. This is a test biography for Reilly Hawkins. This is a test biography for Reilly Hawkins. <br><\\/p>\",\"77\":\"\",\"4\":\"rhawkins@ideabasekent.com\",\"7\":\"I legally had my name changed in Kindergarten. It used to be Andrew Quaid Hawkins, however there were 4 other \\u201cAndrews\\u201d in my class so my mom wanted it to be more unique. Changed to Reilly William Hawkins.\",\"26\":[\"6\"],\"3\":\"Web Programmer\",\"5\":\"440.221.9193\",\"27\":[\"169\"]}}', '2015-11-13 13:45:54', '2015-11-13 13:45:54', 'ca3f07cd-20be-4981-929f-af17f8bf2700'),
 ('81', '119', '3', '87', 'en_us', '5', '', '{\"typeId\":\"3\",\"authorId\":\"87\",\"title\":\"Kristin Dowling\",\"slug\":\"kristin-dowling\",\"postDate\":1445536440,\"expiryDate\":null,\"enabled\":1,\"fields\":{\"6\":\"<p>Kristin is the Business Development Manager for IdeaBase (formerly The Tannery). She is responsible for building client relationships in order to provide high quality experiential learning opportunities for our students.<\\/p><p>She previously served as an Entrepreneur-in-Residence for the Center for Entrepreneurship and Business Innovation in the Kent State University College of Business. Her experience prior to coming to Kent State University was as Regional Operations Manager for Kinko\\u2019s Inc. (now known as FedEx Office).<\\/p>\",\"77\":\"\",\"4\":\"kdowling@ideabasekent.com\",\"7\":\"\",\"26\":[\"5\"],\"3\":\"Business Development Manager\",\"5\":\"330.672.7366\",\"27\":[\"157\"]}}', '2015-11-13 13:47:13', '2015-11-13 13:47:13', '386f66bf-331a-45d4-9dbb-d6d47492fd25'),
 ('82', '120', '3', '87', 'en_us', '4', '', '{\"typeId\":\"3\",\"authorId\":\"87\",\"title\":\"Christopher Hallahan\",\"slug\":\"christopher-hallahan\",\"postDate\":1445536440,\"expiryDate\":null,\"enabled\":1,\"fields\":{\"6\":\"<p>Chris is a full-time user experience designer for<a href=\\\"http:\\/\\/ideabasekent.com\\/\\\"> <u>IdeaBase<\\/u><\\/a> and<a href=\\\"http:\\/\\/www.kent.edu\\/cci\\\"> <u>Kent State University\\u2019s College of Communication and Information<\\/u><\\/a>. He manages research and interactive\\/web projects at IdeaBase, and works one-on-one with IdeaBase students to teach them web design, user experience and content management techniques.<\\/p><p>His passions include responsive web design, usability, information architecture and content management system design (especially WordPress).  In addition to his work at IdeaBase, he teaches courses in Digital Sciences and Responsive Web Design.<\\/p><br>He is a graduate of Kent State, with a bachelor\\u2019s degree in Electronic Media and master\\u2019s degree in User Experience Design. He lives in Kent, OH.\",\"77\":\"\",\"4\":\"challahan@ideabasekent.com\",\"7\":\"\",\"26\":[\"5\"],\"3\":\"User Experience Designer\",\"5\":\"330.672.3031\",\"27\":[\"155\"]}}', '2015-11-13 13:47:25', '2015-11-13 13:47:25', 'e5150b71-fe87-4772-8844-4e4be290fed5'),
 ('83', '146', '3', '87', 'en_us', '2', '', '{\"typeId\":\"3\",\"authorId\":\"87\",\"title\":\"Quintin Steele\",\"slug\":\"quintin-steele\",\"postDate\":1446740340,\"expiryDate\":null,\"enabled\":1,\"fields\":{\"6\":\"<p>This is Quintin\'s biography.This is Quintin\'s biography.This is Quintin\'s biography.This is Quintin\'s biography.This is Quintin\'s biography.This is Quintin\'s biography.This is Quintin\'s biography.This is Quintin\'s biography.This is Quintin\'s biography.<\\/p>\",\"77\":\"\",\"4\":\"qsteele@ideabasekent.com\",\"7\":\"This is Quintin\'s fun fact.\",\"26\":[\"5\"],\"3\":\"IdeaBase Creative Director\",\"5\":\"330.672.7300\",\"27\":[\"165\"]}}', '2015-11-13 13:47:39', '2015-11-13 13:47:39', '9df8e140-9421-442a-9f42-9f4b84e4086d'),
 ('84', '147', '3', '87', 'en_us', '2', '', '{\"typeId\":\"3\",\"authorId\":\"87\",\"title\":\"Victoria Ripepi\",\"slug\":\"victoria-ripepi\",\"postDate\":1446762360,\"expiryDate\":null,\"enabled\":1,\"fields\":{\"6\":\"<p>This is Victoria\'s biography. This is Victoria\'s biography. This is Victoria\'s biography. This is Victoria\'s biography. This is Victoria\'s biography. This is Victoria\'s biography. This is Victoria\'s biography. This is Victoria\'s biography. This is Victoria\'s biography. This is Victoria\'s biography. This is Victoria\'s biography. This is Victoria\'s biography. <\\/p>\",\"77\":\"\",\"4\":\"vripepi@ideabasekent.com\",\"7\":\"I own 64 pairs of shoes.\",\"26\":[\"6\"],\"3\":\"Event Coordinator\",\"5\":\"N\\/A\",\"27\":[\"171\"]}}', '2015-11-13 13:47:51', '2015-11-13 13:47:51', '1c0dcfb6-5818-472b-8349-bf73be27a8e8'),
 ('85', '149', '3', '87', 'en_us', '2', '', '{\"typeId\":\"3\",\"authorId\":\"87\",\"title\":\"Larrie King\",\"slug\":\"larrie-king\",\"postDate\":1447175700,\"expiryDate\":null,\"enabled\":1,\"fields\":{\"6\":\"<p>This is Larrie\'s test bio.<\\/p>\",\"77\":\"\",\"4\":\"lking@ideabasekent.com\",\"7\":\"\",\"26\":[\"5\"],\"3\":\"Creative Director, Glyphix\",\"5\":\"330.672.7300\",\"27\":\"\"}}', '2015-11-13 13:48:07', '2015-11-13 13:48:07', 'aa39131c-91c5-4271-bc88-6bac97a09be6'),
 ('86', '109', '12', '87', 'en_us', '4', '', '{\"typeId\":\"12\",\"authorId\":null,\"title\":\"Process Index\",\"slug\":\"process-index\",\"postDate\":1445610309,\"expiryDate\":null,\"enabled\":1,\"fields\":{\"44\":\"\",\"79\":\"<p>Our comprehensive service offering supports our clients\' design initiatives from the early discovery phase through implementation and on-going improvements. Whether you;re laying the foundation for your product\'s success, or building out and refining that product, we\'re here to help. Did we mention we do all of this right here locally in Kent, OH? That\'s right, we\'re minutes away from Kent State University.\\r\\n<\\/p>\",\"43\":\"\",\"42\":\"Our design process is tailored to you.\",\"82\":\"While our unique business model allows us to deliver high-quality products at an affordable cost, there\'s no \\\"one size fits all\\\" when it comes to individual client needs. We work with our clients upfront to define project goals and guidelines to ensure that we deliver a great end product within the project\'s constraints. Together, we\'ll build something great, and it won\'t break the bank. Don\'t believe us? Just as our clients:\",\"81\":\"Sounds great, how much does it cost?\",\"80\":\"<p>*We can test the performance and usability of your product on various devices in our <a href=\\\"http:\\/\\/www.google.com\\\">User Experience Testing Lab.<\\/a> This is a great resource to ensure that your product translates across all platforms.\\r\\n<\\/p>\"}}', '2015-11-17 15:29:48', '2015-11-17 15:29:48', 'c10a5db4-4088-4302-90ae-c0aa0e15c1ec'),
 ('87', '182', '16', '87', 'en_us', '1', NULL, '{\"typeId\":\"16\",\"authorId\":null,\"title\":\"Projects List\",\"slug\":\"projects-list\",\"postDate\":1448378834,\"expiryDate\":null,\"enabled\":1,\"fields\":[]}', '2015-11-24 15:27:14', '2015-11-24 15:27:14', '44d46ff8-9c61-4375-99e3-3e74ed5f01fa'),
 ('88', '182', '16', '87', 'en_us', '2', '', '{\"typeId\":null,\"authorId\":null,\"title\":\"Projects List\",\"slug\":\"projects-list\",\"postDate\":1448378834,\"expiryDate\":null,\"enabled\":1,\"fields\":{\"69\":\"This is the project headline\",\"70\":\"<p>This is the project description<\\/p>\"}}', '2015-11-24 15:28:52', '2015-11-24 15:28:52', '01076d45-4dce-4d87-8c01-f3e9ecf93ca2'),
 ('91', '132', '5', '87', 'en_us', '4', '', '{\"typeId\":\"5\",\"authorId\":\"87\",\"title\":\"Event Planning 101: Victoria Ripepi\",\"slug\":\"event-planning-101-victoria-ripepi\",\"postDate\":1446735900,\"expiryDate\":null,\"enabled\":1,\"fields\":{\"60\":\"\",\"92\":\"\",\"11\":\"<p>Hello, my name is Victoria Ripepi. I am an Interpersonal Communications major who is currently on my 5th year victory lap, but I am set to graduate in May 2016. I am the new event coordinator at IdeaBase.<\\/p><p>As long as I can remember, event planning has been an interest of mine. The first event I planned was in 3rd grade when my teacher asked me to help with a parent-teacher-open house. As a 3rd grader, I basically thought I was the coolest person in the world\\u2026 even though all I really did was set out some flyers, cookies, and juice. But I have enjoyed event planning ever since!<\\/p><p>I think I enjoy event planning because I am so organized, I like to fix problems, I work best under pressure, and I like the exciting\\/nervous feeling you get on the day of the event. A lot of times when I say I want to go into event planning after I graduate people automatically think I mean weddings, but that is not the case. I want to do open houses, launch parties, special-event parties and so on.<\\/p><p>Before working at IdeaBase, I interned in the Spring of 2015 for an awesome company called Rebecca Adele PR & Events. I learned so much about myself and event planning there. One major thing I learned was that I didn\\u2019t want to go into PR after I graduate (the other career path I considered) and event planning is really what I love and have a passion for.<\\/p><p>The owner, Becki, puts on over 10 art shows called the Avant-Garde Art & Craft Shows all throughout Northeast Ohio. There were over 100 vendors at each event and I helped personally put on 4 shows. I also helped in the launch of a new show line called Bump to Bows- A Mommy Boutique Show.<\\/p><p>When it comes to IdeaBase, I actually heard about the agency through one of the managers, Kristin, who is a longtime-family friend. When she told me about IdeaBase it immediately sparked my interest, and when the opportunity for an event coordinator came up, I jumped at it. I really enjoy working here and have already learned so much! IdeaBase is such a fun, encouraging, and helpful work environment. Being new here, whenever I have a question or concern, they immediately do whatever possible to help me. I have also learned so much about what it means working at a design agency and how talented my co-workers are!<\\/p><p>As for my personal life, in my free time you can probably find me outside (if it\\u2019s nice out), at a mall because I have a deep love for clothes and fashion or hanging out with my two cats. I travel at any opportunity I can; I hope to travel to all 50 states one day!<\\/p><p>After graduation I hope to get a job out of state. I am Cleveland born and raised and Ohio will always be home, but I know I need to get out of here and explore more than just my bubble that is Ohio. I like to push myself to always try new things and take opportunities that push me outside my comfort zone because that\\u2019ll only make my comfort zone that much bigger.<\\/p>\",\"49\":\"\"}}', '2015-11-25 21:59:06', '2015-11-25 21:59:06', 'b94b2fb5-537d-4677-b1ec-cc38252fa9ea'),
 ('92', '109', '12', '87', 'en_us', '5', '', '{\"typeId\":\"12\",\"authorId\":null,\"title\":\"Process Index\",\"slug\":\"process-index\",\"postDate\":1445610309,\"expiryDate\":null,\"enabled\":1,\"parentId\":null,\"fields\":{\"94\":{\"new1\":{\"type\":\"processMatrix\",\"enabled\":\"1\",\"fields\":{\"homeProcessName\":\"Discover\",\"homeProcessDescription\":\"<p>who your users are and what they are looking for in your product<\\/p>\",\"homeProcessExampleTable\":[{\"col1\":\"User interviews\"},{\"col1\":\"Surveys\"},{\"col1\":\"Competitive analysis\"},{\"col1\":\"Persona development\"}],\"icon1\":\"\",\"icon2\":\"\",\"icon3\":\"\",\"icon4\":\"\",\"homepageIcon\":\"\",\"homepageDescription\":\"<p>Our targeted user research methods empower you to more effectively address your users\'&nbsp;needs.<\\/p>\"}},\"new2\":{\"type\":\"processMatrix\",\"enabled\":\"1\",\"fields\":{\"homeProcessName\":\"Design\",\"homeProcessDescription\":\"<p>a product that will deliver on user and business needs<\\/p>\",\"homeProcessExampleTable\":[{\"col1\":\"Visual\\/graphic design\"},{\"col1\":\"Video production\"},{\"col1\":\"Web development\"},{\"col1\":\"Content strategy & information architecture\"},{\"col1\":\"Prototyping & product development\"},{\"col1\":\"Environmental design\"},{\"col1\":\"Brand identity\"},{\"col1\":\"Social media & public relations\"}],\"icon1\":\"\",\"icon2\":\"\",\"icon3\":\"\",\"icon4\":\"\",\"homepageIcon\":\"\",\"homepageDescription\":\"<p>Our design strategies, whether through print, video or web, deliver custom solutions that&nbsp;promote both business and customer needs.<\\/p>\"}},\"new3\":{\"type\":\"processMatrix\",\"enabled\":\"1\",\"fields\":{\"homeProcessName\":\"Refine\",\"homeProcessDescription\":\"<p>an existing product with our advanced usability testing<\\/p>\",\"homeProcessExampleTable\":[{\"col1\":\"In-person usability testing\"},{\"col1\":\"Remote usability testing\"},{\"col1\":\"Device & performance testing*\"},{\"col1\":\"Tobii Eyetracking\"}],\"icon1\":\"\",\"icon2\":\"\",\"icon3\":\"\",\"icon4\":\"\",\"homepageIcon\":\"\",\"homepageDescription\":\"<p>Our advanced usability testing tools, including eye tracking, allow you to evaluate the effectiveness of design solutions.<\\/p>\"}}},\"82\":\"While our unique business model allows us to deliver high-quality products at an affordable cost, there\'s no \\\"one size fits all\\\" when it comes to individual client needs. We work with our clients upfront to define project goals and guidelines to ensure that we deliver a great end product within the project\'s constraints. Together, we\'ll build something great, and it won\'t break the bank. Don\'t believe us? Just as our clients:\",\"81\":\"Sounds great, how much does it cost?\",\"80\":\"<p>*We can test the performance and usability of your product on various devices in our <a href=\\\"http:\\/\\/www.google.com\\\">User Experience Testing Lab.<\\/a> This is a great resource to ensure that your product translates across all platforms.\\r\\n<\\/p>\"}}', '2015-12-03 20:37:03', '2015-12-03 20:37:03', '4570e34d-191e-4084-a902-52e608484783'),
 ('93', '109', '12', '87', 'en_us', '6', '', '{\"typeId\":\"12\",\"authorId\":null,\"title\":\"Process Index\",\"slug\":\"process-index\",\"postDate\":1445610309,\"expiryDate\":null,\"enabled\":1,\"parentId\":null,\"fields\":{\"94\":{\"183\":{\"type\":\"processMatrix\",\"enabled\":\"1\",\"fields\":{\"homeProcessName\":\"Discover\",\"homeProcessDescription\":\"<p>who your users are and what they are looking for in your product<\\/p>\",\"homeProcessExampleTable\":[{\"col1\":\"User interviews\"},{\"col1\":\"Surveys\"},{\"col1\":\"Competitive analysis\"},{\"col1\":\"Persona development\"}],\"icon1\":[\"186\"],\"icon2\":[\"186\"],\"icon3\":[\"186\"],\"icon4\":[\"186\"],\"homepageIcon\":[\"186\"],\"homepageDescription\":\"<p>Our targeted user research methods empower you to more effectively address your users\'&nbsp;needs.<\\/p>\"}},\"184\":{\"type\":\"processMatrix\",\"enabled\":\"1\",\"fields\":{\"homeProcessName\":\"Design\",\"homeProcessDescription\":\"<p>a product that will deliver on user and business needs<\\/p>\",\"homeProcessExampleTable\":[{\"col1\":\"Visual\\/graphic design\"},{\"col1\":\"Video production\"},{\"col1\":\"Web development\"},{\"col1\":\"Content strategy & information architecture\"},{\"col1\":\"Prototyping & product development\"},{\"col1\":\"Environmental design\"},{\"col1\":\"Brand identity\"},{\"col1\":\"Social media & public relations\"}],\"icon1\":[\"186\"],\"icon2\":[\"186\"],\"icon3\":[\"186\"],\"icon4\":[\"186\"],\"homepageIcon\":[\"186\"],\"homepageDescription\":\"<p>Our design strategies, whether through print, video or web, deliver custom solutions that&nbsp;promote both business and customer needs.<\\/p>\"}},\"185\":{\"type\":\"processMatrix\",\"enabled\":\"1\",\"fields\":{\"homeProcessName\":\"Refine\",\"homeProcessDescription\":\"<p>an existing product with our advanced usability testing<\\/p>\",\"homeProcessExampleTable\":[{\"col1\":\"In-person usability testing\"},{\"col1\":\"Remote usability testing\"},{\"col1\":\"Device & performance testing*\"},{\"col1\":\"Tobii Eyetracking\"}],\"icon1\":[\"186\"],\"icon2\":[\"186\"],\"icon3\":[\"186\"],\"icon4\":[\"186\"],\"homepageIcon\":[\"186\"],\"homepageDescription\":\"<p>Our advanced usability testing tools, including eye tracking, allow you to evaluate the effectiveness of design solutions.<\\/p>\"}}},\"82\":\"While our unique business model allows us to deliver high-quality products at an affordable cost, there\'s no \\\"one size fits all\\\" when it comes to individual client needs. We work with our clients upfront to define project goals and guidelines to ensure that we deliver a great end product within the project\'s constraints. Together, we\'ll build something great, and it won\'t break the bank. Don\'t believe us? Just as our clients:\",\"81\":\"Sounds great, how much does it cost?\",\"80\":\"<p>*We can test the performance and usability of your product on various devices in our <a href=\\\"http:\\/\\/www.google.com\\\">User Experience Testing Lab.<\\/a> This is a great resource to ensure that your product translates across all platforms.\\r\\n<\\/p>\"}}', '2015-12-03 23:04:55', '2015-12-03 23:04:55', '2d3d1489-780f-4f73-ab7c-bacd6270a7cb'),
 ('94', '148', '15', '87', 'en_us', '3', '', '{\"typeId\":\"15\",\"authorId\":null,\"title\":\"Projects Homepage\",\"slug\":\"projects-homepage\",\"postDate\":1446820468,\"expiryDate\":null,\"enabled\":1,\"parentId\":null,\"fields\":{\"71\":\"How we\'re making a difference.\",\"72\":\"<p>We make a positive impact on your design, and our student designers.<\\/p>\",\"109\":\"Learn about our transformative classroom experiences.\",\"74\":\"<p>At IdeaBase, we want our student employees to succeed. Thats\'s why we partner with Glyphix to teach the next generation through studio experiences. Our students develop and exercise project-based skills in marketing, design, research and more. Additionally, our Responsive Web Design class ensures the next generation of designers and developers understand how to create highly functional and usable websites.<\\/p>\\r\\n\\r\\n<p><br><\\/p>\\r\\n\\r\\n<p>Learn about our transformative classroom experiences.<\\/p>\",\"73\":\"Helping our students succeed.\",\"110\":\"More Projects\",\"69\":\"Tried-and-true\",\"70\":\"<p>Our award-winning process delivers quality design solutions that transform our clients\' products.<\\/p>\"}}', '2015-12-14 20:25:47', '2015-12-14 20:25:47', '1e49b37e-41fc-418b-8550-c4d5fc8fab04'),
 ('95', '109', '12', '87', 'en_us', '7', '', '{\"typeId\":\"12\",\"authorId\":null,\"title\":\"Process Index\",\"slug\":\"process-index\",\"postDate\":1445610309,\"expiryDate\":null,\"enabled\":1,\"parentId\":null,\"fields\":{\"106\":\"<p>This is a test<\\/p>\",\"107\":\"Sounds great, how much does it cost?\",\"94\":{\"183\":{\"type\":\"processMatrix\",\"enabled\":\"1\",\"fields\":{\"homeProcessName\":\"Discover\",\"homeProcessDescription\":\"<p>who your users are and what they are looking for in your product<\\/p>\",\"homeProcessExampleTable\":[{\"col1\":\"User interviews\"},{\"col1\":\"Surveys\"},{\"col1\":\"Competitive analysis\"},{\"col1\":\"Persona development\"}],\"icon1\":[\"186\"],\"icon2\":[\"186\"],\"icon3\":[\"186\"],\"icon4\":[\"186\"],\"homepageIcon\":[\"186\"],\"homepageDescription\":\"<p>Our targeted user research methods empower you to more effectively address your users\'&nbsp;needs.<\\/p>\"}},\"184\":{\"type\":\"processMatrix\",\"enabled\":\"1\",\"fields\":{\"homeProcessName\":\"Design\",\"homeProcessDescription\":\"<p>a product that will deliver on user and business needs<\\/p>\",\"homeProcessExampleTable\":[{\"col1\":\"Visual\\/graphic design\"},{\"col1\":\"Video production\"},{\"col1\":\"Web development\"},{\"col1\":\"Content strategy & information architecture\"},{\"col1\":\"Prototyping & product development\"},{\"col1\":\"Environmental design\"},{\"col1\":\"Brand identity\"},{\"col1\":\"Social media & public relations\"}],\"icon1\":[\"186\"],\"icon2\":[\"186\"],\"icon3\":[\"186\"],\"icon4\":[\"186\"],\"homepageIcon\":[\"186\"],\"homepageDescription\":\"<p>Our design strategies, whether through print, video or web, deliver custom solutions that&nbsp;promote both business and customer needs.<\\/p>\"}},\"185\":{\"type\":\"processMatrix\",\"enabled\":\"1\",\"fields\":{\"homeProcessName\":\"Refine\",\"homeProcessDescription\":\"<p>an existing product with our advanced usability testing<\\/p>\",\"homeProcessExampleTable\":[{\"col1\":\"In-person usability testing\"},{\"col1\":\"Remote usability testing\"},{\"col1\":\"Device & performance testing*\"},{\"col1\":\"Tobii Eyetracking\"}],\"icon1\":[\"186\"],\"icon2\":[\"186\"],\"icon3\":[\"186\"],\"icon4\":[\"186\"],\"homepageIcon\":[\"186\"],\"homepageDescription\":\"<p>Our advanced usability testing tools, including eye tracking, allow you to evaluate the effectiveness of design solutions.<\\/p>\"}}},\"82\":\"While our unique business model allows us to deliver high-quality products at an affordable cost, there\'s no \\\"one size fits all\\\" when it comes to individual client needs. We work with our clients upfront to define project goals and guidelines to ensure that we deliver a great end product within the project\'s constraints. Together, we\'ll build something great, and it won\'t break the bank. Don\'t believe us? Just as our clients:\",\"81\":\"Sounds great, how much does it cost?\",\"108\":\"More about our UX Testing Lab\",\"80\":\"<p>*We can test the performance and usability of your product on various devices in our <a href=\\\"http:\\/\\/www.google.com\\\">User Experience Testing Lab.<\\/a> This is a great resource to ensure that your product translates across all platforms.\\r\\n<\\/p>\"}}', '2015-12-14 20:27:23', '2015-12-14 20:27:23', 'b716c503-2b16-4cb9-8922-94317599abb7'),
 ('96', '190', '7', '87', 'en_us', '1', '', '{\"typeId\":null,\"authorId\":\"87\",\"title\":\"Sample Testimonail\",\"slug\":\"sample-testimonail\",\"postDate\":1450125082,\"expiryDate\":null,\"enabled\":1,\"parentId\":null,\"fields\":{\"19\":{\"date\":\"12\\/9\\/2015\"},\"17\":\"Christopher Hallahan\",\"76\":[\"98\"],\"18\":\"<p>Ideabase was inexpensiver and helped increase visitors to our business. That\'s a win-win if you ask me!<\\/p>\"}}', '2015-12-14 20:31:22', '2015-12-14 20:31:22', 'afabc720-4eeb-4aa8-86c1-2c90fbcae123'),
 ('97', '190', '7', '87', 'en_us', '2', '', '{\"typeId\":\"7\",\"authorId\":\"87\",\"title\":\"Sample Testimonail\",\"slug\":\"sample-testimonail\",\"postDate\":1450125060,\"expiryDate\":null,\"enabled\":1,\"parentId\":null,\"fields\":{\"19\":{\"date\":\"12\\/9\\/2015\"},\"17\":\"Christopher Hallahan\",\"76\":[\"98\"],\"18\":\"Ideabase was inexpensiver and helped increase visitors to our business. That\'s a win-win if you ask me!\"}}', '2015-12-14 20:32:46', '2015-12-14 20:32:46', 'b4c7a80b-883b-4f4c-9cee-e95ffb439613'),
 ('98', '190', '7', '87', 'en_us', '3', '', '{\"typeId\":\"7\",\"authorId\":\"87\",\"title\":\"Sample Testimonail\",\"slug\":\"sample-testimonail\",\"postDate\":1450125060,\"expiryDate\":null,\"enabled\":1,\"parentId\":null,\"fields\":{\"19\":{\"date\":\"12\\/9\\/2015\"},\"17\":\"Christopher Hallahan\",\"76\":[\"98\"],\"18\":\"IdeaBase was inexpensive and helped increase visitors to our business. That\'s a win-win if you ask me!\"}}', '2015-12-14 20:33:01', '2015-12-14 20:33:01', 'fd93a222-5329-4adf-afdd-02ee933c8eec'),
 ('99', '109', '12', '87', 'en_us', '8', '', '{\"typeId\":\"12\",\"authorId\":null,\"title\":\"Process Index\",\"slug\":\"process-index\",\"postDate\":1445610309,\"expiryDate\":null,\"enabled\":1,\"parentId\":null,\"fields\":{\"37\":[\"193\"],\"106\":\"<p>This is a test<\\/p>\",\"107\":\"Sounds great, how much does it cost?\",\"94\":{\"183\":{\"type\":\"processMatrix\",\"enabled\":\"1\",\"fields\":{\"homeProcessName\":\"Discover\",\"homeProcessDescription\":\"<p>who your users are and what they are looking for in your product<\\/p>\",\"homeProcessExampleTable\":[{\"col1\":\"User interviews\"},{\"col1\":\"Surveys\"},{\"col1\":\"Competitive analysis\"},{\"col1\":\"Persona development\"}],\"icon1\":[\"186\"],\"icon2\":[\"186\"],\"icon3\":[\"186\"],\"icon4\":[\"186\"],\"homepageIcon\":[\"186\"],\"homepageDescription\":\"<p>Our targeted user research methods empower you to more effectively address your users\'&nbsp;needs.<\\/p>\"}},\"184\":{\"type\":\"processMatrix\",\"enabled\":\"1\",\"fields\":{\"homeProcessName\":\"Design\",\"homeProcessDescription\":\"<p>a product that will deliver on user and business needs<\\/p>\",\"homeProcessExampleTable\":[{\"col1\":\"Visual\\/graphic design\"},{\"col1\":\"Video production\"},{\"col1\":\"Web development\"},{\"col1\":\"Content strategy & information architecture\"},{\"col1\":\"Prototyping & product development\"},{\"col1\":\"Environmental design\"},{\"col1\":\"Brand identity\"},{\"col1\":\"Social media & public relations\"}],\"icon1\":[\"186\"],\"icon2\":[\"186\"],\"icon3\":[\"186\"],\"icon4\":[\"186\"],\"homepageIcon\":[\"186\"],\"homepageDescription\":\"<p>Our design strategies, whether through print, video or web, deliver custom solutions that&nbsp;promote both business and customer needs.<\\/p>\"}},\"185\":{\"type\":\"processMatrix\",\"enabled\":\"1\",\"fields\":{\"homeProcessName\":\"Refine\",\"homeProcessDescription\":\"<p>an existing product with our advanced usability testing<\\/p>\",\"homeProcessExampleTable\":[{\"col1\":\"In-person usability testing\"},{\"col1\":\"Remote usability testing\"},{\"col1\":\"Device & performance testing*\"},{\"col1\":\"Tobii Eyetracking\"}],\"icon1\":[\"186\"],\"icon2\":[\"186\"],\"icon3\":[\"186\"],\"icon4\":[\"186\"],\"homepageIcon\":[\"186\"],\"homepageDescription\":\"<p>Our advanced usability testing tools, including eye tracking, allow you to evaluate the effectiveness of design solutions.<\\/p>\"}}},\"108\":\"More about our UX Testing Lab\",\"80\":\"<p>*We can test the performance and usability of your product on various devices in our <a href=\\\"http:\\/\\/www.google.com\\\">User Experience Testing Lab.<\\/a> This is a great resource to ensure that your product translates across all platforms.\\r\\n<\\/p>\"}}', '2015-12-14 20:44:46', '2015-12-14 20:44:46', '26777a17-d281-4d1b-8341-771ecf3f55ae'),
 ('100', '148', '15', '87', 'en_us', '4', '', '{\"typeId\":\"15\",\"authorId\":null,\"title\":\"Projects Homepage\",\"slug\":\"projects-homepage\",\"postDate\":1446820468,\"expiryDate\":null,\"enabled\":1,\"parentId\":null,\"fields\":{\"37\":[\"193\"],\"71\":\"How we\'re making a difference.\",\"72\":\"<p>We make a positive impact on your design, and our student designers.<\\/p>\",\"109\":\"Learn about our transformative classroom experiences.\",\"74\":\"<p>At IdeaBase, we want our student employees to succeed. Thats\'s why we partner with Glyphix to teach the next generation through studio experiences. Our students develop and exercise project-based skills in marketing, design, research and more. Additionally, our Responsive Web Design class ensures the next generation of designers and developers understand how to create highly functional and usable websites.<\\/p>\\r\\n\\r\\n<p><br><\\/p>\\r\\n\\r\\n\\r\\n\\r\\n<p>Learn about our transformative classroom experiences.<\\/p>\",\"73\":\"Helping our students succeed.\",\"110\":\"More Projects\",\"69\":\"Tried-and-true\",\"70\":\"<p>Our award-winning process delivers quality design solutions that transform our clients\' products.<\\/p>\"}}', '2015-12-14 20:45:09', '2015-12-14 20:45:09', '3e64b50e-ce9c-4f90-8889-8d787c14fc5a'),
 ('101', '108', '11', '87', 'en_us', '6', '', '{\"typeId\":\"11\",\"authorId\":null,\"title\":\"Staff Profile Index\",\"slug\":\"staff-profile-index\",\"postDate\":1445610228,\"expiryDate\":null,\"enabled\":1,\"parentId\":null,\"fields\":{\"37\":[\"193\"],\"39\":\"<p>Our student employees come from backgrounds of all shapes and sizes, bringing with them a fresh and versatile approach that inspires our designs. With backgrounds in Visual Communication Design, Public Relations, User Experience, Advertising, Computer Information Systmes, Digital Sciences, Marketing and Communications, our diverse team members have one thing in common, they\'re passionate about design.<\\/p>\",\"38\":\"Our students are passionate about design.\",\"45\":\"\",\"57\":\"<p>We\\u2019re committed to delivering quality work to our clients. That\\u2019s why our student employees work under the guidance of our professional staff from Kent State\\u2019s College of Communication of Information and a professional advisory board. Our student employees interact directly with clients, developing proposals, managing projects and handling all stages of design production.<\\/p>\",\"56\":\"Committed to quality.\",\"41\":\"<p>We empower our student employees to imagine, create and deliver quality designs whil gaining real-world experience on client-facing projects. Our studen employees get to put their design skills to the test, build their resumes and jumpstart their careers.<\\/p>\",\"58\":\"<p>Learn more about <a href=\\\"http:\\/\\/www.google.com\\\">working for IdeaBase.<\\/a><\\/p>\",\"40\":\"Work for IdeaBase\"}}', '2015-12-14 20:45:51', '2015-12-14 20:45:51', '840e0335-1985-44c1-ba2c-352789be30de'),
 ('102', '108', '11', '87', 'en_us', '7', '', '{\"typeId\":\"11\",\"authorId\":null,\"title\":\"Staff Profile Index\",\"slug\":\"staff-profile-index\",\"postDate\":1445610228,\"expiryDate\":null,\"enabled\":1,\"parentId\":null,\"fields\":{\"37\":[\"193\"],\"39\":\"<p>Our student employees come from backgrounds of all shapes and sizes, bringing with them a fresh and versatile approach that inspires our designs. With backgrounds in Visual Communication Design, Public Relations, User Experience, Advertising, Computer Information Systmes, Digital Sciences, Marketing and Communications, our diverse team members have one thing in common, they\'re passionate about design.<\\/p>\",\"38\":\"Our students are passionate about design.\",\"45\":\"\",\"57\":\"<p>We\\u2019re committed to delivering quality work to our clients. That\\u2019s why our student employees work under the guidance of our professional staff from Kent State\\u2019s College of Communication of Information and a professional advisory board. Our student employees interact directly with clients, developing proposals, managing projects and handling all stages of design production.<\\/p>\",\"56\":\"Committed to quality.\",\"41\":\"We empower our student employees to imagine, create and deliver quality designs while gaining real-world experience on client-facing projects. Our studen employees get to put their design skills to the test, build their resumes and jumpstart their careers.\",\"58\":\"Learn more about working for IdeaBase.\",\"40\":\"Work for IdeaBase\"}}', '2015-12-14 21:24:16', '2015-12-14 21:24:16', '63b50003-d9db-4498-ac71-ae72faae1348'),
 ('103', '2', '1', '87', 'en_us', '7', '', '{\"typeId\":null,\"authorId\":null,\"title\":\"IdeaBase Kent New Website\",\"slug\":\"homepage\",\"postDate\":1442581332,\"expiryDate\":null,\"enabled\":1,\"parentId\":null,\"fields\":{\"37\":[\"193\"],\"36\":\"<p>We\\u2019re a Kent State student-powered design agency located in downtown Kent, OH. Our student employees represent a variety of backgrounds and disciplines, united in their passion for creating meaningful designs to support our clients\\u2019 design initiatives. <\\/p>\\r\\n\\r\\n<p><br>At IdeaBase, we\\u2019re determined to deliver quality design solutions while equipping our student team with lasting experiential learning opportunities.<br><\\/p>\",\"66\":\"Our design process is tailored to you.\",\"35\":\"Research-based, student-powered design solutions.\",\"68\":\"<p>Our processes deliver results. No matter the industry or design challenge, our past work speaks for itself.<\\/p>\",\"67\":\"Tried-and-True\"}}', '2015-12-15 17:30:24', '2015-12-15 17:30:24', 'b3f50d10-a2e2-482e-964d-50dd5776f52d'),
 ('104', '2', '1', '87', 'en_us', '8', '', '{\"typeId\":null,\"authorId\":null,\"title\":\"IdeaBase Kent New Website\",\"slug\":\"homepage\",\"postDate\":1442581332,\"expiryDate\":null,\"enabled\":1,\"parentId\":null,\"fields\":{\"37\":[\"193\"],\"36\":\"<p>We\\u2019re a Kent State student-powered design agency located in downtown Kent, OH. Our student employees represent a variety of backgrounds and disciplines, united in their passion for creating meaningful designs to support our clients\\u2019 design initiatives. <\\/p>\\r\\n\\r\\n<p><br>At IdeaBase, we\\u2019re determined to deliver quality design solutions while equipping our student team with lasting experiential learning opportunities.<br><\\/p>\",\"111\":[\"198\"],\"66\":\"Our design process is tailored to you.\",\"35\":\"Research-based, student-powered design solutions.\",\"68\":\"<p>Our processes deliver results. No matter the industry or design challenge, our past work speaks for itself.<\\/p>\",\"67\":\"Tried-and-True\"}}', '2015-12-15 17:45:28', '2015-12-15 17:45:28', '64bfef47-e0ba-4634-a3a5-973fabb4203f'),
 ('105', '2', '1', '87', 'en_us', '9', '', '{\"typeId\":null,\"authorId\":null,\"title\":\"IdeaBase Kent New Website\",\"slug\":\"homepage\",\"postDate\":1442581332,\"expiryDate\":null,\"enabled\":1,\"parentId\":null,\"fields\":{\"37\":[\"193\"],\"36\":\"<p>We\\u2019re a Kent State student-powered design agency located in downtown Kent, OH. Our student employees represent a variety of backgrounds and disciplines, united in their passion for creating meaningful designs to support our clients\\u2019 design initiatives. <\\/p>\\r\\n\\r\\n<p><br>At IdeaBase, we\\u2019re determined to deliver quality design solutions while equipping our student team with lasting experiential learning opportunities.<br><\\/p>\",\"111\":[\"198\"],\"66\":\"Our design process is tailored to you.\",\"35\":\"Research-based, student-powered design solutions.\",\"68\":\"<p>Our processes deliver results. No matter the industry or design challenge, our past work speaks for itself.<\\/p>\",\"67\":\"Tried-and-True\"}}', '2015-12-15 17:51:56', '2015-12-15 17:51:56', 'de88b58a-7dbb-4e3f-87a6-1f158d1ccdd4'),
 ('106', '2', '1', '87', 'en_us', '10', '', '{\"typeId\":null,\"authorId\":null,\"title\":\"IdeaBase Kent New Website\",\"slug\":\"homepage\",\"postDate\":1442581332,\"expiryDate\":null,\"enabled\":1,\"parentId\":null,\"fields\":{\"37\":[\"193\"],\"36\":\"<p>We\\u2019re a Kent State student-powered design agency located in downtown Kent, OH. Our student employees represent a variety of backgrounds and disciplines, united in their passion for creating meaningful designs to support our clients\\u2019 design initiatives. <\\/p>\\r\\n\\r\\n<p><br>At IdeaBase, we\\u2019re determined to deliver quality design solutions while equipping our student team with lasting experiential learning opportunities.<br><\\/p>\",\"111\":[\"198\"],\"66\":\"Our design process is tailored to you.\",\"35\":\"Research-based, student-powered design solutions.\",\"68\":\"<p>Our processes deliver results. No matter the industry or design challenge, our past work speaks for itself.<\\/p>\",\"67\":\"Tried-and-True\"}}', '2015-12-15 17:52:03', '2015-12-15 17:52:03', 'e5c06f3e-7cd9-4afc-b6f5-57804849d9d8'),
 ('109', '149', '3', '87', 'en_us', '3', '', '{\"typeId\":\"3\",\"authorId\":\"87\",\"title\":\"Larrie King\",\"slug\":\"larrie-king\",\"postDate\":1447175700,\"expiryDate\":null,\"enabled\":1,\"parentId\":\"\",\"fields\":{\"6\":\"<p>This is Larrie\'s test bio.<\\/p>\",\"77\":\"\",\"4\":\"lking@ideabasekent.com\",\"7\":\"\",\"26\":[\"5\"],\"3\":\"Creative Director, Glyphix\",\"5\":\"330.672.7300\",\"27\":[\"163\"],\"89\":\"\"}}', '2015-12-15 20:29:24', '2015-12-15 20:29:24', 'c1169477-4569-4857-aecc-fb64c1c106ba'),
 ('110', '67', '3', '87', 'en_us', '11', '', '{\"typeId\":\"3\",\"authorId\":\"1\",\"title\":\"Reilly Hawkins\",\"slug\":\"reilly-hawkins\",\"postDate\":1442584980,\"expiryDate\":null,\"enabled\":1,\"parentId\":\"\",\"fields\":{\"6\":\"<p>This is a test biography for Reilly Hawkins. This is a test biography for Reilly Hawkins. This is a test biography for Reilly Hawkins. This is a test biography for Reilly Hawkins. This is a test biography for Reilly Hawkins. This is a test biography for Reilly Hawkins. This is a test biography for Reilly Hawkins. This is a test biography for Reilly Hawkins. This is a test biography for Reilly Hawkins. This is a test biography for Reilly Hawkins. This is a test biography for Reilly Hawkins. <\\/p>\\r\\n\\r\\n<p><br><\\/p>\\r\\n\\r\\n<p>This is a test biography for Reilly Hawkins. This is a test biography for Reilly Hawkins. This is a test biography for Reilly Hawkins. This is a test biography for Reilly Hawkins. This is a test biography for Reilly Hawkins. <br><\\/p>\",\"77\":\"\",\"4\":\"rhawkins@ideabasekent.com\",\"7\":\"I legally had my name changed in Kindergarten. It used to be Andrew Quaid Hawkins, however there were 4 other \\u201cAndrews\\u201d in my class so my mom wanted it to be more unique. Changed to Reilly William Hawkins.\",\"26\":[\"6\"],\"3\":\"Web Programmer\",\"5\":\"440.221.9193\",\"27\":[\"169\"],\"89\":\"\"}}', '2015-12-15 20:32:06', '2015-12-15 20:32:06', '19fed628-97d6-4e33-ae7d-ef4e94269300'),
 ('111', '67', '3', '87', 'en_us', '12', '', '{\"typeId\":\"3\",\"authorId\":\"1\",\"title\":\"Reilly Hawkins\",\"slug\":\"reilly-hawkins\",\"postDate\":1442584980,\"expiryDate\":null,\"enabled\":1,\"parentId\":\"\",\"fields\":{\"6\":\"<p>This is a test biography for Reilly Hawkins. This is a test biography for Reilly Hawkins. This is a test biography for Reilly Hawkins. This is a test biography for Reilly Hawkins. This is a test biography for Reilly Hawkins. This is a test biography for Reilly Hawkins. This is a test biography for Reilly Hawkins. This is a test biography for Reilly Hawkins. This is a test biography for Reilly Hawkins. This is a test biography for Reilly Hawkins. This is a test biography for Reilly Hawkins. <\\/p>\\r\\n\\r\\n<p><br><\\/p>\\r\\n\\r\\n\\r\\n\\r\\n<p>This is a test biography for Reilly Hawkins. This is a test biography for Reilly Hawkins. This is a test biography for Reilly Hawkins. This is a test biography for Reilly Hawkins. This is a test biography for Reilly Hawkins. <br><\\/p>\",\"77\":\"\",\"4\":\"rhawkins@ideabasekent.com\",\"7\":\"I legally had my name changed in Kindergarten. It used to be Andrew Quaid Hawkins, however there were 4 other \\u201cAndrews\\u201d in my class so my mom wanted it to be more unique. Changed to Reilly William Hawkins.\",\"26\":[\"6\"],\"3\":\"Web Programmer\",\"5\":\"440.221.9193\",\"27\":[\"203\"],\"89\":\"\"}}', '2015-12-15 20:34:29', '2015-12-15 20:34:29', '12bc9e9f-f6ec-460a-bd06-34887a4efc6f'),
 ('112', '132', '5', '87', 'en_us', '5', '', '{\"typeId\":\"5\",\"authorId\":\"87\",\"title\":\"Event Planning 101: Victoria Ripepi\",\"slug\":\"event-planning-101-victoria-ripepi\",\"postDate\":1446735900,\"expiryDate\":null,\"enabled\":1,\"parentId\":null,\"fields\":{\"60\":[\"146\"],\"92\":\"\",\"11\":\"<p>Hello, my name is Victoria Ripepi. I am an Interpersonal Communications major who is currently on my 5th year victory lap, but I am set to graduate in May 2016. I am the new event coordinator at IdeaBase.<\\/p>\\r\\n\\r\\n<p>As long as I can remember, event planning has been an interest of mine. The first event I planned was in 3rd grade when my teacher asked me to help with a parent-teacher-open house. As a 3rd grader, I basically thought I was the coolest person in the world&hellip; even though all I really did was set out some flyers, cookies, and juice. But I have enjoyed event planning ever since!<\\/p>\\r\\n\\r\\n<p>I think I enjoy event planning because I am so organized, I like to fix problems, I work best under pressure, and I like the exciting\\/nervous feeling you get on the day of the event. A lot of times when I say I want to go into event planning after I graduate people automatically think I mean weddings, but that is not the case. I want to do open houses, launch parties, special-event parties and so on.<\\/p>\\r\\n\\r\\n<p>Before working at IdeaBase, I interned in the Spring of 2015 for an awesome company called Rebecca Adele PR & Events. I learned so much about myself and event planning there. One major thing I learned was that I didn\\u2019t want to go into PR after I graduate (the other career path I considered) and event planning is really what I love and have a passion for.<\\/p>\\r\\n\\r\\n<p>The owner, Becki, puts on over 10 art shows called the Avant-Garde Art & Craft Shows all throughout Northeast Ohio. There were over 100 vendors at each event and I helped personally put on 4 shows. I also helped in the launch of a new show line called Bump to Bows- A Mommy Boutique Show.<\\/p>\\r\\n\\r\\n<p>When it comes to IdeaBase, I actually heard about the agency through one of the managers, Kristin, who is a longtime-family friend. When she told me about IdeaBase it immediately sparked my interest, and when the opportunity for an event coordinator came up, I jumped at it. I really enjoy working here and have already learned so much! IdeaBase is such a fun, encouraging, and helpful work environment. Being new here, whenever I have a question or concern, they immediately do whatever possible to help me. I have also learned so much about what it means working at a design agency and how talented my co-workers are!<\\/p>\\r\\n\\r\\n<p>As for my personal life, in my free time you can probably find me outside (if it\\u2019s nice out), at a mall because I have a deep love for clothes and fashion or hanging out with my two cats. I travel at any opportunity I can; I hope to travel to all 50 states one day!<\\/p>\\r\\n\\r\\n<p>After graduation I hope to get a job out of state. I am Cleveland born and raised and Ohio will always be home, but I know I need to get out of here and explore more than just my bubble that is Ohio. I like to push myself to always try new things and take opportunities that push me outside my comfort zone because that\\u2019ll only make my comfort zone that much bigger.<\\/p>\",\"49\":\"\"}}', '2015-12-17 15:32:20', '2015-12-17 15:32:20', '2dcfd75b-937e-4b2b-ba32-9cc644edd4df'),
 ('113', '206', '5', '87', 'en_us', '1', '', '{\"typeId\":null,\"authorId\":\"87\",\"title\":\"Test blog \",\"slug\":\"test-blog\",\"postDate\":1450366403,\"expiryDate\":null,\"enabled\":1,\"parentId\":null,\"fields\":{\"60\":[\"147\"],\"92\":\"\",\"11\":\"<p>This is a test<\\/p>\",\"49\":\"\"}}', '2015-12-17 15:33:23', '2015-12-17 15:33:23', 'ede4b937-4280-4a2f-9db1-d72bdb35cf44'),
 ('114', '146', '3', '87', 'en_us', '3', '', '{\"typeId\":\"3\",\"authorId\":\"87\",\"title\":\"Quintin Steele\",\"slug\":\"quintin-steele\",\"postDate\":1446740340,\"expiryDate\":null,\"enabled\":1,\"parentId\":\"\",\"fields\":{\"6\":\"<p>This is Quintin\'s biography.This is Quintin\'s biography.This is Quintin\'s biography.This is Quintin\'s biography.This is Quintin\'s biography.This is Quintin\'s biography.This is Quintin\'s biography.This is Quintin\'s biography.This is Quintin\'s biography.<\\/p>\",\"77\":\"\",\"4\":\"qsteele@ideabasekent.com\",\"7\":\"This is Quintin\'s fun fact.\",\"26\":[\"5\"],\"3\":\"IdeaBase Creative Director\",\"5\":\"330.672.7300\",\"27\":[\"203\"],\"89\":\"\"}}', '2015-12-17 15:34:03', '2015-12-17 15:34:03', 'ad4b307b-c5c2-4016-9c3f-c023cae84eac'),
 ('115', '67', '3', '204', 'en_us', '13', '', '{\"typeId\":\"3\",\"authorId\":\"1\",\"title\":\"Reilly Hawkins\",\"slug\":\"reilly-hawkins\",\"postDate\":1442584980,\"expiryDate\":null,\"enabled\":1,\"parentId\":\"\",\"fields\":{\"6\":\"<p>Reilly&nbsp;is an outfielder for the Kent State University Baseball team. He enjoys being a \\u201ctechie\\u201dand loves Apple products and their&nbsp;innovations.&nbsp;Reilly is&nbsp;intrigued&nbsp;by&nbsp;how much technology is becoming a part of everyday society.&nbsp;<\\/p>\\r\\n\\r\\n<p><br><\\/p>\",\"77\":\"Computer Information Systems \",\"4\":\"rhawkins@ideabasekent.com\",\"7\":\"I legally had my name changed in Kindergarten. It used to be Andrew Quaid Hawkins, however there were 4 other \\u201cAndrews\\u201d in my class so my mom wanted it to be more unique. Changed to Reilly William Hawkins.\",\"26\":[\"6\"],\"3\":\"Web Programmer\",\"5\":\"440.221.9193\",\"27\":[\"207\"],\"89\":\"\"}}', '2015-12-17 16:47:01', '2015-12-17 16:47:01', '40122691-0d50-43ca-bb06-f421477e37ff'),
 ('116', '119', '3', '204', 'en_us', '6', '', '{\"typeId\":\"3\",\"authorId\":\"87\",\"title\":\"Kristin Dowling\",\"slug\":\"kristin-dowling\",\"postDate\":1445536440,\"expiryDate\":null,\"enabled\":1,\"parentId\":\"\",\"fields\":{\"6\":\"<p>Kristin is the Business Development Manager for IdeaBase (formerly The Tannery). She is responsible for building client relationships in order to provide high quality experiential learning opportunities for our students.<\\/p>\\r\\n\\r\\n<p>She previously served as an Entrepreneur-in-Residence for the Center for Entrepreneurship and Business Innovation in the Kent State University College of Business. Her experience prior to coming to Kent State University was as Regional Operations Manager for Kinko\\u2019s Inc. (now known as FedEx Office).<\\/p>\",\"77\":\"\",\"4\":\"kdowling@ideabasekent.com\",\"7\":\"\",\"26\":[\"5\"],\"3\":\"Business Development Manager\",\"5\":\"330.672.7366\",\"27\":[\"208\"],\"89\":\"\"}}', '2015-12-17 16:51:08', '2015-12-17 16:51:08', '9a430346-0169-4b00-91ea-55ee4c7bef84'),
 ('117', '120', '3', '204', 'en_us', '5', '', '{\"typeId\":\"3\",\"authorId\":\"87\",\"title\":\"Christopher Hallahan\",\"slug\":\"christopher-hallahan\",\"postDate\":1445536440,\"expiryDate\":null,\"enabled\":1,\"parentId\":\"\",\"fields\":{\"6\":\"<p>Chris is a full-time user experience designer for<a href=\\\"http:\\/\\/ideabasekent.com\\/\\\"> <u>IdeaBase<\\/u><\\/a> and<a href=\\\"http:\\/\\/www.kent.edu\\/cci\\\"> <u>Kent State University\\u2019s College of Communication and Information<\\/u><\\/a>. He manages research and interactive\\/web projects at IdeaBase, and works one-on-one with IdeaBase students to teach them web design, user experience and content management techniques.<\\/p>\\r\\n\\r\\n<p>His passions include responsive web design, usability, information architecture and content management system design (especially WordPress).  In addition to his work at IdeaBase, he teaches courses in Digital Sciences and Responsive Web Design.<\\/p><br><br>He is a graduate of Kent State, with a bachelor\\u2019s degree in Electronic Media and master\\u2019s degree in User Experience Design. He lives in Kent, OH.\",\"77\":\"\",\"4\":\"challahan@ideabasekent.com\",\"7\":\"\",\"26\":[\"5\"],\"3\":\"User Experience Designer\",\"5\":\"330.672.3031\",\"27\":[\"209\"],\"89\":\"\"}}', '2015-12-17 16:52:10', '2015-12-17 16:52:10', '3aaaf3c7-0886-4a18-bf75-7a3e3e14f0df'),
 ('118', '67', '3', '204', 'en_us', '14', '', '{\"typeId\":\"3\",\"authorId\":\"1\",\"title\":\"Reilly \",\"slug\":\"reilly-hawkins\",\"postDate\":1442584980,\"expiryDate\":null,\"enabled\":1,\"parentId\":\"\",\"fields\":{\"6\":\"<p>Reilly&nbsp;is an outfielder for the Kent State University Baseball team. He enjoys being a \\u201ctechie\\u201dand loves Apple products and their&nbsp;innovations.&nbsp;Reilly is&nbsp;intrigued&nbsp;by&nbsp;how much technology is becoming a part of everyday society.&nbsp;<\\/p>\\r\\n\\r\\n<p><br><\\/p>\",\"77\":\"Computer Information Systems \",\"4\":\"rhawkins@ideabasekent.com\",\"7\":\"I legally had my name changed in Kindergarten. It used to be Andrew Quaid Hawkins, however there were 4 other \\u201cAndrews\\u201d in my class so my mom wanted it to be more unique. Changed to Reilly William Hawkins.\",\"26\":[\"6\"],\"3\":\"Web Programmer\",\"114\":\"Hawkins \",\"5\":\"440.221.9193\",\"27\":[\"207\"],\"89\":\"\"}}', '2015-12-17 16:53:36', '2015-12-17 16:53:36', 'ba260d49-6fe5-4a91-87aa-99aa48d2e7d2'),
 ('119', '119', '3', '204', 'en_us', '7', '', '{\"typeId\":\"3\",\"authorId\":\"87\",\"title\":\"Kristin \",\"slug\":\"kristin-dowling\",\"postDate\":1445536440,\"expiryDate\":null,\"enabled\":1,\"parentId\":\"\",\"fields\":{\"6\":\"<p>Kristin is the Business Development Manager for IdeaBase (formerly The Tannery). She is responsible for building client relationships in order to provide high quality experiential learning opportunities for our students.<\\/p>\\r\\n\\r\\n<p>She previously served as an Entrepreneur-in-Residence for the Center for Entrepreneurship and Business Innovation in the Kent State University College of Business. Her experience prior to coming to Kent State University was as Regional Operations Manager for Kinko\\u2019s Inc. (now known as FedEx Office).<\\/p>\",\"77\":\"\",\"4\":\"kdowling@ideabasekent.com\",\"7\":\"\",\"26\":[\"5\"],\"3\":\"Business Development Manager\",\"114\":\"Dowling\",\"5\":\"330.672.7366\",\"27\":[\"208\"],\"89\":\"\"}}', '2015-12-17 16:55:16', '2015-12-17 16:55:16', '67e6d62d-f802-4fc8-baf0-97cbc3d67345'),
 ('120', '120', '3', '204', 'en_us', '6', '', '{\"typeId\":\"3\",\"authorId\":\"87\",\"title\":\"Christopher \",\"slug\":\"christopher-hallahan\",\"postDate\":1445536440,\"expiryDate\":null,\"enabled\":1,\"parentId\":\"\",\"fields\":{\"6\":\"<p>Chris is a full-time user experience designer for<a href=\\\"http:\\/\\/ideabasekent.com\\/\\\"> <u>IdeaBase<\\/u><\\/a> and<a href=\\\"http:\\/\\/www.kent.edu\\/cci\\\"> <u>Kent State University\\u2019s College of Communication and Information<\\/u><\\/a>. He manages research and interactive\\/web projects at IdeaBase, and works one-on-one with IdeaBase students to teach them web design, user experience and content management techniques.<\\/p>\\r\\n\\r\\n<p>His passions include responsive web design, usability, information architecture and content management system design (especially WordPress).  In addition to his work at IdeaBase, he teaches courses in Digital Sciences and Responsive Web Design.<\\/p><br><br><br>He is a graduate of Kent State, with a bachelor\\u2019s degree in Electronic Media and master\\u2019s degree in User Experience Design. He lives in Kent, OH.\",\"77\":\"\",\"4\":\"challahan@ideabasekent.com\",\"7\":\"\",\"26\":[\"5\"],\"3\":\"User Experience Designer\",\"114\":\"Hallahan\",\"5\":\"330.672.3031\",\"27\":[\"209\"],\"89\":\"\"}}', '2015-12-17 16:55:33', '2015-12-17 16:55:33', 'eb1fb26a-7f51-417e-9db4-1c0883180041'),
 ('121', '146', '3', '204', 'en_us', '4', '', '{\"typeId\":\"3\",\"authorId\":\"87\",\"title\":\"Quintin\",\"slug\":\"quintin-steele\",\"postDate\":1446740340,\"expiryDate\":null,\"enabled\":1,\"parentId\":\"\",\"fields\":{\"6\":\"<p>This is Quintin\'s biography.This is Quintin\'s biography.This is Quintin\'s biography.This is Quintin\'s biography.This is Quintin\'s biography.This is Quintin\'s biography.This is Quintin\'s biography.This is Quintin\'s biography.This is Quintin\'s biography.<\\/p>\",\"77\":\"\",\"4\":\"qsteele@ideabasekent.com\",\"7\":\"This is Quintin\'s fun fact.\",\"26\":[\"5\"],\"3\":\"IdeaBase Creative Director\",\"114\":\"Steele\",\"5\":\"330.672.7300\",\"27\":[\"203\"],\"89\":\"\"}}', '2015-12-17 16:56:33', '2015-12-17 16:56:33', '6423796a-0da4-428b-9a55-952e9cf04f0d'),
 ('122', '146', '3', '204', 'en_us', '5', '', '{\"typeId\":\"3\",\"authorId\":\"87\",\"title\":\"Quintin\",\"slug\":\"quintin-steele\",\"postDate\":1446740340,\"expiryDate\":null,\"enabled\":1,\"parentId\":\"\",\"fields\":{\"6\":\"<p>This is Quintin\'s biography.This is Quintin\'s biography.This is Quintin\'s biography.This is Quintin\'s biography.This is Quintin\'s biography.This is Quintin\'s biography.This is Quintin\'s biography.This is Quintin\'s biography.This is Quintin\'s biography.<\\/p>\",\"77\":\"\",\"4\":\"qsteele@ideabasekent.com\",\"7\":\"This is Quintin\'s fun fact.\",\"26\":[\"5\"],\"3\":\"IdeaBase Creative Director\",\"114\":\"Steele\",\"5\":\"330.672.7300\",\"27\":[\"210\"],\"89\":\"\"}}', '2015-12-17 16:58:03', '2015-12-17 16:58:03', 'ffb83d46-7961-457e-a3a2-de4947fda6f1'),
 ('123', '147', '3', '204', 'en_us', '3', '', '{\"typeId\":\"3\",\"authorId\":\"87\",\"title\":\"Victoria Ripepi\",\"slug\":\"victoria-ripepi\",\"postDate\":1446762360,\"expiryDate\":null,\"enabled\":1,\"parentId\":\"\",\"fields\":{\"6\":\"<p>This is Victoria\'s biography. This is Victoria\'s biography. This is Victoria\'s biography. This is Victoria\'s biography. This is Victoria\'s biography. This is Victoria\'s biography. This is Victoria\'s biography. This is Victoria\'s biography. This is Victoria\'s biography. This is Victoria\'s biography. This is Victoria\'s biography. This is Victoria\'s biography. <\\/p>\",\"77\":\"\",\"4\":\"vripepi@ideabasekent.com\",\"115\":\"Victoria\",\"7\":\"I own 64 pairs of shoes.\",\"26\":[\"6\"],\"3\":\"Event Coordinator\",\"114\":\"Ripepi\",\"5\":\"N\\/A\",\"27\":[\"211\"],\"89\":\"\"}}', '2015-12-17 17:07:55', '2015-12-17 17:07:55', 'da62a4d3-2030-4b3f-8476-50e5ad9eff5a'),
 ('124', '67', '3', '204', 'en_us', '15', '', '{\"typeId\":\"3\",\"authorId\":\"1\",\"title\":\"Reilly Hawkins \",\"slug\":\"reilly-hawkins\",\"postDate\":1442584980,\"expiryDate\":null,\"enabled\":1,\"parentId\":\"\",\"fields\":{\"6\":\"<p>Reilly&nbsp;is an outfielder for the Kent State University Baseball team. He enjoys being a \\u201ctechie\\u201dand loves Apple products and their&nbsp;innovations.&nbsp;Reilly is&nbsp;intrigued&nbsp;by&nbsp;how much technology is becoming a part of everyday society.&nbsp;<\\/p>\\r\\n\\r\\n<p><br><\\/p>\",\"77\":\"Computer Information Systems \",\"4\":\"rhawkins@ideabasekent.com\",\"115\":\"Reilly\",\"7\":\"I legally had my name changed in Kindergarten. It used to be Andrew Quaid Hawkins, however there were 4 other \\u201cAndrews\\u201d in my class so my mom wanted it to be more unique. Changed to Reilly William Hawkins.\",\"26\":[\"6\"],\"3\":\"Web Programmer\",\"114\":\"Hawkins \",\"5\":\"440.221.9193\",\"27\":[\"207\"],\"89\":\"\"}}', '2015-12-17 17:08:13', '2015-12-17 17:08:13', '50516f1b-75f9-4109-a800-4eeb01a68515');
INSERT INTO `craft_entryversions` (`id`, `entryId`, `sectionId`, `creatorId`, `locale`, `num`, `notes`, `data`, `dateCreated`, `dateUpdated`, `uid`) VALUES
 ('125', '119', '3', '204', 'en_us', '8', '', '{\"typeId\":\"3\",\"authorId\":\"87\",\"title\":\"Kristin Dowling\",\"slug\":\"kristin-dowling\",\"postDate\":1445536440,\"expiryDate\":null,\"enabled\":1,\"parentId\":\"\",\"fields\":{\"6\":\"<p>Kristin is the Business Development Manager for IdeaBase (formerly The Tannery). She is responsible for building client relationships in order to provide high quality experiential learning opportunities for our students.<\\/p>\\r\\n\\r\\n<p>She previously served as an Entrepreneur-in-Residence for the Center for Entrepreneurship and Business Innovation in the Kent State University College of Business. Her experience prior to coming to Kent State University was as Regional Operations Manager for Kinko\\u2019s Inc. (now known as FedEx Office).<\\/p>\",\"77\":\"\",\"4\":\"kdowling@ideabasekent.com\",\"115\":\"Kristin\",\"7\":\"\",\"26\":[\"5\"],\"3\":\"Business Development Manager\",\"114\":\"Dowling\",\"5\":\"330.672.7366\",\"27\":[\"208\"],\"89\":\"\"}}', '2015-12-17 17:08:37', '2015-12-17 17:08:37', 'f8a4979c-8cef-42e8-b706-fea4b8f1a66e'),
 ('126', '120', '3', '204', 'en_us', '7', '', '{\"typeId\":\"3\",\"authorId\":\"87\",\"title\":\"Christopher Hallahan\",\"slug\":\"christopher-hallahan\",\"postDate\":1445536440,\"expiryDate\":null,\"enabled\":1,\"parentId\":\"\",\"fields\":{\"6\":\"<p>Chris is a full-time user experience designer for<a href=\\\"http:\\/\\/ideabasekent.com\\/\\\"> <u>IdeaBase<\\/u><\\/a> and<a href=\\\"http:\\/\\/www.kent.edu\\/cci\\\"> <u>Kent State University\\u2019s College of Communication and Information<\\/u><\\/a>. He manages research and interactive\\/web projects at IdeaBase, and works one-on-one with IdeaBase students to teach them web design, user experience and content management techniques.<\\/p>\\r\\n\\r\\n<p>His passions include responsive web design, usability, information architecture and content management system design (especially WordPress).  In addition to his work at IdeaBase, he teaches courses in Digital Sciences and Responsive Web Design.<\\/p><br><br><br><br>He is a graduate of Kent State, with a bachelor\\u2019s degree in Electronic Media and master\\u2019s degree in User Experience Design. He lives in Kent, OH.\",\"77\":\"\",\"4\":\"challahan@ideabasekent.com\",\"115\":\"Christopher\",\"7\":\"\",\"26\":[\"5\"],\"3\":\"User Experience Designer\",\"114\":\"Hallahan\",\"5\":\"330.672.3031\",\"27\":[\"209\"],\"89\":\"\"}}', '2015-12-17 17:08:58', '2015-12-17 17:08:58', '4421c632-bb31-40cc-94ef-9def87871c04'),
 ('127', '120', '3', '204', 'en_us', '8', '', '{\"typeId\":\"3\",\"authorId\":\"87\",\"title\":\"Christopher Hallahan\",\"slug\":\"christopher-hallahan\",\"postDate\":1445536440,\"expiryDate\":null,\"enabled\":1,\"parentId\":\"\",\"fields\":{\"6\":\"<p>Chris is a full-time user experience designer for<a href=\\\"http:\\/\\/ideabasekent.com\\/\\\"> <u>IdeaBase<\\/u><\\/a> and<a href=\\\"http:\\/\\/www.kent.edu\\/cci\\\"> <u>Kent State University\\u2019s College of Communication and Information<\\/u><\\/a>. He manages research and interactive\\/web projects at IdeaBase, and works one-on-one with IdeaBase students to teach them web design, user experience and content management techniques.<\\/p>\\r\\n\\r\\n<p>His passions include responsive web design, usability, information architecture and content management system design (especially WordPress).  In addition to his work at IdeaBase, he teaches courses in Digital Sciences and Responsive Web Design.<\\/p>\",\"77\":\"B.S. Electronic Media, M.A. User Experience Design\",\"4\":\"challahan@ideabasekent.com\",\"115\":\"Christopher\",\"7\":\"\",\"26\":[\"5\"],\"3\":\"User Experience Designer\",\"114\":\"Hallahan\",\"5\":\"330.672.3031\",\"27\":[\"209\"],\"89\":\"\"}}', '2015-12-17 17:13:03', '2015-12-17 17:13:03', '121d02b1-7bff-4033-b536-8ec0274225a4'),
 ('128', '146', '3', '204', 'en_us', '6', '', '{\"typeId\":\"3\",\"authorId\":\"87\",\"title\":\"Quintin Steele\",\"slug\":\"quintin-steele\",\"postDate\":1446740340,\"expiryDate\":null,\"enabled\":1,\"parentId\":\"\",\"fields\":{\"6\":\"<p>This is Quintin\'s biography.This is Quintin\'s biography.This is Quintin\'s biography.This is Quintin\'s biography.This is Quintin\'s biography.This is Quintin\'s biography.This is Quintin\'s biography.This is Quintin\'s biography.This is Quintin\'s biography.<\\/p>\",\"77\":\"\",\"4\":\"qsteele@ideabasekent.com\",\"115\":\"Quintin\",\"7\":\"His middle name is Blue.\",\"26\":[\"5\"],\"3\":\"IdeaBase Creative Director\",\"114\":\"Steele\",\"5\":\"330.672.7300\",\"27\":[\"210\"],\"89\":\"\"}}', '2015-12-17 17:15:12', '2015-12-17 17:15:12', 'c816fbe8-47db-4a43-8f70-a4730d1e483d'),
 ('129', '149', '3', '204', 'en_us', '4', '', '{\"typeId\":\"3\",\"authorId\":\"87\",\"title\":\"Larrie King\",\"slug\":\"larrie-king\",\"postDate\":1447175700,\"expiryDate\":null,\"enabled\":1,\"parentId\":\"\",\"fields\":{\"6\":\"<p>This is Larrie\'s test bio.<\\/p>\",\"77\":\"\",\"4\":\"lking@ideabasekent.com\",\"115\":\"Larrie\",\"7\":\"\",\"26\":[\"5\"],\"3\":\"Creative Director, Glyphix\",\"114\":\"King\",\"5\":\"330.672.7300\",\"27\":[\"212\"],\"89\":\"\"}}', '2015-12-17 17:17:12', '2015-12-17 17:17:12', 'a4d4b33d-6fc0-43d1-aecf-8f6b168bc6c3'),
 ('130', '67', '3', '87', 'en_us', '16', '', '{\"typeId\":\"3\",\"authorId\":\"1\",\"title\":\"Reilly Hawkins \",\"slug\":\"reilly-hawkins\",\"postDate\":1442584980,\"expiryDate\":null,\"enabled\":1,\"parentId\":\"\",\"fields\":{\"6\":\"<p>Reilly&nbsp;is an outfielder for the Kent State University Baseball team. He enjoys being a \\u201ctechie\\u201dand loves Apple products and their&nbsp;innovations.&nbsp;Reilly is&nbsp;intrigued&nbsp;by&nbsp;how much technology is becoming a part of everyday society.&nbsp;<\\/p>\\r\\n\\r\\n<p><br><\\/p>\",\"77\":\"Computer Information Systems \",\"4\":\"rhawkins@ideabasekent.com\",\"115\":\"Reilly\",\"7\":\"I legally had my name changed in Kindergarten. It used to be Andrew Quaid Hawkins, however there were 4 other \\u201cAndrews\\u201d in my class so my mom wanted it to be more unique. Changed to Reilly William Hawkins.\",\"26\":[\"6\"],\"3\":\"Web Programmer\",\"114\":\"Hawkins \",\"5\":\"440.221.9193\",\"27\":[\"207\"],\"89\":\"\"}}', '2015-12-17 18:22:26', '2015-12-17 18:22:26', '51f996e9-2c50-45e6-bfdd-ddc1bd14cf85'),
 ('131', '213', '3', '87', 'en_us', '1', '', '{\"typeId\":null,\"authorId\":\"87\",\"title\":\"Rachel Kozy\",\"slug\":\"rachel-kozy\",\"postDate\":1450376576,\"expiryDate\":null,\"enabled\":1,\"parentId\":\"\",\"fields\":{\"6\":\"\",\"77\":\"\",\"4\":\"\",\"115\":\"\",\"7\":\"\",\"26\":[\"6\"],\"3\":\"\",\"114\":\"\",\"5\":\"\",\"27\":[\"167\"],\"89\":\"\"}}', '2015-12-17 18:22:57', '2015-12-17 18:22:57', 'd17727c3-8bfd-4f10-9250-d26c3417fb00'),
 ('132', '213', '3', '87', 'en_us', '2', '', '{\"typeId\":\"3\",\"authorId\":\"87\",\"title\":\"Rachel Kozy\",\"slug\":\"rachel-kozy\",\"postDate\":1450376520,\"expiryDate\":null,\"enabled\":1,\"parentId\":\"\",\"fields\":{\"6\":\"\",\"77\":\"\",\"4\":\"\",\"115\":\"\",\"7\":\"\",\"26\":[\"6\"],\"3\":\"\",\"114\":\"\",\"5\":\"\",\"27\":[\"214\"],\"89\":\"\"}}', '2015-12-17 18:24:23', '2015-12-17 18:24:23', '81790894-f086-4089-b83c-c6dcfd517109'),
 ('133', '67', '3', '87', 'en_us', '17', '', '{\"typeId\":\"3\",\"authorId\":\"1\",\"title\":\"Reilly Hawkins \",\"slug\":\"reilly-hawkins\",\"postDate\":1442584980,\"expiryDate\":null,\"enabled\":1,\"parentId\":\"\",\"fields\":{\"6\":\"<p>Reilly&nbsp;is an outfielder for the Kent State University Baseball team. He enjoys being a \\u201ctechie\\u201dand loves Apple products and their&nbsp;innovations.&nbsp;Reilly is&nbsp;intrigued&nbsp;by&nbsp;how much technology is becoming a part of everyday society.&nbsp;<\\/p>\\r\\n\\r\\n<p><br><\\/p>\",\"77\":\"Computer Information Systems \",\"4\":\"rhawkins@ideabasekent.com\",\"115\":\"Reilly\",\"7\":\"I legally had my name changed in Kindergarten. It used to be Andrew Quaid Hawkins, however there were 4 other \\u201cAndrews\\u201d in my class so my mom wanted it to be more unique. Changed to Reilly William Hawkins.\",\"26\":[\"6\"],\"3\":\"Web Programmer\",\"114\":\"Hawkins \",\"5\":\"440.221.9193\",\"27\":[\"169\"],\"89\":\"\"}}', '2015-12-17 18:44:50', '2015-12-17 18:44:50', '5170ceb3-0972-4788-9d15-1bc8e9e80245'),
 ('134', '67', '3', '87', 'en_us', '18', '', '{\"typeId\":\"3\",\"authorId\":\"1\",\"title\":\"Reilly Hawkins \",\"slug\":\"reilly-hawkins\",\"postDate\":1442584980,\"expiryDate\":null,\"enabled\":1,\"parentId\":\"\",\"fields\":{\"6\":\"<p>Reilly&nbsp;is an outfielder for the Kent State University Baseball team. He enjoys being a \\u201ctechie\\u201dand loves Apple products and their&nbsp;innovations.&nbsp;Reilly is&nbsp;intrigued&nbsp;by&nbsp;how much technology is becoming a part of everyday society.&nbsp;<\\/p>\\r\\n\\r\\n<p><br><\\/p>\",\"77\":\"Computer Information Systems \",\"4\":\"rhawkins@ideabasekent.com\",\"115\":\"Reilly\",\"7\":\"I legally had my name changed in Kindergarten. It used to be Andrew Quaid Hawkins, however there were 4 other \\u201cAndrews\\u201d in my class so my mom wanted it to be more unique. Changed to Reilly William Hawkins.\",\"26\":[\"6\"],\"3\":\"Web Programmer\",\"114\":\"Hawkins \",\"5\":\"440.221.9193\",\"27\":[\"226\"],\"89\":\"\"}}', '2015-12-17 18:54:51', '2015-12-17 18:54:51', '8ae7df36-e11b-4a18-987f-5cb023957ad6'),
 ('135', '119', '3', '87', 'en_us', '9', '', '{\"typeId\":\"3\",\"authorId\":\"87\",\"title\":\"Kristin Dowling\",\"slug\":\"kristin-dowling\",\"postDate\":1445536440,\"expiryDate\":null,\"enabled\":1,\"parentId\":\"\",\"fields\":{\"6\":\"<p>Kristin is the Business Development Manager for IdeaBase (formerly The Tannery). She is responsible for building client relationships in order to provide high quality experiential learning opportunities for our students.<\\/p>\\r\\n\\r\\n<p>She previously served as an Entrepreneur-in-Residence for the Center for Entrepreneurship and Business Innovation in the Kent State University College of Business. Her experience prior to coming to Kent State University was as Regional Operations Manager for Kinko\\u2019s Inc. (now known as FedEx Office).<\\/p>\",\"77\":\"\",\"4\":\"kdowling@ideabasekent.com\",\"115\":\"Kristin\",\"7\":\"\",\"26\":[\"5\"],\"3\":\"Business Development Manager\",\"114\":\"Dowling\",\"5\":\"330.672.7366\",\"27\":[\"221\"],\"89\":\"\"}}', '2015-12-17 18:55:17', '2015-12-17 18:55:17', '1877134e-e7a4-44af-a648-eb20a2d6ed5a'),
 ('136', '120', '3', '87', 'en_us', '9', '', '{\"typeId\":\"3\",\"authorId\":\"87\",\"title\":\"Christopher Hallahan\",\"slug\":\"christopher-hallahan\",\"postDate\":1445536440,\"expiryDate\":null,\"enabled\":1,\"parentId\":\"\",\"fields\":{\"6\":\"<p>Chris is a full-time user experience designer for<a href=\\\"http:\\/\\/ideabasekent.com\\/\\\"> <u>IdeaBase<\\/u><\\/a> and<a href=\\\"http:\\/\\/www.kent.edu\\/cci\\\"> <u>Kent State University\\u2019s College of Communication and Information<\\/u><\\/a>. He manages research and interactive\\/web projects at IdeaBase, and works one-on-one with IdeaBase students to teach them web design, user experience and content management techniques.<\\/p>\\r\\n\\r\\n<p>His passions include responsive web design, usability, information architecture and content management system design (especially WordPress).  In addition to his work at IdeaBase, he teaches courses in Digital Sciences and Responsive Web Design.<\\/p>\",\"77\":\"B.S. Electronic Media, M.A. User Experience Design\",\"4\":\"challahan@ideabasekent.com\",\"115\":\"Christopher\",\"7\":\"\",\"26\":[\"5\"],\"3\":\"User Experience Designer\",\"114\":\"Hallahan\",\"5\":\"330.672.3031\",\"27\":[\"219\"],\"89\":\"\"}}', '2015-12-17 18:55:26', '2015-12-17 18:55:26', '1566ab8b-1d79-4e17-83a9-e5fe9903b904'),
 ('137', '146', '3', '87', 'en_us', '7', '', '{\"typeId\":\"3\",\"authorId\":\"87\",\"title\":\"Quintin Steele\",\"slug\":\"quintin-steele\",\"postDate\":1446740340,\"expiryDate\":null,\"enabled\":1,\"parentId\":\"\",\"fields\":{\"6\":\"<p>This is Quintin\'s biography.This is Quintin\'s biography.This is Quintin\'s biography.This is Quintin\'s biography.This is Quintin\'s biography.This is Quintin\'s biography.This is Quintin\'s biography.This is Quintin\'s biography.This is Quintin\'s biography.<\\/p>\",\"77\":\"\",\"4\":\"qsteele@ideabasekent.com\",\"115\":\"Quintin\",\"7\":\"His middle name is Blue.\",\"26\":[\"5\"],\"3\":\"IdeaBase Creative Director\",\"114\":\"Steele\",\"5\":\"330.672.7300\",\"27\":[\"225\"],\"89\":\"\"}}', '2015-12-17 18:55:33', '2015-12-17 18:55:33', 'f8a939af-4051-4ec8-9234-3e0dacf770a7'),
 ('138', '149', '3', '87', 'en_us', '5', '', '{\"typeId\":\"3\",\"authorId\":\"87\",\"title\":\"Larrie King\",\"slug\":\"larrie-king\",\"postDate\":1447175700,\"expiryDate\":null,\"enabled\":1,\"parentId\":\"\",\"fields\":{\"6\":\"<p>This is Larrie\'s test bio.<\\/p>\",\"77\":\"\",\"4\":\"lking@ideabasekent.com\",\"115\":\"Larrie\",\"7\":\"\",\"26\":[\"5\"],\"3\":\"Creative Director, Glyphix\",\"114\":\"King\",\"5\":\"330.672.7300\",\"27\":[\"231\"],\"89\":\"\"}}', '2015-12-17 18:56:52', '2015-12-17 18:56:52', 'fe0ace11-60d7-45eb-968f-3653f1987f7f'),
 ('139', '213', '3', '87', 'en_us', '3', '', '{\"typeId\":\"3\",\"authorId\":\"87\",\"title\":\"Rachel Kozy\",\"slug\":\"rachel-kozy\",\"postDate\":1450376520,\"expiryDate\":null,\"enabled\":1,\"parentId\":\"\",\"fields\":{\"6\":\"\",\"77\":\"\",\"4\":\"\",\"115\":\"\",\"7\":\"\",\"26\":[\"6\"],\"3\":\"\",\"114\":\"\",\"5\":\"\",\"27\":[\"232\"],\"89\":\"\"}}', '2015-12-17 18:58:34', '2015-12-17 18:58:34', '08bff8e0-d96c-44c4-95d7-16329127be37'),
 ('140', '213', '3', '87', 'en_us', '4', '', '{\"typeId\":\"3\",\"authorId\":\"87\",\"title\":\"Rachel Kozy\",\"slug\":\"rachel-kozy\",\"postDate\":1450376520,\"expiryDate\":null,\"enabled\":1,\"parentId\":\"\",\"fields\":{\"6\":\"\",\"77\":\"\",\"4\":\"\",\"115\":\"\",\"7\":\"\",\"26\":[\"6\"],\"3\":\"\",\"114\":\"\",\"5\":\"\",\"27\":[\"232\"],\"89\":\"\"}}', '2015-12-17 18:58:35', '2015-12-17 18:58:35', '42260df3-6691-4c75-8962-0dc563eb2203'),
 ('141', '234', '3', '87', 'en_us', '1', '', '{\"typeId\":null,\"authorId\":\"87\",\"title\":\"Martha Arbogast\",\"slug\":\"martha-arbogast\",\"postDate\":1450378743,\"expiryDate\":null,\"enabled\":1,\"parentId\":\"\",\"fields\":{\"6\":\"\",\"77\":\"\",\"4\":\"\",\"115\":\"Martha\",\"7\":\"\",\"26\":\"\",\"3\":\"\",\"114\":\"Arbogast\",\"5\":\"\",\"27\":[\"233\"],\"89\":\"\"}}', '2015-12-17 18:59:04', '2015-12-17 18:59:04', '20f34ac0-5376-48b1-9c8d-c33171a2054c'),
 ('142', '236', '3', '87', 'en_us', '1', '', '{\"typeId\":null,\"authorId\":\"87\",\"title\":\"Sarah Holzer\",\"slug\":\"sarah-holzer\",\"postDate\":1450378785,\"expiryDate\":null,\"enabled\":1,\"parentId\":\"\",\"fields\":{\"6\":\"\",\"77\":\"\",\"4\":\"\",\"115\":\"Sarah\",\"7\":\"\",\"26\":[\"6\"],\"3\":\"\",\"114\":\"Holzer\",\"5\":\"\",\"27\":[\"235\"],\"89\":\"\"}}', '2015-12-17 18:59:45', '2015-12-17 18:59:45', '86f585d3-b0e4-4ae0-8cbd-f70d71b44e40'),
 ('143', '234', '3', '87', 'en_us', '2', '', '{\"typeId\":\"3\",\"authorId\":\"87\",\"title\":\"Martha Arbogast\",\"slug\":\"martha-arbogast\",\"postDate\":1450378740,\"expiryDate\":null,\"enabled\":1,\"parentId\":\"\",\"fields\":{\"6\":\"\",\"77\":\"\",\"4\":\"\",\"115\":\"Martha\",\"7\":\"\",\"26\":[\"6\"],\"3\":\"\",\"114\":\"Arbogast\",\"5\":\"\",\"27\":[\"233\"],\"89\":\"\"}}', '2015-12-17 18:59:59', '2015-12-17 18:59:59', 'fa0e18c5-f662-4a21-95d7-2eff1c310bba'),
 ('144', '67', '3', '87', 'en_us', '19', '', '{\"typeId\":\"3\",\"authorId\":\"1\",\"title\":\"Reilly Hawkins \",\"slug\":\"reilly-hawkins\",\"postDate\":1442584980,\"expiryDate\":null,\"enabled\":1,\"parentId\":\"\",\"fields\":{\"6\":\"<p>Reilly&nbsp;is an outfielder for the Kent State University Baseball team. He enjoys being a \\u201ctechie\\u201dand loves Apple products and their&nbsp;innovations.&nbsp;Reilly is&nbsp;intrigued&nbsp;by&nbsp;how much technology is becoming a part of everyday society.&nbsp;<\\/p>\\r\\n\\r\\n<p><br><\\/p>\",\"77\":\"Computer Information Systems \",\"4\":\"rhawkins@ideabasekent.com\",\"115\":\"Reilly\",\"7\":\"I legally had my name changed in Kindergarten. It used to be Andrew Quaid Hawkins, however there were 4 other \\u201cAndrews\\u201d in my class so my mom wanted it to be more unique. Changed to Reilly William Hawkins.\",\"26\":[\"6\"],\"3\":\"Web Programmer\",\"114\":\"Hawkins \",\"5\":\"440.221.9193\",\"27\":[\"300\"],\"89\":\"\"}}', '2015-12-17 19:31:05', '2015-12-17 19:31:05', '58947a23-2143-4c3f-90b3-3080f8d8e182'),
 ('145', '119', '3', '87', 'en_us', '10', '', '{\"typeId\":\"3\",\"authorId\":\"87\",\"title\":\"Kristin Dowling\",\"slug\":\"kristin-dowling\",\"postDate\":1445536440,\"expiryDate\":null,\"enabled\":1,\"parentId\":\"\",\"fields\":{\"6\":\"<p>Kristin is the Business Development Manager for IdeaBase (formerly The Tannery). She is responsible for building client relationships in order to provide high quality experiential learning opportunities for our students.<\\/p>\\r\\n\\r\\n<p>She previously served as an Entrepreneur-in-Residence for the Center for Entrepreneurship and Business Innovation in the Kent State University College of Business. Her experience prior to coming to Kent State University was as Regional Operations Manager for Kinko\\u2019s Inc. (now known as FedEx Office).<\\/p>\",\"77\":\"\",\"4\":\"kdowling@ideabasekent.com\",\"115\":\"Kristin\",\"7\":\"\",\"26\":[\"5\"],\"3\":\"Business Development Manager\",\"114\":\"Dowling\",\"5\":\"330.672.7366\",\"27\":[\"293\"],\"89\":\"\"}}', '2015-12-17 19:31:17', '2015-12-17 19:31:17', '8ef67a35-7228-4da9-8898-36d7ed0107c7'),
 ('146', '120', '3', '87', 'en_us', '10', '', '{\"typeId\":\"3\",\"authorId\":\"87\",\"title\":\"Christopher Hallahan\",\"slug\":\"christopher-hallahan\",\"postDate\":1445536440,\"expiryDate\":null,\"enabled\":1,\"parentId\":\"\",\"fields\":{\"6\":\"<p>Chris is a full-time user experience designer for<a href=\\\"http:\\/\\/ideabasekent.com\\/\\\"> <u>IdeaBase<\\/u><\\/a> and<a href=\\\"http:\\/\\/www.kent.edu\\/cci\\\"> <u>Kent State University\\u2019s College of Communication and Information<\\/u><\\/a>. He manages research and interactive\\/web projects at IdeaBase, and works one-on-one with IdeaBase students to teach them web design, user experience and content management techniques.<\\/p>\\r\\n\\r\\n<p>His passions include responsive web design, usability, information architecture and content management system design (especially WordPress).  In addition to his work at IdeaBase, he teaches courses in Digital Sciences and Responsive Web Design.<\\/p>\",\"77\":\"B.S. Electronic Media, M.A. User Experience Design\",\"4\":\"challahan@ideabasekent.com\",\"115\":\"Christopher\",\"7\":\"\",\"26\":[\"5\"],\"3\":\"User Experience Designer\",\"114\":\"Hallahan\",\"5\":\"330.672.3031\",\"27\":[\"291\"],\"89\":\"\"}}', '2015-12-17 19:31:24', '2015-12-17 19:31:24', '78e85dd7-4d93-4f7d-a0e8-e63d47750bd5'),
 ('147', '146', '3', '87', 'en_us', '8', '', '{\"typeId\":\"3\",\"authorId\":\"87\",\"title\":\"Quintin Steele\",\"slug\":\"quintin-steele\",\"postDate\":1446740340,\"expiryDate\":null,\"enabled\":1,\"parentId\":\"\",\"fields\":{\"6\":\"<p>This is Quintin\'s biography.This is Quintin\'s biography.This is Quintin\'s biography.This is Quintin\'s biography.This is Quintin\'s biography.This is Quintin\'s biography.This is Quintin\'s biography.This is Quintin\'s biography.This is Quintin\'s biography.<\\/p>\",\"77\":\"\",\"4\":\"qsteele@ideabasekent.com\",\"115\":\"Quintin\",\"7\":\"His middle name is Blue.\",\"26\":[\"5\"],\"3\":\"IdeaBase Creative Director\",\"114\":\"Steele\",\"5\":\"330.672.7300\",\"27\":[\"298\"],\"89\":\"\"}}', '2015-12-17 19:31:32', '2015-12-17 19:31:32', 'cc718a63-b698-4967-91a9-aa74106b7187'),
 ('148', '147', '3', '87', 'en_us', '4', '', '{\"typeId\":\"3\",\"authorId\":\"87\",\"title\":\"Victoria Ripepi\",\"slug\":\"victoria-ripepi\",\"postDate\":1446762360,\"expiryDate\":null,\"enabled\":1,\"parentId\":\"\",\"fields\":{\"6\":\"<p>This is Victoria\'s biography. This is Victoria\'s biography. This is Victoria\'s biography. This is Victoria\'s biography. This is Victoria\'s biography. This is Victoria\'s biography. This is Victoria\'s biography. This is Victoria\'s biography. This is Victoria\'s biography. This is Victoria\'s biography. This is Victoria\'s biography. This is Victoria\'s biography. <\\/p>\",\"77\":\"\",\"4\":\"vripepi@ideabasekent.com\",\"115\":\"Victoria\",\"7\":\"I own 64 pairs of shoes.\",\"26\":[\"6\"],\"3\":\"Event Coordinator\",\"114\":\"Ripepi\",\"5\":\"N\\/A\",\"27\":[\"307\"],\"89\":\"\"}}', '2015-12-17 19:31:40', '2015-12-17 19:31:40', '2046f2d1-1fff-493d-b5f4-5ecdec976f80'),
 ('149', '149', '3', '87', 'en_us', '6', '', '{\"typeId\":\"3\",\"authorId\":\"87\",\"title\":\"Larrie King\",\"slug\":\"larrie-king\",\"postDate\":1447175700,\"expiryDate\":null,\"enabled\":1,\"parentId\":\"\",\"fields\":{\"6\":\"<p>This is Larrie\'s test bio.<\\/p>\",\"77\":\"\",\"4\":\"lking@ideabasekent.com\",\"115\":\"Larrie\",\"7\":\"\",\"26\":[\"5\"],\"3\":\"Creative Director, Glyphix\",\"114\":\"King\",\"5\":\"330.672.7300\",\"27\":[\"242\"],\"89\":\"\"}}', '2015-12-17 19:31:53', '2015-12-17 19:31:53', '5dacbe1d-afbf-4a7b-b821-d5be2bd254ed'),
 ('150', '213', '3', '87', 'en_us', '5', '', '{\"typeId\":\"3\",\"authorId\":\"87\",\"title\":\"Rachel Kozy\",\"slug\":\"rachel-kozy\",\"postDate\":1450376520,\"expiryDate\":null,\"enabled\":1,\"parentId\":\"\",\"fields\":{\"6\":\"\",\"77\":\"\",\"4\":\"\",\"115\":\"\",\"7\":\"\",\"26\":[\"6\"],\"3\":\"\",\"114\":\"\",\"5\":\"\",\"27\":[\"299\"],\"89\":\"\"}}', '2015-12-17 19:32:02', '2015-12-17 19:32:02', 'f7d5b7fc-5066-4ee8-b553-4314b50d6bca'),
 ('151', '234', '3', '87', 'en_us', '3', '', '{\"typeId\":\"3\",\"authorId\":\"87\",\"title\":\"Martha Arbogast\",\"slug\":\"martha-arbogast\",\"postDate\":1450378740,\"expiryDate\":null,\"enabled\":1,\"parentId\":\"\",\"fields\":{\"6\":\"\",\"77\":\"\",\"4\":\"\",\"115\":\"Martha\",\"7\":\"\",\"26\":[\"6\"],\"3\":\"\",\"114\":\"Arbogast\",\"5\":\"\",\"27\":[\"296\"],\"89\":\"\"}}', '2015-12-17 19:32:08', '2015-12-17 19:32:08', 'c15b0495-552b-4dfd-ac4e-039830783b47'),
 ('152', '236', '3', '87', 'en_us', '2', '', '{\"typeId\":\"3\",\"authorId\":\"87\",\"title\":\"Sarah Holzer\",\"slug\":\"sarah-holzer\",\"postDate\":1450378740,\"expiryDate\":null,\"enabled\":1,\"parentId\":\"\",\"fields\":{\"6\":\"\",\"77\":\"\",\"4\":\"\",\"115\":\"Sarah\",\"7\":\"\",\"26\":[\"6\"],\"3\":\"\",\"114\":\"Holzer\",\"5\":\"\",\"27\":[\"302\"],\"89\":\"\"}}', '2015-12-17 19:32:15', '2015-12-17 19:32:15', 'd39ea7bb-84f3-4f98-83b3-ef389d3447a5'),
 ('153', '2', '1', '87', 'en_us', '11', '', '{\"typeId\":null,\"authorId\":null,\"title\":\"IdeaBase Kent New Website\",\"slug\":\"homepage\",\"postDate\":1442581332,\"expiryDate\":null,\"enabled\":1,\"parentId\":null,\"fields\":{\"37\":[\"260\"],\"36\":\"<p>We\\u2019re a Kent State student-powered design agency located in downtown Kent, OH. Our student employees represent a variety of backgrounds and disciplines, united in their passion for creating meaningful designs to support our clients\\u2019 design initiatives. <\\/p>\\r\\n\\r\\n<p><br>At IdeaBase, we\\u2019re determined to deliver quality design solutions while equipping our student team with lasting experiential learning opportunities.<br><\\/p>\",\"111\":[\"259\"],\"66\":\"Our design process is tailored to you.\",\"35\":\"Research-based, student-powered design solutions.\",\"68\":\"<p>Our processes deliver results. No matter the industry or design challenge, our past work speaks for itself.<\\/p>\",\"67\":\"Tried-and-True\"}}', '2015-12-17 19:33:27', '2015-12-17 19:33:27', '5305ccd9-3278-4244-94ec-d66e367caf0b'),
 ('154', '2', '1', '87', 'en_us', '12', '', '{\"typeId\":null,\"authorId\":null,\"title\":\"IdeaBase Kent New Website\",\"slug\":\"homepage\",\"postDate\":1442581332,\"expiryDate\":null,\"enabled\":1,\"parentId\":null,\"fields\":{\"37\":[\"260\"],\"36\":\"<p>We\\u2019re a Kent State student-powered design agency located in downtown Kent, OH. Our student employees represent a variety of backgrounds and disciplines, united in their passion for creating meaningful designs to support our clients\\u2019 design initiatives. <\\/p>\\r\\n\\r\\n<p><br>At IdeaBase, we\\u2019re determined to deliver quality design solutions while equipping our student team with lasting experiential learning opportunities.<br><\\/p>\",\"111\":[\"259\"],\"66\":\"Our design process is tailored to you.\",\"35\":\"Research-based, student-powered design solutions.\",\"68\":\"<p>Our processes deliver results. No matter the industry or design challenge, our past work speaks for itself.<\\/p>\",\"67\":\"Tried-and-True\"}}', '2015-12-17 19:34:26', '2015-12-17 19:34:26', 'd98d8583-3980-4945-a267-96a56a947b72'),
 ('155', '109', '12', '87', 'en_us', '9', '', '{\"typeId\":\"12\",\"authorId\":null,\"title\":\"Process Index\",\"slug\":\"process-index\",\"postDate\":1445610309,\"expiryDate\":null,\"enabled\":1,\"parentId\":null,\"fields\":{\"37\":[\"260\"],\"106\":\"<p>This is a test<\\/p>\",\"107\":\"Sounds great, how much does it cost?\",\"94\":{\"183\":{\"type\":\"processMatrix\",\"enabled\":\"1\",\"fields\":{\"homeProcessName\":\"Discover\",\"homeProcessDescription\":\"<p>who your users are and what they are looking for in your product<\\/p>\",\"homeProcessExampleTable\":[{\"col1\":\"User interviews\"},{\"col1\":\"Surveys\"},{\"col1\":\"Competitive analysis\"},{\"col1\":\"Persona development\"}],\"icon1\":\"\",\"icon2\":\"\",\"icon3\":\"\",\"icon4\":\"\",\"homepageIcon\":\"\",\"homepageDescription\":\"<p>Our targeted user research methods empower you to more effectively address your users\'&nbsp;needs.<\\/p>\"}},\"184\":{\"type\":\"processMatrix\",\"enabled\":\"1\",\"fields\":{\"homeProcessName\":\"Design\",\"homeProcessDescription\":\"<p>a product that will deliver on user and business needs<\\/p>\",\"homeProcessExampleTable\":[{\"col1\":\"Visual\\/graphic design\"},{\"col1\":\"Video production\"},{\"col1\":\"Web development\"},{\"col1\":\"Content strategy & information architecture\"},{\"col1\":\"Prototyping & product development\"},{\"col1\":\"Environmental design\"},{\"col1\":\"Brand identity\"},{\"col1\":\"Social media & public relations\"}],\"icon1\":\"\",\"icon2\":\"\",\"icon3\":\"\",\"icon4\":\"\",\"homepageIcon\":\"\",\"homepageDescription\":\"<p>Our design strategies, whether through print, video or web, deliver custom solutions that&nbsp;promote both business and customer needs.<\\/p>\"}},\"185\":{\"type\":\"processMatrix\",\"enabled\":\"1\",\"fields\":{\"homeProcessName\":\"Refine\",\"homeProcessDescription\":\"<p>an existing product with our advanced usability testing<\\/p>\",\"homeProcessExampleTable\":[{\"col1\":\"In-person usability testing\"},{\"col1\":\"Remote usability testing\"},{\"col1\":\"Device & performance testing*\"},{\"col1\":\"Tobii Eyetracking\"}],\"icon1\":\"\",\"icon2\":\"\",\"icon3\":\"\",\"icon4\":\"\",\"homepageIcon\":\"\",\"homepageDescription\":\"<p>Our advanced usability testing tools, including eye tracking, allow you to evaluate the effectiveness of design solutions.<\\/p>\"}}},\"108\":\"More about our UX Testing Lab\",\"80\":\"<p>*We can test the performance and usability of your product on various devices in our <a href=\\\"http:\\/\\/www.google.com\\\">User Experience Testing Lab.<\\/a> This is a great resource to ensure that your product translates across all platforms.\\r\\n<\\/p>\"}}', '2015-12-17 19:35:05', '2015-12-17 19:35:05', 'aa9961be-6f10-4cd2-89e3-de733c5a77a0'),
 ('156', '148', '15', '87', 'en_us', '5', '', '{\"typeId\":\"15\",\"authorId\":null,\"title\":\"Projects Homepage\",\"slug\":\"projects-homepage\",\"postDate\":1446820468,\"expiryDate\":null,\"enabled\":1,\"parentId\":null,\"fields\":{\"37\":[\"260\"],\"71\":\"How we\'re making a difference.\",\"72\":\"<p>We make a positive impact on your design, and our student designers.<\\/p>\",\"109\":\"Learn about our transformative classroom experiences.\",\"74\":\"<p>At IdeaBase, we want our student employees to succeed. Thats\'s why we partner with Glyphix to teach the next generation through studio experiences. Our students develop and exercise project-based skills in marketing, design, research and more. Additionally, our Responsive Web Design class ensures the next generation of designers and developers understand how to create highly functional and usable websites.<\\/p>\\r\\n\\r\\n<p><br><\\/p>\\r\\n\\r\\n\\r\\n\\r\\n\\r\\n\\r\\n<p>Learn about our transformative classroom experiences.<\\/p>\",\"73\":\"Helping our students succeed.\",\"110\":\"More Projects\",\"69\":\"Tried-and-true\",\"70\":\"<p>Our award-winning process delivers quality design solutions that transform our clients\' products.<\\/p>\"}}', '2015-12-17 19:35:17', '2015-12-17 19:35:17', 'a1de5693-f98e-45e4-a3ad-d17b781b6656'),
 ('157', '108', '11', '87', 'en_us', '8', '', '{\"typeId\":\"11\",\"authorId\":null,\"title\":\"Staff Profile Index\",\"slug\":\"staff-profile-index\",\"postDate\":1445610228,\"expiryDate\":null,\"enabled\":1,\"parentId\":null,\"fields\":{\"37\":[\"260\"],\"39\":\"<p>Our student employees come from backgrounds of all shapes and sizes, bringing with them a fresh and versatile approach that inspires our designs. With backgrounds in Visual Communication Design, Public Relations, User Experience, Advertising, Computer Information Systmes, Digital Sciences, Marketing and Communications, our diverse team members have one thing in common, they\'re passionate about design.<\\/p>\",\"38\":\"Our students are passionate about design.\",\"45\":\"\",\"57\":\"<p>We\\u2019re committed to delivering quality work to our clients. That\\u2019s why our student employees work under the guidance of our professional staff from Kent State\\u2019s College of Communication of Information and a professional advisory board. Our student employees interact directly with clients, developing proposals, managing projects and handling all stages of design production.<\\/p>\",\"56\":\"Committed to quality.\",\"41\":\"We empower our student employees to imagine, create and deliver quality designs while gaining real-world experience on client-facing projects. Our studen employees get to put their design skills to the test, build their resumes and jumpstart their careers.\",\"58\":\"Learn more about working for IdeaBase.\",\"40\":\"Work for IdeaBase\"}}', '2015-12-17 19:35:36', '2015-12-17 19:35:36', '6f1cb1da-190f-4fe1-b87c-32a8b20ce89a'),
 ('158', '109', '12', '87', 'en_us', '10', '', '{\"typeId\":\"12\",\"authorId\":null,\"title\":\"Process Index\",\"slug\":\"process-index\",\"postDate\":1445610309,\"expiryDate\":null,\"enabled\":1,\"parentId\":null,\"fields\":{\"37\":[\"260\"],\"106\":\"<p>This is a test<\\/p>\",\"107\":\"Sounds great, how much does it cost?\",\"94\":{\"183\":{\"type\":\"processMatrix\",\"enabled\":\"1\",\"fields\":{\"homeProcessName\":\"Discover\",\"homeProcessDescription\":\"<p>who your users are and what they are looking for in your product<\\/p>\",\"homeProcessExampleTable\":[{\"col1\":\"User interviews\"},{\"col1\":\"Surveys\"},{\"col1\":\"Competitive analysis\"},{\"col1\":\"Persona development\"}],\"icon1\":[\"252\"],\"icon2\":[\"253\"],\"icon3\":[\"248\"],\"icon4\":[\"257\"],\"homepageIcon\":[\"245\"],\"homepageDescription\":\"<p>Our targeted user research methods empower you to more effectively address your users\'&nbsp;needs.<\\/p>\"}},\"184\":{\"type\":\"processMatrix\",\"enabled\":\"1\",\"fields\":{\"homeProcessName\":\"Design\",\"homeProcessDescription\":\"<p>a product that will deliver on user and business needs<\\/p>\",\"homeProcessExampleTable\":[{\"col1\":\"Visual\\/graphic design\"},{\"col1\":\"Video production\"},{\"col1\":\"Web development\"},{\"col1\":\"Content strategy & information architecture\"},{\"col1\":\"Prototyping & product development\"},{\"col1\":\"Environmental design\"},{\"col1\":\"Brand identity\"},{\"col1\":\"Social media & public relations\"}],\"icon1\":[\"249\"],\"icon2\":[\"254\"],\"icon3\":[\"256\"],\"icon4\":[\"246\"],\"homepageIcon\":[\"244\"],\"homepageDescription\":\"<p>Our design strategies, whether through print, video or web, deliver custom solutions that&nbsp;promote both business and customer needs.<\\/p>\"}},\"185\":{\"type\":\"processMatrix\",\"enabled\":\"1\",\"fields\":{\"homeProcessName\":\"Refine\",\"homeProcessDescription\":\"<p>an existing product with our advanced usability testing<\\/p>\",\"homeProcessExampleTable\":[{\"col1\":\"In-person usability testing\"},{\"col1\":\"Remote usability testing\"},{\"col1\":\"Device & performance testing*\"},{\"col1\":\"Tobii Eyetracking\"}],\"icon1\":[\"247\"],\"icon2\":[\"250\"],\"icon3\":[\"251\"],\"icon4\":[\"255\"],\"homepageIcon\":[\"258\"],\"homepageDescription\":\"<p>Our advanced usability testing tools, including eye tracking, allow you to evaluate the effectiveness of design solutions.<\\/p>\"}}},\"108\":\"More about our UX Testing Lab\",\"80\":\"<p>*We can test the performance and usability of your product on various devices in our <a href=\\\"http:\\/\\/www.google.com\\\">User Experience Testing Lab.<\\/a> This is a great resource to ensure that your product translates across all platforms.\\r\\n<\\/p>\"}}', '2015-12-17 19:53:40', '2015-12-17 19:53:40', 'c3d2620b-a567-4e67-bf00-f21f9b884417'),
 ('159', '314', '4', '87', 'en_us', '1', '', '{\"typeId\":null,\"authorId\":\"87\",\"title\":\"Kent State Athletics Annual Report 2015\",\"slug\":\"kent-state-athletics-annual-report-2015\",\"postDate\":1441771200,\"expiryDate\":null,\"enabled\":1,\"parentId\":null,\"fields\":{\"48\":\"\",\"61\":\"\",\"9\":\"IdeaBase was brought on board for the second year in a row to develop and design Kent State University Athletics\\u2019 year-in-review\\/annual report.  The interactive report is designed in HTML\\/CSS and this year features a single-page design (with supplemental article pages). The design is composed to photos, text and custom icons that match the university\\u2019s blue and gold branding.  We went through a process of discovery, content gathering, design\\/architecture and development over a period of 5 months.  From a technical perspective, the site utilizes:  Jekyll, a static site generator that doesn\\u2019t require a full content management system Grunt, for task running, including image resizing, brower refreshing and code compiling SASS for writing CSS for efficiently CSS animations Image and JavaScript compression and lazy loading for optimal performance The site launched in September 2015.\",\"46\":\"\",\"88\":[\"175\"],\"104\":\"http:\\/\\/www.supportgoldenflashes.com\\/2015_Annual_Report\\/\"}}', '2015-12-22 01:06:02', '2015-12-22 01:06:02', 'aeced7c0-b5a9-4736-9848-18e3ce0a2dbc'),
 ('160', '314', '4', '87', 'en_us', '2', '', '{\"typeId\":\"4\",\"authorId\":\"87\",\"title\":\"Kent State Athletics Annual Report 2015\",\"slug\":\"kent-state-athletics-annual-report-2015\",\"postDate\":1441771200,\"expiryDate\":null,\"enabled\":1,\"parentId\":null,\"fields\":{\"48\":\"\",\"61\":\"\",\"9\":\"<p>IdeaBase was brough on board for the second year in a row to develop and design Kent State University Athletics\' year-in-review\\/annual report.<\\/p>\\r\\n\\r\\n<p>The interactive report is designed in HTML\\/CSS&nbsp;and this year features a single-page design&nbsp;(with supplemental article pages). The design is composed to photos, text and custom icons that match the university\'s blue and gold branding.<\\/p>\\r\\n\\r\\n<p>We went through a process of discovert, content gathering, design\\/architerture and development over a period of 5 months.&nbsp;<\\/p>\\r\\n\\r\\n<p>From a technical perspective, the site utilizes:<\\/p>\\r\\n\\r\\n<ul><li>Jekyll, a static site generator that doesn\'t require a full content management system<\\/li><li>Grunt, for task running, including image resizing, browser refreshing and code compiling<\\/li><li>SASS&nbsp;for writing CSS&nbsp;for efficiency<\\/li><li>CSS&nbsp;animations<\\/li><li>Image and JavaScript compression and lazy loading for optimal performance<\\/li><\\/ul>\\r\\n\\r\\n<p>The site launched in September 2015.<\\/p>\",\"46\":\"\",\"88\":[\"175\"],\"104\":\"http:\\/\\/www.supportgoldenflashes.com\\/2015_Annual_Report\\/\"}}', '2015-12-22 01:16:17', '2015-12-22 01:16:17', 'c211c50c-58d2-49aa-a6f2-616ae565983a'),
 ('161', '236', '3', '204', 'en_us', '3', '', '{\"typeId\":\"3\",\"authorId\":\"87\",\"title\":\"Sarah Holzer\",\"slug\":\"sarah-holzer\",\"postDate\":1450378740,\"expiryDate\":null,\"enabled\":1,\"parentId\":\"\",\"fields\":{\"6\":\"\",\"77\":\"Visual Communication Design\",\"4\":\"sholzer@ideabasekent.com\",\"115\":\"Sarah\",\"7\":\"\",\"26\":[\"6\"],\"3\":\"Designer\",\"114\":\"Holzer\",\"5\":\"\",\"27\":[\"302\"],\"89\":\"\"}}', '2015-12-29 15:33:35', '2015-12-29 15:33:35', '3fb77492-aeee-41a4-a385-b0b3447e110b'),
 ('162', '315', '3', '204', 'en_us', '1', '', '{\"typeId\":null,\"authorId\":\"204\",\"title\":\"Caitlin Smith \",\"slug\":\"caitlin-smith\",\"postDate\":1451403456,\"expiryDate\":null,\"enabled\":1,\"parentId\":\"\",\"fields\":{\"6\":\"\",\"77\":\"Marketing \\/ Photo Illustration \",\"4\":\"csmith@ideabasekent.com\",\"115\":\"Caitlin \",\"7\":\"\",\"26\":[\"6\"],\"3\":\"Account Manager\",\"114\":\"Smith\",\"5\":\"\",\"27\":[\"289\"],\"89\":\"\"}}', '2015-12-29 15:37:37', '2015-12-29 15:37:37', '78d7666e-e8d5-4e56-9e1d-f92d7356362e'),
 ('163', '316', '3', '204', 'en_us', '1', '', '{\"typeId\":null,\"authorId\":\"204\",\"title\":\"Callie Sullivan\",\"slug\":\"callie-sullivan\",\"postDate\":1451403570,\"expiryDate\":null,\"enabled\":1,\"parentId\":\"\",\"fields\":{\"6\":\"\",\"77\":\"User Experience Design\",\"4\":\"csullivan@ideabasekent.com\",\"115\":\"Callie \",\"7\":\"\",\"26\":[\"6\"],\"3\":\"UX Designer\",\"114\":\"Sullivan\",\"5\":\"\",\"27\":[\"304\"],\"89\":\"\"}}', '2015-12-29 15:39:30', '2015-12-29 15:39:30', '7632781d-0926-43b7-8720-fbed52ea900e'),
 ('164', '317', '3', '204', 'en_us', '1', '', '{\"typeId\":null,\"authorId\":\"204\",\"title\":\"Christopher Uhler\",\"slug\":\"christopher-uhler\",\"postDate\":1451403943,\"expiryDate\":null,\"enabled\":1,\"parentId\":\"\",\"fields\":{\"6\":\"<p>Christopher&nbsp;is a Graduate Student studying User Experience Design. He is in his second year. He has a B.A. in Film Studies from The Ohio State University.<\\/p><p>Beyond IdeaBase, Chris also works as a Production Manager at Bent Tree Coffee Roasters. In his spare time, Chris enjoys riding around on his&nbsp;motorcycle, backpacking, and photography.<\\/p><p><br><\\/p>\",\"77\":\"User Experience Design\",\"4\":\"cuhler@ideabasekent.com\",\"115\":\"Christopher\",\"7\":\"He has been a photographer for over 15 years. \",\"26\":[\"6\"],\"3\":\"UX Designer\",\"114\":\"Uhler\",\"5\":\"\",\"27\":[\"290\"],\"89\":\"\"}}', '2015-12-29 15:45:43', '2015-12-29 15:45:43', '1622baea-e7da-4662-b6aa-f001e27ab893'),
 ('165', '318', '3', '204', 'en_us', '1', '', '{\"typeId\":null,\"authorId\":\"204\",\"title\":\"Courtney Kaminski\",\"slug\":\"courtney-kaminski\",\"postDate\":1451404068,\"expiryDate\":null,\"enabled\":1,\"parentId\":\"\",\"fields\":{\"6\":\"\",\"77\":\"\",\"4\":\"ckaminski@ideabasekent.com\",\"115\":\"Courtney\",\"7\":\"\",\"26\":\"\",\"3\":\"\",\"114\":\"Kaminski\",\"5\":\"\",\"27\":[\"292\"],\"89\":\"\"}}', '2015-12-29 15:47:49', '2015-12-29 15:47:49', '39e48425-ebcc-499b-9379-6d64d2a8f781'),
 ('166', '318', '3', '204', 'en_us', '2', '', '{\"typeId\":\"3\",\"authorId\":\"204\",\"title\":\"Courtney Kaminski\",\"slug\":\"courtney-kaminski\",\"postDate\":1451404020,\"expiryDate\":null,\"enabled\":1,\"parentId\":\"\",\"fields\":{\"6\":\"\",\"77\":\"Advertising \",\"4\":\"ckaminski@ideabasekent.com\",\"115\":\"Courtney\",\"7\":\"\",\"26\":[\"6\"],\"3\":\"Account Manager\",\"114\":\"Kaminski\",\"5\":\"\",\"27\":[\"292\"],\"89\":\"\"}}', '2015-12-29 15:48:17', '2015-12-29 15:48:17', 'd04fcd52-a50f-483c-945b-1a10280ab256'),
 ('167', '319', '3', '204', 'en_us', '1', '', '{\"typeId\":null,\"authorId\":\"204\",\"title\":\"Grace Jacobsen\",\"slug\":\"grace-jacobsen\",\"postDate\":1451404288,\"expiryDate\":null,\"enabled\":1,\"parentId\":\"\",\"fields\":{\"6\":\"\",\"77\":\"\",\"4\":\"gjacobsen@ideabasekent.com\",\"115\":\"Grace\",\"7\":\"\",\"26\":[\"6\"],\"3\":\"Designer\",\"114\":\"Jacobsen\",\"5\":\"\",\"27\":\"\",\"89\":\"\"}}', '2015-12-29 15:51:28', '2015-12-29 15:51:28', '37a9fbcf-53bf-4fa3-ad41-833a0d9d2e42'),
 ('168', '320', '3', '204', 'en_us', '1', '', '{\"typeId\":null,\"authorId\":\"204\",\"title\":\"John Vrhovnik\",\"slug\":\"john-vrhovnik\",\"postDate\":1451404473,\"expiryDate\":null,\"enabled\":1,\"parentId\":\"\",\"fields\":{\"6\":\"<p>John Vrhovnik is a Bachelor of Fine Arts in Visual Communication Design major and Digital Sciences minor, graduating in spring of 2016. He works as a Graphic Designer at IdeaBase. John enjoys making hand drawn lettering, working out, cooking, hiking\\/kayaking, and making friends<\\/p>\",\"77\":\"Visual Communication Design\",\"4\":\"jvrhovnik@ideabasekent.com\",\"115\":\"John\",\"7\":\"I can draw nice letters, but my actual hand writing is worse than a first graders.\",\"26\":[\"6\"],\"3\":\"Designer\",\"114\":\"Vrhovnik\",\"5\":\"\",\"27\":[\"294\"],\"89\":\"\"}}', '2015-12-29 15:54:33', '2015-12-29 15:54:33', '6cdd16d9-a13e-4888-b97f-bb6fe32c0595'),
 ('169', '319', '3', '204', 'en_us', '2', '', '{\"typeId\":\"3\",\"authorId\":\"204\",\"title\":\"Grace Jacobsen\",\"slug\":\"grace-jacobsen\",\"postDate\":1451404260,\"expiryDate\":null,\"enabled\":1,\"parentId\":\"\",\"fields\":{\"6\":\"\",\"77\":\"\",\"4\":\"gjacobsen@ideabasekent.com\",\"115\":\"Grace\",\"7\":\"\",\"26\":[\"6\"],\"3\":\"Designer\",\"114\":\"Jacobsen\",\"5\":\"\",\"27\":[\"321\"],\"89\":\"\"}}', '2015-12-29 15:59:34', '2015-12-29 15:59:34', '74b10291-18e7-435e-a9e1-e2975b58248f'),
 ('170', '322', '3', '204', 'en_us', '1', '', '{\"typeId\":null,\"authorId\":\"204\",\"title\":\"Mario Fasolo\",\"slug\":\"mario-fasolo\",\"postDate\":1451405157,\"expiryDate\":null,\"enabled\":1,\"parentId\":\"\",\"fields\":{\"6\":\"<p>Mario is a senior Visual Communication Design major at Kent State. He works at IdeaBase as a graphic designer and as a barista at Tree City.<\\/p>\",\"77\":\"Visual Communication Design\",\"4\":\"mfasolo@ideabasekent.com\",\"115\":\"Mario\",\"7\":\"\",\"26\":[\"6\"],\"3\":\"Designer\",\"114\":\"Fasolo\",\"5\":\"\",\"27\":[\"295\"],\"89\":\"\"}}', '2015-12-29 16:05:57', '2015-12-29 16:05:57', '1857dbe5-0e2f-468b-b838-943ea27e0bd4'),
 ('171', '323', '3', '204', 'en_us', '1', '', '{\"typeId\":null,\"authorId\":\"204\",\"title\":\"Nico Ciani\",\"slug\":\"nico-ciani\",\"postDate\":1451405300,\"expiryDate\":null,\"enabled\":1,\"parentId\":\"\",\"fields\":{\"6\":\"\",\"77\":\"Visual Communication Design\",\"4\":\"nciani@ideabasekent.com\",\"115\":\"Nico\",\"7\":\"\",\"26\":[\"6\"],\"3\":\"Designer\",\"114\":\"Ciani\",\"5\":\"\",\"27\":[\"297\"],\"89\":\"\"}}', '2015-12-29 16:08:20', '2015-12-29 16:08:20', '9c920d83-9f8b-4d1d-8b10-6835bca9a969'),
 ('172', '324', '3', '204', 'en_us', '1', '', '{\"typeId\":null,\"authorId\":\"204\",\"title\":\"Robin Tucker\",\"slug\":\"robin-tucker\",\"postDate\":1451405529,\"expiryDate\":null,\"enabled\":1,\"parentId\":\"\",\"fields\":{\"6\":\"<p>Robin Tucker is majoring in Advertising with a minor in Marketing. She is involved in Advertising Club and Flash-A-Thon on campus. At IdeaBase, Robin works as an Account Manager. Along with her studies, she is currently interning for Cincy Event Planning. Robin likes to blog and do yoga. She absolutely loves dogs and hopes to own a Corgi one day.<\\/p>\",\"77\":\"Advertising \",\"4\":\"rtucker@ideabasekent.com\",\"115\":\"Robin\",\"7\":\"\",\"26\":[\"6\"],\"3\":\"Account Manager\",\"114\":\"Tucker\",\"5\":\"\",\"27\":[\"301\"],\"89\":\"\"}}', '2015-12-29 16:12:09', '2015-12-29 16:12:09', '04346f97-5400-47c6-8ed8-c6fcc4e6c652'),
 ('173', '325', '3', '204', 'en_us', '1', '', '{\"typeId\":null,\"authorId\":\"204\",\"title\":\"Shauna Maurer\",\"slug\":\"shauna-maurer\",\"postDate\":1451405715,\"expiryDate\":null,\"enabled\":1,\"parentId\":\"\",\"fields\":{\"6\":\"<p>Shauna is a Visual Communication Design major and Nonprofit Studies minor, graduating in Spring 2016. She eventually plans to combine both fields and design for a cause. Currently, she works as a Graphic Designer at IdeaBase.<\\/p>\",\"77\":\"Visual Communication Design\",\"4\":\"smaurer@ideabasekent.com\",\"115\":\"Shauna\",\"7\":\"\",\"26\":[\"6\"],\"3\":\"Designer \",\"114\":\"Maurer\",\"5\":\"\",\"27\":[\"303\"],\"89\":\"\"}}', '2015-12-29 16:15:15', '2015-12-29 16:15:15', '18596b81-67d4-48da-a8c8-29e74f0ff07e'),
 ('174', '326', '3', '204', 'en_us', '1', '', '{\"typeId\":null,\"authorId\":\"204\",\"title\":\"Todd Thompson\",\"slug\":\"todd-thompson\",\"postDate\":1451405926,\"expiryDate\":null,\"enabled\":1,\"parentId\":\"\",\"fields\":{\"6\":\"<p>Todd Thompson has an immense passion for anything involving cameras. Since Todd&nbsp;was 13 years old he could always be seen with a camera in his hands. Now pursuing a life long career in Video Journalism, starting at Kent State and IdeaBase, he hopes to work in the field&nbsp;and lend a hand in the current media transition from physical to digital format following his positions in Kent, Ohio.<\\/p>\",\"77\":\"Electronic Media Production\",\"4\":\"tthompson@ideabasekent.com\",\"115\":\"Todd\",\"7\":\" I play in two different bands and enjoy working in ceramics.\",\"26\":[\"6\"],\"3\":\"Videographer\",\"114\":\"Thompson\",\"5\":\"\",\"27\":\"\",\"89\":\"\"}}', '2015-12-29 16:18:46', '2015-12-29 16:18:46', '4deb371f-e0b3-4513-9c19-b0af495fd8c2'),
 ('175', '327', '3', '204', 'en_us', '1', '', '{\"typeId\":null,\"authorId\":\"204\",\"title\":\"Trang Vu\",\"slug\":\"trang-vu\",\"postDate\":1451406050,\"expiryDate\":null,\"enabled\":1,\"parentId\":\"\",\"fields\":{\"6\":\"\",\"77\":\"Accounting\",\"4\":\"tvu@ideabasekent.com\",\"115\":\"Trang\",\"7\":\"\",\"26\":[\"6\"],\"3\":\"Accountant \",\"114\":\"Vu\",\"5\":\"\",\"27\":[\"306\"],\"89\":\"\"}}', '2015-12-29 16:20:50', '2015-12-29 16:20:50', '8a73ac6b-4393-4331-acc3-6d0ff1c5ff5e'),
 ('176', '213', '3', '204', 'en_us', '6', '', '{\"typeId\":\"3\",\"authorId\":\"87\",\"title\":\"Rachel Kozy\",\"slug\":\"rachel-kozy\",\"postDate\":1450376520,\"expiryDate\":null,\"enabled\":1,\"parentId\":\"\",\"fields\":{\"6\":\"\",\"77\":\"Visual Communication Design\",\"4\":\"rkozy@ideabasekent.com\",\"115\":\"Rachel\",\"7\":\"\",\"26\":[\"6\"],\"3\":\"Designer\",\"114\":\"Kozy\",\"5\":\"\",\"27\":[\"299\"],\"89\":\"\"}}', '2015-12-29 16:22:36', '2015-12-29 16:22:36', 'fca05b78-565b-450d-a8a2-b1697f7b23d8'),
 ('177', '213', '3', '204', 'en_us', '7', '', '{\"typeId\":\"3\",\"authorId\":\"87\",\"title\":\"Rachel Kozy\",\"slug\":\"rachel-kozy\",\"postDate\":1450376520,\"expiryDate\":null,\"enabled\":1,\"parentId\":\"\",\"fields\":{\"6\":\"<p>Rachel Kozy is one of the new designers at IdeaBase. She is a senior VCD major who has interned for MTV and Go Media. Rachel enjoys video games, a hobby she acquired from growing up with an older brother. After graduating, Rachel would love to work as a designer at an agency or design firm.<\\/p>\",\"77\":\"Visual Communication Design\",\"4\":\"rkozy@ideabasekent.com\",\"115\":\"Rachel\",\"7\":\"I play video games.\",\"26\":[\"6\"],\"3\":\"Designer\",\"114\":\"Kozy\",\"5\":\"\",\"27\":[\"299\"],\"89\":\"\"}}', '2015-12-29 16:24:03', '2015-12-29 16:24:03', '8885298e-e2f0-4710-9ebc-c976e5bb4a74'),
 ('178', '234', '3', '204', 'en_us', '4', '', '{\"typeId\":\"3\",\"authorId\":\"87\",\"title\":\"Martha Arbogast\",\"slug\":\"martha-arbogast\",\"postDate\":1450378740,\"expiryDate\":null,\"enabled\":1,\"parentId\":\"\",\"fields\":{\"6\":\"<p>Martha Arbogast is a senior VCD major. She will be graduating this May. After graduation, Martha is getting married and hopes to work at design firm around Cleveland. Beyond design, Martha loves her dog Ursa and hiking.<\\/p>\",\"77\":\"Visual Communication Design\",\"4\":\"marbogast@ideabasekent.com\",\"115\":\"Martha\",\"7\":\"\",\"26\":[\"6\"],\"3\":\"Designer\",\"114\":\"Arbogast\",\"5\":\"\",\"27\":[\"296\"],\"89\":\"\"}}', '2015-12-29 16:26:08', '2015-12-29 16:26:08', '763867b4-d308-4c51-9337-7dcc116f2f95'),
 ('179', '326', '3', '204', 'en_us', '2', '', '{\"typeId\":\"3\",\"authorId\":\"204\",\"title\":\"Todd Thompson\",\"slug\":\"todd-thompson\",\"postDate\":1451405880,\"expiryDate\":null,\"enabled\":1,\"parentId\":\"\",\"fields\":{\"6\":\"<p>Todd Thompson has an immense passion for anything involving cameras. Since Todd&nbsp;was 13 years old he could always be seen with a camera in his hands. Now pursuing a life long career in Video Journalism, starting at Kent State and IdeaBase, he hopes to work in the field&nbsp;and lend a hand in the current media transition from physical to digital format following his positions in Kent, Ohio.<\\/p>\",\"77\":\"Electronic Media Production\",\"4\":\"tthompson@ideabasekent.com\",\"115\":\"Todd\",\"7\":\" I play in two different bands and enjoy working in ceramics.\",\"26\":[\"6\"],\"3\":\"Videographer\",\"114\":\"Thompson\",\"5\":\"\",\"27\":[\"305\"],\"89\":\"\"}}', '2015-12-29 16:26:48', '2015-12-29 16:26:48', 'b7eb91af-6207-464e-9429-5257ba3f9e15'),
 ('180', '147', '3', '204', 'en_us', '5', '', '{\"typeId\":\"3\",\"authorId\":\"87\",\"title\":\"Victoria Ripepi\",\"slug\":\"victoria-ripepi\",\"postDate\":1446762360,\"expiryDate\":null,\"enabled\":1,\"parentId\":\"\",\"fields\":{\"6\":\"<p>Victoria is an Interpersonal Communications major set to graduate in May 2016. She works as the new event coordinator at IdeaBase. Victoria loves shopping and cats! After graduation, she hopes to find a job out of state.<\\/p>\",\"77\":\"Interpersonal Communications\",\"4\":\"vripepi@ideabasekent.com\",\"115\":\"Victoria\",\"7\":\"I own 64 pairs of shoes.\",\"26\":[\"6\"],\"3\":\"Event Coordinator\",\"114\":\"Ripepi\",\"5\":\"\",\"27\":[\"307\"],\"89\":\"\"}}', '2015-12-29 16:28:14', '2015-12-29 16:28:14', '9fdc6b8b-a0d2-4d89-9190-17c37ecdced3'),
 ('181', '236', '3', '204', 'en_us', '4', '', '{\"typeId\":\"3\",\"authorId\":\"87\",\"title\":\"Sarah Holzer\",\"slug\":\"sarah-holzer\",\"postDate\":1450378740,\"expiryDate\":null,\"enabled\":1,\"parentId\":\"\",\"fields\":{\"6\":\"<p>Sarah Holzer is a Senior in the VCD program. She is a graphic designer at IdeaBase who started interning in the summer. Her favorite hobby is gardening and she loves puppies! After graduation, Sarah hopes to obtain a career at a design firm or agency in New York City.<\\/p>\",\"77\":\"Visual Communication Design\",\"4\":\"sholzer@ideabasekent.com\",\"115\":\"Sarah\",\"7\":\"\",\"26\":[\"6\"],\"3\":\"Designer\",\"114\":\"Holzer\",\"5\":\"\",\"27\":[\"302\"],\"89\":\"\"}}', '2015-12-29 16:28:57', '2015-12-29 16:28:57', 'd2197e2d-d0cd-4894-a3a1-e97c4f578eb8'),
 ('182', '132', '5', '204', 'en_us', '6', '', '{\"typeId\":\"5\",\"authorId\":\"87\",\"title\":\"Event Planning 101: Victoria Ripepi\",\"slug\":\"event-planning-101-victoria-ripepi\",\"postDate\":1446735900,\"expiryDate\":null,\"enabled\":1,\"parentId\":null,\"fields\":{\"60\":[\"146\"],\"92\":[\"328\"],\"11\":\"<p>Hello, my name is Victoria Ripepi. I am an Interpersonal Communications major who is currently on my 5th year victory lap, but I am set to graduate in May 2016. I am the new event coordinator at IdeaBase.<\\/p>\\r\\n\\r\\n<p>As long as I can remember, event planning has been an interest of mine. The first event I planned was in 3rd grade when my teacher asked me to help with a parent-teacher-open house. As a 3rd grader, I basically thought I was the coolest person in the world&hellip; even though all I really did was set out some flyers, cookies, and juice. But I have enjoyed event planning ever since!<\\/p>\\r\\n\\r\\n\\r\\n\\r\\n<p>I think I enjoy event planning because I am so organized, I like to fix problems, I work best under pressure, and I like the exciting\\/nervous feeling you get on the day of the event. A lot of times when I say I want to go into event planning after I graduate people automatically think I mean weddings, but that is not the case. I want to do open houses, launch parties, special-event parties and so on.<\\/p>\\r\\n\\r\\n\\r\\n\\r\\n<p>Before working at IdeaBase, I interned in the Spring of 2015 for an awesome company called Rebecca Adele PR & Events. I learned so much about myself and event planning there. One major thing I learned was that I didn\\u2019t want to go into PR after I graduate (the other career path I considered) and event planning is really what I love and have a passion for.<\\/p>\\r\\n\\r\\n\\r\\n\\r\\n<p>The owner, Becki, puts on over 10 art shows called the Avant-Garde Art & Craft Shows all throughout Northeast Ohio. There were over 100 vendors at each event and I helped personally put on 4 shows. I also helped in the launch of a new show line called Bump to Bows- A Mommy Boutique Show.<\\/p>\\r\\n\\r\\n\\r\\n\\r\\n<p>When it comes to IdeaBase, I actually heard about the agency through one of the managers, Kristin, who is a longtime-family friend. When she told me about IdeaBase it immediately sparked my interest, and when the opportunity for an event coordinator came up, I jumped at it. I really enjoy working here and have already learned so much! IdeaBase is such a fun, encouraging, and helpful work environment. Being new here, whenever I have a question or concern, they immediately do whatever possible to help me. I have also learned so much about what it means working at a design agency and how talented my co-workers are!<\\/p>\\r\\n\\r\\n\\r\\n\\r\\n<p>As for my personal life, in my free time you can probably find me outside (if it\\u2019s nice out), at a mall because I have a deep love for clothes and fashion or hanging out with my two cats. I travel at any opportunity I can; I hope to travel to all 50 states one day!<\\/p>\\r\\n\\r\\n\\r\\n\\r\\n<p>After graduation I hope to get a job out of state. I am Cleveland born and raised and Ohio will always be home, but I know I need to get out of here and explore more than just my bubble that is Ohio. I like to push myself to always try new things and take opportunities that push me outside my comfort zone because that\\u2019ll only make my comfort zone that much bigger.<\\/p>\",\"49\":[\"123\"]}}', '2015-12-29 16:41:06', '2015-12-29 16:41:06', 'd7f58476-6b40-4c9e-9423-5a23e4f5751f'),
 ('183', '131', '5', '204', 'en_us', '2', '', '{\"typeId\":\"5\",\"authorId\":\"87\",\"title\":\"Being a Creative: Rachel Kozy\",\"slug\":\"being-a-creative-rachel-kozy\",\"postDate\":1446735600,\"expiryDate\":null,\"enabled\":1,\"parentId\":null,\"fields\":{\"60\":[\"213\"],\"92\":[\"329\"],\"11\":\"<p>Hi! My name is Rachel Kozy and I am a senior Visual Communication Design major. I actually just started working as a designer at IdeaBase a couple months ago, but I will be here for the rest of the year! Even when I was a freshman in VCD, I had always heard about Glyphix and IdeaBase, but I never knew if I\\u2019d get the opportunity to work here. When I became a junior though, I started noticing all the work IdeaBase was putting out, and it made me really interested in being a part of it!<\\/p>\\r\\n\\r\\n<p>Before IdeaBase, I had interned at MTV in New York City and Go Media in Cleveland. I\\u2019ve also worked as a designer for Kent State University Libraries and I\\u2019m currently working as the Art Director for Brainchild and the president of Kent\\u2019s collegiate chapter of AIGA.<\\/p>\\r\\n\\r\\n<p>Working at IdeaBase is seriously the best. I love working here. It has such a great environment and I get to collaborate with the friendliest, nicest people, do work that I\\u2019m passionate about, and get paid!<\\/p>\\r\\n\\r\\n<p>I chose to major in Visual Communication Design because I was really interested in creating things while in high school. I\\u2019ve always loved scrapbooking and working on the computer, so graphic design just seemed like the perfect fit. And luckily, it has been! There hasn\\u2019t been one day that has passed where I\\u2019ve regretted choosing this as my major, and I\\u2019m looking forward to continuing my career doing something I love.<\\/p>\\r\\n\\r\\n<p>The hardest part of my major is probably just making sure not to get burnt out. It\\u2019s easy to be overly ambitious and want to work on everything all the time, but that eventually wears you down and you stop looking forward to it. It\\u2019s important to take breaks and find other interests, that way you can always look forward to designing rather than it being a chore.<\\/p>\\r\\n\\r\\n<p>When I\\u2019m not busy with work or design, you can probably find me playing video games. I grew up with a brother who constantly played, so I\\u2019ve developed a habit of it too. My favorite genre is JRPGS, and my favorite games specifically are Persona 4 and the Tales series.<\\/p>\\r\\n\\r\\n<p>After I graduate, I\\u2019m not entirely sure where I\\u2019ll end up, but I\\u2019d love to find a position at a design firm or advertising agency! I really want to work with a lot of different clients and brands and I think that\\u2019s my best bet for that kind of work.<\\/p>\",\"49\":\"\"}}', '2015-12-29 16:44:19', '2015-12-29 16:44:19', 'caa7f485-212b-4ef2-b0ed-87960c463459'),
 ('184', '131', '5', '204', 'en_us', '3', '', '{\"typeId\":\"5\",\"authorId\":\"87\",\"title\":\"Being a Creative: Rachel Kozy\",\"slug\":\"being-a-creative-rachel-kozy\",\"postDate\":1446735600,\"expiryDate\":null,\"enabled\":1,\"parentId\":null,\"fields\":{\"60\":[\"213\"],\"92\":[\"329\"],\"11\":\"<p>Hi! My name is Rachel Kozy and I am a senior Visual Communication Design major. I actually just started working as a designer at IdeaBase a couple months ago, but I will be here for the rest of the year! Even when I was a freshman in VCD, I had always heard about Glyphix and IdeaBase, but I never knew if I\\u2019d get the opportunity to work here. When I became a junior though, I started noticing all the work IdeaBase was putting out, and it made me really interested in being a part of it!<\\/p>\\r\\n\\r\\n<p>Before IdeaBase, I had interned at MTV in New York City and Go Media in Cleveland. I\\u2019ve also worked as a designer for Kent State University Libraries and I\\u2019m currently working as the Art Director for Brainchild and the president of Kent\\u2019s collegiate chapter of AIGA.<\\/p>\\r\\n\\r\\n\\r\\n\\r\\n<p>Working at IdeaBase is seriously the best. I love working here. It has such a great environment and I get to collaborate with the friendliest, nicest people, do work that I\\u2019m passionate about, and get paid!<\\/p>\\r\\n\\r\\n\\r\\n\\r\\n<p>I chose to major in Visual Communication Design because I was really interested in creating things while in high school. I\\u2019ve always loved scrapbooking and working on the computer, so graphic design just seemed like the perfect fit. And luckily, it has been! There hasn\\u2019t been one day that has passed where I\\u2019ve regretted choosing this as my major, and I\\u2019m looking forward to continuing my career doing something I love.<\\/p>\\r\\n\\r\\n\\r\\n\\r\\n<p>The hardest part of my major is probably just making sure not to get burnt out. It\\u2019s easy to be overly ambitious and want to work on everything all the time, but that eventually wears you down and you stop looking forward to it. It\\u2019s important to take breaks and find other interests, that way you can always look forward to designing rather than it being a chore.<\\/p>\\r\\n\\r\\n\\r\\n\\r\\n<p>When I\\u2019m not busy with work or design, you can probably find me playing video games. I grew up with a brother who constantly played, so I\\u2019ve developed a habit of it too. My favorite genre is JRPGS, and my favorite games specifically are Persona 4 and the Tales series.<\\/p>\\r\\n\\r\\n\\r\\n\\r\\n<p>After I graduate, I\\u2019m not entirely sure where I\\u2019ll end up, but I\\u2019d love to find a position at a design firm or advertising agency! I really want to work with a lot of different clients and brands and I think that\\u2019s my best bet for that kind of work.<\\/p>\",\"49\":[\"123\"]}}', '2015-12-29 16:44:36', '2015-12-29 16:44:36', '07ac47cf-d752-4aa4-b971-12267b92840d'),
 ('185', '125', '5', '204', 'en_us', '2', '', '{\"typeId\":\"5\",\"authorId\":\"87\",\"title\":\"Breaking Free of the Page: Applying Traditional Design Skills to the Web \",\"slug\":\"this-is-a-test-blog\",\"postDate\":1446214440,\"expiryDate\":null,\"enabled\":1,\"parentId\":null,\"fields\":{\"60\":\"\",\"92\":[\"330\"],\"11\":\"<p>As a designer, I work based upon a process that allows me to become inspired and evolve my work until it is acceptable. (This sounds like a low bar, but designers have high standards.) Having developed a design process that worked for me and allowed me to produce results, I\\u2019m sure one could imagine my inner turmoil when I had to design outside of what had become my personal procedural safety-zone!<br>My exploration of the web design process began at IdeaBase upon joining the team assigned to redesigning the School of Library and Information Science (SLIS) website, now live at&nbsp;<a href=\\\"http:\\/\\/www.kent.edu\\/slis\\\">www.kent.edu\\/slis<\\/a>. This project was especially exciting because it was going to be the first custom template design in Kent State\\u2019s new content management system, but what I learned from the SLIS website redesign project really came down to adapting to differences in process that resulted not only from working on a real-world project, but also from needing to present to and work with a team of non-graphic designers and clients.<br>Shaking Up the Traditional Design Process<\\/p>\\r\\n\\r\\n<p>Typography and ColorsThe simple version of the basic academic design process which I became accustomed to consisted of research, sketching, designing (compositions), and lots of critiquing and modification until the projects end. However, differences in our group design process began to emerge after the sketching step when I was directed to first design page elements (navigations, header, footer, image carousel, etc.) for the SLIS website as opposed to designing whole pages.<br>Seemingly simple, this initially really messed with my mind. I had become used to designing firm, whole compositions to show, but for this project I had to first present to the client design fragments while trying to imagine a future whole, or many possible wholes. I felt like I was trying to sell fragments of glass instead of a whole window! I remember thinking during this step that this process was very odd, although I can see now that this preliminary design step allowed the team to get feedback from SLIS on the design\\u2019s basics&mdash;color, type, and structures&mdash;before designing more in- depth. Also, this modular point of view allowed us to test in-browser faster and helped me think more as I would imagine a developer thinks and works&mdash;in pieces (of code).<br>Thinking Responsively<\\/p>\\r\\n\\r\\n<p>Buttons and NavigationThis brings me to another point of the design process which was different for me: witnessing how the design changes by necessity in a browser setting (aka, practical web design versus theoretical classroom web design). I never realized how important this would be in the process. For example, originally the design for this website featured more angles. However, the viability of CSS triangles often became unworkable, and so I had to come up with new solutions. It was after witnessing how page elements change between different screen sizes in the browser setting that I started to really understand how a responsive design works.<br>Lessons Learned<\\/p>\\r\\n\\r\\n<p>In short, I learned&nbsp;A TON&nbsp;by being lead designer on this project! I suppose the main takeaway of my experience for me, though, was understanding that design and development had to become a blended process for the website to function and communicate better, and be visually suitable. Shaking up my process to understand and work better with my team gave me insight that I would not have gained otherwise.<br>Everyone should venture outside of their comfort zone every once in a while.<\\/p>\",\"49\":[\"123\"]}}', '2015-12-29 16:48:59', '2015-12-29 16:48:59', 'ca6d83a0-4eb6-45b9-ac4d-5dccbf28a484'),
 ('186', '125', '5', '204', 'en_us', '3', '', '{\"typeId\":\"5\",\"authorId\":\"87\",\"title\":\"Breaking Free of the Page: Applying Traditional Design Skills to the Web \",\"slug\":\"this-is-a-test-blog\",\"postDate\":1422112440,\"expiryDate\":null,\"enabled\":1,\"parentId\":null,\"fields\":{\"60\":\"\",\"92\":[\"330\"],\"11\":\"<p>As a designer, I work based upon a process that allows me to become inspired and evolve my work until it is acceptable. (This sounds like a low bar, but designers have high standards.) Having developed a design process that worked for me and allowed me to produce results, I\\u2019m sure one could imagine my inner turmoil when I had to design outside of what had become my personal procedural safety-zone!<br>My exploration of the web design process began at IdeaBase upon joining the team assigned to redesigning the School of Library and Information Science (SLIS) website, now live at&nbsp;<a href=\\\"http:\\/\\/www.kent.edu\\/slis\\\">www.kent.edu\\/slis<\\/a>. This project was especially exciting because it was going to be the first custom template design in Kent State\\u2019s new content management system, but what I learned from the SLIS website redesign project really came down to adapting to differences in process that resulted not only from working on a real-world project, but also from needing to present to and work with a team of non-graphic designers and clients.<br>Shaking Up the Traditional Design Process<\\/p>\\r\\n\\r\\n<p>Typography and ColorsThe simple version of the basic academic design process which I became accustomed to consisted of research, sketching, designing (compositions), and lots of critiquing and modification until the projects end. However, differences in our group design process began to emerge after the sketching step when I was directed to first design page elements (navigations, header, footer, image carousel, etc.) for the SLIS website as opposed to designing whole pages.<br>Seemingly simple, this initially really messed with my mind. I had become used to designing firm, whole compositions to show, but for this project I had to first present to the client design fragments while trying to imagine a future whole, or many possible wholes. I felt like I was trying to sell fragments of glass instead of a whole window! I remember thinking during this step that this process was very odd, although I can see now that this preliminary design step allowed the team to get feedback from SLIS on the design\\u2019s basics&mdash;color, type, and structures&mdash;before designing more in- depth. Also, this modular point of view allowed us to test in-browser faster and helped me think more as I would imagine a developer thinks and works&mdash;in pieces (of code).<br>Thinking Responsively<\\/p>\\r\\n\\r\\n\\r\\n\\r\\n<p>Buttons and NavigationThis brings me to another point of the design process which was different for me: witnessing how the design changes by necessity in a browser setting (aka, practical web design versus theoretical classroom web design). I never realized how important this would be in the process. For example, originally the design for this website featured more angles. However, the viability of CSS triangles often became unworkable, and so I had to come up with new solutions. It was after witnessing how page elements change between different screen sizes in the browser setting that I started to really understand how a responsive design works.<br>Lessons Learned<\\/p>\\r\\n\\r\\n\\r\\n\\r\\n<p>In short, I learned&nbsp;A TON&nbsp;by being lead designer on this project! I suppose the main takeaway of my experience for me, though, was understanding that design and development had to become a blended process for the website to function and communicate better, and be visually suitable. Shaking up my process to understand and work better with my team gave me insight that I would not have gained otherwise.<br>Everyone should venture outside of their comfort zone every once in a while.<\\/p>\",\"49\":[\"123\"]}}', '2015-12-29 16:49:45', '2015-12-29 16:49:45', '02f2076c-9258-4da9-af72-dbc6849a7b8a'),
 ('187', '125', '5', '204', 'en_us', '4', '', '{\"typeId\":\"5\",\"authorId\":\"87\",\"title\":\"Breaking Free of the Page: Applying Traditional Design Skills to the Web \",\"slug\":\"this-is-a-test-blog\",\"postDate\":1422112440,\"expiryDate\":null,\"enabled\":1,\"parentId\":null,\"fields\":{\"60\":\"\",\"92\":[\"330\"],\"11\":\"<p>As a designer, I work based upon a process that allows me to become inspired and evolve my work until it is acceptable. (This sounds like a low bar, but designers have high standards.) Having developed a design process that worked for me and allowed me to produce results, I\\u2019m sure one could imagine my inner turmoil when I had to design outside of what had become my personal procedural safety-zone!<br>My exploration of the web design process began at IdeaBase upon joining the team assigned to redesigning the School of Library and Information Science (SLIS) website, now live at&nbsp;<a href=\\\"http:\\/\\/www.kent.edu\\/slis\\\">www.kent.edu\\/slis<\\/a>. This project was especially exciting because it was going to be the first custom template design in Kent State\\u2019s new content management system, but what I learned from the SLIS website redesign project really came down to adapting to differences in process that resulted not only from working on a real-world project, but also from needing to present to and work with a team of non-graphic designers and clients.<br>Shaking Up the Traditional Design Process<\\/p>\\r\\n\\r\\n<p>Typography and ColorsThe simple version of the basic academic design process which I became accustomed to consisted of research, sketching, designing (compositions), and lots of critiquing and modification until the projects end. However, differences in our group design process began to emerge after the sketching step when I was directed to first design page elements (navigations, header, footer, image carousel, etc.) for the SLIS website as opposed to designing whole pages.<br>Seemingly simple, this initially really messed with my mind. I had become used to designing firm, whole compositions to show, but for this project I had to first present to the client design fragments while trying to imagine a future whole, or many possible wholes. I felt like I was trying to sell fragments of glass instead of a whole window! I remember thinking during this step that this process was very odd, although I can see now that this preliminary design step allowed the team to get feedback from SLIS on the design\\u2019s basics&mdash;color, type, and structures&mdash;before designing more in- depth. Also, this modular point of view allowed us to test in-browser faster and helped me think more as I would imagine a developer thinks and works&mdash;in pieces (of code).<br>Thinking Responsively<\\/p>\\r\\n\\r\\n\\r\\n\\r\\n\\r\\n\\r\\n<p>Buttons and NavigationThis brings me to another point of the design process which was different for me: witnessing how the design changes by necessity in a browser setting (aka, practical web design versus theoretical classroom web design). I never realized how important this would be in the process. For example, originally the design for this website featured more angles. However, the viability of CSS triangles often became unworkable, and so I had to come up with new solutions. It was after witnessing how page elements change between different screen sizes in the browser setting that I started to really understand how a responsive design works.<br>Lessons Learned<\\/p>\\r\\n\\r\\n\\r\\n\\r\\n\\r\\n\\r\\n<p>In short, I learned&nbsp;A TON&nbsp;by being lead designer on this project! I suppose the main takeaway of my experience for me, though, was understanding that design and development had to become a blended process for the website to function and communicate better, and be visually suitable. Shaking up my process to understand and work better with my team gave me insight that I would not have gained otherwise.<br>Everyone should venture outside of their comfort zone every once in a while.<\\/p><p><br><\\/p><p><br><\\/p><p>Written by Ashley Kozak<\\/p>\",\"49\":[\"123\"]}}', '2015-12-29 16:51:18', '2015-12-29 16:51:18', 'b4f33c80-25f1-4a07-80c6-95be72df937f'),
 ('188', '125', '5', '204', 'en_us', '5', '', '{\"typeId\":\"5\",\"authorId\":\"87\",\"title\":\"Breaking Free of the Page: Applying Traditional Design Skills to the Web: Ashley Kozak\",\"slug\":\"this-is-a-test-blog\",\"postDate\":1422112440,\"expiryDate\":null,\"enabled\":1,\"parentId\":null,\"fields\":{\"60\":\"\",\"92\":[\"330\"],\"11\":\"<p>As a designer, I work based upon a process that allows me to become inspired and evolve my work until it is acceptable. (This sounds like a low bar, but designers have high standards.) Having developed a design process that worked for me and allowed me to produce results, I\\u2019m sure one could imagine my inner turmoil when I had to design outside of what had become my personal procedural safety-zone!<br>My exploration of the web design process began at IdeaBase upon joining the team assigned to redesigning the School of Library and Information Science (SLIS) website, now live at&nbsp;<a href=\\\"http:\\/\\/www.kent.edu\\/slis\\\">www.kent.edu\\/slis<\\/a>. This project was especially exciting because it was going to be the first custom template design in Kent State\\u2019s new content management system, but what I learned from the SLIS website redesign project really came down to adapting to differences in process that resulted not only from working on a real-world project, but also from needing to present to and work with a team of non-graphic designers and clients.<br>Shaking Up the Traditional Design Process<\\/p>\\r\\n\\r\\n<p>Typography and ColorsThe simple version of the basic academic design process which I became accustomed to consisted of research, sketching, designing (compositions), and lots of critiquing and modification until the projects end. However, differences in our group design process began to emerge after the sketching step when I was directed to first design page elements (navigations, header, footer, image carousel, etc.) for the SLIS website as opposed to designing whole pages.<br>Seemingly simple, this initially really messed with my mind. I had become used to designing firm, whole compositions to show, but for this project I had to first present to the client design fragments while trying to imagine a future whole, or many possible wholes. I felt like I was trying to sell fragments of glass instead of a whole window! I remember thinking during this step that this process was very odd, although I can see now that this preliminary design step allowed the team to get feedback from SLIS on the design\\u2019s basics&mdash;color, type, and structures&mdash;before designing more in- depth. Also, this modular point of view allowed us to test in-browser faster and helped me think more as I would imagine a developer thinks and works&mdash;in pieces (of code).<br>Thinking Responsively<\\/p>\\r\\n\\r\\n\\r\\n\\r\\n\\r\\n\\r\\n\\r\\n\\r\\n<p>Buttons and NavigationThis brings me to another point of the design process which was different for me: witnessing how the design changes by necessity in a browser setting (aka, practical web design versus theoretical classroom web design). I never realized how important this would be in the process. For example, originally the design for this website featured more angles. However, the viability of CSS triangles often became unworkable, and so I had to come up with new solutions. It was after witnessing how page elements change between different screen sizes in the browser setting that I started to really understand how a responsive design works.<br>Lessons Learned<\\/p>\\r\\n\\r\\n\\r\\n\\r\\n\\r\\n\\r\\n\\r\\n\\r\\n<p>In short, I learned&nbsp;A TON&nbsp;by being lead designer on this project! I suppose the main takeaway of my experience for me, though, was understanding that design and development had to become a blended process for the website to function and communicate better, and be visually suitable. Shaking up my process to understand and work better with my team gave me insight that I would not have gained otherwise.<br>Everyone should venture outside of their comfort zone every once in a while.<\\/p>\\r\\n\\r\\n<p><br><\\/p>\\r\\n\\r\\n<p><br><\\/p>\\r\\n\\r\\n<p>Written by Ashley Kozak<\\/p>\",\"49\":[\"123\"]}}', '2015-12-29 16:51:52', '2015-12-29 16:51:52', '3a18ff0e-f14b-4ec5-a2e5-761a2ca04d8e'),
 ('189', '80', '5', '204', 'en_us', '2', '', '{\"typeId\":\"5\",\"authorId\":\"1\",\"title\":\"Soccer and IdeaBase: Surprisingly Related: Megan Johnson\",\"slug\":\"this-is-a-test-blog-title\",\"postDate\":1442968020,\"expiryDate\":null,\"enabled\":1,\"parentId\":null,\"fields\":{\"60\":\"\",\"92\":[\"331\"],\"11\":\"<p>I\\u2019m Megan Johnson, one of the Art Directors at IdeaBase. I\\u2019ve been with the agency&nbsp;since May of 2014. My major at Kent State is Visual Communication Design, and along with my studies, I played soccer for Kent for 4 years. Even though I\\u2019ve only been with IdeaBase for a year, I\\u2019ve already seen so much growth in the agency. The addition of new employees that specialize in different fields, like website design and coding, has really expanded our design possibilities. It has also allowed some of us designers to expand our knowledge about other fields.<br>Beyond the growth of the agency, the environment at IdeaBase is really great. It\\u2019s professional where clients are involved, but amongst the employees it is laid back and fun. We all like to joke around with each other, but we also take our design work seriously and look for good feedback from our peers. It\\u2019s just a great atmosphere to be a part of. I like that I can speak candidly and openly with anyone in the office.<br>Besides my schooling, soccer has been a major part of my life and career at Kent State. Being a student athlete is hard work, but it has taught me so many things. For one, it helped me understand when I need to step up and lead, and when it\\u2019s better to follow. It also taught me how to handle people that I might not necessarily get along with, but need to get along with regardless. Lastly, being a student athlete has provided me with some of the greatest friends I could ever ask for, that I might not have met if I hadn\\u2019t played a sport here.<br>My soccer career is actually fairly comparable to working at IdeaBase. From a work standpoint, I learned a lot from athletics that I\\u2019ve been able to apply to IdeaBase. To name a few things, I learned how to manage my time properly, collaborate and work well with others, and also learned that being early is being on time, which are all important things to use in the office. From a social standpoint, in both situations I have formed good relationships with interesting and different people that I might not have become friends with otherwise.<br>Overall, I am glad the time I spent with athletics has been able to translate to my work at IdeaBase, and I hope with future careers as well. With the Kent State\\u2019s athletics department as one of my clients, I am able to still keep athletics in my life despite the fact that I no longer play for the school. It\\u2019s been great to work with different sides of the athletics department.<\\/p><p><br><\\/p><p>Written by Megan Johnson<\\/p>\",\"49\":[\"123\"]}}', '2015-12-29 16:54:30', '2015-12-29 16:54:30', 'bc064484-865c-4295-bc89-c3da5b06b435'),
 ('190', '80', '5', '204', 'en_us', '3', '', '{\"typeId\":\"5\",\"authorId\":\"1\",\"title\":\"Soccer and IdeaBase: Surprisingly Related: Megan Johnson\",\"slug\":\"this-is-a-test-blog-title\",\"postDate\":1424050020,\"expiryDate\":null,\"enabled\":1,\"parentId\":null,\"fields\":{\"60\":\"\",\"92\":[\"331\"],\"11\":\"<p>I\\u2019m Megan Johnson, one of the Art Directors at IdeaBase. I\\u2019ve been with the agency&nbsp;since May of 2014. My major at Kent State is Visual Communication Design, and along with my studies, I played soccer for Kent for 4 years. Even though I\\u2019ve only been with IdeaBase for a year, I\\u2019ve already seen so much growth in the agency. The addition of new employees that specialize in different fields, like website design and coding, has really expanded our design possibilities. It has also allowed some of us designers to expand our knowledge about other fields.<br>Beyond the growth of the agency, the environment at IdeaBase is really great. It\\u2019s professional where clients are involved, but amongst the employees it is laid back and fun. We all like to joke around with each other, but we also take our design work seriously and look for good feedback from our peers. It\\u2019s just a great atmosphere to be a part of. I like that I can speak candidly and openly with anyone in the office.<br>Besides my schooling, soccer has been a major part of my life and career at Kent State. Being a student athlete is hard work, but it has taught me so many things. For one, it helped me understand when I need to step up and lead, and when it\\u2019s better to follow. It also taught me how to handle people that I might not necessarily get along with, but need to get along with regardless. Lastly, being a student athlete has provided me with some of the greatest friends I could ever ask for, that I might not have met if I hadn\\u2019t played a sport here.<br>My soccer career is actually fairly comparable to working at IdeaBase. From a work standpoint, I learned a lot from athletics that I\\u2019ve been able to apply to IdeaBase. To name a few things, I learned how to manage my time properly, collaborate and work well with others, and also learned that being early is being on time, which are all important things to use in the office. From a social standpoint, in both situations I have formed good relationships with interesting and different people that I might not have become friends with otherwise.<br>Overall, I am glad the time I spent with athletics has been able to translate to my work at IdeaBase, and I hope with future careers as well. With the Kent State\\u2019s athletics department as one of my clients, I am able to still keep athletics in my life despite the fact that I no longer play for the school. It\\u2019s been great to work with different sides of the athletics department.<\\/p>\\r\\n\\r\\n<p><br><\\/p>\\r\\n\\r\\n<p>Written by Megan Johnson<\\/p>\",\"49\":[\"123\"]}}', '2015-12-29 16:54:55', '2015-12-29 16:54:55', '2a34d0f2-5fe1-4110-a285-c5cd73cf7376'),
 ('191', '73', '5', '204', 'en_us', '3', '', '{\"typeId\":\"5\",\"authorId\":\"1\",\"title\":\"Being an Account Manager at IdeaBase: Robin Tucker\",\"slug\":\"this-is-a-title\",\"postDate\":1425306420,\"expiryDate\":null,\"enabled\":1,\"parentId\":null,\"fields\":{\"60\":\"\",\"92\":[\"332\"],\"11\":\"<p>My name is Robin Tucker, and I am an Account Manager for IdeaBase. My major is Advertising and I have a minor in Marketing. As an Account Manger, my duties are to keep in touch with clients, take notes, do invoicing, and work at the reception desk. I\\u2019m also allowed the opportunity to do some copywriting and editing.<br>I love working as an Account Manager for IdeaBase because it\\u2019s such a great work environment. Honestly, I\\u2019m not sure what I want to do with my Advertising degree. At the moment, I\\u2019m interning for Cincy Event Planning. My internship with Cincy Event Planning is off to a great start! I\\u2019m excited to plan my first Ronald McDonald House event for them in the spring. It\\u2019s nice to be getting experience in different fields. It gives me a lot to think about for the future. In time, I think I will be able to narrow my career choices down and find the best fit for me.<br>Beyond working and school, I enjoy doing yoga, cooking, and blogging. I have a blog on WordPress where I discuss my idea of how to live a happy, healthy life. Some of my posts discuss mental health, yoga, and clean eating. I love writing, and a blog is a great way for me to express myself. Cooking is also something I have always enjoyed, but recently I\\u2019ve started eating clean. So it\\u2019s been interesting learning how to cook clean. Clean eating is basically eating as close to nature as possible, or as little processed foods as possible. Clean eating is a great way to get your health back on track! I\\u2019m still a college student though, so I enjoy some pizza and cookies in moderation.<br>I\\u2019ve been working for IdeaBase since August of 2014. I have already seen so much growth in the agency. It\\u2019s amazing what students are capable of with the help of some great managers. I think IdeaBase is fairly unique. I don\\u2019t know how many other colleges have student-run creative agencies. I like that I\\u2019m working in an office in downtown Kent versus on campus. And I know what I\\u2019m learning now at IdeaBase will be pertinent for my future career, whatever it may be.<br>Currently, I am working on projects for Summa and NEOMED. I am the Account Manager for both of these accounts. I will also get to do some copy-editing for Summa. IdeaBase is creating a diversity report for Summa and doing research for a new website for NEOMED. In regards to NEOMED, I recently attended a business needs analysis meeting. This was very interesting to sit in on and take notes for. I\\u2019m excited to do more work for both of these clients.<br>All in all, I\\u2019ve been learning a lot of valuable information, hands on, at IdeaBase. I\\u2019m glad to have been given this unique opportunity. It\\u2019s also great collaborating with students from different majors. I know what I\\u2019m learning at IdeaBase will carry-on into my future career.<\\/p>\",\"49\":[\"123\"]}}', '2015-12-29 16:56:55', '2015-12-29 16:56:55', '7582e998-735a-44f4-9afa-fb0172760b97'),
 ('192', '73', '5', '204', 'en_us', '4', '', '{\"typeId\":\"5\",\"authorId\":\"1\",\"title\":\"Being an Account Manager at IdeaBase: Robin Tucker\",\"slug\":\"this-is-a-title\",\"postDate\":1425306420,\"expiryDate\":null,\"enabled\":1,\"parentId\":null,\"fields\":{\"60\":[\"324\"],\"92\":[\"332\"],\"11\":\"<p>My name is Robin Tucker, and I am an Account Manager for IdeaBase. My major is Advertising and I have a minor in Marketing. As an Account Manger, my duties are to keep in touch with clients, take notes, do invoicing, and work at the reception desk. I\\u2019m also allowed the opportunity to do some copywriting and editing.<br>I love working as an Account Manager for IdeaBase because it\\u2019s such a great work environment. Honestly, I\\u2019m not sure what I want to do with my Advertising degree. At the moment, I\\u2019m interning for Cincy Event Planning. My internship with Cincy Event Planning is off to a great start! I\\u2019m excited to plan my first Ronald McDonald House event for them in the spring. It\\u2019s nice to be getting experience in different fields. It gives me a lot to think about for the future. In time, I think I will be able to narrow my career choices down and find the best fit for me.<br>Beyond working and school, I enjoy doing yoga, cooking, and blogging. I have a blog on WordPress where I discuss my idea of how to live a happy, healthy life. Some of my posts discuss mental health, yoga, and clean eating. I love writing, and a blog is a great way for me to express myself. Cooking is also something I have always enjoyed, but recently I\\u2019ve started eating clean. So it\\u2019s been interesting learning how to cook clean. Clean eating is basically eating as close to nature as possible, or as little processed foods as possible. Clean eating is a great way to get your health back on track! I\\u2019m still a college student though, so I enjoy some pizza and cookies in moderation.<br>I\\u2019ve been working for IdeaBase since August of 2014. I have already seen so much growth in the agency. It\\u2019s amazing what students are capable of with the help of some great managers. I think IdeaBase is fairly unique. I don\\u2019t know how many other colleges have student-run creative agencies. I like that I\\u2019m working in an office in downtown Kent versus on campus. And I know what I\\u2019m learning now at IdeaBase will be pertinent for my future career, whatever it may be.<br>Currently, I am working on projects for Summa and NEOMED. I am the Account Manager for both of these accounts. I will also get to do some copy-editing for Summa. IdeaBase is creating a diversity report for Summa and doing research for a new website for NEOMED. In regards to NEOMED, I recently attended a business needs analysis meeting. This was very interesting to sit in on and take notes for. I\\u2019m excited to do more work for both of these clients.<br>All in all, I\\u2019ve been learning a lot of valuable information, hands on, at IdeaBase. I\\u2019m glad to have been given this unique opportunity. It\\u2019s also great collaborating with students from different majors. I know what I\\u2019m learning at IdeaBase will carry-on into my future career.<\\/p>\",\"49\":[\"123\"]}}', '2015-12-29 16:57:57', '2015-12-29 16:57:57', 'bd88bb54-c7af-4c53-b989-bbd4c6992d31'),
 ('193', '206', '5', '204', 'en_us', '2', '', '{\"typeId\":\"5\",\"authorId\":\"87\",\"title\":\"Behind the Scenes: Making the IdeaBase Promotional Video: Todd Thomson & John Vrhovnik\",\"slug\":\"test-blog\",\"postDate\":1426084380,\"expiryDate\":null,\"enabled\":1,\"parentId\":null,\"fields\":{\"60\":[\"326\",\"320\"],\"92\":\"\",\"11\":\"<p>IdeaBase management had a&nbsp;goal: raise awareness about Kent State\\u2019s student-run agency with prospective clients, while telling the stories of the students and staff who work there. Two talented IdeaBase students came together to make that goal a reality \\u2013 with a 4-minute promotional video compiled from&nbsp;interviews with IdeaBase employees.<br>Todd Thompson&nbsp;and&nbsp;John Vrhovnik&nbsp;are the two students behind the&nbsp;new video.<br>Todd is an Electronic Media Production major in the School of Journalism and Mass Communication, and John is majoring in Visual Communication Design. Todd was originally hired specifically&nbsp;to work on the promotional video, but he has now joined IdeaBase as an Account Manager and Videographer. John works as a graphic&nbsp;designer. John and Todd explained what it was like working on the video project.<br>When asked about their inspiration for the video, both Todd and John looked to a number of existing&nbsp;online videos&nbsp;for ideas. Todd says, \\u201cI already had a vision for the pace and feel I wanted it to have, but John and I looked to&nbsp;Designspiration&nbsp;and&nbsp;Vimeo&nbsp;just for some ideas to move passed any creative walls we hit on the way to completion.\\u201d<br>Todd worked specifically on filming, editing, audio production, and directing. John worked on the layout and flow of the graphical content. John was also featured&nbsp;in the video, displaying some of his hand-drawn lettering.<\\/p><p><br><\\/p><p>The hardest part of working on the video for John was just getting the project going, while Todd said he struggled at first working with someone from a different major. &nbsp;He also had to&nbsp;change his design process&nbsp;to match John\\u2019s expertise and style of thinking. \\u201cBut, in the end, John taught me so much and he was right all along. His designer\\u2019s mindset has taught me a lot about taking my time with a piece and really mapping things out before making a final decision. John showed me it\\u2019s best to exhaust all options before making a decision, and it truly creates a beautiful product in the end,\\u201d says Todd.<br>John went on to explain, \\u201cwe both had never made something quite like this, and I am incredibly new to video so at the beginning we were just sort of gathering inspiration, building the concepts on paper and mapping out all the content. As soon as we got all the video in, Todd made all the edits, we picked music, started adding type and it all really just came together quite naturally.\\u201d<br>Overall, John and Todd felt they learned a lot from each other. Above all,&nbsp;both students think the new video will be a great tool for IdeaBase. \\u201cThis video will benefit IdeaBase by not only improving awareness of what&nbsp;the agency&nbsp;has to offer to students and clients, but it will also help show the types of students that work here and how passionate they are about their careers and how much effort is put into their work here at IdeaBase,\\u201d says Todd.<\\/p><p><br><\\/p>\",\"49\":\"\"}}', '2015-12-29 17:03:35', '2015-12-29 17:03:35', '7e2d7be7-4aaa-4b00-b969-74aba1c523e4'),
 ('194', '206', '5', '204', 'en_us', '3', '', '{\"typeId\":\"5\",\"authorId\":\"87\",\"title\":\"Behind the Scenes: Making the IdeaBase Promotional Video: Todd Thomson & John Vrhovnik\",\"slug\":\"test-blog\",\"postDate\":1426084380,\"expiryDate\":null,\"enabled\":1,\"parentId\":null,\"fields\":{\"60\":[\"326\",\"320\"],\"92\":[\"333\"],\"11\":\"<p>IdeaBase management had a&nbsp;goal: raise awareness about Kent State\\u2019s student-run agency with prospective clients, while telling the stories of the students and staff who work there. Two talented IdeaBase students came together to make that goal a reality \\u2013 with a 4-minute promotional video compiled from&nbsp;interviews with IdeaBase employees.<br>Todd Thompson&nbsp;and&nbsp;John Vrhovnik&nbsp;are the two students behind the&nbsp;new video.<br>Todd is an Electronic Media Production major in the School of Journalism and Mass Communication, and John is majoring in Visual Communication Design. Todd was originally hired specifically&nbsp;to work on the promotional video, but he has now joined IdeaBase as an Account Manager and Videographer. John works as a graphic&nbsp;designer. John and Todd explained what it was like working on the video project.<br>When asked about their inspiration for the video, both Todd and John looked to a number of existing&nbsp;online videos&nbsp;for ideas. Todd says, \\u201cI already had a vision for the pace and feel I wanted it to have, but John and I looked to&nbsp;Designspiration&nbsp;and&nbsp;Vimeo&nbsp;just for some ideas to move passed any creative walls we hit on the way to completion.\\u201d<br>Todd worked specifically on filming, editing, audio production, and directing. John worked on the layout and flow of the graphical content. John was also featured&nbsp;in the video, displaying some of his hand-drawn lettering.<\\/p>\\r\\n\\r\\n<p><br><\\/p>\\r\\n\\r\\n<p>The hardest part of working on the video for John was just getting the project going, while Todd said he struggled at first working with someone from a different major. &nbsp;He also had to&nbsp;change his design process&nbsp;to match John\\u2019s expertise and style of thinking. \\u201cBut, in the end, John taught me so much and he was right all along. His designer\\u2019s mindset has taught me a lot about taking my time with a piece and really mapping things out before making a final decision. John showed me it\\u2019s best to exhaust all options before making a decision, and it truly creates a beautiful product in the end,\\u201d says Todd.<br>John went on to explain, \\u201cwe both had never made something quite like this, and I am incredibly new to video so at the beginning we were just sort of gathering inspiration, building the concepts on paper and mapping out all the content. As soon as we got all the video in, Todd made all the edits, we picked music, started adding type and it all really just came together quite naturally.\\u201d<br>Overall, John and Todd felt they learned a lot from each other. Above all,&nbsp;both students think the new video will be a great tool for IdeaBase. \\u201cThis video will benefit IdeaBase by not only improving awareness of what&nbsp;the agency&nbsp;has to offer to students and clients, but it will also help show the types of students that work here and how passionate they are about their careers and how much effort is put into their work here at IdeaBase,\\u201d says Todd.<\\/p>\\r\\n\\r\\n<p><br><\\/p>\",\"49\":[\"123\"]}}', '2015-12-29 17:06:17', '2015-12-29 17:06:17', '4c2d6cb2-b1de-4827-ac3b-8e6a712246c9'),
 ('195', '206', '5', '204', 'en_us', '4', '', '{\"typeId\":\"5\",\"authorId\":\"87\",\"title\":\"Behind the Scenes: Making the IdeaBase Promotional Video: Todd Thomson & John Vrhovnik\",\"slug\":\"test-blog\",\"postDate\":1426084380,\"expiryDate\":null,\"enabled\":1,\"parentId\":null,\"fields\":{\"60\":[\"326\",\"320\"],\"92\":[\"333\"],\"11\":\"<p>IdeaBase management had a&nbsp;goal: raise awareness about Kent State\\u2019s student-run agency with prospective clients, while telling the stories of the students and staff who work there. Two talented IdeaBase students came together to make that goal a reality \\u2013 with a 4-minute promotional video compiled from&nbsp;interviews with IdeaBase employees.<br>Todd Thompson&nbsp;and&nbsp;John Vrhovnik&nbsp;are the two students behind the&nbsp;new video.<br>Todd is an Electronic Media Production major in the School of Journalism and Mass Communication, and John is majoring in Visual Communication Design. Todd was originally hired specifically&nbsp;to work on the promotional video, but he has now joined IdeaBase as an Account Manager and Videographer. John works as a graphic&nbsp;designer. John and Todd explained what it was like working on the video project.<br>When asked about their inspiration for the video, both Todd and John looked to a number of existing&nbsp;online videos&nbsp;for ideas. Todd says, \\u201cI already had a vision for the pace and feel I wanted it to have, but John and I looked to&nbsp;Designspiration&nbsp;and&nbsp;Vimeo&nbsp;just for some ideas to move passed any creative walls we hit on the way to completion.\\u201d<br>Todd worked specifically on filming, editing, audio production, and directing. John worked on the layout and flow of the graphical content. John was also featured&nbsp;in the video, displaying some of his hand-drawn lettering.<\\/p>\\r\\n\\r\\n<p><br><\\/p>\\r\\n\\r\\n\\r\\n\\r\\n<p>The hardest part of working on the video for John was just getting the project going, while Todd said he struggled at first working with someone from a different major. &nbsp;He also had to&nbsp;change his design process&nbsp;to match John\\u2019s expertise and style of thinking. \\u201cBut, in the end, John taught me so much and he was right all along. His designer\\u2019s mindset has taught me a lot about taking my time with a piece and really mapping things out before making a final decision. John showed me it\\u2019s best to exhaust all options before making a decision, and it truly creates a beautiful product in the end,\\u201d says Todd.<br>John went on to explain, \\u201cwe both had never made something quite like this, and I am incredibly new to video so at the beginning we were just sort of gathering inspiration, building the concepts on paper and mapping out all the content. As soon as we got all the video in, Todd made all the edits, we picked music, started adding type and it all really just came together quite naturally.\\u201d<br>Overall, John and Todd felt they learned a lot from each other. Above all,&nbsp;both students think the new video will be a great tool for IdeaBase. \\u201cThis video will benefit IdeaBase by not only improving awareness of what&nbsp;the agency&nbsp;has to offer to students and clients, but it will also help show the types of students that work here and how passionate they are about their careers and how much effort is put into their work here at IdeaBase,\\u201d says Todd.<\\/p>\\r\\n\\r\\n\\r\\n\\r\\n<p><br><\\/p>\",\"49\":[\"123\"]}}', '2015-12-29 17:10:21', '2015-12-29 17:10:21', '45744b3f-4e54-47b9-80e3-c37204b8caa1'),
 ('196', '335', '5', '204', 'en_us', '1', '', '{\"typeId\":null,\"authorId\":\"204\",\"title\":\"Interning at IdeaBase: Elena Rounsley\",\"slug\":\"interning-at-ideabase-elena-rounsley\",\"postDate\":1427860800,\"expiryDate\":null,\"enabled\":1,\"parentId\":null,\"fields\":{\"60\":\"\",\"92\":[\"334\"],\"11\":\"<p>Students can gain a lot of valuable, real-life work skills from interning at IdeaBase. I learned how to communicate with clients more efficiently, stay on top of my projects, and fill out client information forms. I also learned how to do some visual design work.<br>My name is Elena Rounsley, and I am an Account Management intern at IdeaBase. My major is in Applied Communications, and I have a minor in Advertising. I first heard about IdeaBase from a former employee, Evan Bailey.<br>At IdeaBase I get real-life work experience. I get to work with clients and a creative team. I plan on working in an agency after gradation, so this experience is great before graduation.<br>Working at IdeaBase compared to other student jobs is quite different. I am a Bartender at Mikes Place, and the money I make as a bartender is great. I don\\u2019t receive life experience like I do at IdeaBase, though. I don\\u2019t plan on staying a bartender my entire life, so I\\u2019m glad IdeaBase has given me work experience directly related to my major.<br>The work environment at IdeaBase is friendly. Everyone who works at IdeaBase is open to help anyone and answer any questions. It\\u2019s the type of environment where you feel welcomed right when you walk in the door.<br>Working at IdeaBase has prepared me for working in an agency after graduation in many ways. It has taught me how to work with others and connect with people on different levels. I have gained experience in areas I previously knew little about. I have also gotten a taste of what it will be like working in an agency and with a creative team.<br>After graduation, I will be looking for Account Management positions at different agencies in Charlotte, North Carolina. I will also be applying for sales positions and broadcasting positions. I really want to work in Account Management, but after graduation I am willing to work any position in order to gain more experience.<br>I don\\u2019t necessarily have a dream job, but I will say that my dream is to work somewhere I enjoy going to every day. I want to be able to wake up and get excited to go to work. I also want to be able to take of care of myself and not struggle.<br>Lastly, I want to thank IdeaBase for giving me the opportunity to work and gain experience at their agency. I appreciate all that they have done for me!<\\/p><p><br><\\/p><p>Written by Elena Rounsley<\\/p>\",\"49\":[\"123\"]}}', '2015-12-29 19:08:18', '2015-12-29 19:08:18', '319f3631-4b3c-4e26-bcb3-4bdb1da6e63c'),
 ('197', '131', '5', '204', 'en_us', '4', '', '{\"typeId\":\"5\",\"authorId\":\"87\",\"title\":\"Being a Creative: Rachel Kozy\",\"slug\":\"being-a-creative-rachel-kozy\",\"postDate\":1445522400,\"expiryDate\":null,\"enabled\":1,\"parentId\":null,\"fields\":{\"60\":[\"213\"],\"92\":[\"329\"],\"11\":\"<p>Hi! My name is Rachel Kozy and I am a senior Visual Communication Design major. I actually just started working as a designer at IdeaBase a couple months ago, but I will be here for the rest of the year! Even when I was a freshman in VCD, I had always heard about Glyphix and IdeaBase, but I never knew if I\\u2019d get the opportunity to work here. When I became a junior though, I started noticing all the work IdeaBase was putting out, and it made me really interested in being a part of it!<\\/p>\\r\\n\\r\\n<p>Before IdeaBase, I had interned at MTV in New York City and Go Media in Cleveland. I\\u2019ve also worked as a designer for Kent State University Libraries and I\\u2019m currently working as the Art Director for Brainchild and the president of Kent\\u2019s collegiate chapter of AIGA.<\\/p>\\r\\n\\r\\n\\r\\n\\r\\n\\r\\n\\r\\n<p>Working at IdeaBase is seriously the best. I love working here. It has such a great environment and I get to collaborate with the friendliest, nicest people, do work that I\\u2019m passionate about, and get paid!<\\/p>\\r\\n\\r\\n\\r\\n\\r\\n\\r\\n\\r\\n<p>I chose to major in Visual Communication Design because I was really interested in creating things while in high school. I\\u2019ve always loved scrapbooking and working on the computer, so graphic design just seemed like the perfect fit. And luckily, it has been! There hasn\\u2019t been one day that has passed where I\\u2019ve regretted choosing this as my major, and I\\u2019m looking forward to continuing my career doing something I love.<\\/p>\\r\\n\\r\\n\\r\\n\\r\\n\\r\\n\\r\\n<p>The hardest part of my major is probably just making sure not to get burnt out. It\\u2019s easy to be overly ambitious and want to work on everything all the time, but that eventually wears you down and you stop looking forward to it. It\\u2019s important to take breaks and find other interests, that way you can always look forward to designing rather than it being a chore.<\\/p>\\r\\n\\r\\n\\r\\n\\r\\n\\r\\n\\r\\n<p>When I\\u2019m not busy with work or design, you can probably find me playing video games. I grew up with a brother who constantly played, so I\\u2019ve developed a habit of it too. My favorite genre is JRPGS, and my favorite games specifically are Persona 4 and the Tales series.<\\/p>\\r\\n\\r\\n\\r\\n\\r\\n\\r\\n\\r\\n<p>After I graduate, I\\u2019m not entirely sure where I\\u2019ll end up, but I\\u2019d love to find a position at a design firm or advertising agency! I really want to work with a lot of different clients and brands and I think that\\u2019s my best bet for that kind of work.<\\/p>\",\"49\":[\"123\"]}}', '2015-12-29 19:08:50', '2015-12-29 19:08:50', 'c5f23304-e28c-4aa2-98c1-47b7f3caa8e3'),
 ('198', '132', '5', '204', 'en_us', '7', '', '{\"typeId\":\"5\",\"authorId\":\"87\",\"title\":\"Event Planning 101: Victoria Ripepi\",\"slug\":\"event-planning-101-victoria-ripepi\",\"postDate\":1444313100,\"expiryDate\":null,\"enabled\":1,\"parentId\":null,\"fields\":{\"60\":[\"146\"],\"92\":[\"328\"],\"11\":\"<p>Hello, my name is Victoria Ripepi. I am an Interpersonal Communications major who is currently on my 5th year victory lap, but I am set to graduate in May 2016. I am the new event coordinator at IdeaBase.<\\/p>\\r\\n\\r\\n<p>As long as I can remember, event planning has been an interest of mine. The first event I planned was in 3rd grade when my teacher asked me to help with a parent-teacher-open house. As a 3rd grader, I basically thought I was the coolest person in the world&hellip; even though all I really did was set out some flyers, cookies, and juice. But I have enjoyed event planning ever since!<\\/p>\\r\\n\\r\\n\\r\\n\\r\\n\\r\\n\\r\\n<p>I think I enjoy event planning because I am so organized, I like to fix problems, I work best under pressure, and I like the exciting\\/nervous feeling you get on the day of the event. A lot of times when I say I want to go into event planning after I graduate people automatically think I mean weddings, but that is not the case. I want to do open houses, launch parties, special-event parties and so on.<\\/p>\\r\\n\\r\\n\\r\\n\\r\\n\\r\\n\\r\\n<p>Before working at IdeaBase, I interned in the Spring of 2015 for an awesome company called Rebecca Adele PR & Events. I learned so much about myself and event planning there. One major thing I learned was that I didn\\u2019t want to go into PR after I graduate (the other career path I considered) and event planning is really what I love and have a passion for.<\\/p>\\r\\n\\r\\n\\r\\n\\r\\n\\r\\n\\r\\n<p>The owner, Becki, puts on over 10 art shows called the Avant-Garde Art & Craft Shows all throughout Northeast Ohio. There were over 100 vendors at each event and I helped personally put on 4 shows. I also helped in the launch of a new show line called Bump to Bows- A Mommy Boutique Show.<\\/p>\\r\\n\\r\\n\\r\\n\\r\\n\\r\\n\\r\\n<p>When it comes to IdeaBase, I actually heard about the agency through one of the managers, Kristin, who is a longtime-family friend. When she told me about IdeaBase it immediately sparked my interest, and when the opportunity for an event coordinator came up, I jumped at it. I really enjoy working here and have already learned so much! IdeaBase is such a fun, encouraging, and helpful work environment. Being new here, whenever I have a question or concern, they immediately do whatever possible to help me. I have also learned so much about what it means working at a design agency and how talented my co-workers are!<\\/p>\\r\\n\\r\\n\\r\\n\\r\\n\\r\\n\\r\\n<p>As for my personal life, in my free time you can probably find me outside (if it\\u2019s nice out), at a mall because I have a deep love for clothes and fashion or hanging out with my two cats. I travel at any opportunity I can; I hope to travel to all 50 states one day!<\\/p>\\r\\n\\r\\n\\r\\n\\r\\n\\r\\n\\r\\n<p>After graduation I hope to get a job out of state. I am Cleveland born and raised and Ohio will always be home, but I know I need to get out of here and explore more than just my bubble that is Ohio. I like to push myself to always try new things and take opportunities that push me outside my comfort zone because that\\u2019ll only make my comfort zone that much bigger.<\\/p>\",\"49\":[\"123\"]}}', '2015-12-29 19:09:07', '2015-12-29 19:09:07', 'ca178364-ea8a-4f62-92d9-d94849581d08'),
 ('199', '337', '5', '204', 'en_us', '1', '', '{\"typeId\":null,\"authorId\":\"204\",\"title\":\"From the Field to the Web: Reilly Hawkins \",\"slug\":\"from-the-field-to-the-web-reilly-hawkins\",\"postDate\":1428465600,\"expiryDate\":null,\"enabled\":1,\"parentId\":null,\"fields\":{\"60\":[\"67\"],\"92\":[\"336\"],\"11\":\"<p>Baseball and computers are not necessarily related to each other, but they are my two biggest passions. My name is Reilly Hawkins. I am a baseball player for Kent State, and I am also Computer Systems information major. I work as a web developer for IdeaBase.<br>I chose Computer Information Systems as my major because computers have always interested me. I was always playing on them growing up, finding out how they worked, and trying to improve the one that I had. I also like to be presented with problems. It\\u2019s satisfying figuring out a solution to a tough problem.<br>When it comes to baseball, I\\u2019ve been playing for as long as I can remember. I loved the thrill of getting the opportunity each game to make an outstanding play or get a big hit, and it just stuck with me. Even now, the atmosphere of the sport is awesome. Baseball is a more laid back sport. There is still a lot of&nbsp;hard work put into a win, but it\\u2019s not high tension like some other sports. With baseball, you just have to go with the flow.<br>Baseball has taught me most about facing adversity and coming together as a team. It\\u2019s a game of failure, and it takes a mentally tough person to stick with the game, even when nothing seems to go the right way. Also, baseball is unique in the sense that anything can happen on any day. With some other sports, it\\u2019s rare to see a nationally large team get beaten by a small school that no one has heard of. However, with baseball, if one guy has a great day and the other team is not having a good day, the small school is always in the hunt to win some games.<br>As for my work at IdeaBase, I am currently working on designing and creating a new website for the State Library of Ohio. It is a tremendous task that we have been working hard on for a few months now. It\\u2019s a really great experience getting to work in a team with other majors. Each person brings their own talents to the table. It also&nbsp;gives me real life experience, which will be applicable after graduation.<br>I enjoy working at IdeaBase because of the atmosphere. Everyone is a student, and the expectations for us are realistic. Each person has to learn new information and apply it to each new project. We work with real clients on real websites, so it\\u2019s not just working on a project and turning it in for a grade.<br>Everything that IdeaBase makes&nbsp;is out there for everyone to see. It\\u2019s a cool feeling knowing that you\\u2019ve left an impression on someone through your work.<\\/p>\",\"49\":[\"123\"]}}', '2015-12-29 19:12:23', '2015-12-29 19:12:23', '6e6d8830-6616-4970-820e-d3ab2ad1e5f5'),
 ('200', '339', '5', '204', 'en_us', '1', '', '{\"typeId\":null,\"authorId\":\"204\",\"title\":\"Beyond the Beans: Life of a Coffee Roaster and User Experience Designer: Christopher Uhler\",\"slug\":\"beyond-the-beans-life-of-a-coffee-roaster-and-user-experience-designer-christopher-uhler\",\"postDate\":1430280000,\"expiryDate\":null,\"enabled\":1,\"parentId\":null,\"fields\":{\"60\":[\"317\"],\"92\":[\"338\"],\"11\":\"<p>My name is Chris Uhler and I\\u2019m a user experience designer at IdeaBase. I\\u2019m also a graduate student in Kent State\\u2019s user experience design program.<br>IdeaBase has been a great opportunity for gaining real-world experience. Personally, I\\u2019ve been learning a ton from my manager Chris Hallahan. He is a super awesome resource, and it\\u2019s truly rewarding to be able to work on a project the whole way through.<br>Before I started at IdeaBase in March, I actually had no idea this place even existed until my co-worker at Bent Tree Coffee Roasters told me about it. I\\u2019ve been working at Bent Tree (also here in Kent) for two years as a Production Manager, but I\\u2019m glad I found out about IdeaBase because it\\u2019s a great starting point for my future in the User Experience Design field.<br>My main client right now is Northeast Ohio Medical University. I am working on a competitive analysis for them in support of their future website redesign. A competitive analysis is basically the process of looking at similar websites and analyzing their strengths and weaknesses. I\\u2019ve also created and sent out a survey to get feedback on the current site, and I\\u2019ll be analyzing the data when the survey closes.<br>I stay super busy with work and school, but in my spare time I enjoy photography, home brewing, and my motorcycle. Recently, I made a Kolsch brew, which is a light, sweet beer. I think it turned out pretty well. I needed a break from the heavy stuff, and this was a nice alternative.<br>Right now, I\\u2019m just super excited to get married in the fall. My fianc\\u00e9 and I have been together about 5 years. We actually met at Kent State, and have been together ever since.<br>Overall, I am just excited for the experience at IdeaBase. I know I will be able to learn a lot here and can use this experience as a good foundation for my future.<\\/p>\",\"49\":[\"123\"]}}', '2015-12-29 19:15:59', '2015-12-29 19:15:59', '9c85a876-4dbf-4282-a59d-7848c82542a9'),
 ('201', '341', '5', '204', 'en_us', '1', '', '{\"typeId\":null,\"authorId\":\"204\",\"title\":\"Design That Makes a Difference: Shauna Maurer\",\"slug\":\"design-that-makes-a-difference-shauna-maurer\",\"postDate\":1435723200,\"expiryDate\":null,\"enabled\":1,\"parentId\":null,\"fields\":{\"60\":[\"325\"],\"92\":[\"340\"],\"11\":\"<p>To say I\\u2019ve learned a lot at IdeaBase would be an understatement. Not only have I had the chance to design materials for clients, but I also have had the opportunity to work with a team that aligns with the high standards of KSU\\u2019s graphic design program. Even if I\\u2019m having a bad day before work, the atmosphere at IdeaBase cheers me up. It is a place where everyone can feel welcome to provide ideas to each project, as well as assist each other in the process.<br>I am a senior graphic design major, with a minor in nonprofit studies. I\\u2019m excited to use both of these fields combined, designing for a philanthropic cause in the future. I am interested in bringing people together to make a difference in others\\u2019 lives.<br>I\\u2019ve been working with clients at IdeaBase that are in the business of helping people (or informing customers about boating safety, in addition to selling boats). These clients are: Summa Health Systems, Industry Consulting Enterprise and Boat House Marine. Working with these clients has expanded my knowledge about their business initiatives, as well as their preferences for the materials I design.<br>In addition to the graphic design and philanthropic fields, I also enjoy writing, which comes in handy when writing content for the future nonprofit initiatives. In addition: I enjoy dancing (freestyle of course!), photography, and exploring new places and learning about new cultures.<\\/p>\",\"49\":[\"123\"]}}', '2015-12-29 19:18:59', '2015-12-29 19:18:59', '9c6f5932-12bd-4238-a627-f7bc1744b329'),
 ('202', '344', '5', '204', 'en_us', '1', '', '{\"typeId\":null,\"authorId\":\"204\",\"title\":\"From Wrestling to the Workforce: Mario Fasolo\",\"slug\":\"from-wrestling-to-the-workforce-mario-fasolo\",\"postDate\":1436328000,\"expiryDate\":null,\"enabled\":1,\"parentId\":null,\"fields\":{\"60\":[\"322\"],\"92\":[\"342\"],\"11\":\"<p>Hi, my name is Mario Fasolo and I have been a designer at IdeaBase for about one year. I am going to be entering my fifth and final year of the Visual Communication Design program this upcoming fall. I am set to graduate in Spring 2015 with a Bachelor of Fine Arts with a concentration in 2-D Design.<br>Between working at IdeaBase and attending school full-time, I create coffee drinks as a barista at the nearby coffee shop, Tree City, and post daily design creations on my Instagram. Basically, I believe that I was created to create, and feel that it\\u2019s my responsibility to do so.<br>I would like to be able to easily sum up the kind of work I do at IdeaBase \\u2013 but I don\\u2019t really think it\\u2019s possible! I\\u2019ve worked on designing websites for Kent State, professors, identities for small businesses, libraries, industrial motors, and most recently, Kent State Athletics.<br><a href=\\\"http:\\/\\/ideabasekent.com\\/production-new\\/wp-content\\/uploads\\/2015\\/06\\/mario_image.jpg\\\"><\\/a>&nbsp;<img src=\\\"http:\\/\\/ideabasekent.com\\/new\\/prod\\/images\\/global\\/_featureImageMedium\\/mario_image.jpg#asset:343:featureImageMedium\\\"><br>But no biography would be complete without the most important stepping stone in my career so far, WWE wrestling. At the mere age of 9, I purchased my first design program that was a cheap version of Photoshop, to create small graphics and websites for wrestling message boards. My first official website design, created over 11 years ago on my first computer in fifth grade, is featured above \\u2013 along with my first attempts in life to create things digitally. They help to serve as a reminder that with practice,&nbsp;anything&nbsp;is possible!<br>I don\\u2019t actually know if I would have gotten into graphic design if I hadn\\u2019t spent so many childhood days at the computer because of my short-lived obsession with wrestling that turned into graphic design years later. I had always enjoyed art to an extent, but could never really draw \\u2013 so the computer was an absolute blessing to me. I knew from fifth grade on that I wanted to be a \\u201cgraphic designer\\u201d, but in reality I had no idea what that actually meant.<br>Fast forward four years through KSU\\u2019s brutal VCD program filled with broken spirits and countless revisions, and I think I actually have some idea of what I\\u2019m doing now! The most helpful experiences at IdeaBase would have to be the sheer number of diverse clients I\\u2019ve worked with. I can\\u2019t specialize in one single style because every client has a different goal and aesthetic that you have to be able to adapt. I wouldn\\u2019t seek out designing a really detailed flyer of a vacuum cleaner motor, but I have now done so, and ended up absolutely loving it!<br>IdeaBase has provided me with an array of interesting projects, and I\\u2019m excited to work on as many of them as I can in the future.<\\/p>\",\"49\":[\"123\"]}}', '2015-12-29 19:21:59', '2015-12-29 19:21:59', '8bf77c3e-205b-4e60-a042-cc80199dd760'),
 ('203', '346', '5', '204', 'en_us', '1', '', '{\"typeId\":null,\"authorId\":\"204\",\"title\":\"The Atmosphere of IdeaBase: Sarah Holzer\\u2019s Story\",\"slug\":\"the-atmosphere-of-ideabase-sarah-holzers-story\",\"postDate\":1443067200,\"expiryDate\":null,\"enabled\":1,\"parentId\":null,\"fields\":{\"60\":[\"236\"],\"92\":[\"345\"],\"11\":\"<p>Hi! My name is Sarah Holzer and I\\u2019m a senior Visual Communications Design major. I started working at IdeaBase in the summer of 2015. It counted as my internship, but I will be continuing to work here throughout the fall.&nbsp;I\\u2019m lucky to have a lot of friends that work at IdeaBase, which is how I heard they were hiring for the summer.<br>There are a lot of things I like about VCD, the main one being that I (obviously) get to be creative and I get to study a hobby of mine and make it a career. I also really like the community within VCD. The students in the program have become some of my best friends and it\\u2019s awesome to have classes with them.<br>IdeaBase has definitely helped prepare me for my future career in graphic design. My main takeaway so far is learning how to work directly with clients. My first week here I had to present logo concepts to a client and that isn\\u2019t an experience I would have learned in a classroom.<br>If I had to choose a favorite thing about IdeaBase it would have be the sense of community. I feel pretty lucky to honestly be able to say I like every single person that I work with, and it\\u2019s nice to feel comfortable enough to ask for help if you need it. A lot of places can be competitive and people may be scared to ask questions, but IdeaBase is never like that. It\\u2019s a very collaborative and helpful environment.<br>Beyond IdeaBase and my studies I love gardening. I\\u2019m currently growing a lemon tree and an apple tree. My apartment is also filled with lots of plants. I think that\\u2019s one of the best ways to make a house a home. I also really like yoga and puppies, but who doesn\\u2019t love puppies!<br>After graduation, I plan on working at an advertising agency or design firm in Pittsburgh. I want to save some money and move to New York City, as soon as I can afford it, so I can further my career there. Hopefully soon I\\u2019ll be happily working in New York with a new puppy and lots of plants!<\\/p>\",\"49\":[\"123\"]}}', '2015-12-29 19:23:53', '2015-12-29 19:23:53', '6fa8d94f-a841-4594-a505-eedc9169ad21'),
 ('204', '348', '5', '204', 'en_us', '1', '', '{\"typeId\":null,\"authorId\":\"204\",\"title\":\"Meet Our First High School Intern, Trista Finch\",\"slug\":\"meet-our-first-high-school-intern-trista-finch\",\"postDate\":1446786000,\"expiryDate\":null,\"enabled\":1,\"parentId\":null,\"fields\":{\"60\":\"\",\"92\":[\"347\"],\"11\":\"<p>Hello! My name is Trista Finch and I\\u2019m currently a senior at Bio-Med Science Academy, the high school that\\u2019s in Northeast Ohio Medical University. I first heard&nbsp;about IdeaBase when I was a junior. I was preparing for my Senior Experience, and I was looking for a local creative agency that I could intern for every day of my&nbsp;senior year after my classes. I was nervous and hopeful when I first contacted IdeaBase, but looking back, this place is better than I could\\u2019ve ever imagined.<br>The things I love most about being here would have to be the environment and the people. It\\u2019s great to be surrounded by amazing designers who are passionate about what they do and are willing to critique my work and help me become a better designer. IdeaBase is relaxed and fun (while still productive of course) from the music that\\u2019s always playing, to messing around with the other students that work here. They\\u2019ve never had a high school student be a part of the company, so this is a new experience for everyone. My time here normally consists of working on the branding project that I\\u2019m currently in the middle of and getting feedback from the other designers, sitting in on meetings so I can learn more about the business side of the profession, and attending the Responsive Web Design and Glyphix classes.<br>I\\u2019ve learned so much from the people here, everything from programs like Illustrator and InDesign to social skills from being at the meetings and events that are held there. At the moment I\\u2019m focusing on design, but I will be shifting to programming later in the year and am eager to broaden my skills there too. I\\u2019m ecstatic for college next year, and am planning to pursue a combined degree in Design and Computer Science. I am considering Kent, especially because of the opportunities like IdeaBase that I would have there.<br>Outside of school and my internship I lead the youth group and volunteer at Passion Community Church, read as many books from as many genres as I can- poetry, horror, fiction, nonfiction, anything I can get my hands on- and in turn I love writing poetry and short stories of my own. Also in the winter I\\u2019m in the Ski club at my school and go snowmobiling with my family.<\\/p><p><br><\\/p><p>Written by Trista Finch<\\/p>\",\"49\":[\"123\"]}}', '2015-12-29 19:26:32', '2015-12-29 19:26:32', 'd2e8058c-591b-4ace-8776-0e70ca0aa84d'),
 ('205', '350', '5', '204', 'en_us', '1', '', '{\"typeId\":null,\"authorId\":\"204\",\"title\":\"Designing in D.C.: Martha Arbogast\",\"slug\":\"designing-in-d-c-martha-arbogast\",\"postDate\":1449205200,\"expiryDate\":null,\"enabled\":1,\"parentId\":null,\"fields\":{\"60\":[\"234\"],\"92\":[\"349\"],\"11\":\"<p>My name is Martha Arbogast, and I\\u2019m a Senior Visual Communication Design graduating in May. My position at IdeaBase is a designer. I heard about IdeaBase from the Creative Director, Quintin Steele, who was in one of my design classes with me during the spring semester. He talked to me about interning at IdeaBase and encouraged me to apply, so I did!<br>Before working for IdeaBase, I interned at the Smithsonian National Air and Space Museum this past summer in Washington, D.C. My position involved participating in the intern experiences with all of the other interns working there over the summer, meeting with the in-house clients from different departments, and designing different types of materials. I worked on a multitude of projects, from event branding to signage, during the ten weeks that I was&nbsp;interning.&nbsp;A lot of the projects had a waiting period where I\\u2019d have to see what the client, or his or her superior, thought of my work before I could continue so I\\u2019d just continue to ask for more to work on. All of the projects were for the museum and I worked with different departments in the museum from visitor services to education. I learned the importance of working in a positive work environment.<br>As an intern, I was encouraged to seek out any opportunity where I could to learn more. I attended an eye-opening workshop about interaction design, which I was able to apply to my studies this semester, I watched the IMAX films that museum was featuring, and I would venture downstairs to view the exhibits before the museum opened to the public. The people I worked with were collaborative and kind. I received helpful, direct critiques from my superior Jennifer Carlton, and she always was encouraging.<br>IdeaBase has the same positive work environment that the National Air and Space Museum had. Every one of the staff members at IdeaBase is supportive and helpful. They encourage us to utilize resources that are available to us. We all work in a single space clustered around computers and tables, so it just feeds into the idea of collaboration.<br>I also had a similar experience at The National Air and Space Museum. The other interns in the department, about 7 of us, all worked in one room surrounded by the offices of our superiors. We called it the fishbowl. IdeaBase is, of course, different in the structure since it\\u2019s a business, while the museum environment is not.<br>My goal is&nbsp;to one day work at a design firm. I\\u2019d love to work at a place where I\\u2019d have the opportunity to work with different clients and be inspired by working with other design professionals.<br>Something I\\u2019m really passionate about besides design is my dog. I have a six year old German Shepherd named Ursa. I grew up around dogs and horses living out in the country in central Ohio, so being around animals is something that always stuck with me. My mom is a dog trainer and breeder. I got Ursa when I was in high school and trained her in obedience work, along with becoming a certified therapy dog. My mom and I would visit nursing homes and take Ursa and Ursa\\u2019s dad Bosko with us. It\\u2019s the best to have a dog because she encourages me to go on walks outside even after a long day of classes. My other favorite activity is hiking in the Cuyahoga Valley National Park. My fianc\\u00e9 and I go there regularly during each season. It just really helps to unwind from all the chaos of school and work.<br>After graduation, I\\u2019m getting married at the end of September. So currently I\\u2019m planning to stay around Cleveland once I graduate in May and work at a design firm.<\\/p>\",\"49\":[\"123\"]}}', '2015-12-29 19:28:30', '2015-12-29 19:28:30', '1b72bf4b-e76b-49d9-ac18-f62b0f285ac0'),
 ('206', '314', '4', '204', 'en_us', '3', '', '{\"typeId\":\"4\",\"authorId\":\"87\",\"title\":\"Kent State Athletics Annual Report 2015\",\"slug\":\"kent-state-athletics-annual-report-2015\",\"postDate\":1441771200,\"expiryDate\":null,\"enabled\":1,\"parentId\":null,\"fields\":{\"48\":\"\",\"61\":\"\",\"9\":\"<p>IdeaBase was brough on board for the second year in a row to develop and design Kent State University Athletics\' year-in-review\\/annual report.<\\/p>\\r\\n\\r\\n<p>The interactive report is designed in HTML\\/CSS&nbsp;and this year features a single-page design&nbsp;(with supplemental article pages). The design is composed to photos, text and custom icons that match the university\'s blue and gold branding.<\\/p>\\r\\n\\r\\n\\r\\n\\r\\n<p>We went through a process of discovert, content gathering, design\\/architerture and development over a period of 5 months.&nbsp;<\\/p>\\r\\n\\r\\n\\r\\n\\r\\n<p>From a technical perspective, the site utilizes:<\\/p>\\r\\n\\r\\n\\r\\n\\r\\n<ul><li>Jekyll, a static site generator that doesn\'t require a full content management system<\\/li><li>Grunt, for task running, including image resizing, browser refreshing and code compiling<\\/li><li>SASS&nbsp;for writing CSS&nbsp;for efficiency<\\/li><li>CSS&nbsp;animations<\\/li><li>Image and JavaScript compression and lazy loading for optimal performance<\\/li><\\/ul>\\r\\n\\r\\n\\r\\n\\r\\n<p>The site launched in September 2015.<\\/p>\",\"46\":[\"311\"],\"88\":[\"175\"],\"104\":\"http:\\/\\/www.supportgoldenflashes.com\\/2015_Annual_Report\\/\"}}', '2015-12-29 19:33:12', '2015-12-29 19:33:12', 'd2c423b7-4276-496d-9425-afac1e9b8e7e'),
 ('207', '353', '4', '204', 'en_us', '1', '', '{\"typeId\":null,\"authorId\":\"204\",\"title\":\"Ice Consulting\",\"slug\":\"ice-consulting\",\"postDate\":1451580456,\"expiryDate\":null,\"enabled\":1,\"parentId\":null,\"fields\":{\"48\":\"\",\"61\":[\"320\",\"316\",\"120\",\"119\",\"146\"],\"9\":\"<p>IdeaBase redesigned the Ice Consulting&nbsp;website and Glyphix (kentglyphix.org) created a new brand identity and logo for Ice Consulting&nbsp;in July&nbsp;2015. The website uses a customized template from Squarespace.com, with colors, type and custom-designed iconography that matches the new ICE identity and the content was written and positioned to match the ICE business goals and increase search optimization. The website was also designed to be responsive and scale across multiple devices.<br><\\/p>\",\"46\":[\"351\",\"352\"],\"88\":[\"175\"],\"104\":\"http:\\/\\/iceconsulting.org\\/\"}}', '2015-12-31 16:47:37', '2015-12-31 16:47:37', '13556edc-d003-4672-a8d0-e3b8568c34c8'),
 ('208', '355', '4', '204', 'en_us', '1', '', '{\"typeId\":null,\"authorId\":\"204\",\"title\":\"School of Library & Information Science\",\"slug\":\"school-of-library-information-science\",\"postDate\":1451580714,\"expiryDate\":null,\"enabled\":1,\"parentId\":null,\"fields\":{\"48\":\"\",\"61\":\"\",\"9\":\"<p>IdeaBase took on the research, design and development for the School of Library & Information Science over a 9 month period, launching in January 2015. &nbsp;The website features a custom, responsive design template, research-backed content and navigation and was built in Drupal according to Kent State University\\u2019s web standards.<\\/p>\",\"46\":[\"354\"],\"88\":[\"175\"],\"104\":\"http:\\/\\/www.kent.edu\\/slis\"}}', '2015-12-31 16:51:55', '2015-12-31 16:51:55', '24a8d26b-6383-4490-b602-44b80cd94d18'),
 ('209', '357', '4', '204', 'en_us', '1', '', '{\"typeId\":null,\"authorId\":\"204\",\"title\":\"State Library of Ohio\",\"slug\":\"state-library-of-ohio\",\"postDate\":1451580887,\"expiryDate\":null,\"enabled\":1,\"parentId\":null,\"fields\":{\"48\":\"\",\"61\":\"\",\"9\":\"<p>IdeaBase redesigned the State Library of Ohio website in May 2015. &nbsp;The site&nbsp;features a new interface, improved site navigation, and enhanced search functionality. &nbsp;<a href=\\\"https:\\/\\/www.youtube.com\\/watch?v=LeQZE5-ar3Q\\\">View the video<\\/a>&nbsp;to see the site in action, or<a href=\\\"http:\\/\\/library.ohio.gov\\/\\\">&nbsp;visit the site<\\/a>&nbsp;to learn more.<\\/p>\",\"46\":[\"356\"],\"88\":[\"175\"],\"104\":\"https:\\/\\/library.ohio.gov\\/\"}}', '2015-12-31 16:54:47', '2015-12-31 16:54:47', 'd5caa9a6-e6e2-4529-8e54-efa920df4868'),
 ('210', '363', '4', '204', 'en_us', '1', '', '{\"typeId\":null,\"authorId\":\"204\",\"title\":\"IdeaBase and Glyphix Printed Brochure\",\"slug\":\"ideabase-and-glyphix-printed-brochure\",\"postDate\":1451581119,\"expiryDate\":null,\"enabled\":1,\"parentId\":null,\"fields\":{\"48\":\"\",\"61\":\"\",\"9\":\"<p>Designed and photographed entirely by IdeaBase and Glyphix students, this printed brochure is given to prospective clients as an introduction to the agency\\u2019s services and student staff members.<\\/p>\",\"46\":[\"360\"],\"88\":[\"177\",\"181\",\"179\"],\"104\":\"http:\\/\\/ideabasekent.com\\/production-new\\/wp-content\\/uploads\\/2015\\/04\\/Ideabase_Brochure_Web_PDF.pdf\"}}', '2015-12-31 16:58:40', '2015-12-31 16:58:40', '2b53af5d-e373-4d0d-b462-18a48db86cb0'),
 ('211', '363', '4', '204', 'en_us', '2', '', '{\"typeId\":\"4\",\"authorId\":\"204\",\"title\":\"IdeaBase and Glyphix Printed Brochure\",\"slug\":\"ideabase-and-glyphix-printed-brochure\",\"postDate\":1451581080,\"expiryDate\":null,\"enabled\":1,\"parentId\":null,\"fields\":{\"48\":[\"358\",\"359\",\"360\",\"361\",\"362\"],\"61\":\"\",\"9\":\"<p>Designed and photographed entirely by IdeaBase and Glyphix students, this printed brochure is given to prospective clients as an introduction to the agency\\u2019s services and student staff members.<\\/p>\",\"46\":[\"360\"],\"88\":[\"177\",\"181\",\"179\"],\"104\":\"http:\\/\\/ideabasekent.com\\/production-new\\/wp-content\\/uploads\\/2015\\/04\\/Ideabase_Brochure_Web_PDF.pdf\"}}', '2015-12-31 16:59:02', '2015-12-31 16:59:02', 'cec6c4d7-bce3-4838-84d0-af737e84834e'),
 ('212', '365', '4', '204', 'en_us', '1', '', '{\"typeId\":null,\"authorId\":\"204\",\"title\":\"Florence Tour: Kent State College of Communication and Information\",\"slug\":\"florence-tour-kent-state-college-of-communication-and-information\",\"postDate\":1451581870,\"expiryDate\":null,\"enabled\":1,\"parentId\":null,\"fields\":{\"48\":\"\",\"61\":\"\",\"9\":\"<p>The Florence&nbsp;Alumni & Friends Tour campaign was developed for Kent State\\u2019s College of Communication and Information with the goal of promoting an exclusive trip to Florence, Italy for alumni of the college. &nbsp;IdeaBase designers created&nbsp;a custom design system that was used across many different printed and digital pieces.<br>The campaign included:<br>A printed book, explaining the benefits of attending the trip<br>A folded invitation, mailed to CCI alumni<br>A&nbsp;<a href=\\\"http:\\/\\/www.kent.edu\\/florencetour\\\">website<\\/a>, to which those interested were directed for more information<br>The Florence Tour campaign won a&nbsp;Silver ADDY from the Akron Advertising Federation&nbsp;in February 2015 as part of the professional Campaign category.<\\/p>\",\"46\":[\"364\"],\"88\":[\"178\",\"179\"],\"104\":\"\"}}', '2015-12-31 17:11:11', '2015-12-31 17:11:11', 'fc8e3308-b3ea-4ea3-9edd-7b66926405ce'),
 ('213', '368', '4', '204', 'en_us', '1', '', '{\"typeId\":null,\"authorId\":\"204\",\"title\":\"Brochure: College of Communication and Information\",\"slug\":\"brochure-college-of-communication-and-information\",\"postDate\":1451582204,\"expiryDate\":null,\"enabled\":1,\"parentId\":null,\"fields\":{\"48\":[\"367\"],\"61\":\"\",\"9\":\"<p>This 2014 Akron ADDY award-winning brochure illustrates the schools and programs within the College of Communication and Information at Kent State University. &nbsp;The brochure is now a key collateral piece for recruiting new students within the school.<\\/p>\",\"46\":[\"366\"],\"88\":[\"179\"],\"104\":\"\"}}', '2015-12-31 17:16:44', '2015-12-31 17:16:44', '142c67d4-3511-470c-b26b-ca659a4955cf'),
 ('214', '370', '4', '204', 'en_us', '1', '', '{\"typeId\":null,\"authorId\":\"204\",\"title\":\"May Consulting Partners\",\"slug\":\"may-consulting-partners\",\"postDate\":1451582348,\"expiryDate\":null,\"enabled\":1,\"parentId\":null,\"fields\":{\"48\":\"\",\"61\":\"\",\"9\":\"\",\"46\":[\"369\"],\"88\":[\"177\",\"175\"],\"104\":\"http:\\/\\/mayconsultingpartners.com\\/\"}}', '2015-12-31 17:19:08', '2015-12-31 17:19:08', 'f528a560-650a-49be-8540-474fc197f30e'),
 ('215', '365', '4', '87', 'en_us', '2', '', '{\"typeId\":\"4\",\"authorId\":\"204\",\"title\":\"Florence Tour: Kent State College of Communication and Information\",\"slug\":\"florence-tour-kent-state-college-of-communication-and-information\",\"postDate\":1451581860,\"expiryDate\":null,\"enabled\":1,\"parentId\":null,\"fields\":{\"48\":\"\",\"61\":\"\",\"9\":\"<p>The Florence Alumni & Friends Tour campaign was developed for Kent State\'s College of Communication and Information with the goal of promoting an exclusive trip to Florence, Italy for alumni of the college. IdeaBase designers created a custom design system that was used across many different printed and digital pieces.<\\/p><p>The campaign included:<\\/p><ul><li>A printed book, explaining the benefits of attending the trip<\\/li><li>A folded invitation, mailed to CCI alumni<\\/li><li>A website, to which those interested were directed for more information<\\/li><\\/ul><p>The Florence Tour campaign won a Solver ADDY&nbsp;from the Akron Advertising Federation in February 2015 as part&nbsp;of the professional Campaign category.<\\/p>\",\"46\":[\"364\"],\"88\":[\"178\",\"179\"],\"104\":\"\"}}', '2016-01-02 19:15:41', '2016-01-02 19:15:41', '0bb26869-4f1f-42e6-a73e-663ce2a4834c'),
 ('216', '372', '8', '87', 'en_us', '1', NULL, '{\"typeId\":null,\"authorId\":null,\"title\":\"May Consulting Partners\",\"slug\":\"may-consulting-partners\",\"postDate\":1451874920,\"expiryDate\":null,\"enabled\":1,\"parentId\":null,\"fields\":{\"22\":\"\",\"23\":\"\"}}', '2016-01-04 02:35:20', '2016-01-04 02:35:20', '9125ad99-b84f-420a-b53a-f82a6e8ffe92'),
 ('217', '370', '4', '87', 'en_us', '2', '', '{\"typeId\":\"4\",\"authorId\":\"204\",\"title\":\"May Consulting Partners\",\"slug\":\"may-consulting-partners\",\"postDate\":1451582340,\"expiryDate\":null,\"enabled\":1,\"parentId\":null,\"fields\":{\"48\":\"\",\"117\":[\"372\"],\"61\":\"\",\"9\":\"\",\"46\":[\"369\"],\"88\":[\"177\",\"175\"],\"104\":\"http:\\/\\/mayconsultingpartners.com\\/\"}}', '2016-01-04 02:35:26', '2016-01-04 02:35:26', '695a9431-519a-46ec-9515-27b7e9416688'),
 ('218', '373', '8', '87', 'en_us', '1', NULL, '{\"typeId\":null,\"authorId\":null,\"title\":\"College of Communication and Information\",\"slug\":\"college-of-communication-and-information\",\"postDate\":1451874994,\"expiryDate\":null,\"enabled\":1,\"parentId\":null,\"fields\":{\"22\":\"College of Communication and Information\",\"23\":\"\"}}', '2016-01-04 02:36:34', '2016-01-04 02:36:34', '538c1173-0847-4ba2-989b-1740df26be86'),
 ('219', '368', '4', '87', 'en_us', '2', '', '{\"typeId\":\"4\",\"authorId\":\"204\",\"title\":\"Brochure: College of Communication and Information\",\"slug\":\"brochure-college-of-communication-and-information\",\"postDate\":1451582160,\"expiryDate\":null,\"enabled\":1,\"parentId\":null,\"fields\":{\"48\":[\"367\"],\"117\":[\"373\"],\"61\":\"\",\"9\":\"<p>This 2014 Akron ADDY award-winning brochure illustrates the schools and programs within the College of Communication and Information at Kent State University. &nbsp;The brochure is now a key collateral piece for recruiting new students within the school.<\\/p>\",\"46\":[\"366\"],\"88\":[\"179\"],\"104\":\"\"}}', '2016-01-04 02:36:42', '2016-01-04 02:36:42', '4225696d-3285-44f1-8f12-78890d62c144'),
 ('220', '365', '4', '87', 'en_us', '3', '', '{\"typeId\":\"4\",\"authorId\":\"204\",\"title\":\"Florence Tour: Kent State College of Communication and Information\",\"slug\":\"florence-tour-kent-state-college-of-communication-and-information\",\"postDate\":1451581860,\"expiryDate\":null,\"enabled\":1,\"parentId\":null,\"fields\":{\"48\":\"\",\"117\":[\"373\"],\"61\":\"\",\"9\":\"<p>The Florence Alumni & Friends Tour campaign was developed for Kent State\'s College of Communication and Information with the goal of promoting an exclusive trip to Florence, Italy for alumni of the college. IdeaBase designers created a custom design system that was used across many different printed and digital pieces.<\\/p>\\r\\n\\r\\n<p>The campaign included:<\\/p>\\r\\n\\r\\n<ul><li>A printed book, explaining the benefits of attending the trip<\\/li><li>A folded invitation, mailed to CCI alumni<\\/li><li>A website, to which those interested were directed for more information<\\/li><\\/ul>\\r\\n\\r\\n<p>The Florence Tour campaign won a Solver ADDY&nbsp;from the Akron Advertising Federation in February 2015 as part&nbsp;of the professional Campaign category.<\\/p>\",\"46\":[\"364\"],\"88\":[\"178\",\"179\"],\"104\":\"\"}}', '2016-01-04 02:37:03', '2016-01-04 02:37:03', 'a38dcdb3-34e0-45a5-be2b-a6f6d9dc68ee'),
 ('221', '375', '13', '87', 'en_us', '1', '', '{\"typeId\":null,\"authorId\":\"87\",\"title\":\"Designing and Developing a Responsive Library Website\",\"slug\":\"designing-and-developing-a-responsive-library-website\",\"postDate\":1451877684,\"expiryDate\":null,\"enabled\":1,\"parentId\":null,\"fields\":{\"60\":[\"120\"],\"92\":[\"374\"],\"11\":\"<p>A website is only as good and useful as the user\\u2019s ability to easily find and comprehend its content and features. &nbsp;When the&nbsp;<a href=\\\"http:\\/\\/library.ohio.gov\\/\\\">State Library of Ohio<\\/a>, a library in Columbus, OH that serves Ohio&nbsp;libraries, state government employees and patrons, came to IdeaBase to discuss a website redesign, we immediately understood that while the current website offered great content and services, the challenge would be framing that content within a visual design and architecture that met the goals of its primary audiences.<\\/p><p>An IdeaBase team made up of students from visual communication design, journalism, communication studies, user experience design and computer information systems at Kent State set out to familiarize themselves with the goals website. &nbsp;The year-long redesign project that would involve content strategy, usability testing, web development and visual design.<br><br><\\/p><p>I had the opportunity to work on and oversee this project from the beginning, and I am thrilled that we could design a great end-product while bringing together a talented group of students from multiple disciplines.<br><br><\\/p><h3>Research & Discovery<\\/h3>\\r\\n\\r\\n<p>We started out nearly a year ago with an intense research and discovery phase, during which&nbsp;we worked to learn who used the State Library of Ohio website and what their goals and motivations were. &nbsp;We did this through a business needs analysis, survey, user interviews, competitive analysis, content audit and heuristic evaluation.<br><br><\\/p><p>We found that, perhaps unsurprisingly, users come to the website primarily to search the library catalog, search their digital collections and access their account. &nbsp;This played a major in our design decisions later. &nbsp;It was also important to users that library contact information and hours be prominently displayed on the site. &nbsp;Finally, we were able to narrow down the site\\u2019s primary audiences to state employees, ohio residents\\/patrons and library employees, which drove decision-making around our content.<br><br><\\/p><p>Laura King, a user experience design graduate student who worked closely on this phase of the project before graduating in fall 2014 told me that \\u201credesigning the SLO site was definitely a challenge. The existing site had a lot of information with no clear organizational structure, and several distinct user groups with very different needs and reasons for accessing the site. \\u201c<br><br><\\/p><p>Laura went on to explain the importance of research in the redesign process: \\u201cConducting user research was pivotal in the creation of the new website. The team and I interviewed users, sent out surveys, and created personas, all of which served as the foundation for site redesign. Our user-centered approach allowed us to create a much simpler structure and interface that would better serve the needs of the library\\u2019s diverse groups of users. I\\u2019m so proud of the work that our team has done to create this product!\\u201d<\\/p><h3>User-Focused Content and Architecture<\\/h3>\\r\\n\\r\\n<p>With over 500 pieces of content discovered in our content audit, it was time to get to work on the information architecture and content. &nbsp;Laura developed a proposed site map and information hierarchy, and we worked with the client to identify missing content, as well content that was no longer needed.<br><br><\\/p><p>We used a tool called&nbsp;<a href=\\\"https:\\/\\/jumpchart.com\\/\\\">JumpChart<\\/a>&nbsp;to map out and rewrite the content. &nbsp;JumpChart allowed us to visualize the content within the context of the sitemap and collaborate with the clients on edits along the way. &nbsp;The State Library team also began building a repository of photos&nbsp;that would later be integrated into the site in&nbsp;<a href=\\\"https:\\/\\/flickr.com\\/\\\">Flickr<\\/a>.<br><br><\\/p><p>Callie Sullivan, our information architect who worked remotely from a different timezone on the site content, noted that \\u201cby removing redundancies and re-categorizing content, we were able to create more intuitive information pathways and reduce total content by over 50 percent. The SLO site is now easily traversable and offers library patrons a natural browsing experience.\\u201d<br><br><\\/p><h3>Iterative Design and Prototyping<\\/h3>\\r\\n\\r\\n<p>While we worked with the client to perfect and structure the site content, our visual designer&nbsp;<a href=\\\"http:\\/\\/ideabasekent.com\\/bio\\/nico-ciani\\/\\\">Nico Ciani<\\/a>&nbsp;and creative director&nbsp;<a href=\\\"http:\\/\\/ideabasekent.com\\/bio\\/quintin-steele\\/\\\">Quintin Steele<\\/a>&nbsp;worked on developing the visual look and feel of the site. &nbsp;They started with the established brand standards and logos already in existence and developed a set of style tiles and patterns that invoked a professional, but modern design to the site.<br><br><\\/p><p>After each element was developed in&nbsp;<a href=\\\"http:\\/\\/bohemiancoding.com\\/sketch\\/\\\">Sketch<\\/a>, a visual layout tool, we quickly marked up the element in HTML\\/CSS and added it to an ongoing&nbsp;<a href=\\\"http:\\/\\/www.ideabasekent.com\\/staging\\/slo\\/prototype\\/patterns\\/\\\">prototype website website\\/pattern library on our staging server<\\/a>. &nbsp;Every Friday, we received feedback from the client on the design progress thus far and iterated upon it until we had a working, responsive prototype of the home page and main templates.<br><br><\\/p><p>Nico&nbsp;said, \\u201cthe introduction of the Sketch software early in the design process really improved our workflow. &nbsp;Our weekly meetings were nice, as we received valuable feedback about what users of the site would most likely be looking for. &nbsp;This allowed us to stay on top of any design changes that needed to happen and get an earlier sign off on our design concept so we could begin building the site.\\u201d<br><br><\\/p><p>\\u201cHaving such an active relationship with the client was ideal because we were able to present changes each week and continue the cyclical process of creating\\/testing,\\u201d IdeaBase Creative Director Quintin Steele said of the process. &nbsp;\\u201cBy working so closely with the client, we were constantly able to make sure their needs were met.\\u201d<br><br><\\/p><h3>A&nbsp;Modern Content Management System<\\/h3>\\r\\n\\r\\n<p>As the prototype began taking shape, we started defining our main content types and developing the site\\u2019s content management system. &nbsp;Content types were derived directly from our content in JumpChart, as well as from the content audit. &nbsp;Content types for this site were extensive, ranging from books and news articles, to promotional posters, newsletters, events and staff members. &nbsp;We took time to break the content into individual chunks, which we mapped out in a Google Doc.<br><br><\\/p><p>Our client had previously expressed an interest in developing the site in&nbsp;<a href=\\\"https:\\/\\/wordpress.org\\/\\\">WordPress<\\/a>&nbsp;(moving away from Drupal), due to their familiarity with the platform. &nbsp;We agreed that WordPress was a good fit and got to work setting up custom post types, as well as a custom WordPress theme, built from&nbsp;<a href=\\\"http:\\/\\/underscores.me\\/\\\">Automattic\\u2019s Underscores<\\/a>&nbsp;starter theme. &nbsp;As elements were finalized in the prototype, we began integrating them into the WordPress theme, using<a href=\\\"http:\\/\\/www.git-tower.com\\/\\\">&nbsp;Git Tower<\\/a>&nbsp;and&nbsp;<a href=\\\"http:\\/\\/beanstalkapp.com\\/\\\">Beanstalk<\\/a>&nbsp;for version control, and&nbsp;<a href=\\\"http:\\/\\/www.sublimetext.com\\/\\\">SublimeText<\\/a>,&nbsp;<a href=\\\"https:\\/\\/www.mamp.info\\/\\\">MAMP Pro<\\/a>&nbsp;and&nbsp;<a href=\\\"https:\\/\\/incident57.com\\/codekit\\/\\\">CodeKit<\\/a>&nbsp;for local development and preprocessing. &nbsp;We also utilized&nbsp;<a href=\\\"https:\\/\\/deliciousbrains.com\\/wp-migrate-db-pro\\/\\\">WP DB Migrate Pro<\\/a>&nbsp;for keeping our local development environments in sync with staging and production.<br><br><\\/p><p>We also integrated a number of custom elements into the site, such as:<\\/p><ul><li>custom post types using the&nbsp;<a href=\\\"http:\\/\\/www.advancedcustomfields.com\\/\\\">Advanced Custom Fields<\\/a>&nbsp;plugin for WordPress<\\/li><li>an events calendar that pulled from an existing XML feed, usingThe Events Calendar&nbsp;and&nbsp;WP All Import<\\/li><li>contact forms using Gravity Forms<\\/li><li>integration with the EBSCO&nbsp;Discovery&nbsp;Service for catalog searching<\\/li><li>tying in to the Google&nbsp;Custom Search platform<\\/li><li>media galleries that pulled from Flickr, using the Slickr Flickr plugin<\\/li><li>in-site viewing of PDF, Word and Excel files using the Google Doc Embedder plugin<\\/li><\\/ul><p>As content was finalized, we moved it into WordPress over a 2-month period.<\\/p><a href=\\\"http:\\/\\/ideabasekent.com\\/bio\\/reilly-hawkins\\/\\\">Reilly Hawkins<\\/a><p>, the IdeaBase web developer\\/designer from Kent State\\u2019s Computer Information Systems program in the College of Business said, \\u201cthe State Library was my first in depth project working with WordPress and developing custom code. I was amazed to see how much progress we all made on the project in just a few short months. It was very exciting to see the State Library website go from a few basic wireframes to the full service website that it is now!\\u201d.<br><\\/p><br><p><br>Throughout the entire process, we had usability and site performance in mind. &nbsp;In addition to our upfront research, we partnered with the State Library team to run a week of usability testing on the site. &nbsp;During the testing, we had participants come to IdeaBase in person to run through key tasks on the beta website using multiple devices.<br><\\/p><p>Because of the testing, we were able to identify and correct a number of issues before launching the site, ranging from users missing the site search button, to confusing navigation labels and unclear information hierarchy. &nbsp;I was also able to identify accessibility issues using&nbsp;<a href=\\\"https:\\/\\/chrome.google.com\\/webstore\\/detail\\/accessibility-developer-t\\/fpkknkljclfencbdbgkenhalefipecmb?hl=en\\\">Google\\u2019s accessibility developer tools<\\/a>, as well as with the fantastic accessibility tools built into OS X.<br><br>Performance and device testing were also a personal goal of mine throughout the project. &nbsp;I used&nbsp;<a href=\\\"https:\\/\\/incident57.com\\/codekit\\/\\\">CodeKit<\\/a>\\u2019s auto-reload feature to test design changes live on multiple mobile devices and tablets. &nbsp;Reilly also ran through a testing plan prior to launch to ensure the site displayed correctly on older laptops as well as Android and Windows Phone devices.<br><\\/p><p>Finally,&nbsp;I was able to use a combination of&nbsp;<a href=\\\"https:\\/\\/wordpress.org\\/plugins\\/bwp-minify\\/\\\">minified JavaScript<\\/a>,<a href=\\\"https:\\/\\/wordpress.org\\/plugins\\/ricg-responsive-images\\/\\\">responsive images<\\/a>,&nbsp;<a href=\\\"https:\\/\\/wordpress.org\\/plugins\\/async-js-and-css\\/\\\">asynchronous CSS<\\/a>&nbsp;and caching (via&nbsp;<a href=\\\"https:\\/\\/www.cloudflare.com\\/\\\">CloudFlare<\\/a>) to improve performance and decrease load time.<br><br>Managing the Project<\\/p>\\r\\n\\r\\nThe project wouldn\\u2019t have gone anywhere without great management, attention to client feedback and collaboration within the team. &nbsp;A few things really helped us out during this redesign:<br><ul><li>Our account manager,&nbsp;<a href=\\\"http:\\/\\/ideabasekent.com\\/bio\\/brendan-bennett\\/\\\">Brendan Bennett<\\/a>, communicated with the client, summarized notes from our meetings and migrated much of the site\\u2019s content to WordPress.<\\/li><li>Our project management system Basecamp, allowed us to keep track of todo\'s, emails, project files and timelines<\\/li><li>A weekly Friday phone meeting via WebEx with the client helped everyone stay on track. We were able to discuss design decisions on a regular basis, ensuring the project kept moving forward and remained transparent on both ends.<\\/li><\\/ul><p>Brendan had this to say about his work on the project: \\u201cIt was a pleasure working with everyone at the State Library of Ohio. Progress moved at an exceptionally smooth pace, and I think everyone\\u2019s persistence and hard work can easily be identified in the end result. I\\u2019m very proud of how everything turned out.\\u201d<br><\\/p>Looking Back\\r\\n\\r\\n<p><br>For a staff comprised mostly of students who had, for the most part, never worked on a redesign of this scale before with such a diverse team, we were able to accomplish a massive feat. &nbsp;The website launched on May 27, 2015, replacing the prior version of the website, at&nbsp;<a href=\\\"http:\\/\\/library.ohio.gov\\/\\\">http:\\/\\/library.ohio.gov<\\/a>.<br><br>With all of our success, we also learned a few valuable lessons along the way:<br><br>It\\u2019s important to scope in detail a large web design project during the discovery phase, so that the team knows the breadth of the project and can budget accordingly. &nbsp;Involve all team members in the discovery phase so that everyone can give their input on project scope.<br><br>Map out content types early and understand how content will be structured and ultimately displayed. &nbsp;Accounting for all of your \\u201cpages\\u201d is not enough \\u2013 it\\u2019s the types of content that matters.<br>Work in parallel. &nbsp;While in the research phase, start putting together your staging environment and exploring visual design patterns. &nbsp;Parallel work allows for better collaboration and faster, iterative adjustments<br><br>Design and content are never \\u201cfinished\\u201d. &nbsp;While developing your content, design pattern needs will naturally develop along the way. &nbsp;It\\u2019s better to (when possible) develop your design around existing content, rather than retrofitting content into a design.<br><br>Don\\u2019t underestimate the amount of effort required to build a custom CMS. &nbsp;The CMS user experience is just as important as the external site\\u2019s user experience \\u2013 don\\u2019t cut corners in order to meet a deadline.<br><a href=\\\"http:\\/\\/ideabasekent.com\\/bio\\/kristin-dowling\\/\\\"><br>Kristin Dowling<\\/a>, IdeaBase business development manager who worked with the State Library of Ohio to foster the project from its inception and ensure that it met our client\\u2019s expectations said \\u201cworking with the team at the State Library of Ohio was a wonderful experience, and a true collaborative effort. This client was committed to redesigning their website with the end-user in mind, and we were fortunate to have been a part of this project.\\u201d<br><br>Our success was aided by the fact that our counterparts on the State Library of Ohio team were able to work with us closely as experts on marketing and communications (Marsha McDevitt-Stredney) and technical integration (Eric Maynard). &nbsp;These team members were able to work with the State Librarian, Beverly Cain, as well as the staff at the State Library of Ohio, to get approval along the way and ensure the project progressed smoothly.<br>Marsha from the State Library team said: \\u201cI really enjoyed working with the IdeaBase team. Their approach to research, design, and development brought together a multitude of skills, talent, and expertise to develop a website that best meets the needs of the individuals and groups we serve.\\u201d<br><br>She went on to describe the design process, saying, \\u201cas a State Library we have collections, programs and services available to all Ohioans and others that are unique to state employees, libraries, and residents. &nbsp;It\\u2019s a challenge to bring all of it together into one easy to use website. &nbsp;Their process helped us stay focused on our users. The result is a clean design that is easy to navigate.\\u201d<br><br>As a team, we\\u2019re proud to have completed a project that not only performs well and looks great, but also is backed in research. &nbsp;This project resulted in a unique&nbsp;collaboration between Kent State students who now have the experience of working on a live, high-impact website. &nbsp;&nbsp;Providing a great student experience, by far, is our most important accomplishment on the State Library of Ohio project and is what makes IdeaBase such a great asset to Kent State University.<br><br>You can view the new State Library of Ohio website at&nbsp;<a href=\\\"http:\\/\\/library.ohio.gov\\/\\\">http:\\/\\/library.ohio.gov<\\/a>. &nbsp;You can also see the site in action by viewing the State Library of Ohio redesign video below, edited and produced by IdeaBase videographer&nbsp;<a href=\\\"http:\\/\\/ideabasekent.com\\/bio\\/todd-thompson\\/\\\">Todd Thompson<\\/a>.<\\/p>\"}}', '2016-01-04 03:21:25', '2016-01-04 03:21:25', 'e523d11b-9cdd-4306-b7b9-5e276902162c'),
 ('222', '376', '13', '87', 'en_us', '1', '', '{\"typeId\":null,\"authorId\":\"87\",\"title\":\"Test Case Study\",\"slug\":\"test-case-study\",\"postDate\":1451877696,\"expiryDate\":null,\"enabled\":1,\"parentId\":null,\"fields\":{\"60\":\"\",\"92\":\"\",\"11\":\"\"}}', '2016-01-04 03:21:36', '2016-01-04 03:21:36', 'ff2650a1-693d-43c6-a3e3-a606a136cf70'),
 ('223', '378', '3', '87', 'en_us', '1', NULL, '{\"typeId\":\"3\",\"authorId\":\"87\",\"title\":\"Brad Istnick\",\"slug\":\"brad-istnick\",\"postDate\":1452018115,\"expiryDate\":null,\"enabled\":1,\"parentId\":null,\"fields\":{\"6\":\"\",\"77\":\"\",\"4\":\"\",\"115\":\"Brad\",\"7\":\"\",\"26\":[\"7\"],\"3\":\"Creative Director - Hitchcock Fleming & Associates, Inc.\",\"114\":\"Istnick\",\"5\":\"\",\"27\":[\"377\"],\"89\":\"\"}}', '2016-01-05 18:21:56', '2016-01-05 18:21:56', '5bcbc064-ffcc-43dd-a9d2-2a6bfc928dcb'),
 ('224', '380', '3', '87', 'en_us', '1', NULL, '{\"typeId\":\"3\",\"authorId\":\"87\",\"title\":\"Greg Kiskadden\",\"slug\":\"greg-kiskadden\",\"postDate\":1452018651,\"expiryDate\":null,\"enabled\":1,\"parentId\":null,\"fields\":{\"6\":\"<p>Executive Vice President Greg Kiskadden oversees WhiteSpace Creative new business development. He draws from his rich leadership background to foster key relationships with prospective clients from a diverse body of industries, such as service, manufacturing, logistics, healthcare and higher education. He also supports comprehensive agency operations, including spearheading workflow and scheduling improvements and assisting in overall agency integration.<\\/p><p>A member of WhiteSpace since 1996, Greg has transitioned from a designer and developer to account supervisor and agency executive vice president. Experience in these varied roles has enabled Greg to combine his talents in developing integrated communication programs with extensive client service and sales expertise. It also has allowed him to view projects from a unique perspective \\u2013 one that blends strategic marketing and tactical execution to support business goals.<\\/p><p>Prior to WhiteSpace, Greg worked at The Little Tikes Company, a division of Rubbermaid in Hudson, Ohio, where he helped develop product literature for domestic and international sales, print collateral and advertising material. A Kent State graduate, he earned a BA in visual communications with a concentration in illustration and art history. Greg currently serves on the Habitat for Humanity public relations and communications board, as well as on the professional advisory board of IdeaBase, a Kent State University student-run marketing communications firm in Kent, Ohio.<\\/p><p>Greg is an avid runner and, in addition to competing in the Akron and Nashville half-marathons, he coaches cross country for St. Patrick School in Kent, Ohio. He enjoys travel and has journeyed to Italy, Belize, Trinidad, Tobago and Puerto Rico. Greg lives in Kent with his wife and two daughters.<\\/p>\",\"77\":\"\",\"4\":\"\",\"115\":\"Greg\",\"7\":\"\",\"26\":[\"7\"],\"3\":\"Executive Vice President - WhiteSpace Creative\",\"114\":\"Kiskadden\",\"5\":\"\",\"27\":[\"379\"],\"89\":\"\"}}', '2016-01-05 18:30:52', '2016-01-05 18:30:52', 'e23da502-d319-4b40-9b15-27ca122bd839');
INSERT INTO `craft_entryversions` (`id`, `entryId`, `sectionId`, `creatorId`, `locale`, `num`, `notes`, `data`, `dateCreated`, `dateUpdated`, `uid`) VALUES
 ('225', '381', '3', '87', 'en_us', '1', NULL, '{\"typeId\":\"3\",\"authorId\":\"87\",\"title\":\"Greg Thomas\",\"slug\":\"greg-thomas\",\"postDate\":1452018787,\"expiryDate\":null,\"enabled\":1,\"parentId\":null,\"fields\":{\"6\":\"<p>Greg has spent more than 25 years managing the creative process and&nbsp;coaching creative teams to help businesses be more successful. As a writer,&nbsp;creative director, account director and advertising agency manager, Greg has&nbsp;helped clients such as Ameritech, McDonald\\u2019s, Goodyear, Sherwin Williams,&nbsp;FirstEnergy, Parker Hannifin, White Castle and many others manage their brands&nbsp;successfully. The work produced by the teams and agencies he has led has&nbsp;been showcased in numerous national and international competitions and trade&nbsp;journals.<\\/p><p>As Partner\\/ Creative Director at Point to Point, Greg guides the creative thinking&nbsp;of the agency and its clients and manages the agency\\u2019s creative staff.<\\/p><p>Greg has been very involved in education as well.&nbsp;As an adjunct faculty member&nbsp;and Practitioner in Residence at Kent State University, he helped develop a&nbsp;creative curriculum in the Advertising program and guided the launch and first&nbsp;year of IdeaBase, the student-run integrated marketing communications&nbsp;firm. He has also guest lectured on the topic of creativity in the Executive MBA&nbsp;program at Cleveland State\\u2019s Nance College of Business. Greg holds bachelor\\u2019s&nbsp;degrees in English and Education from Kent State.<\\/p>\",\"77\":\"\",\"4\":\"\",\"115\":\"Greg\",\"7\":\"\",\"26\":[\"7\"],\"3\":\"Creative Director - Point to Point\",\"114\":\"Thomas\",\"5\":\"\",\"27\":\"\",\"89\":\"\"}}', '2016-01-05 18:33:08', '2016-01-05 18:33:08', '8ed37f33-c130-4c81-882d-6354d13b4976'),
 ('226', '382', '3', '87', 'en_us', '1', NULL, '{\"typeId\":\"3\",\"authorId\":\"87\",\"title\":\"Steve Lageson\",\"slug\":\"steve-lageson\",\"postDate\":1452019054,\"expiryDate\":null,\"enabled\":1,\"parentId\":null,\"fields\":{\"6\":\"\",\"77\":\"\",\"4\":\"\",\"115\":\"Steve\",\"7\":\"\",\"26\":[\"7\"],\"3\":\"Associate Creative Director - Wyse Advertising\",\"114\":\"Lageson\",\"5\":\"\",\"27\":\"\",\"89\":\"\"}}', '2016-01-05 18:37:34', '2016-01-05 18:37:34', 'cbd6e6a4-eaa5-4806-af5e-6000978e958b'),
 ('227', '384', '3', '87', 'en_us', '1', NULL, '{\"typeId\":\"3\",\"authorId\":\"87\",\"title\":\"Danielle Coombs, Ph.D.\",\"slug\":\"danielle-coombs-ph-d\",\"postDate\":1452019847,\"expiryDate\":null,\"enabled\":1,\"parentId\":null,\"fields\":{\"6\":\"<p>Dr. Coombs is an Assistant Professor in the School of Journalism and Mass Communication at Kent State University. In addition to this position, she is the founder and principal of Sarver Research, a Cleveland-based market research firm. Prior to returning to northeastern Ohio, Dr. Coombs served as a senior research manager for Insight Research Group in New York City. While at Insight, she specialized in uncovering consumer insights in order to inform advertising campaigns, product design, and brand strategies for numerous prominent brands from a variety of industries including television, retail, non-profits, and consumer packaged goods. In 2007, she completed her Ph.D. in Mass Communication and Public Affairs from the Manship School of Communication at Louisiana State University. Her dissertation examined the political effects of late night television comedy. She also holds a master\\u2019s degree in international mass communication and a bachelor\\u2019s degree in media studies, both from the School of Telecommunications at Ohio University.<\\/p>\",\"77\":\"\",\"4\":\"\",\"115\":\"Danielle\",\"7\":\"\",\"26\":[\"8\"],\"3\":\"Assistant Professor, Journalism & Mass Communication\",\"114\":\"Coombs, Ph.D.\",\"5\":\"\",\"27\":[\"383\"],\"89\":\"\"}}', '2016-01-05 18:50:48', '2016-01-05 18:50:48', 'b847a88e-c92f-4e27-bd9c-55b9d87a0142'),
 ('228', '385', '3', '87', 'en_us', '1', NULL, '{\"typeId\":\"3\",\"authorId\":\"87\",\"title\":\"David Robins, Ph.D.\",\"slug\":\"david-robins-ph-d\",\"postDate\":1452019897,\"expiryDate\":null,\"enabled\":1,\"parentId\":null,\"fields\":{\"6\":\"\",\"77\":\"\",\"4\":\"\",\"115\":\"\",\"7\":\"\",\"26\":\"\",\"3\":\"\",\"114\":\"\",\"5\":\"\",\"27\":\"\",\"89\":\"\"}}', '2016-01-05 18:51:38', '2016-01-05 18:51:38', '22de2ddc-65ca-457d-a356-2759c21b1bfe'),
 ('229', '385', '3', '87', 'en_us', '2', '', '{\"typeId\":\"3\",\"authorId\":\"87\",\"title\":\"David Robins, Ph.D.\",\"slug\":\"david-robins-ph-d\",\"postDate\":1452019860,\"expiryDate\":null,\"enabled\":1,\"parentId\":\"\",\"fields\":{\"6\":\"<p>Dr. Robins is an Associate Professor at Kent State University and holds a Ph.D. in Information Science from the University of North Texas. His research foci are information architecture, visual explanations of complex constructs, and user interaction with information systems. Much of his published work concerns users\\u2019 interaction with information seeking structures. He has developed courses in information technologies, information architecture and knowledge management which integrate theory with real world application. Dr. Robins has conducted presentations in the US, Mexico and Denmark.<\\/p>\",\"77\":\"\",\"4\":\"\",\"115\":\"David\",\"7\":\"\",\"26\":[\"8\"],\"3\":\"Full Professor, Information and Knowledge Management\",\"114\":\"Robins, Ph.D.\",\"5\":\"\",\"27\":[\"386\"],\"89\":\"\"}}', '2016-01-05 18:56:59', '2016-01-05 18:56:59', '0dcafee9-83b0-4597-8373-32ff9bf149a0'),
 ('230', '388', '3', '87', 'en_us', '1', NULL, '{\"typeId\":\"3\",\"authorId\":\"87\",\"title\":\"Jillian Coorey\",\"slug\":\"jillian-coorey\",\"postDate\":1452020353,\"expiryDate\":null,\"enabled\":1,\"parentId\":null,\"fields\":{\"6\":\"<p>Jillian Coorey is an Assistant Professor in the School of Visual Communication Design at Kent State University. Prior to coming to Kent, Jillian spent five years working in Chicago as a designer for various companies, in addition to managing freelance clientele. As a designer, she strives to create thoughtful and innovative solutions that combine conceptual and creative thinking. Jillian received her MFA in Graphic Design from the University of Illinois at Chicago and her BFA in Graphic Design from The State University of New York at Fredonia. She has also studied in Basel, Switzerland at The Basel School of Design. Her thesis research involved dance and design, creating work that challenges and informs the dimensional experience of movement, time and space.<\\/p>\",\"77\":\"\",\"4\":\"\",\"115\":\"Jillian\",\"7\":\"\",\"26\":[\"8\"],\"3\":\"Assistant Professor, Visual Communication Design\",\"114\":\"Coorey\",\"5\":\"\",\"27\":[\"387\"],\"89\":\"\"}}', '2016-01-05 18:59:13', '2016-01-05 18:59:13', '0207a2bb-5194-4208-a009-b3513df7e346'),
 ('231', '390', '3', '87', 'en_us', '1', NULL, '{\"typeId\":\"3\",\"authorId\":\"87\",\"title\":\"Pamela Grimm, Ph.D.\",\"slug\":\"pamela-grimm-ph-d\",\"postDate\":1452020947,\"expiryDate\":null,\"enabled\":1,\"parentId\":null,\"fields\":{\"6\":\"<p>Dr. Grimm joined Kent State University in 1992 as an Associate Professor. She is currently an Associate Professor and Chair of the Department of Marketing and Entrepreneurship. She worked in Advertising before pursuing and completing her doctorate in Marketing at the State University of New York at Buffalo. Her research interests are in consumer behavior, specifically motivation and information search, advertising and celebrity endorsements. Dr. Grimm has been a participant in the Advertising Education Foundation\\u2019s Faculty Internship program and has received several teaching awards. Courses she has taught include Marketing, Consumer Behavior, Advertising and Internet Marketing at the Undergraduate level and Marketing Management at the Graduate level. Dr. Grimm has also been a faculty member in the Executive MBA program, teaching the International Business Experience.<\\/p>\",\"77\":\"\",\"4\":\"\",\"115\":\"Pamela\",\"7\":\"\",\"26\":[\"8\"],\"3\":\"Associate Professor, Marketing Chair\",\"114\":\"Grimm, Ph.D.\",\"5\":\"\",\"27\":[\"389\"],\"89\":\"\"}}', '2016-01-05 19:09:07', '2016-01-05 19:09:07', 'be7a56ea-394d-4fb7-a214-d78492521603'),
 ('232', '392', '3', '87', 'en_us', '1', NULL, '{\"typeId\":\"3\",\"authorId\":\"87\",\"title\":\"Paul Haridakis, Ph.D.\",\"slug\":\"paul-haridakis-ph-d\",\"postDate\":1452021075,\"expiryDate\":null,\"enabled\":1,\"parentId\":null,\"fields\":{\"6\":\"<p>Dr. Haridakis is a full Professor at Kent State University. He completed his doctorate at Kent State University and holds a J.D. and Bachelor of the Arts from the University of Akron. He conducts research in media uses and effects, law, public policy, new communication technologies, and media ethics. His recent work has focused on First Amendment issues related to the regulation of content in various media such as the Internet and television. He teaches courses in Free Speech, Research Methods, Communication Process, and Senior Seminar. He also is a practicing lawyer.<\\/p>\",\"77\":\"\",\"4\":\"\",\"115\":\"Paul\",\"7\":\"\",\"26\":[\"8\"],\"3\":\"Full Professor, Director of Communication Studies\",\"114\":\"Haridakis, Ph.D.\",\"5\":\"\",\"27\":[\"391\"],\"89\":\"\"}}', '2016-01-05 19:11:16', '2016-01-05 19:11:16', 'c0c41f6d-696e-4d62-9f21-0fb17ef704d6'),
 ('233', '394', '3', '87', 'en_us', '1', NULL, '{\"typeId\":\"3\",\"authorId\":\"87\",\"title\":\"Valora Renicker\",\"slug\":\"valora-renicker\",\"postDate\":1452021335,\"expiryDate\":null,\"enabled\":1,\"parentId\":null,\"fields\":{\"6\":\"<p>Valora received her MFA in Graphic Design from Kent State University and a BFA in Graphic Design and Art Education from the University of Akron. Her background includes experience in the design field and teaching art in the public schools. Valora is an Assistant Professor in the School of Visual Communication Design (VCD) at Kent State University where she has taught course in typography, formal and conceptual design development, 3D graphic design and computer software. She is the Creative Director of&nbsp;<a href=\\\"http:\\/\\/www.kent.edu\\/glyphix\\\">Glyphix<\\/a>, an award-winning student-staffed design studio within the School of VCD, where she instructs both undergraduate and graduate level students in the real-world implementation of design practices and production.<\\/p>\",\"77\":\"\",\"4\":\"\",\"115\":\"Valora\",\"7\":\"\",\"26\":[\"8\"],\"3\":\"Assistant Professor, Visual Communication Design and Creative Director, Glyphix Design Studio\",\"114\":\"Renicker\",\"5\":\"\",\"27\":[\"393\"],\"89\":\"\"}}', '2016-01-05 19:15:36', '2016-01-05 19:15:36', 'cc87b4b3-693e-44db-b840-e30b3b7d1247'),
 ('234', '319', '3', '87', 'en_us', '3', '', '{\"typeId\":\"3\",\"authorId\":\"204\",\"title\":\"Grace Jacobsen\",\"slug\":\"grace-jacobsen\",\"postDate\":1451404260,\"expiryDate\":null,\"enabled\":1,\"parentId\":\"\",\"fields\":{\"6\":\"\",\"77\":\"\",\"4\":\"gjacobsen@ideabasekent.com\",\"115\":\"Grace\",\"7\":\"\",\"26\":[\"6\"],\"3\":\"Designer\",\"114\":\"Jacobsen\",\"5\":\"\",\"27\":\"\",\"89\":\"\"}}', '2016-01-05 19:34:48', '2016-01-05 19:34:48', '23eb1b01-f27f-483b-a615-92aa6cb834e9'),
 ('235', '67', '3', '87', 'en_us', '20', '', '{\"typeId\":\"3\",\"authorId\":\"1\",\"title\":\"Reilly Hawkins \",\"slug\":\"reilly-hawkins\",\"postDate\":1442584980,\"expiryDate\":null,\"enabled\":1,\"parentId\":\"\",\"fields\":{\"6\":\"<p>Reilly&nbsp;is an outfielder for the Kent State University Baseball team. He enjoys being a \\u201ctechie\\u201dand loves Apple products and their&nbsp;innovations.&nbsp;Reilly is&nbsp;intrigued&nbsp;by&nbsp;how much technology is becoming a part of everyday society.&nbsp;<\\/p>\\r\\n\\r\\n<p><br><\\/p>\",\"77\":\"Computer Information Systems \",\"4\":\"rhawkins@ideabasekent.com\",\"115\":\"Reilly\",\"7\":\"I legally had my name changed in Kindergarten. It used to be Andrew Quaid Hawkins, however there were 4 other \\u201cAndrews\\u201d in my class so my mom wanted it to be more unique. Changed to Reilly William Hawkins.\",\"26\":[\"6\"],\"3\":\"Web Programmer\",\"114\":\"Hawkins \",\"5\":\"\",\"27\":[\"300\"],\"89\":\"\"}}', '2016-01-05 19:44:29', '2016-01-05 19:44:29', 'b7aabf2b-7257-4bb1-817a-fe6c47492129'),
 ('236', '67', '3', '87', 'en_us', '21', '', '{\"typeId\":\"3\",\"authorId\":\"1\",\"title\":\"Reilly Hawkins \",\"slug\":\"reilly-hawkins\",\"postDate\":1442584980,\"expiryDate\":null,\"enabled\":1,\"parentId\":\"\",\"fields\":{\"6\":\"<p>Reilly&nbsp;is an outfielder for the Kent State University Baseball team. He enjoys being a \\u201ctechie\\u201dand loves Apple products and their&nbsp;innovations.&nbsp;Reilly is&nbsp;intrigued&nbsp;by&nbsp;how much technology is becoming a part of everyday society.&nbsp;<\\/p>\\r\\n\\r\\n<p><br><\\/p>\",\"77\":\"Computer Information Systems \",\"4\":\"rhawkins@ideabasekent.com\",\"115\":\"Reilly\",\"7\":\"I legally had my name changed in Kindergarten. It used to be Andrew Quaid Hawkins, however there were 4 other \\u201cAndrews\\u201d in my class so my mom wanted it to be more unique. Changed to Reilly William Hawkins.\",\"26\":[\"6\"],\"3\":\"Web Programmer\",\"114\":\"Hawkins \",\"5\":\"\",\"27\":[\"300\"],\"89\":\"\"}}', '2016-01-05 19:44:30', '2016-01-05 19:44:30', 'ce84bf47-d9a1-4499-89d5-7251b882ff87'),
 ('237', '395', '8', '87', 'en_us', '1', NULL, '{\"typeId\":null,\"authorId\":null,\"title\":\"Kent State Athletics\",\"slug\":\"kent-state-athletics\",\"postDate\":1452024230,\"expiryDate\":null,\"enabled\":1,\"parentId\":null,\"fields\":{\"22\":\"\",\"23\":\"\"}}', '2016-01-05 20:03:51', '2016-01-05 20:03:51', '5b45a488-6c0f-49a5-b0f7-3121383d99bd'),
 ('238', '314', '4', '87', 'en_us', '4', '', '{\"typeId\":\"4\",\"authorId\":\"87\",\"title\":\"Kent State Athletics Annual Report 2015\",\"slug\":\"kent-state-athletics-annual-report-2015\",\"postDate\":1441771200,\"expiryDate\":null,\"enabled\":1,\"parentId\":null,\"fields\":{\"48\":\"\",\"117\":[\"395\"],\"61\":\"\",\"9\":\"<p>IdeaBase was brough on board for the second year in a row to develop and design Kent State University Athletics\' year-in-review\\/annual report.<\\/p>\\r\\n\\r\\n<p>The interactive report is designed in HTML\\/CSS&nbsp;and this year features a single-page design&nbsp;(with supplemental article pages). The design is composed to photos, text and custom icons that match the university\'s blue and gold branding.<\\/p>\\r\\n\\r\\n\\r\\n\\r\\n\\r\\n\\r\\n<p>We went through a process of discovert, content gathering, design\\/architerture and development over a period of 5 months.&nbsp;<\\/p>\\r\\n\\r\\n\\r\\n\\r\\n\\r\\n\\r\\n<p>From a technical perspective, the site utilizes:<\\/p>\\r\\n\\r\\n\\r\\n\\r\\n\\r\\n\\r\\n<ul><li>Jekyll, a static site generator that doesn\'t require a full content management system<\\/li><li>Grunt, for task running, including image resizing, browser refreshing and code compiling<\\/li><li>SASS&nbsp;for writing CSS&nbsp;for efficiency<\\/li><li>CSS&nbsp;animations<\\/li><li>Image and JavaScript compression and lazy loading for optimal performance<\\/li><\\/ul>\\r\\n\\r\\n\\r\\n\\r\\n\\r\\n\\r\\n<p>The site launched in September 2015.<\\/p>\",\"46\":[\"311\"],\"88\":[\"175\"],\"104\":\"http:\\/\\/www.supportgoldenflashes.com\\/2015_Annual_Report\\/\"}}', '2016-01-05 20:04:12', '2016-01-05 20:04:12', 'bb115f6e-9fdc-4e20-b5ed-829b3e1cfc48'),
 ('239', '396', '8', '87', 'en_us', '1', NULL, '{\"typeId\":null,\"authorId\":null,\"title\":\"State Library of Ohio\",\"slug\":\"state-library-of-ohio\",\"postDate\":1452024349,\"expiryDate\":null,\"enabled\":1,\"parentId\":null,\"fields\":{\"22\":\"\",\"23\":\"\"}}', '2016-01-05 20:05:49', '2016-01-05 20:05:49', '6365558c-a93a-4bfc-a9e9-a9e8114ab02d'),
 ('240', '357', '4', '87', 'en_us', '2', '', '{\"typeId\":\"4\",\"authorId\":\"204\",\"title\":\"State Library of Ohio\",\"slug\":\"state-library-of-ohio\",\"postDate\":1451580840,\"expiryDate\":null,\"enabled\":1,\"parentId\":null,\"fields\":{\"48\":\"\",\"117\":[\"396\"],\"61\":\"\",\"9\":\"<p>IdeaBase redesigned the State Library of Ohio website in May 2015. &nbsp;The site&nbsp;features a new interface, improved site navigation, and enhanced search functionality. &nbsp;<a href=\\\"https:\\/\\/www.youtube.com\\/watch?v=LeQZE5-ar3Q\\\">View the video<\\/a>&nbsp;to see the site in action, or<a href=\\\"http:\\/\\/library.ohio.gov\\/\\\">&nbsp;visit the site<\\/a>&nbsp;to learn more.<\\/p>\",\"46\":[\"356\"],\"88\":[\"175\"],\"104\":\"https:\\/\\/library.ohio.gov\\/\"}}', '2016-01-05 20:06:51', '2016-01-05 20:06:51', '94118ce4-fb1c-405b-83bf-b90281da494a'),
 ('241', '397', '8', '87', 'en_us', '1', NULL, '{\"typeId\":null,\"authorId\":null,\"title\":\"Schneller\",\"slug\":\"schneller\",\"postDate\":1452024817,\"expiryDate\":null,\"enabled\":1,\"parentId\":null,\"fields\":{\"22\":\"\",\"23\":\"\"}}', '2016-01-05 20:13:37', '2016-01-05 20:13:37', '6ebcaade-c370-464e-a32e-ac506539e373'),
 ('242', '398', '4', '87', 'en_us', '1', NULL, '{\"typeId\":\"4\",\"authorId\":\"87\",\"title\":\"Schneller AerFilm Flex Product Demonstration Video\",\"slug\":\"schneller-aerfilm-flex-product-demonstration-video\",\"postDate\":1452024882,\"expiryDate\":null,\"enabled\":1,\"parentId\":null,\"fields\":{\"48\":\"\",\"117\":[\"397\"],\"61\":\"\",\"9\":\"<p>IdeaBase filmed and edited this&nbsp;product demonstration video for use in tradeshows by Schneller, a manufacturer of custom, specialty laminates and coated fabrics for transportation interiors in Kent, OH.<\\/p><p>AerFilm Flex\\u00ae is Schneller\\u2019s&nbsp;newest decorative laminate, designed to provide superior formability compared to established decorative laminates. Engineered to cover complex, compound-curve, 3 dimensional parts, AerFilm Flex\\u00ae is lightweight and provides superior texture retention while providing the design freedom needed to create premium cabin designs.<\\/p>\",\"46\":\"\",\"88\":[\"180\"],\"104\":\"https:\\/\\/www.youtube.com\\/watch?v=5GQs1SARyro\"}}', '2016-01-05 20:14:42', '2016-01-05 20:14:42', '8829ce39-f300-4f5a-b0c7-9dfa3522e4df'),
 ('243', '399', '8', '87', 'en_us', '1', NULL, '{\"typeId\":null,\"authorId\":null,\"title\":\"Dan Nicol of Ice Consulting\",\"slug\":\"dan-nicol-of-ice-consulting\",\"postDate\":1452025166,\"expiryDate\":null,\"enabled\":1,\"parentId\":null,\"fields\":{\"22\":\"\",\"23\":\"\"}}', '2016-01-05 20:19:26', '2016-01-05 20:19:26', '1bb933d9-5f88-4d38-a924-c150871c9bbb'),
 ('244', '353', '4', '87', 'en_us', '2', '', '{\"typeId\":\"4\",\"authorId\":\"204\",\"title\":\"Ice Consulting\",\"slug\":\"ice-consulting\",\"postDate\":1451580420,\"expiryDate\":null,\"enabled\":1,\"parentId\":null,\"fields\":{\"48\":\"\",\"117\":[\"399\"],\"61\":[\"320\",\"316\",\"120\",\"119\",\"146\"],\"9\":\"<p>IdeaBase redesigned the Ice Consulting&nbsp;website and Glyphix (kentglyphix.org) created a new brand identity and logo for Ice Consulting&nbsp;in July&nbsp;2015. The website uses a customized template from Squarespace.com, with colors, type and custom-designed iconography that matches the new ICE identity and the content was written and positioned to match the ICE business goals and increase search optimization. The website was also designed to be responsive and scale across multiple devices.<br><\\/p>\",\"46\":[\"351\",\"352\"],\"88\":[\"175\"],\"104\":\"http:\\/\\/iceconsulting.org\\/\"}}', '2016-01-05 20:19:38', '2016-01-05 20:19:38', '56060a58-bff2-48d6-ad7d-6971578d8f0a'),
 ('245', '400', '8', '87', 'en_us', '1', NULL, '{\"typeId\":null,\"authorId\":null,\"title\":\"Kent State University School of Library & Information Science\",\"slug\":\"kent-state-university-school-of-library-information-science\",\"postDate\":1452025590,\"expiryDate\":null,\"enabled\":1,\"parentId\":null,\"fields\":{\"22\":\"\",\"23\":\"\"}}', '2016-01-05 20:26:30', '2016-01-05 20:26:30', '1e3a4f2d-8800-415f-a63f-891821318570'),
 ('246', '355', '4', '87', 'en_us', '2', '', '{\"typeId\":\"4\",\"authorId\":\"204\",\"title\":\"School of Library & Information Science\",\"slug\":\"school-of-library-information-science\",\"postDate\":1451580660,\"expiryDate\":null,\"enabled\":1,\"parentId\":null,\"fields\":{\"48\":\"\",\"117\":[\"400\"],\"61\":\"\",\"9\":\"<p>IdeaBase took on the research, design and development for the School of Library & Information Science over a 9 month period, launching in January 2015. &nbsp;The website features a custom, responsive design template, research-backed content and navigation and was built in Drupal according to Kent State University\\u2019s web standards.<\\/p>\",\"46\":[\"354\"],\"88\":[\"175\"],\"104\":\"http:\\/\\/www.kent.edu\\/slis\"}}', '2016-01-05 20:41:04', '2016-01-05 20:41:04', 'c9f914f1-82f6-405c-962e-3ae848ea806d'),
 ('247', '370', '4', '87', 'en_us', '3', '', '{\"typeId\":\"4\",\"authorId\":\"204\",\"title\":\"May Consulting Partners\",\"slug\":\"may-consulting-partners\",\"postDate\":1451582340,\"expiryDate\":null,\"enabled\":1,\"parentId\":null,\"fields\":{\"48\":\"\",\"117\":[\"372\"],\"61\":\"\",\"9\":\"\",\"46\":[\"369\"],\"88\":[\"177\",\"175\"],\"104\":\"http:\\/\\/mayconsultingpartners.com\\/\"}}', '2016-01-05 20:44:09', '2016-01-05 20:44:09', 'f002d4ca-82c3-4e08-ae54-e37086a84dcd'),
 ('248', '370', '4', '87', 'en_us', '4', '', '{\"typeId\":\"4\",\"authorId\":\"204\",\"title\":\"May Consulting Partners\",\"slug\":\"may-consulting-partners\",\"postDate\":1451582340,\"expiryDate\":null,\"enabled\":1,\"parentId\":null,\"fields\":{\"48\":\"\",\"117\":[\"372\"],\"61\":\"\",\"9\":\"\",\"46\":[\"369\"],\"88\":[\"177\",\"175\"],\"104\":\"http:\\/\\/mayconsultingpartners.com\\/\"}}', '2016-01-05 20:44:10', '2016-01-05 20:44:10', '6ae00fda-2de3-4faf-a373-294ef378fee3'),
 ('249', '365', '4', '87', 'en_us', '4', '', '{\"typeId\":\"4\",\"authorId\":\"204\",\"title\":\"Florence Tour: Kent State College of Communication and Information\",\"slug\":\"florence-tour-kent-state-college-of-communication-and-information\",\"postDate\":1451581860,\"expiryDate\":null,\"enabled\":1,\"parentId\":null,\"fields\":{\"48\":\"\",\"117\":[\"373\"],\"61\":\"\",\"9\":\"<p>The Florence Alumni & Friends Tour campaign was developed for Kent State\'s College of Communication and Information with the goal of promoting an exclusive trip to Florence, Italy for alumni of the college. IdeaBase designers created a custom design system that was used across many different printed and digital pieces.<\\/p>\\r\\n\\r\\n<p>The campaign included:<\\/p>\\r\\n\\r\\n\\r\\n\\r\\n<ul><li>A printed book, explaining the benefits of attending the trip<\\/li><li>A folded invitation, mailed to CCI alumni<\\/li><li>A website, to which those interested were directed for more information<\\/li><\\/ul>\\r\\n\\r\\n\\r\\n\\r\\n<p>The Florence Tour campaign won a Solver ADDY&nbsp;from the Akron Advertising Federation in February 2015 as part&nbsp;of the professional Campaign category.<\\/p>\",\"46\":[\"364\"],\"88\":[\"178\",\"179\"],\"104\":\"\"}}', '2016-01-05 20:44:44', '2016-01-05 20:44:44', '6b04e6ca-b3df-434b-9084-d1f358e2eba5'),
 ('250', '353', '4', '87', 'en_us', '3', '', '{\"typeId\":\"4\",\"authorId\":\"204\",\"title\":\"Ice Consulting\",\"slug\":\"ice-consulting\",\"postDate\":1451580420,\"expiryDate\":null,\"enabled\":1,\"parentId\":null,\"fields\":{\"48\":\"\",\"117\":[\"399\"],\"61\":[\"320\",\"316\",\"120\",\"119\",\"146\"],\"9\":\"<p>IdeaBase redesigned the Ice Consulting&nbsp;website and Glyphix (kentglyphix.org) created a new brand identity and logo for Ice Consulting&nbsp;in July&nbsp;2015. The website uses a customized template from Squarespace.com, with colors, type and custom-designed iconography that matches the new ICE identity and the content was written and positioned to match the ICE business goals and increase search optimization. The website was also designed to be responsive and scale across multiple devices.<br><\\/p>\",\"46\":[\"351\",\"352\"],\"88\":[\"175\"],\"104\":\"http:\\/\\/iceconsulting.org\\/\"}}', '2016-01-05 20:46:20', '2016-01-05 20:46:20', 'a169ab11-a7be-45c5-81a8-87e5e403fbe0'),
 ('251', '402', '8', '87', 'en_us', '1', NULL, '{\"typeId\":null,\"authorId\":null,\"title\":\"IdeaBase Internal\",\"slug\":\"ideabase-internal\",\"postDate\":1452027535,\"expiryDate\":null,\"enabled\":1,\"parentId\":null,\"fields\":{\"22\":\"\",\"23\":\"\"}}', '2016-01-05 20:58:55', '2016-01-05 20:58:55', '4adc016f-d057-4874-890c-89fb57f4edca'),
 ('252', '403', '4', '87', 'en_us', '1', '', '{\"typeId\":null,\"authorId\":\"87\",\"title\":\"IdeaBase: Powered by Kent State Students\",\"slug\":\"ideabase-powered-by-kent-state-students\",\"postDate\":1452027590,\"expiryDate\":null,\"enabled\":1,\"parentId\":null,\"fields\":{\"48\":\"\",\"117\":[\"402\"],\"61\":\"\",\"9\":\"<p>Students and staff at IdeaBase speak about their experiences working on real-world client projects. Directed, edited and filmed exclusively by students at IdeaBase, the video shows how students from various backgrounds put into action what they\\u2019ve learned in their Kent State University classes. IdeaBase is a student-run creative agency in downtown Kent and is a service of the College of Communication and Information.<\\/p>\",\"46\":[\"401\"],\"88\":[\"180\"],\"104\":\"https:\\/\\/www.youtube.com\\/watch?v=VqQZbh8P8AI\"}}', '2016-01-05 20:59:51', '2016-01-05 20:59:51', 'e260c1c4-e625-4d1f-a6d8-30413e57b307'),
 ('253', '403', '4', '87', 'en_us', '2', '', '{\"typeId\":\"4\",\"authorId\":\"87\",\"title\":\"IdeaBase: Powered by Kent State Students\",\"slug\":\"ideabase-powered-by-kent-state-students\",\"postDate\":1452027540,\"expiryDate\":null,\"enabled\":1,\"parentId\":null,\"fields\":{\"48\":\"\",\"117\":[\"402\"],\"61\":\"\",\"9\":\"<p>Students and staff at IdeaBase speak about their experiences working on real-world client projects. Directed, edited and filmed exclusively by students at IdeaBase, the video shows how students from various backgrounds put into action what they\\u2019ve learned in their Kent State University classes. IdeaBase is a student-run creative agency in downtown Kent and is a service of the College of Communication and Information.<\\/p>\",\"46\":\"\",\"88\":[\"180\"],\"104\":\"https:\\/\\/www.youtube.com\\/watch?v=VqQZbh8P8AI\"}}', '2016-01-05 21:01:00', '2016-01-05 21:01:00', '87f1325f-5caf-47f3-8429-60c37b24daab'),
 ('254', '404', '8', '87', 'en_us', '1', NULL, '{\"typeId\":null,\"authorId\":null,\"title\":\"Kent State University Academic Affairs Office\",\"slug\":\"kent-state-university-academic-affairs-office\",\"postDate\":1452027750,\"expiryDate\":null,\"enabled\":1,\"parentId\":null,\"fields\":{\"22\":\"\",\"23\":\"\"}}', '2016-01-05 21:02:30', '2016-01-05 21:02:30', 'ac7e2664-e89b-423b-b548-b31f0a37b8df'),
 ('255', '405', '4', '87', 'en_us', '1', NULL, '{\"typeId\":\"4\",\"authorId\":\"87\",\"title\":\"iPlan: Graduation Planning System Video\",\"slug\":\"iplan-graduation-planning-system-video\",\"postDate\":1452027846,\"expiryDate\":null,\"enabled\":1,\"parentId\":null,\"fields\":{\"48\":\"\",\"117\":[\"404\"],\"61\":\"\",\"9\":\"\",\"46\":\"\",\"88\":[\"180\"],\"104\":\"\"}}', '2016-01-05 21:04:06', '2016-01-05 21:04:06', '68f0bdfe-832b-4aab-a7ff-54c7be963465'),
 ('256', '407', '8', '87', 'en_us', '1', NULL, '{\"typeId\":null,\"authorId\":null,\"title\":\"Kent State University College of Architecture and Environmental Design\",\"slug\":\"kent-state-university-college-of-architecture-and-environmental-design\",\"postDate\":1452028069,\"expiryDate\":null,\"enabled\":1,\"parentId\":null,\"fields\":{\"22\":\"\",\"23\":\"\"}}', '2016-01-05 21:07:49', '2016-01-05 21:07:49', '3b369718-ec12-4a21-a2ed-ca2c28bffe11'),
 ('257', '412', '4', '87', 'en_us', '1', NULL, '{\"typeId\":\"4\",\"authorId\":\"87\",\"title\":\"Viewbook: College of Architecture and Environmental Design\",\"slug\":\"viewbook-college-of-architecture-and-environmental-design\",\"postDate\":1452028355,\"expiryDate\":null,\"enabled\":1,\"parentId\":null,\"fields\":{\"48\":[\"408\",\"409\",\"410\",\"411\"],\"117\":[\"407\"],\"61\":\"\",\"9\":\"\",\"46\":[\"406\"],\"88\":[\"177\",\"181\",\"179\"],\"104\":\"\"}}', '2016-01-05 21:12:35', '2016-01-05 21:12:35', 'aad3fbfb-911a-486d-98dd-c37f0964c81a'),
 ('258', '413', '4', '87', 'en_us', '1', NULL, '{\"typeId\":\"4\",\"authorId\":\"87\",\"title\":\"School of Communication Studies Brochure\",\"slug\":\"school-of-communication-studies-brochure\",\"postDate\":1452028431,\"expiryDate\":null,\"enabled\":1,\"parentId\":null,\"fields\":{\"48\":\"\",\"117\":\"\",\"61\":\"\",\"9\":\"\",\"46\":\"\",\"88\":\"\",\"104\":\"\"}}', '2016-01-05 21:13:51', '2016-01-05 21:13:51', '4652a1a8-b199-478e-b652-d9041d48bd13'),
 ('259', '414', '4', '87', 'en_us', '1', NULL, '{\"typeId\":\"4\",\"authorId\":\"87\",\"title\":\"Summa Diversity Report\",\"slug\":\"summa-diversity-report\",\"postDate\":1452028514,\"expiryDate\":null,\"enabled\":1,\"parentId\":null,\"fields\":{\"48\":\"\",\"117\":\"\",\"61\":\"\",\"9\":\"\",\"46\":\"\",\"88\":\"\",\"104\":\"\"}}', '2016-01-05 21:15:14', '2016-01-05 21:15:14', '2657be4c-c594-4fcd-97a0-b8fcde90e391'),
 ('260', '415', '4', '87', 'en_us', '1', NULL, '{\"typeId\":\"4\",\"authorId\":\"87\",\"title\":\"Ametek Print Pieces\",\"slug\":\"ametek-print-pieces\",\"postDate\":1452028595,\"expiryDate\":null,\"enabled\":1,\"parentId\":null,\"fields\":{\"48\":\"\",\"117\":\"\",\"61\":\"\",\"9\":\"\",\"46\":\"\",\"88\":\"\",\"104\":\"\"}}', '2016-01-05 21:16:36', '2016-01-05 21:16:36', '4b5a807a-ae39-492c-a2c3-470e73d3c683'),
 ('261', '416', '4', '87', 'en_us', '1', NULL, '{\"typeId\":\"4\",\"authorId\":\"87\",\"title\":\"Athletics Posters\\/Billboards\\/Schedules\",\"slug\":\"athletics-posters-billboards-schedules\",\"postDate\":1452028623,\"expiryDate\":null,\"enabled\":1,\"parentId\":null,\"fields\":{\"48\":\"\",\"117\":\"\",\"61\":\"\",\"9\":\"\",\"46\":\"\",\"88\":\"\",\"104\":\"\"}}', '2016-01-05 21:17:03', '2016-01-05 21:17:03', '552ec609-4b73-4566-96f3-c7625e0ce269'),
 ('262', '417', '4', '87', 'en_us', '1', NULL, '{\"typeId\":\"4\",\"authorId\":\"87\",\"title\":\"Boathouse Postcards\\/Email Newsletters\",\"slug\":\"boathouse-postcards-email-newsletters\",\"postDate\":1452028666,\"expiryDate\":null,\"enabled\":1,\"parentId\":null,\"fields\":{\"48\":\"\",\"117\":\"\",\"61\":\"\",\"9\":\"\",\"46\":\"\",\"88\":\"\",\"104\":\"\"}}', '2016-01-05 21:17:46', '2016-01-05 21:17:46', 'bd016583-537a-4316-b7cf-0c9cf519a176'),
 ('263', '418', '4', '87', 'en_us', '1', NULL, '{\"typeId\":\"4\",\"authorId\":\"87\",\"title\":\"Consumer\'s National Bank\",\"slug\":\"consumers-national-bank\",\"postDate\":1452028710,\"expiryDate\":null,\"enabled\":1,\"parentId\":null,\"fields\":{\"48\":\"\",\"117\":\"\",\"61\":\"\",\"9\":\"\",\"46\":\"\",\"88\":\"\",\"104\":\"\"}}', '2016-01-05 21:18:30', '2016-01-05 21:18:30', '63374b83-1f1e-493b-bea0-f68fd80a1468'),
 ('264', '419', '4', '87', 'en_us', '1', NULL, '{\"typeId\":\"4\",\"authorId\":\"87\",\"title\":\"Career Expo\",\"slug\":\"career-expo\",\"postDate\":1452028737,\"expiryDate\":null,\"enabled\":1,\"parentId\":null,\"fields\":{\"48\":\"\",\"117\":\"\",\"61\":\"\",\"9\":\"\",\"46\":\"\",\"88\":\"\",\"104\":\"\"}}', '2016-01-05 21:18:57', '2016-01-05 21:18:57', '44cbb656-6040-4b49-8007-c105cededc2a'),
 ('265', '420', '4', '87', 'en_us', '1', NULL, '{\"typeId\":\"4\",\"authorId\":\"87\",\"title\":\"Schneller Environmental Design\",\"slug\":\"schneller-environmental-design\",\"postDate\":1452028847,\"expiryDate\":null,\"enabled\":1,\"parentId\":null,\"fields\":{\"48\":\"\",\"117\":[\"397\"],\"61\":\"\",\"9\":\"\",\"46\":\"\",\"88\":\"\",\"104\":\"\"}}', '2016-01-05 21:20:47', '2016-01-05 21:20:47', '3a8da307-2196-4160-b2a0-5c07701e4549'),
 ('266', '421', '4', '87', 'en_us', '1', NULL, '{\"typeId\":\"4\",\"authorId\":\"87\",\"title\":\"Teleproductions Promotional Items\",\"slug\":\"teleproductions-promotional-items\",\"postDate\":1452028882,\"expiryDate\":null,\"enabled\":1,\"parentId\":null,\"fields\":{\"48\":\"\",\"117\":\"\",\"61\":\"\",\"9\":\"\",\"46\":\"\",\"88\":\"\",\"104\":\"\"}}', '2016-01-05 21:21:22', '2016-01-05 21:21:22', '831c811b-b6be-456e-857c-cab10b34df3f'),
 ('267', '422', '4', '87', 'en_us', '1', NULL, '{\"typeId\":\"4\",\"authorId\":\"87\",\"title\":\"Orientation Video\",\"slug\":\"orientation-video\",\"postDate\":1452028900,\"expiryDate\":null,\"enabled\":1,\"parentId\":null,\"fields\":{\"48\":\"\",\"117\":\"\",\"61\":\"\",\"9\":\"\",\"46\":\"\",\"88\":\"\",\"104\":\"\"}}', '2016-01-05 21:21:40', '2016-01-05 21:21:40', '78c48d83-906f-41fd-a0a6-0d732122d2b1'),
 ('268', '423', '3', '87', 'en_us', '1', '', '{\"typeId\":null,\"authorId\":\"87\",\"title\":\"Brendan Bennett\",\"slug\":\"brendan-bennett\",\"postDate\":1452029115,\"expiryDate\":null,\"enabled\":1,\"parentId\":\"\",\"fields\":{\"6\":\"\",\"77\":\"Advertising\",\"4\":\"\",\"115\":\"Brendan\",\"7\":\"\",\"26\":\"\",\"3\":\"Account Manger\\/Copywriter\",\"114\":\"Bennett\",\"5\":\"\",\"27\":[\"288\"],\"89\":\"\"}}', '2016-01-05 21:25:15', '2016-01-05 21:25:15', '405d2f53-a2f7-44e7-9b53-5445e07155fd'),
 ('269', '423', '3', '87', 'en_us', '2', '', '{\"typeId\":\"3\",\"authorId\":\"87\",\"title\":\"Brendan Bennett\",\"slug\":\"brendan-bennett\",\"postDate\":1452029100,\"expiryDate\":null,\"enabled\":1,\"parentId\":\"\",\"fields\":{\"6\":\"\",\"77\":\"Advertising\",\"4\":\"\",\"115\":\"Brendan\",\"7\":\"\",\"26\":[\"6\"],\"3\":\"Account Manger\\/Copywriter\",\"114\":\"Bennett\",\"5\":\"\",\"27\":[\"288\"],\"89\":\"\"}}', '2016-01-05 21:25:48', '2016-01-05 21:25:48', '7ae64d21-dbf5-48d9-8ec5-9b18c2b64639'),
 ('270', '67', '3', '87', 'en_us', '22', '', '{\"typeId\":\"3\",\"authorId\":\"1\",\"title\":\"Reilly Hawkins \",\"slug\":\"reilly-hawkins\",\"postDate\":1442584980,\"expiryDate\":null,\"enabled\":1,\"parentId\":\"\",\"fields\":{\"118\":\"1\",\"6\":\"<p>Reilly&nbsp;is an outfielder for the Kent State University Baseball team. He enjoys being a \\u201ctechie\\u201dand loves Apple products and their&nbsp;innovations.&nbsp;Reilly is&nbsp;intrigued&nbsp;by&nbsp;how much technology is becoming a part of everyday society.&nbsp;<\\/p>\\r\\n\\r\\n<p><br><\\/p>\",\"77\":\"Computer Information Systems \",\"4\":\"rhawkins@ideabasekent.com\",\"115\":\"Reilly\",\"7\":\"I legally had my name changed in Kindergarten. It used to be Andrew Quaid Hawkins, however there were 4 other \\u201cAndrews\\u201d in my class so my mom wanted it to be more unique. Changed to Reilly William Hawkins.\",\"26\":[\"6\"],\"3\":\"Web Programmer\",\"114\":\"Hawkins \",\"5\":\"\",\"27\":[\"300\"],\"89\":\"\"}}', '2016-01-08 17:28:04', '2016-01-08 17:28:04', '65eb2611-92c5-4ae2-85cc-4f7506397102'),
 ('271', '67', '3', '87', 'en_us', '23', '', '{\"typeId\":\"3\",\"authorId\":\"1\",\"title\":\"Reilly Hawkins \",\"slug\":\"reilly-hawkins\",\"postDate\":1442584980,\"expiryDate\":null,\"enabled\":1,\"parentId\":\"\",\"fields\":{\"118\":\"\",\"6\":\"<p>Reilly&nbsp;is an outfielder for the Kent State University Baseball team. He enjoys being a \\u201ctechie\\u201dand loves Apple products and their&nbsp;innovations.&nbsp;Reilly is&nbsp;intrigued&nbsp;by&nbsp;how much technology is becoming a part of everyday society.&nbsp;<\\/p>\\r\\n\\r\\n<p><br><\\/p>\",\"77\":\"Computer Information Systems \",\"4\":\"rhawkins@ideabasekent.com\",\"115\":\"Reilly\",\"7\":\"I legally had my name changed in Kindergarten. It used to be Andrew Quaid Hawkins, however there were 4 other \\u201cAndrews\\u201d in my class so my mom wanted it to be more unique. Changed to Reilly William Hawkins.\",\"26\":[\"6\"],\"3\":\"Web Programmer\",\"114\":\"Hawkins \",\"5\":\"\",\"27\":[\"300\"],\"89\":\"\"}}', '2016-01-08 17:28:37', '2016-01-08 17:28:37', 'c32553a9-bf4e-4d5a-a970-b91e1bf6b58d'),
 ('272', '67', '3', '87', 'en_us', '24', '', '{\"typeId\":\"3\",\"authorId\":\"1\",\"title\":\"Reilly Hawkins \",\"slug\":\"reilly-hawkins\",\"postDate\":1442584980,\"expiryDate\":null,\"enabled\":1,\"parentId\":\"\",\"fields\":{\"118\":\"\",\"6\":\"<p>Reilly&nbsp;is an outfielder for the Kent State University Baseball team. He enjoys being a \\u201ctechie\\u201dand loves Apple products and their&nbsp;innovations.&nbsp;Reilly is&nbsp;intrigued&nbsp;by&nbsp;how much technology is becoming a part of everyday society.&nbsp;<\\/p>\\r\\n\\r\\n<p><br><\\/p>\",\"77\":\"Computer Information Systems \",\"4\":\"rhawkins@ideabasekent.com\",\"115\":\"Reilly\",\"7\":\"I legally had my name changed in Kindergarten. It used to be Andrew Quaid Hawkins, however there were 4 other \\u201cAndrews\\u201d in my class so my mom wanted it to be more unique. Changed to Reilly William Hawkins.\",\"26\":[\"6\"],\"3\":\"Web Programmer\",\"114\":\"Hawkins \",\"5\":\"\",\"27\":[\"300\"],\"89\":\"\"}}', '2016-01-08 17:32:13', '2016-01-08 17:32:13', '53537d26-48f6-401c-ac1f-0b60d7e9f39e'),
 ('273', '424', '3', '87', 'en_us', '1', '', '{\"typeId\":null,\"authorId\":\"87\",\"title\":\"Andrew Keller\",\"slug\":\"andrew-keller\",\"postDate\":1452274388,\"expiryDate\":null,\"enabled\":1,\"parentId\":\"\",\"fields\":{\"118\":\"1\",\"6\":\"\",\"77\":\"Journalism and Mass Communication\",\"4\":\"akeller@ideabasekent.com\",\"115\":\"Andrew\",\"7\":\"\",\"26\":[\"6\"],\"3\":\"Photographer\",\"114\":\"Keller\",\"5\":\"\",\"27\":\"\",\"89\":\"\"}}', '2016-01-08 17:33:08', '2016-01-08 17:33:08', '37d63495-be6b-456e-b5fb-143c32be6ff8'),
 ('274', '423', '3', '87', 'en_us', '3', '', '{\"typeId\":\"3\",\"authorId\":\"87\",\"title\":\"Brendan Bennett\",\"slug\":\"brendan-bennett\",\"postDate\":1452029100,\"expiryDate\":null,\"enabled\":1,\"parentId\":\"\",\"fields\":{\"118\":\"1\",\"6\":\"\",\"77\":\"Advertising\",\"4\":\"\",\"115\":\"Brendan\",\"7\":\"\",\"26\":[\"6\"],\"3\":\"Account Manger\\/Copywriter\",\"114\":\"Bennett\",\"5\":\"\",\"27\":[\"288\"],\"89\":\"\"}}', '2016-01-08 17:33:20', '2016-01-08 17:33:20', 'a7d9f15b-efca-4a79-8014-f05f5f8c1f23'),
 ('275', '425', '3', '87', 'en_us', '1', '', '{\"typeId\":null,\"authorId\":\"87\",\"title\":\"Chelsea Graff\",\"slug\":\"chelsea-graff\",\"postDate\":1452274783,\"expiryDate\":null,\"enabled\":1,\"parentId\":\"\",\"fields\":{\"118\":\"1\",\"6\":\"\",\"77\":\"\",\"4\":\"\",\"115\":\"Chelsea\",\"7\":\"\",\"26\":[\"6\"],\"3\":\"\",\"114\":\"Graff\",\"5\":\"\",\"27\":\"\",\"89\":\"\"}}', '2016-01-08 17:39:43', '2016-01-08 17:39:43', '6263c50d-fb55-4888-9945-1bc096b815a1'),
 ('276', '317', '3', '87', 'en_us', '2', '', '{\"typeId\":\"3\",\"authorId\":\"204\",\"title\":\"Christopher Uhler\",\"slug\":\"christopher-uhler\",\"postDate\":1451403900,\"expiryDate\":null,\"enabled\":1,\"parentId\":\"\",\"fields\":{\"118\":\"\",\"6\":\"<p>Christopher&nbsp;is a Graduate Student studying User Experience Design. He is in his second year. He has a B.A. in Film Studies from The Ohio State University.<\\/p>\\r\\n\\r\\n<p>Beyond IdeaBase, Chris also works as a Production Manager at Bent Tree Coffee Roasters. In his spare time, Chris enjoys riding around on his&nbsp;motorcycle, backpacking, and photography.<\\/p>\\r\\n\\r\\n<p><br><\\/p>\",\"77\":\"User Experience Design\",\"4\":\"cuhler@ideabasekent.com\",\"115\":\"Christopher\",\"7\":\"He has been a photographer for over 15 years. \",\"26\":[\"6\"],\"3\":\"UX Designer\",\"114\":\"Uhler\",\"5\":\"\",\"27\":[\"290\"],\"89\":\"\"}}', '2016-01-08 17:40:58', '2016-01-08 17:40:58', '836dc43a-61f4-4f06-b1fd-e7069b5947cc'),
 ('277', '318', '3', '87', 'en_us', '3', '', '{\"typeId\":\"3\",\"authorId\":\"204\",\"title\":\"Courtney Kaminski\",\"slug\":\"courtney-kaminski\",\"postDate\":1451404020,\"expiryDate\":null,\"enabled\":1,\"parentId\":\"\",\"fields\":{\"118\":\"\",\"6\":\"\",\"77\":\"Advertising \",\"4\":\"ckaminski@ideabasekent.com\",\"115\":\"Courtney\",\"7\":\"\",\"26\":[\"6\"],\"3\":\"Account Manager\",\"114\":\"Kaminski\",\"5\":\"\",\"27\":[\"292\"],\"89\":\"\"}}', '2016-01-08 17:41:16', '2016-01-08 17:41:16', '5357db75-2bbf-4bfc-9d91-d71e6aa3954b'),
 ('278', '318', '3', '87', 'en_us', '4', '', '{\"typeId\":\"3\",\"authorId\":\"204\",\"title\":\"Courtney Kaminski\",\"slug\":\"courtney-kaminski\",\"postDate\":1451404020,\"expiryDate\":null,\"enabled\":1,\"parentId\":\"\",\"fields\":{\"118\":\"\",\"6\":\"\",\"77\":\"Advertising \",\"4\":\"ckaminski@ideabasekent.com\",\"115\":\"Courtney\",\"7\":\"\",\"26\":[\"6\"],\"3\":\"Account Manager\",\"114\":\"Kaminski\",\"5\":\"\",\"27\":[\"292\"],\"89\":\"\"}}', '2016-01-08 17:41:17', '2016-01-08 17:41:17', '76621ba6-ba1d-4c67-a7d2-8e149d6ec593'),
 ('279', '426', '3', '87', 'en_us', '1', '', '{\"typeId\":null,\"authorId\":\"87\",\"title\":\"Francesca Demming\",\"slug\":\"francesca-demming\",\"postDate\":1452274941,\"expiryDate\":null,\"enabled\":1,\"parentId\":\"\",\"fields\":{\"118\":\"1\",\"6\":\"\",\"77\":\"\",\"4\":\"\",\"115\":\"Francesca\",\"7\":\"\",\"26\":[\"6\"],\"3\":\"\",\"114\":\"Demming\",\"5\":\"\",\"27\":\"\",\"89\":\"\"}}', '2016-01-08 17:42:21', '2016-01-08 17:42:21', '10dd24ae-ef11-46fe-ba8c-366ebac67ed2'),
 ('280', '427', '3', '87', 'en_us', '1', '', '{\"typeId\":null,\"authorId\":\"87\",\"title\":\"Joe Dister\",\"slug\":\"joe-dister\",\"postDate\":1452275073,\"expiryDate\":null,\"enabled\":1,\"parentId\":\"\",\"fields\":{\"118\":\"1\",\"6\":\"\",\"77\":\"Computer Information Systems, Computer Science\",\"4\":\"\",\"115\":\"Joe\",\"7\":\"\",\"26\":\"\",\"3\":\"\",\"114\":\"Dister\",\"5\":\"\",\"27\":\"\",\"89\":\"\"}}', '2016-01-08 17:44:33', '2016-01-08 17:44:33', '79896d0b-0124-4530-b69a-33fa844fe896'),
 ('281', '427', '3', '87', 'en_us', '2', '', '{\"typeId\":\"3\",\"authorId\":\"87\",\"title\":\"Joe Dister\",\"slug\":\"joe-dister\",\"postDate\":1452275040,\"expiryDate\":null,\"enabled\":1,\"parentId\":\"\",\"fields\":{\"118\":\"1\",\"6\":\"\",\"77\":\"Computer Information Systems, Computer Science\",\"4\":\"\",\"115\":\"Joe\",\"7\":\"\",\"26\":[\"6\"],\"3\":\"Web Developer\",\"114\":\"Dister\",\"5\":\"\",\"27\":\"\",\"89\":\"\"}}', '2016-01-08 17:46:37', '2016-01-08 17:46:37', '253bd26f-241d-4216-80d0-0a62f08eff90'),
 ('282', '314', '4', '87', 'en_us', '5', '', '{\"typeId\":\"4\",\"authorId\":\"87\",\"title\":\"Kent State Athletics Annual Report 2015\",\"slug\":\"kent-state-athletics-annual-report-2015\",\"postDate\":1441771200,\"expiryDate\":null,\"enabled\":1,\"parentId\":null,\"fields\":{\"48\":\"\",\"117\":[\"395\"],\"61\":[\"120\",\"315\",\"316\",\"320\",\"236\"],\"9\":\"<p>IdeaBase was brough on board for the second year in a row to develop and design Kent State University Athletics\' year-in-review\\/annual report.<\\/p>\\r\\n\\r\\n<p>The interactive report is designed in HTML\\/CSS&nbsp;and this year features a single-page design&nbsp;(with supplemental article pages). The design is composed to photos, text and custom icons that match the university\'s blue and gold branding.<\\/p>\\r\\n\\r\\n\\r\\n\\r\\n\\r\\n\\r\\n\\r\\n\\r\\n<p>We went through a process of discovert, content gathering, design\\/architerture and development over a period of 5 months.&nbsp;<\\/p>\\r\\n\\r\\n\\r\\n\\r\\n\\r\\n\\r\\n\\r\\n\\r\\n<p>From a technical perspective, the site utilizes:<\\/p>\\r\\n\\r\\n\\r\\n\\r\\n\\r\\n\\r\\n\\r\\n\\r\\n<ul><li>Jekyll, a static site generator that doesn\'t require a full content management system<\\/li><li>Grunt, for task running, including image resizing, browser refreshing and code compiling<\\/li><li>SASS&nbsp;for writing CSS&nbsp;for efficiency<\\/li><li>CSS&nbsp;animations<\\/li><li>Image and JavaScript compression and lazy loading for optimal performance<\\/li><\\/ul>\\r\\n\\r\\n\\r\\n\\r\\n\\r\\n\\r\\n\\r\\n\\r\\n<p>The site launched in September 2015.<\\/p>\",\"46\":[\"311\"],\"88\":[\"175\"],\"104\":\"http:\\/\\/www.supportgoldenflashes.com\\/2015_Annual_Report\\/\"}}', '2016-01-12 17:15:28', '2016-01-12 17:15:28', 'e8933a3e-3d4d-4cf6-b91e-7351773ccc52'),
 ('283', '363', '4', '87', 'en_us', '3', '', '{\"typeId\":\"4\",\"authorId\":\"204\",\"title\":\"IdeaBase and Glyphix Printed Brochure\",\"slug\":\"ideabase-and-glyphix-printed-brochure\",\"postDate\":1451581080,\"expiryDate\":null,\"enabled\":1,\"parentId\":null,\"fields\":{\"48\":[\"358\",\"359\",\"360\",\"361\",\"362\"],\"117\":[\"402\"],\"61\":[\"320\",\"213\"],\"9\":\"<p>Designed and photographed entirely by IdeaBase and Glyphix students, this printed brochure is given to prospective clients as an introduction to the agency\\u2019s services and student staff members.<\\/p>\",\"46\":[\"360\"],\"88\":[\"177\",\"181\",\"179\"],\"104\":\"http:\\/\\/ideabasekent.com\\/production-new\\/wp-content\\/uploads\\/2015\\/04\\/Ideabase_Brochure_Web_PDF.pdf\"}}', '2016-01-12 17:16:33', '2016-01-12 17:16:33', '5c9b7512-224c-462e-9bd6-ba997b9b2ff4'),
 ('284', '357', '4', '87', 'en_us', '3', '', '{\"typeId\":\"4\",\"authorId\":\"204\",\"title\":\"State Library of Ohio\",\"slug\":\"state-library-of-ohio\",\"postDate\":1451580840,\"expiryDate\":null,\"enabled\":1,\"parentId\":null,\"fields\":{\"48\":\"\",\"117\":[\"396\"],\"61\":[\"120\",\"316\",\"323\",\"67\",\"423\"],\"9\":\"<p>IdeaBase redesigned the State Library of Ohio website in May 2015. &nbsp;The site&nbsp;features a new interface, improved site navigation, and enhanced search functionality. &nbsp;<a href=\\\"https:\\/\\/www.youtube.com\\/watch?v=LeQZE5-ar3Q\\\">View the video<\\/a>&nbsp;to see the site in action, or<a href=\\\"http:\\/\\/library.ohio.gov\\/\\\">&nbsp;visit the site<\\/a>&nbsp;to learn more.<\\/p>\",\"46\":[\"356\"],\"88\":[\"175\"],\"104\":\"https:\\/\\/library.ohio.gov\\/\"}}', '2016-01-12 17:17:36', '2016-01-12 17:17:36', 'ccc1d596-89e5-41a5-a8bf-e3d10db97103'),
 ('285', '368', '4', '87', 'en_us', '3', '', '{\"typeId\":\"4\",\"authorId\":\"204\",\"title\":\"Brochure: College of Communication and Information\",\"slug\":\"brochure-college-of-communication-and-information\",\"postDate\":1451582160,\"expiryDate\":null,\"enabled\":1,\"parentId\":null,\"fields\":{\"48\":[\"367\"],\"117\":[\"373\"],\"61\":[\"234\",\"236\",\"146\"],\"9\":\"<p>This 2014 Akron ADDY award-winning brochure illustrates the schools and programs within the College of Communication and Information at Kent State University. &nbsp;The brochure is now a key collateral piece for recruiting new students within the school.<\\/p>\",\"46\":[\"366\"],\"88\":[\"179\"],\"104\":\"\"}}', '2016-01-12 17:19:17', '2016-01-12 17:19:17', '4a6d79ed-65d3-4449-b960-7d44b63d05ad'),
 ('286', '398', '4', '87', 'en_us', '2', '', '{\"typeId\":\"4\",\"authorId\":\"87\",\"title\":\"Schneller AerFilm Flex Product Demonstration Video\",\"slug\":\"schneller-aerfilm-flex-product-demonstration-video\",\"postDate\":1452024840,\"expiryDate\":null,\"enabled\":1,\"parentId\":null,\"fields\":{\"48\":\"\",\"117\":[\"397\"],\"61\":[\"326\"],\"9\":\"<p>IdeaBase filmed and edited this&nbsp;product demonstration video for use in tradeshows by Schneller, a manufacturer of custom, specialty laminates and coated fabrics for transportation interiors in Kent, OH.<\\/p>\\r\\n\\r\\n<p>AerFilm Flex\\u00ae is Schneller\\u2019s&nbsp;newest decorative laminate, designed to provide superior formability compared to established decorative laminates. Engineered to cover complex, compound-curve, 3 dimensional parts, AerFilm Flex\\u00ae is lightweight and provides superior texture retention while providing the design freedom needed to create premium cabin designs.<\\/p>\",\"46\":\"\",\"88\":[\"180\"],\"104\":\"https:\\/\\/www.youtube.com\\/watch?v=5GQs1SARyro\"}}', '2016-01-12 17:19:46', '2016-01-12 17:19:46', '9f64289d-5521-4e74-af34-c0cb6c14c650'),
 ('287', '403', '4', '87', 'en_us', '3', '', '{\"typeId\":\"4\",\"authorId\":\"87\",\"title\":\"IdeaBase: Powered by Kent State Students\",\"slug\":\"ideabase-powered-by-kent-state-students\",\"postDate\":1452027540,\"expiryDate\":null,\"enabled\":1,\"parentId\":null,\"fields\":{\"48\":\"\",\"117\":[\"402\"],\"61\":[\"320\",\"326\",\"146\"],\"9\":\"<p>Students and staff at IdeaBase speak about their experiences working on real-world client projects. Directed, edited and filmed exclusively by students at IdeaBase, the video shows how students from various backgrounds put into action what they\\u2019ve learned in their Kent State University classes. IdeaBase is a student-run creative agency in downtown Kent and is a service of the College of Communication and Information.<\\/p>\",\"46\":\"\",\"88\":[\"180\"],\"104\":\"https:\\/\\/www.youtube.com\\/watch?v=VqQZbh8P8AI\"}}', '2016-01-12 17:20:16', '2016-01-12 17:20:16', '7609c029-d90b-430e-94fe-b24e44e0fd70'),
 ('288', '365', '4', '87', 'en_us', '5', '', '{\"typeId\":\"4\",\"authorId\":\"204\",\"title\":\"Florence Tour: Kent State College of Communication and Information\",\"slug\":\"florence-tour-kent-state-college-of-communication-and-information\",\"postDate\":1451581860,\"expiryDate\":null,\"enabled\":1,\"parentId\":null,\"fields\":{\"48\":\"\",\"117\":[\"373\"],\"61\":[\"149\"],\"9\":\"<p>The Florence Alumni & Friends Tour campaign was developed for Kent State\'s College of Communication and Information with the goal of promoting an exclusive trip to Florence, Italy for alumni of the college. IdeaBase designers created a custom design system that was used across many different printed and digital pieces.<\\/p>\\r\\n\\r\\n<p>The campaign included:<\\/p>\\r\\n\\r\\n\\r\\n\\r\\n\\r\\n\\r\\n<ul><li>A printed book, explaining the benefits of attending the trip<\\/li><li>A folded invitation, mailed to CCI alumni<\\/li><li>A website, to which those interested were directed for more information<\\/li><\\/ul>\\r\\n\\r\\n\\r\\n\\r\\n\\r\\n\\r\\n<p>The Florence Tour campaign won a Solver ADDY&nbsp;from the Akron Advertising Federation in February 2015 as part&nbsp;of the professional Campaign category.<\\/p>\",\"46\":[\"364\"],\"88\":[\"178\",\"179\"],\"104\":\"\"}}', '2016-01-12 17:23:24', '2016-01-12 17:23:24', '3122295d-6a61-4b64-85c0-6cada530ab6e'),
 ('289', '405', '4', '87', 'en_us', '2', '', '{\"typeId\":\"4\",\"authorId\":\"87\",\"title\":\"iPlan: Graduation Planning System Video\",\"slug\":\"iplan-graduation-planning-system-video\",\"postDate\":1452027840,\"expiryDate\":null,\"enabled\":1,\"parentId\":null,\"fields\":{\"48\":\"\",\"117\":[\"404\"],\"61\":[\"326\"],\"9\":\"\",\"46\":\"\",\"88\":[\"180\"],\"104\":\"\"}}', '2016-01-12 17:23:40', '2016-01-12 17:23:40', '4da554a2-8194-4d32-aab1-838128af52e5'),
 ('290', '412', '4', '87', 'en_us', '2', '', '{\"typeId\":\"4\",\"authorId\":\"87\",\"title\":\"Viewbook: College of Architecture and Environmental Design\",\"slug\":\"viewbook-college-of-architecture-and-environmental-design\",\"postDate\":1452028320,\"expiryDate\":null,\"enabled\":1,\"parentId\":null,\"fields\":{\"48\":[\"408\",\"409\",\"410\",\"411\"],\"117\":[\"407\"],\"61\":\"\",\"9\":\"\",\"46\":[\"406\"],\"88\":[\"177\",\"181\",\"179\"],\"104\":\"\"}}', '2016-01-12 17:24:53', '2016-01-12 17:24:53', '9dc196b2-dffb-4b39-b9c5-6469732138d9'),
 ('291', '413', '4', '87', 'en_us', '2', '', '{\"typeId\":\"4\",\"authorId\":\"87\",\"title\":\"School of Communication Studies Brochure\",\"slug\":\"school-of-communication-studies-brochure\",\"postDate\":1452028380,\"expiryDate\":null,\"enabled\":1,\"parentId\":null,\"fields\":{\"48\":\"\",\"117\":[\"373\"],\"61\":[\"146\",\"234\",\"236\"],\"9\":\"\",\"46\":\"\",\"88\":[\"179\"],\"104\":\"\"}}', '2016-01-12 17:26:02', '2016-01-12 17:26:02', '16292e26-ba75-4b21-9438-7e53efdd6645'),
 ('292', '428', '8', '87', 'en_us', '1', NULL, '{\"typeId\":null,\"authorId\":null,\"title\":\"Summa Health\",\"slug\":\"summa-health\",\"postDate\":1452619632,\"expiryDate\":null,\"enabled\":1,\"parentId\":null,\"fields\":{\"22\":\"\",\"23\":\"\"}}', '2016-01-12 17:27:12', '2016-01-12 17:27:12', '4306ca02-8e66-42df-8c60-d2b87bdcb505'),
 ('293', '414', '4', '87', 'en_us', '2', '', '{\"typeId\":\"4\",\"authorId\":\"87\",\"title\":\"Summa Diversity Report\",\"slug\":\"summa-diversity-report\",\"postDate\":1452028500,\"expiryDate\":null,\"enabled\":1,\"parentId\":null,\"fields\":{\"48\":\"\",\"117\":[\"428\"],\"61\":[\"146\",\"213\",\"325\",\"424\"],\"9\":\"\",\"46\":\"\",\"88\":[\"179\"],\"104\":\"\"}}', '2016-01-12 17:27:24', '2016-01-12 17:27:24', 'c78d46dd-9582-4e7c-afd9-b0bc92963957'),
 ('294', '429', '8', '87', 'en_us', '1', NULL, '{\"typeId\":null,\"authorId\":null,\"title\":\"Ametek\",\"slug\":\"ametek\",\"postDate\":1452619672,\"expiryDate\":null,\"enabled\":1,\"parentId\":null,\"fields\":{\"22\":\"\",\"23\":\"\"}}', '2016-01-12 17:27:53', '2016-01-12 17:27:53', 'a9d8238a-1443-474c-8a8b-e98090793cfa'),
 ('295', '415', '4', '87', 'en_us', '2', '', '{\"typeId\":\"4\",\"authorId\":\"87\",\"title\":\"Ametek Print Pieces\",\"slug\":\"ametek-print-pieces\",\"postDate\":1452028560,\"expiryDate\":null,\"enabled\":1,\"parentId\":null,\"fields\":{\"48\":\"\",\"117\":[\"429\"],\"61\":[\"146\",\"320\",\"236\"],\"9\":\"\",\"46\":\"\",\"88\":[\"179\"],\"104\":\"\"}}', '2016-01-12 17:27:56', '2016-01-12 17:27:56', 'c9b61802-0d5f-4636-bfb6-f601adbd3eab'),
 ('296', '416', '4', '87', 'en_us', '2', '', '{\"typeId\":\"4\",\"authorId\":\"87\",\"title\":\"Athletics Posters\\/Billboards\\/Schedules\",\"slug\":\"athletics-posters-billboards-schedules\",\"postDate\":1452028620,\"expiryDate\":null,\"enabled\":1,\"parentId\":null,\"fields\":{\"48\":\"\",\"117\":[\"395\"],\"61\":[\"322\"],\"9\":\"\",\"46\":\"\",\"88\":[\"179\"],\"104\":\"\"}}', '2016-01-12 17:28:32', '2016-01-12 17:28:32', 'ae31efec-2e53-4007-8c40-84d3d9121261'),
 ('297', '417', '4', '87', 'en_us', '2', '', '{\"typeId\":\"4\",\"authorId\":\"87\",\"title\":\"Boathouse Postcards\\/Email Newsletters\",\"slug\":\"boathouse-postcards-email-newsletters\",\"postDate\":1452028620,\"expiryDate\":null,\"enabled\":1,\"parentId\":null,\"fields\":{\"48\":\"\",\"117\":\"\",\"61\":[\"319\"],\"9\":\"\",\"46\":\"\",\"88\":[\"179\"],\"104\":\"\"}}', '2016-01-12 17:28:58', '2016-01-12 17:28:58', 'd8d4e4f9-bfa2-4a07-9d64-133da692e95a'),
 ('298', '430', '8', '87', 'en_us', '1', NULL, '{\"typeId\":null,\"authorId\":null,\"title\":\"Boathouse\",\"slug\":\"boathouse\",\"postDate\":1452619768,\"expiryDate\":null,\"enabled\":1,\"parentId\":null,\"fields\":{\"22\":\"\",\"23\":\"\"}}', '2016-01-12 17:29:28', '2016-01-12 17:29:28', 'c7a10577-4a7b-47ce-b837-9523996fc112'),
 ('299', '417', '4', '87', 'en_us', '3', '', '{\"typeId\":\"4\",\"authorId\":\"87\",\"title\":\"Boathouse Postcards\\/Email Newsletters\",\"slug\":\"boathouse-postcards-email-newsletters\",\"postDate\":1452028620,\"expiryDate\":null,\"enabled\":1,\"parentId\":null,\"fields\":{\"48\":\"\",\"117\":[\"430\"],\"61\":[\"319\"],\"9\":\"\",\"46\":\"\",\"88\":[\"179\",\"175\"],\"104\":\"\"}}', '2016-01-12 17:29:32', '2016-01-12 17:29:32', '72544050-0abf-4b2b-b631-b4414124a4f5'),
 ('300', '431', '8', '87', 'en_us', '1', NULL, '{\"typeId\":null,\"authorId\":null,\"title\":\"Consumer\'s National Bank\",\"slug\":\"consumers-national-bank\",\"postDate\":1452619803,\"expiryDate\":null,\"enabled\":1,\"parentId\":null,\"fields\":{\"22\":\"\",\"23\":\"\"}}', '2016-01-12 17:30:04', '2016-01-12 17:30:04', '6551d315-4ebf-4c40-b246-1b7492dadd59'),
 ('301', '418', '4', '87', 'en_us', '2', '', '{\"typeId\":\"4\",\"authorId\":\"87\",\"title\":\"Consumer\'s National Bank\",\"slug\":\"consumers-national-bank\",\"postDate\":1452028680,\"expiryDate\":null,\"enabled\":1,\"parentId\":null,\"fields\":{\"48\":\"\",\"117\":[\"431\"],\"61\":[\"146\",\"326\"],\"9\":\"\",\"46\":\"\",\"88\":[\"180\"],\"104\":\"\"}}', '2016-01-12 17:30:12', '2016-01-12 17:30:12', 'de64e138-9852-4b80-8ad9-8e609ca043d3'),
 ('302', '419', '4', '87', 'en_us', '2', '', '{\"typeId\":\"4\",\"authorId\":\"87\",\"title\":\"Career Expo\",\"slug\":\"career-expo\",\"postDate\":1452028680,\"expiryDate\":null,\"enabled\":1,\"parentId\":null,\"fields\":{\"48\":\"\",\"117\":[\"373\"],\"61\":[\"234\"],\"9\":\"\",\"46\":\"\",\"88\":[\"179\"],\"104\":\"\"}}', '2016-01-12 17:31:46', '2016-01-12 17:31:46', 'b750b9bf-7f28-4f8b-91c9-9c993682dccd'),
 ('303', '422', '4', '87', 'en_us', '2', '', '{\"typeId\":\"4\",\"authorId\":\"87\",\"title\":\"Orientation Video\",\"slug\":\"orientation-video\",\"postDate\":1452028860,\"expiryDate\":null,\"enabled\":1,\"parentId\":null,\"fields\":{\"48\":\"\",\"117\":[\"404\"],\"61\":[\"326\"],\"9\":\"\",\"46\":\"\",\"88\":[\"180\"],\"104\":\"\"}}', '2016-01-12 17:34:11', '2016-01-12 17:34:11', 'b094ff11-3ea7-4885-a01d-a8b293419653'),
 ('304', '432', '8', '87', 'en_us', '1', NULL, '{\"typeId\":null,\"authorId\":null,\"title\":\"Teleproduction\",\"slug\":\"teleproduction\",\"postDate\":1452620114,\"expiryDate\":null,\"enabled\":1,\"parentId\":null,\"fields\":{\"22\":\"\",\"23\":\"\"}}', '2016-01-12 17:35:14', '2016-01-12 17:35:14', 'ef2667cc-2d86-4239-89a5-f20dddc2a99e'),
 ('305', '421', '4', '87', 'en_us', '2', '', '{\"typeId\":\"4\",\"authorId\":\"87\",\"title\":\"Teleproductions Promotional Items\",\"slug\":\"teleproductions-promotional-items\",\"postDate\":1452028860,\"expiryDate\":null,\"enabled\":1,\"parentId\":null,\"fields\":{\"48\":\"\",\"117\":[\"432\"],\"61\":[\"320\"],\"9\":\"\",\"46\":\"\",\"88\":[\"179\"],\"104\":\"\"}}', '2016-01-12 17:35:18', '2016-01-12 17:35:18', 'ddd1f144-0e63-4615-a8a5-dd2f24c6767b'),
 ('306', '420', '4', '87', 'en_us', '2', '', '{\"typeId\":\"4\",\"authorId\":\"87\",\"title\":\"Schneller Environmental Design\",\"slug\":\"schneller-environmental-design\",\"postDate\":1452028800,\"expiryDate\":null,\"enabled\":1,\"parentId\":null,\"fields\":{\"48\":\"\",\"117\":[\"397\"],\"61\":\"\",\"9\":\"\",\"46\":\"\",\"88\":[\"433\"],\"104\":\"\"}}', '2016-01-12 17:37:06', '2016-01-12 17:37:06', '7c8b56db-b79f-428d-befb-5727fdd49572'),
 ('307', '434', '3', '87', 'en_us', '1', NULL, '{\"typeId\":null,\"authorId\":null,\"title\":\"Ashley Kozak\",\"slug\":\"ashley-kozak\",\"postDate\":1452620305,\"expiryDate\":null,\"enabled\":1,\"parentId\":null,\"fields\":{\"118\":\"1\",\"6\":\"\",\"77\":\"\",\"4\":\"\",\"115\":\"Ashley\",\"7\":\"\",\"26\":[\"6\"],\"3\":\"Designer\",\"114\":\"Kozak\",\"5\":\"\",\"27\":\"\",\"89\":\"\"}}', '2016-01-12 17:38:26', '2016-01-12 17:38:26', 'a6b0d6e5-d297-4d29-9848-9e93d1e74b90'),
 ('308', '435', '3', '87', 'en_us', '1', NULL, '{\"typeId\":null,\"authorId\":null,\"title\":\"Laura King\",\"slug\":\"laura-king\",\"postDate\":1452620397,\"expiryDate\":null,\"enabled\":1,\"parentId\":null,\"fields\":{\"118\":\"1\",\"6\":\"\",\"77\":\"\",\"4\":\"\",\"115\":\"Laura\",\"7\":\"\",\"26\":[\"6\"],\"3\":\"UX Designer\",\"114\":\"King\",\"5\":\"\",\"27\":\"\",\"89\":\"\"}}', '2016-01-12 17:39:57', '2016-01-12 17:39:57', '3a6549e8-ea70-4938-a1a5-6391a460eff3'),
 ('309', '355', '4', '87', 'en_us', '3', '', '{\"typeId\":\"4\",\"authorId\":\"204\",\"title\":\"School of Library & Information Science\",\"slug\":\"school-of-library-information-science\",\"postDate\":1451580660,\"expiryDate\":null,\"enabled\":1,\"parentId\":null,\"fields\":{\"48\":\"\",\"117\":[\"400\"],\"61\":[\"120\",\"146\",\"323\",\"423\",\"434\",\"435\"],\"9\":\"<p>IdeaBase took on the research, design and development for the School of Library & Information Science over a 9 month period, launching in January 2015.&nbsp;The website features a custom, responsive design template, research-backed content and navigation and was built in Drupal according to Kent State University\\u2019s web standards.<\\/p>\",\"46\":[\"354\"],\"88\":[\"175\"],\"104\":\"http:\\/\\/www.kent.edu\\/slis\"}}', '2016-01-12 17:40:25', '2016-01-12 17:40:25', 'a7efec58-4414-4247-af3a-f06d1eb3e7dc'),
 ('310', '436', '3', '87', 'en_us', '1', NULL, '{\"typeId\":null,\"authorId\":null,\"title\":\"Tyler Shaw\",\"slug\":\"tyler-shaw\",\"postDate\":1452620484,\"expiryDate\":null,\"enabled\":1,\"parentId\":null,\"fields\":{\"118\":\"1\",\"6\":\"\",\"77\":\"\",\"4\":\"\",\"115\":\"Tyler\",\"7\":\"\",\"26\":\"\",\"3\":\"\",\"114\":\"Shaw\",\"5\":\"\",\"27\":\"\",\"89\":\"\"}}', '2016-01-12 17:41:24', '2016-01-12 17:41:24', 'c1931bdc-f62d-46a6-acec-f0d9e03c4eae'),
 ('311', '370', '4', '87', 'en_us', '5', '', '{\"typeId\":\"4\",\"authorId\":\"204\",\"title\":\"May Consulting Partners\",\"slug\":\"may-consulting-partners\",\"postDate\":1451582340,\"expiryDate\":null,\"enabled\":1,\"parentId\":null,\"fields\":{\"48\":\"\",\"117\":[\"372\"],\"61\":[\"436\",\"323\",\"120\",\"149\",\"423\"],\"9\":\"\",\"46\":[\"369\"],\"88\":[\"177\",\"175\"],\"104\":\"http:\\/\\/mayconsultingpartners.com\\/\"}}', '2016-01-12 17:42:07', '2016-01-12 17:42:07', 'ed8d8501-81ae-495a-825d-1c178f880582'),
 ('312', '357', '4', '87', 'en_us', '4', '', '{\"typeId\":\"4\",\"authorId\":\"204\",\"title\":\"State Library of Ohio\",\"slug\":\"state-library-of-ohio\",\"postDate\":1451580840,\"expiryDate\":null,\"enabled\":1,\"parentId\":null,\"fields\":{\"48\":\"\",\"117\":[\"396\"],\"61\":[\"120\",\"316\",\"323\",\"67\",\"423\"],\"9\":\"<p>IdeaBase redesigned the State Library of Ohio website in May 2015. &nbsp;The site&nbsp;features a new interface, improved site navigation, and enhanced search functionality. &nbsp;<a href=\\\"https:\\/\\/www.youtube.com\\/watch?v=LeQZE5-ar3Q\\\">View the video<\\/a>&nbsp;to see the site in action, or<a href=\\\"http:\\/\\/library.ohio.gov\\/\\\">&nbsp;visit the site<\\/a>&nbsp;to learn more.<\\/p>\",\"46\":[\"356\"],\"88\":[\"175\"],\"104\":\"https:\\/\\/library.ohio.gov\\/\"}}', '2016-01-12 17:44:10', '2016-01-12 17:44:10', 'd45bbb3c-39be-4b04-a842-00735fb770d5'),
 ('313', '353', '4', '87', 'en_us', '4', '', '{\"typeId\":\"4\",\"authorId\":\"204\",\"title\":\"ICE Consulting\",\"slug\":\"ice-consulting\",\"postDate\":1451580420,\"expiryDate\":null,\"enabled\":1,\"parentId\":null,\"fields\":{\"48\":\"\",\"117\":[\"399\"],\"61\":[\"320\",\"316\",\"120\",\"119\",\"146\"],\"9\":\"<p>IdeaBase redesigned the Ice Consulting&nbsp;website and Glyphix (kentglyphix.org) created a new brand identity and logo for Ice Consulting&nbsp;in July&nbsp;2015. The website uses a customized template from Squarespace.com, with colors, type and custom-designed iconography that matches the new ICE identity and the content was written and positioned to match the ICE business goals and increase search optimization. The website was also designed to be responsive and scale across multiple devices.<br><\\/p>\",\"46\":[\"351\",\"352\"],\"88\":[\"177\",\"178\",\"175\"],\"104\":\"http:\\/\\/iceconsulting.org\\/\"}}', '2016-01-12 17:46:00', '2016-01-12 17:46:00', '9b09f1b4-8ccd-430e-abcd-d12874a60691'),
 ('314', '67', '3', '87', 'en_us', '25', '', '{\"typeId\":\"3\",\"authorId\":\"1\",\"title\":\"Reilly Hawkins \",\"slug\":\"reilly-hawkins\",\"postDate\":1442584980,\"expiryDate\":null,\"enabled\":1,\"parentId\":\"\",\"fields\":{\"118\":\"\",\"6\":\"<p>Reilly&nbsp;is an outfielder for the Kent State University Baseball team. He enjoys being a \\u201ctechie\\u201dand loves Apple products and their&nbsp;innovations.&nbsp;Reilly is&nbsp;intrigued&nbsp;by&nbsp;how much technology is becoming a part of everyday society.&nbsp;<\\/p>\\r\\n\\r\\n<p><br><\\/p>\",\"77\":\"Computer Information Systems \",\"4\":\"rhawkins@ideabasekent.com\",\"115\":\"Reilly\",\"7\":\"I legally had my name changed in Kindergarten. It used to be Andrew Quaid Hawkins, however there were 4 other \\u201cAndrews\\u201d in my class so my mom wanted it to be more unique. Changed to Reilly William Hawkins.\",\"26\":[\"6\"],\"3\":\"Web Programmer\",\"114\":\"Hawkins \",\"5\":\"440.221.9193\",\"27\":[\"300\"],\"89\":{\"new1\":{\"type\":\"staffSocName\",\"enabled\":\"1\",\"fields\":{\"staffSocName\":\"Twitter\",\"staffSocLink\":\"http:\\/\\/www.twitter.com\\/reillyhawkins\"}},\"new2\":{\"type\":\"staffSocName\",\"enabled\":\"1\",\"fields\":{\"staffSocName\":\"LinkedIn\",\"staffSocLink\":\"https:\\/\\/www.linkedin.com\\/profile\\/view?id=AAIAABtGIFwBrklv68_miVOWyVO8DJYNSDMRHX4&trk=nav_responsive_tab_profile_pic\"}}}}}', '2016-01-12 19:49:23', '2016-01-12 19:49:23', '2606850d-f272-4711-aebc-e4af3cad367f'),
 ('315', '415', '4', '87', 'en_us', '3', '', '{\"typeId\":\"4\",\"authorId\":\"87\",\"title\":\"Ametek Print Pieces\",\"slug\":\"ametek-print-pieces\",\"postDate\":1452028560,\"expiryDate\":null,\"enabled\":1,\"parentId\":null,\"fields\":{\"48\":\"\",\"117\":[\"429\"],\"61\":[\"146\",\"320\",\"236\"],\"9\":\"\",\"46\":\"\",\"88\":[\"178\",\"179\"],\"104\":\"\"}}', '2016-01-12 20:01:30', '2016-01-12 20:01:30', '16baea35-4558-4856-a95f-929473861261'),
 ('316', '415', '4', '87', 'en_us', '4', '', '{\"typeId\":\"4\",\"authorId\":\"87\",\"title\":\"Ametek Print Pieces\",\"slug\":\"ametek-print-pieces\",\"postDate\":1452028560,\"expiryDate\":null,\"enabled\":1,\"parentId\":null,\"fields\":{\"48\":\"\",\"117\":[\"429\"],\"61\":[\"146\",\"320\",\"236\"],\"9\":\"\",\"46\":\"\",\"88\":[\"178\",\"179\"],\"104\":\"\"}}', '2016-01-12 20:01:37', '2016-01-12 20:01:37', '0affeb06-c065-40f3-8106-146a8dd5236a'),
 ('317', '416', '4', '87', 'en_us', '3', '', '{\"typeId\":\"4\",\"authorId\":\"87\",\"title\":\"Athletics Posters\\/Billboards\\/Schedules\",\"slug\":\"athletics-posters-billboards-schedules\",\"postDate\":1452028620,\"expiryDate\":null,\"enabled\":1,\"parentId\":null,\"fields\":{\"48\":\"\",\"117\":[\"395\"],\"61\":[\"322\"],\"9\":\"\",\"46\":\"\",\"88\":[\"177\",\"179\"],\"104\":\"\"}}', '2016-01-12 20:02:33', '2016-01-12 20:02:33', '41dbedc0-0470-496e-be41-4fc9cafe9301'),
 ('318', '419', '4', '87', 'en_us', '3', '', '{\"typeId\":\"4\",\"authorId\":\"87\",\"title\":\"Career Expo\",\"slug\":\"career-expo\",\"postDate\":1452028680,\"expiryDate\":null,\"enabled\":1,\"parentId\":null,\"fields\":{\"48\":\"\",\"117\":[\"373\"],\"61\":[\"234\"],\"9\":\"\",\"46\":\"\",\"88\":[\"177\",\"179\",\"175\"],\"104\":\"\"}}', '2016-01-12 20:03:30', '2016-01-12 20:03:30', '562345a4-cd06-4ec6-b853-b96c34dc5535'),
 ('319', '365', '4', '87', 'en_us', '6', '', '{\"typeId\":\"4\",\"authorId\":\"204\",\"title\":\"Florence Tour: Kent State College of Communication and Information\",\"slug\":\"florence-tour-kent-state-college-of-communication-and-information\",\"postDate\":1451581860,\"expiryDate\":null,\"enabled\":1,\"parentId\":null,\"fields\":{\"48\":\"\",\"117\":[\"373\"],\"61\":[\"149\"],\"9\":\"<p>The Florence Alumni & Friends Tour campaign was developed for Kent State\'s College of Communication and Information with the goal of promoting an exclusive trip to Florence, Italy for alumni of the college. IdeaBase designers created a custom design system that was used across many different printed and digital pieces.<\\/p>\\r\\n\\r\\n<p>The campaign included:<\\/p>\\r\\n\\r\\n\\r\\n\\r\\n\\r\\n\\r\\n\\r\\n\\r\\n<ul><li>A printed book, explaining the benefits of attending the trip<\\/li><li>A folded invitation, mailed to CCI alumni<\\/li><li>A website, to which those interested were directed for more information<\\/li><\\/ul>\\r\\n\\r\\n\\r\\n\\r\\n\\r\\n\\r\\n\\r\\n\\r\\n<p>The Florence Tour campaign won a Solver ADDY&nbsp;from the Akron Advertising Federation in February 2015 as part&nbsp;of the professional Campaign category.<\\/p>\",\"46\":[\"364\"],\"88\":[\"177\",\"178\",\"179\"],\"104\":\"\"}}', '2016-01-12 20:04:01', '2016-01-12 20:04:01', '1020ed85-0beb-4c82-99ab-95f2055de724'),
 ('320', '355', '4', '87', 'en_us', '4', '', '{\"typeId\":\"4\",\"authorId\":\"204\",\"title\":\"School of Library & Information Science\",\"slug\":\"school-of-library-information-science\",\"postDate\":1451580660,\"expiryDate\":null,\"enabled\":1,\"parentId\":null,\"fields\":{\"48\":\"\",\"117\":[\"400\"],\"61\":[\"120\",\"146\",\"323\",\"423\",\"434\",\"435\"],\"9\":\"<p>IdeaBase took on the research, design and development for the School of Library & Information Science over a 9 month period, launching in January 2015.&nbsp;The website features a custom, responsive design template, research-backed content and navigation and was built in Drupal according to Kent State University\\u2019s web standards.<\\/p>\",\"46\":[\"354\"],\"88\":[\"177\",\"179\",\"175\"],\"104\":\"http:\\/\\/www.kent.edu\\/slis\"}}', '2016-01-12 20:04:33', '2016-01-12 20:04:33', 'ba537ae1-ea8e-42a3-b859-b165cff8b4de'),
 ('321', '439', '3', '204', 'en_us', '1', NULL, '{\"typeId\":null,\"authorId\":null,\"title\":\"Megan Johnson\",\"slug\":\"megan-johnson\",\"postDate\":1452795442,\"expiryDate\":null,\"enabled\":1,\"parentId\":null,\"fields\":{\"118\":\"1\",\"6\":\"\",\"77\":\"Visual Communication Design\",\"4\":\"\",\"115\":\"Megan \",\"7\":\"\",\"26\":[\"6\"],\"3\":\"Designer\",\"114\":\"Megan Johnson\",\"5\":\"\",\"27\":\"\",\"89\":\"\"}}', '2016-01-14 18:17:22', '2016-01-14 18:17:22', 'd7375385-966c-4be9-b611-5404855d0cde'),
 ('322', '80', '5', '204', 'en_us', '4', '', '{\"typeId\":\"5\",\"authorId\":\"1\",\"title\":\"Soccer and IdeaBase: Surprisingly Related: Megan Johnson\",\"slug\":\"this-is-a-test-blog-title\",\"postDate\":1424050020,\"expiryDate\":null,\"enabled\":1,\"parentId\":null,\"fields\":{\"60\":[\"439\"],\"92\":[\"331\"],\"11\":\"<p>I\\u2019m Megan Johnson, one of the Art Directors at IdeaBase. I\\u2019ve been with the agency&nbsp;since May of 2014. My major at Kent State is Visual Communication Design, and along with my studies, I played soccer for Kent for 4 years. Even though I\\u2019ve only been with IdeaBase for a year, I\\u2019ve already seen so much growth in the agency. The addition of new employees that specialize in different fields, like website design and coding, has really expanded our design possibilities. It has also allowed some of us designers to expand our knowledge about other fields.<br>Beyond the growth of the agency, the environment at IdeaBase is really great. It\\u2019s professional where clients are involved, but amongst the employees it is laid back and fun. We all like to joke around with each other, but we also take our design work seriously and look for good feedback from our peers. It\\u2019s just a great atmosphere to be a part of. I like that I can speak candidly and openly with anyone in the office.<br>Besides my schooling, soccer has been a major part of my life and career at Kent State. Being a student athlete is hard work, but it has taught me so many things. For one, it helped me understand when I need to step up and lead, and when it\\u2019s better to follow. It also taught me how to handle people that I might not necessarily get along with, but need to get along with regardless. Lastly, being a student athlete has provided me with some of the greatest friends I could ever ask for, that I might not have met if I hadn\\u2019t played a sport here.<br>My soccer career is actually fairly comparable to working at IdeaBase. From a work standpoint, I learned a lot from athletics that I\\u2019ve been able to apply to IdeaBase. To name a few things, I learned how to manage my time properly, collaborate and work well with others, and also learned that being early is being on time, which are all important things to use in the office. From a social standpoint, in both situations I have formed good relationships with interesting and different people that I might not have become friends with otherwise.<br>Overall, I am glad the time I spent with athletics has been able to translate to my work at IdeaBase, and I hope with future careers as well. With the Kent State\\u2019s athletics department as one of my clients, I am able to still keep athletics in my life despite the fact that I no longer play for the school. It\\u2019s been great to work with different sides of the athletics department.<\\/p>\",\"49\":[\"123\"]}}', '2016-01-14 18:17:46', '2016-01-14 18:17:46', '361f7e9b-4cbc-4111-84ec-639dce1cea82'),
 ('323', '440', '3', '204', 'en_us', '1', NULL, '{\"typeId\":null,\"authorId\":null,\"title\":\"Trista Finch\",\"slug\":\"trista-finch\",\"postDate\":1452795678,\"expiryDate\":null,\"enabled\":1,\"parentId\":null,\"fields\":{\"118\":\"\",\"6\":\"\",\"77\":\"\",\"4\":\"\",\"115\":\"Trista\",\"7\":\"\",\"26\":\"\",\"3\":\"High School Intern\",\"114\":\"Finch\",\"5\":\"\",\"27\":\"\",\"89\":\"\"}}', '2016-01-14 18:21:18', '2016-01-14 18:21:18', '69740472-7d34-4870-9da2-0e8524a2e72b'),
 ('324', '348', '5', '204', 'en_us', '2', '', '{\"typeId\":\"5\",\"authorId\":\"204\",\"title\":\"Meet Our First High School Intern, Trista Finch\",\"slug\":\"meet-our-first-high-school-intern-trista-finch\",\"postDate\":1446786000,\"expiryDate\":null,\"enabled\":1,\"parentId\":null,\"fields\":{\"60\":[\"440\"],\"92\":[\"347\"],\"11\":\"<p>Hello! My name is Trista Finch and I\\u2019m currently a senior at Bio-Med Science Academy, the high school that\\u2019s in Northeast Ohio Medical University. I first heard&nbsp;about IdeaBase when I was a junior. I was preparing for my Senior Experience, and I was looking for a local creative agency that I could intern for every day of my&nbsp;senior year after my classes. I was nervous and hopeful when I first contacted IdeaBase, but looking back, this place is better than I could\\u2019ve ever imagined.<br>The things I love most about being here would have to be the environment and the people. It\\u2019s great to be surrounded by amazing designers who are passionate about what they do and are willing to critique my work and help me become a better designer. IdeaBase is relaxed and fun (while still productive of course) from the music that\\u2019s always playing, to messing around with the other students that work here. They\\u2019ve never had a high school student be a part of the company, so this is a new experience for everyone. My time here normally consists of working on the branding project that I\\u2019m currently in the middle of and getting feedback from the other designers, sitting in on meetings so I can learn more about the business side of the profession, and attending the Responsive Web Design and Glyphix classes.<br>I\\u2019ve learned so much from the people here, everything from programs like Illustrator and InDesign to social skills from being at the meetings and events that are held there. At the moment I\\u2019m focusing on design, but I will be shifting to programming later in the year and am eager to broaden my skills there too. I\\u2019m ecstatic for college next year, and am planning to pursue a combined degree in Design and Computer Science. I am considering Kent, especially because of the opportunities like IdeaBase that I would have there.<br>Outside of school and my internship I lead the youth group and volunteer at Passion Community Church, read as many books from as many genres as I can- poetry, horror, fiction, nonfiction, anything I can get my hands on- and in turn I love writing poetry and short stories of my own. Also in the winter I\\u2019m in the Ski club at my school and go snowmobiling with my family.<\\/p>\\r\\n\\r\\n<p><br><\\/p>\",\"49\":[\"123\"]}}', '2016-01-14 18:21:28', '2016-01-14 18:21:28', 'c6c89bd5-6f27-49c5-b6a2-96fe3d29f348');
INSERT INTO `craft_entryversions` (`id`, `entryId`, `sectionId`, `creatorId`, `locale`, `num`, `notes`, `data`, `dateCreated`, `dateUpdated`, `uid`) VALUES
 ('325', '441', '3', '204', 'en_us', '1', NULL, '{\"typeId\":null,\"authorId\":null,\"title\":\"Elena Rounsley\",\"slug\":\"elena-rounsley\",\"postDate\":1452795775,\"expiryDate\":null,\"enabled\":1,\"parentId\":null,\"fields\":{\"118\":\"1\",\"6\":\"\",\"77\":\"\",\"4\":\"\",\"115\":\"Elena\",\"7\":\"\",\"26\":\"\",\"3\":\"Student Intern\",\"114\":\"Rounsley\",\"5\":\"\",\"27\":\"\",\"89\":\"\"}}', '2016-01-14 18:22:55', '2016-01-14 18:22:55', '1f72cf9a-d093-46a3-8c81-eed1b760355d'),
 ('326', '335', '5', '204', 'en_us', '2', '', '{\"typeId\":\"5\",\"authorId\":\"204\",\"title\":\"Interning at IdeaBase: Elena Rounsley\",\"slug\":\"interning-at-ideabase-elena-rounsley\",\"postDate\":1427860800,\"expiryDate\":null,\"enabled\":1,\"parentId\":null,\"fields\":{\"60\":[\"441\"],\"92\":[\"334\"],\"11\":\"<p>Students can gain a lot of valuable, real-life work skills from interning at IdeaBase. I learned how to communicate with clients more efficiently, stay on top of my projects, and fill out client information forms. I also learned how to do some visual design work.<br>My name is Elena Rounsley, and I am an Account Management intern at IdeaBase. My major is in Applied Communications, and I have a minor in Advertising. I first heard about IdeaBase from a former employee, Evan Bailey.<br>At IdeaBase I get real-life work experience. I get to work with clients and a creative team. I plan on working in an agency after gradation, so this experience is great before graduation.<br>Working at IdeaBase compared to other student jobs is quite different. I am a Bartender at Mikes Place, and the money I make as a bartender is great. I don\\u2019t receive life experience like I do at IdeaBase, though. I don\\u2019t plan on staying a bartender my entire life, so I\\u2019m glad IdeaBase has given me work experience directly related to my major.<br>The work environment at IdeaBase is friendly. Everyone who works at IdeaBase is open to help anyone and answer any questions. It\\u2019s the type of environment where you feel welcomed right when you walk in the door.<br>Working at IdeaBase has prepared me for working in an agency after graduation in many ways. It has taught me how to work with others and connect with people on different levels. I have gained experience in areas I previously knew little about. I have also gotten a taste of what it will be like working in an agency and with a creative team.<br>After graduation, I will be looking for Account Management positions at different agencies in Charlotte, North Carolina. I will also be applying for sales positions and broadcasting positions. I really want to work in Account Management, but after graduation I am willing to work any position in order to gain more experience.<br>I don\\u2019t necessarily have a dream job, but I will say that my dream is to work somewhere I enjoy going to every day. I want to be able to wake up and get excited to go to work. I also want to be able to take of care of myself and not struggle.<br>Lastly, I want to thank IdeaBase for giving me the opportunity to work and gain experience at their agency. I appreciate all that they have done for me!<\\/p>\\r\\n\\r\\n<p><br><\\/p>\\r\\n\\r\\n<p>Written by Elena Rounsley<\\/p>\",\"49\":[\"123\"]}}', '2016-01-14 18:23:03', '2016-01-14 18:23:03', '296cff3e-2d43-4140-b100-bb915bf360c4'),
 ('327', '442', '3', '204', 'en_us', '1', NULL, '{\"typeId\":null,\"authorId\":null,\"title\":\"Ashley Kozak\",\"slug\":\"ashley-kozak-1\",\"postDate\":1452795856,\"expiryDate\":null,\"enabled\":1,\"parentId\":null,\"fields\":{\"118\":\"1\",\"6\":\"\",\"77\":\"\",\"4\":\"\",\"115\":\"Ashley\",\"7\":\"\",\"26\":[\"6\"],\"3\":\"\",\"114\":\"Kozak\",\"5\":\"\",\"27\":\"\",\"89\":\"\"}}', '2016-01-14 18:24:16', '2016-01-14 18:24:16', '8f90e050-3e5c-4c73-80e8-cedab8f8e962'),
 ('328', '125', '5', '204', 'en_us', '6', '', '{\"typeId\":\"5\",\"authorId\":\"87\",\"title\":\"Breaking Free of the Page: Applying Traditional Design Skills to the Web: Ashley Kozak\",\"slug\":\"this-is-a-test-blog\",\"postDate\":1422112440,\"expiryDate\":null,\"enabled\":1,\"parentId\":null,\"fields\":{\"60\":[\"442\"],\"92\":[\"330\"],\"11\":\"<p>As a designer, I work based upon a process that allows me to become inspired and evolve my work until it is acceptable. (This sounds like a low bar, but designers have high standards.) Having developed a design process that worked for me and allowed me to produce results, I\\u2019m sure one could imagine my inner turmoil when I had to design outside of what had become my personal procedural safety-zone!<br>My exploration of the web design process began at IdeaBase upon joining the team assigned to redesigning the School of Library and Information Science (SLIS) website, now live at&nbsp;<a href=\\\"http:\\/\\/www.kent.edu\\/slis\\\">www.kent.edu\\/slis<\\/a>. This project was especially exciting because it was going to be the first custom template design in Kent State\\u2019s new content management system, but what I learned from the SLIS website redesign project really came down to adapting to differences in process that resulted not only from working on a real-world project, but also from needing to present to and work with a team of non-graphic designers and clients.<br>Shaking Up the Traditional Design Process<\\/p>\\r\\n\\r\\n<p>Typography and ColorsThe simple version of the basic academic design process which I became accustomed to consisted of research, sketching, designing (compositions), and lots of critiquing and modification until the projects end. However, differences in our group design process began to emerge after the sketching step when I was directed to first design page elements (navigations, header, footer, image carousel, etc.) for the SLIS website as opposed to designing whole pages.<br>Seemingly simple, this initially really messed with my mind. I had become used to designing firm, whole compositions to show, but for this project I had to first present to the client design fragments while trying to imagine a future whole, or many possible wholes. I felt like I was trying to sell fragments of glass instead of a whole window! I remember thinking during this step that this process was very odd, although I can see now that this preliminary design step allowed the team to get feedback from SLIS on the design\\u2019s basics&mdash;color, type, and structures&mdash;before designing more in- depth. Also, this modular point of view allowed us to test in-browser faster and helped me think more as I would imagine a developer thinks and works&mdash;in pieces (of code).<br>Thinking Responsively<\\/p>\\r\\n\\r\\n\\r\\n\\r\\n\\r\\n\\r\\n\\r\\n\\r\\n\\r\\n\\r\\n<p>Buttons and NavigationThis brings me to another point of the design process which was different for me: witnessing how the design changes by necessity in a browser setting (aka, practical web design versus theoretical classroom web design). I never realized how important this would be in the process. For example, originally the design for this website featured more angles. However, the viability of CSS triangles often became unworkable, and so I had to come up with new solutions. It was after witnessing how page elements change between different screen sizes in the browser setting that I started to really understand how a responsive design works.<br>Lessons Learned<\\/p>\\r\\n\\r\\n\\r\\n\\r\\n\\r\\n\\r\\n\\r\\n\\r\\n\\r\\n\\r\\n<p>In short, I learned&nbsp;A TON&nbsp;by being lead designer on this project! I suppose the main takeaway of my experience for me, though, was understanding that design and development had to become a blended process for the website to function and communicate better, and be visually suitable. Shaking up my process to understand and work better with my team gave me insight that I would not have gained otherwise.<br>Everyone should venture outside of their comfort zone every once in a while.<\\/p>\",\"49\":[\"123\"]}}', '2016-01-14 18:24:27', '2016-01-14 18:24:27', '47ed929a-3a8e-484e-9d77-0ab2398feef3'),
 ('329', '146', '3', '204', 'en_us', '9', '', '{\"typeId\":\"3\",\"authorId\":\"87\",\"title\":\"Quintin Steele\",\"slug\":\"quintin-steele\",\"postDate\":1446740340,\"expiryDate\":null,\"enabled\":1,\"parentId\":\"\",\"fields\":{\"118\":\"\",\"6\":\"<p>Hi I\'m Quintin Steele (I know, it is a sweet name). I am currently a graduate student in Visual Communication Design at &nbsp;Kent State University and will graduate at the end of&nbsp;summer semmester&nbsp;2016.&nbsp;&nbsp;I am a freelance designer, instructor for KSU, and creative director at IdeaBase. I watch way too many movies and drink entirely too much coffee. When I was 8, I was the&nbsp;raingutter regatta champion of my CubScout pack. I really enjoy working with others and constantly pushing myself to learn more about everything around me.<\\/p>\",\"77\":\"B.F.A. Visual Communication Design, M.F.A. Visual Communication Design Graduate Student \",\"4\":\"qsteele@ideabasekent.com\",\"115\":\"Quintin\",\"7\":\"\",\"26\":[\"5\"],\"3\":\"IdeaBase Creative Director\",\"114\":\"Steele\",\"5\":\"330.672.7300\",\"27\":[\"298\"],\"89\":\"\"}}', '2016-01-14 18:33:51', '2016-01-14 18:33:51', '49befa97-d360-4e5f-ad8a-11dc053b0941'),
 ('330', '316', '3', '204', 'en_us', '2', '', '{\"typeId\":\"3\",\"authorId\":\"204\",\"title\":\"Callie Sullivan\",\"slug\":\"callie-sullivan\",\"postDate\":1451403540,\"expiryDate\":null,\"enabled\":1,\"parentId\":\"\",\"fields\":{\"118\":\"\",\"6\":\"<p>Callie received her Bachelor\\u2019s degree in English from UW-Madison and is currently pursuing her Master\\u2019s degree in User Experience Design through Kent State University. She is dually employed by IdeaBase, as well as a pharmacy benefit management company called Navitus based out of Madison, Wisconsin. At Navitus, Callie works as a Marketing Analyst and is part of the organization\\u2019s Web team, assisting primarily on content creation and organization for both the company\\u2019s internal and external sites. works in the Marketing department of a pharmacy benefit management company called Navitus based out of Madison, Wisconsin. At IdeaBase, Callie has worked on several projects&mdash;including the State Library of Ohio redesign, the design of the ICE Consulting website, and the redesign of the IdeaBase website&mdash;as the lead Content Strategist and Information Architect.<\\/p><p><br><\\/p><p>When Callie\\u2019s not eating, sleeping and breathing UX, she\\u2019s pursuing her other passions, which include music, the French language, travel and cheese plates.<\\/p>\",\"77\":\"User Experience Design\",\"4\":\"csullivan@ideabasekent.com\",\"115\":\"Callie \",\"7\":\"\",\"26\":[\"6\"],\"3\":\"UX Designer\",\"114\":\"Sullivan\",\"5\":\"\",\"27\":[\"304\"],\"89\":{\"new1\":{\"type\":\"staffSocName\",\"enabled\":\"1\",\"fields\":{\"staffSocName\":\"Facebook\",\"staffSocLink\":\"https:\\/\\/www.facebook.com\\/calliesheasullivan\"}},\"new2\":{\"type\":\"staffSocName\",\"enabled\":\"1\",\"fields\":{\"staffSocName\":\"Twitter\",\"staffSocLink\":\"https:\\/\\/twitter.com\\/colormelucky_\"}},\"new3\":{\"type\":\"staffSocName\",\"enabled\":\"1\",\"fields\":{\"staffSocName\":\"LinkedIn\",\"staffSocLink\":\"https:\\/\\/www.linkedin.com\\/in\\/callie-sullivan-4a53ab45\"}},\"new4\":{\"type\":\"staffSocName\",\"enabled\":\"1\",\"fields\":{\"staffSocName\":\"Callie\'s Portfolio\",\"staffSocLink\":\"http:\\/\\/www.callie-sullivan.squarespace.com\\/\"}}}}}', '2016-01-14 19:08:12', '2016-01-14 19:08:12', '46e7a1a3-79ec-4701-b080-e3ea4e6c4701'),
 ('331', '316', '3', '204', 'en_us', '3', '', '{\"typeId\":\"3\",\"authorId\":\"204\",\"title\":\"Callie Sullivan\",\"slug\":\"callie-sullivan\",\"postDate\":1451403540,\"expiryDate\":null,\"enabled\":1,\"parentId\":\"\",\"fields\":{\"118\":\"\",\"6\":\"<p>Callie received her Bachelor\\u2019s degree in English from UW-Madison and is currently pursuing her Master\\u2019s degree in User Experience Design through Kent State University. She is dually employed by IdeaBase, as well as a pharmacy benefit management company called Navitus based out of Madison, Wisconsin. At Navitus, Callie works as a Marketing Analyst and is part of the organization\\u2019s Web team, assisting primarily on content creation and organization for both the company\\u2019s internal and external sites. works in the Marketing department of a pharmacy benefit management company called Navitus based out of Madison, Wisconsin. At IdeaBase, Callie has worked on several projects&mdash;including the State Library of Ohio redesign, the design of the ICE Consulting website, and the redesign of the IdeaBase website&mdash;as the lead Content Strategist and Information Architect.<\\/p>\\r\\n\\r\\n<p><br><\\/p>\\r\\n\\r\\n<p>When Callie\\u2019s not eating, sleeping and breathing UX, she\\u2019s pursuing her other passions, which include music, the French language, travel and cheese plates.<\\/p>\",\"77\":\"User Experience Design\",\"4\":\"csullivan@ideabasekent.com\",\"115\":\"Callie \",\"7\":\"\",\"26\":[\"6\"],\"3\":\"UX Designer\",\"114\":\"Sullivan\",\"5\":\"\",\"27\":[\"304\"],\"89\":{\"443\":{\"type\":\"staffSocName\",\"enabled\":\"1\",\"fields\":{\"staffSocName\":\"Facebook\",\"staffSocLink\":\"https:\\/\\/www.facebook.com\\/calliesheasullivan\"}},\"444\":{\"type\":\"staffSocName\",\"enabled\":\"1\",\"fields\":{\"staffSocName\":\"Twitter\",\"staffSocLink\":\"https:\\/\\/twitter.com\\/colormelucky_\"}},\"445\":{\"type\":\"staffSocName\",\"enabled\":\"1\",\"fields\":{\"staffSocName\":\"LinkedIn\",\"staffSocLink\":\"https:\\/\\/www.linkedin.com\\/in\\/callie-sullivan-4a53ab45\"}},\"446\":{\"type\":\"staffSocName\",\"enabled\":\"1\",\"fields\":{\"staffSocName\":\"Callie\'s Portfolio\",\"staffSocLink\":\"http:\\/\\/www.callie-sullivan.squarespace.com\\/\"}}}}}', '2016-01-14 19:12:14', '2016-01-14 19:12:14', 'c66ec7dc-2192-40cd-a2c5-3147129952d9'),
 ('332', '316', '3', '204', 'en_us', '4', '', '{\"typeId\":\"3\",\"authorId\":\"204\",\"title\":\"Callie Sullivan\",\"slug\":\"callie-sullivan\",\"postDate\":1451403540,\"expiryDate\":null,\"enabled\":1,\"parentId\":\"\",\"fields\":{\"118\":\"\",\"6\":\"<p>Callie received her Bachelor\\u2019s degree in English from UW-Madison and is currently pursuing her Master\\u2019s degree in User Experience Design through Kent State University, where she will graduate in August of 2016.&nbsp;She is dually employed by IdeaBase, as well as a pharmacy benefit management company called Navitus based out of Madison, Wisconsin. At Navitus, Callie works as a Marketing Analyst and is part of the organization\\u2019s Web team, assisting primarily on content creation and organization for both the company\\u2019s internal and external sites. works in the Marketing department of a pharmacy benefit management company called Navitus based out of Madison, Wisconsin. At IdeaBase, Callie has worked on several projects&mdash;including the State Library of Ohio redesign, the design of the ICE Consulting website, and the redesign of the IdeaBase website&mdash;as the lead Content Strategist and Information Architect.<\\/p>\\r\\n\\r\\n<p><br><\\/p>\\r\\n\\r\\n\\r\\n\\r\\n<p>When Callie\\u2019s not eating, sleeping and breathing UX, she\\u2019s pursuing her other passions, which include music, the French language, travel and cheese plates.<\\/p>\",\"77\":\"B.A. English, M.S. User Experience Design Graduate Student\",\"4\":\"csullivan@ideabasekent.com\",\"115\":\"Callie \",\"7\":\"\",\"26\":[\"6\"],\"3\":\"UX Designer\",\"114\":\"Sullivan\",\"5\":\"\",\"27\":[\"304\"],\"89\":{\"443\":{\"type\":\"staffSocName\",\"enabled\":\"1\",\"fields\":{\"staffSocName\":\"Facebook\",\"staffSocLink\":\"https:\\/\\/www.facebook.com\\/calliesheasullivan\"}},\"444\":{\"type\":\"staffSocName\",\"enabled\":\"1\",\"fields\":{\"staffSocName\":\"Twitter\",\"staffSocLink\":\"https:\\/\\/twitter.com\\/colormelucky_\"}},\"445\":{\"type\":\"staffSocName\",\"enabled\":\"1\",\"fields\":{\"staffSocName\":\"LinkedIn\",\"staffSocLink\":\"https:\\/\\/www.linkedin.com\\/in\\/callie-sullivan-4a53ab45\"}},\"446\":{\"type\":\"staffSocName\",\"enabled\":\"1\",\"fields\":{\"staffSocName\":\"Callie\'s Portfolio\",\"staffSocLink\":\"http:\\/\\/www.callie-sullivan.squarespace.com\\/\"}}}}}', '2016-01-14 19:15:15', '2016-01-14 19:15:15', 'd884c65e-2b8f-48e4-9229-c895759756d2'),
 ('333', '316', '3', '204', 'en_us', '5', '', '{\"typeId\":\"3\",\"authorId\":\"204\",\"title\":\"Callie Sullivan\",\"slug\":\"callie-sullivan\",\"postDate\":1451403540,\"expiryDate\":null,\"enabled\":1,\"parentId\":\"\",\"fields\":{\"118\":\"\",\"6\":\"<p>Callie received her Bachelor\\u2019s degree in English from UW-Madison and is currently pursuing her Master\\u2019s degree in User Experience Design through Kent State University, where she will graduate in August of 2016.&nbsp;She is dually employed by IdeaBase, as well as a pharmacy benefit management company called Navitus based out of Madison, Wisconsin. At Navitus, Callie works as a Marketing Analyst and is part of the organization\\u2019s Web team, assisting primarily on content creation and organization for both the company\\u2019s internal and external sites. works in the Marketing department of a pharmacy benefit management company called Navitus based out of Madison, Wisconsin. At IdeaBase, Callie has worked on several projects&mdash;including the State Library of Ohio redesign, the design of the ICE Consulting website, and the redesign of the IdeaBase website&mdash;as the lead Content Strategist and Information Architect.<\\/p>\\r\\n\\r\\n<p><br><\\/p>\\r\\n\\r\\n\\r\\n\\r\\n\\r\\n\\r\\n<p>When Callie\\u2019s not eating, sleeping and breathing UX, she\\u2019s pursuing her other passions, which include music, the French language, travel and cheese plates.<\\/p>\",\"77\":\"B.A. English, M.S. User Experience Design Graduate Student\",\"4\":\"csullivan@ideabasekent.com\",\"115\":\"Callie \",\"7\":\"\",\"26\":[\"6\"],\"3\":\"UX Designer\",\"114\":\"Sullivan\",\"5\":\"\",\"27\":[\"304\"],\"89\":{\"443\":{\"type\":\"staffSocName\",\"enabled\":\"1\",\"fields\":{\"staffSocName\":\"Facebook\",\"staffSocLink\":\"https:\\/\\/www.facebook.com\\/calliesheasullivan\"}},\"444\":{\"type\":\"staffSocName\",\"enabled\":\"1\",\"fields\":{\"staffSocName\":\"Twitter\",\"staffSocLink\":\"https:\\/\\/twitter.com\\/colormelucky_\"}},\"445\":{\"type\":\"staffSocName\",\"enabled\":\"1\",\"fields\":{\"staffSocName\":\"LinkedIn\",\"staffSocLink\":\"https:\\/\\/www.linkedin.com\\/in\\/callie-sullivan-4a53ab45\"}},\"446\":{\"type\":\"staffSocName\",\"enabled\":\"1\",\"fields\":{\"staffSocName\":\"Callie\'s Portfolio\",\"staffSocLink\":\"http:\\/\\/www.callie-sullivan.squarespace.com\\/\"}}}}}', '2016-01-14 19:17:00', '2016-01-14 19:17:00', 'cb166be6-e99d-4100-9a63-7a1208cb2ccd'),
 ('334', '449', '14', '150', 'en_us', '1', '', '{\"typeId\":null,\"authorId\":\"150\",\"title\":\"User Experience Testing Lab\",\"slug\":\"user-experience-testing-lab\",\"postDate\":1452873035,\"expiryDate\":null,\"enabled\":1,\"parentId\":\"\",\"fields\":{\"120\":[\"448\"],\"121\":\"<p>We proudly manage our own in-house User Experience Testing Lab. This on-site lab complements our design services by offering clients the ability to test their products using our advanced research equipment. The lab is operated by an experienced User Experience Designer and a team of graduate students from Kent State\\u2019s renowned User Experience Design master\\u2019s program.<\\/p>\"}}', '2016-01-15 15:50:35', '2016-01-15 15:50:35', '87afeb8a-f71d-4423-ad1c-830a979366b0'),
 ('335', '449', '14', '150', 'en_us', '2', '', '{\"typeId\":\"14\",\"authorId\":\"150\",\"title\":\"User Experience Testing Lab\",\"slug\":\"ux\",\"postDate\":1452873000,\"expiryDate\":null,\"enabled\":1,\"parentId\":\"\",\"fields\":{\"120\":[\"448\"],\"121\":\"<p>We proudly manage our own in-house User Experience Testing Lab. This on-site lab complements our design services by offering clients the ability to test their products using our advanced research equipment. The lab is operated by an experienced User Experience Designer and a team of graduate students from Kent State\\u2019s renowned User Experience Design master\\u2019s program.<\\/p>\"}}', '2016-01-15 15:50:46', '2016-01-15 15:50:46', '4ea0bca2-c789-4b46-8358-d72a1b2a961e'),
 ('336', '449', '14', '150', 'en_us', '3', '', '{\"typeId\":\"14\",\"authorId\":\"150\",\"title\":\"User Experience Testing Lab\",\"slug\":\"ux\",\"postDate\":1452873000,\"expiryDate\":null,\"enabled\":1,\"parentId\":\"\",\"fields\":{\"120\":[\"448\"],\"121\":\"<p>We proudly manage our own in-house User Experience Testing Lab. This on-site lab complements our design services by offering clients the ability to test their products using our advanced research equipment. The lab is operated by an experienced User Experience Designer and a team of graduate students from Kent State\\u2019s renowned User Experience Design master\\u2019s program.<\\/p>\"}}', '2016-01-15 15:54:30', '2016-01-15 15:54:30', '1506d8bd-a7a0-4502-b945-399a28c03bf2'),
 ('337', '449', '14', '150', 'en_us', '4', '', '{\"typeId\":\"14\",\"authorId\":\"150\",\"title\":\"User Experience Testing Lab\",\"slug\":\"ux\",\"postDate\":1452873000,\"expiryDate\":null,\"enabled\":1,\"parentId\":\"\",\"fields\":{\"37\":[\"281\"],\"121\":\"<p>We proudly manage our own in-house User Experience Testing Lab. This on-site lab complements our design services by offering clients the ability to test their products using our advanced research equipment. The lab is operated by an experienced User Experience Designer and a team of graduate students from Kent State\\u2019s renowned User Experience Design master\\u2019s program.<\\/p>\"}}', '2016-01-15 16:00:30', '2016-01-15 16:00:30', '262754c5-1ae8-4f26-9293-b0639ad400bd'),
 ('338', '449', '14', '150', 'en_us', '5', '', '{\"typeId\":\"14\",\"authorId\":\"150\",\"title\":\"User Experience Testing Lab\",\"slug\":\"ux\",\"postDate\":1452873000,\"expiryDate\":null,\"enabled\":1,\"parentId\":\"\",\"fields\":{\"37\":[\"448\"],\"121\":\"<p>We proudly manage our own in-house User Experience Testing Lab. This on-site lab complements our design services by offering clients the ability to test their products using our advanced research equipment. The lab is operated by an experienced User Experience Designer and a team of graduate students from Kent State\\u2019s renowned User Experience Design master\\u2019s program.<\\/p>\"}}', '2016-01-15 16:11:36', '2016-01-15 16:11:36', 'f1569c31-aba4-4899-8626-3f9004581239');



DROP TABLE IF EXISTS `craft_fieldgroups`;


--
-- Schema for table `craft_fieldgroups`
--
CREATE TABLE `craft_fieldgroups` (
  `id` int(11) NOT NULL AUTO_INCREMENT,
  `name` varchar(255) COLLATE utf8_unicode_ci NOT NULL,
  `dateCreated` datetime NOT NULL,
  `dateUpdated` datetime NOT NULL,
  `uid` char(36) COLLATE utf8_unicode_ci NOT NULL DEFAULT '0',
  PRIMARY KEY (`id`),
  UNIQUE KEY `craft_fieldgroups_name_unq_idx` (`name`)
) ENGINE=InnoDB AUTO_INCREMENT=19 DEFAULT CHARSET=utf8 COLLATE=utf8_unicode_ci;

--
-- Data for table `craft_fieldgroups`
--

INSERT INTO `craft_fieldgroups` (`id`, `name`, `dateCreated`, `dateUpdated`, `uid`) VALUES
 ('1', 'Default', '2015-09-18 13:02:12', '2015-09-18 13:02:12', '57ce97e4-e837-42d8-a203-66d9e42b89b0'),
 ('2', 'Staff Profile', '2015-09-18 13:16:04', '2015-09-18 13:16:04', 'ee6b13a7-3ac7-464b-8b7a-26d7ba4bb7df'),
 ('3', 'Projects', '2015-09-18 13:17:56', '2015-09-18 13:17:56', '530aed3b-0162-4498-a621-2aadbbb6d404'),
 ('4', 'Blog Post', '2015-09-18 13:18:34', '2015-10-30 15:29:51', '5bf3e2a8-0004-424d-9ae5-1b8421680225'),
 ('5', 'Awards', '2015-09-18 13:20:24', '2015-09-18 13:20:24', 'e2ae3b9f-6686-4406-809a-4b9ee79ec93d'),
 ('6', 'Testimonial', '2015-09-18 13:21:39', '2015-09-18 13:21:39', 'b5f43a93-be6b-4b38-9706-4fb8a31ee561'),
 ('7', 'Services', '2015-09-18 13:22:56', '2015-09-18 13:22:56', '09d4e99d-0425-449b-934a-c81c9df60932'),
 ('8', 'Clients', '2015-09-18 13:25:07', '2015-09-18 13:25:07', 'f81c278e-1c08-43f8-ac03-47b136725fa8'),
 ('10', 'Header', '2015-09-29 14:58:06', '2015-09-29 14:58:06', '2a713a00-4b52-4311-85a3-8bad1e7d0047'),
 ('11', 'Footer', '2015-09-29 14:59:04', '2015-09-29 14:59:04', 'fb4cd045-d137-45b0-99d6-b1ca8804a96c'),
 ('12', 'Homepage', '2015-09-29 15:08:45', '2015-09-29 15:08:45', 'd17852e1-7469-44af-a541-c5fa10baabce'),
 ('13', 'Staff Profile Index', '2015-10-06 14:08:23', '2015-10-06 14:08:23', '7c146ebe-2e64-4b72-9f92-ccebe64744a8'),
 ('14', 'Process Index', '2015-10-06 14:37:38', '2015-10-06 14:37:38', 'ce0db148-c92e-46fd-a5f0-c31ab63a684a'),
 ('15', 'Case Study', '2015-10-30 15:29:42', '2015-10-30 15:29:42', '6235705b-37fe-479c-8e70-9ab58c35a895'),
 ('16', 'Social Media', '2015-10-30 15:38:22', '2015-10-30 15:38:22', '9c49af92-c7fe-4dad-9695-e4fae501173b'),
 ('17', 'Basic Page', '2015-11-03 17:22:21', '2015-11-03 17:22:21', 'a4479868-a021-4dc8-b352-217ebcc51275'),
 ('18', 'Projects Homepage', '2015-11-06 14:19:34', '2015-11-06 14:19:34', 'a92a1fae-a156-4c98-acf5-d03623968087');



DROP TABLE IF EXISTS `craft_fieldlayoutfields`;


--
-- Schema for table `craft_fieldlayoutfields`
--
CREATE TABLE `craft_fieldlayoutfields` (
  `id` int(11) NOT NULL AUTO_INCREMENT,
  `layoutId` int(11) NOT NULL,
  `tabId` int(11) NOT NULL,
  `fieldId` int(11) NOT NULL,
  `required` tinyint(1) unsigned NOT NULL DEFAULT '0',
  `sortOrder` tinyint(4) DEFAULT NULL,
  `dateCreated` datetime NOT NULL,
  `dateUpdated` datetime NOT NULL,
  `uid` char(36) COLLATE utf8_unicode_ci NOT NULL DEFAULT '0',
  PRIMARY KEY (`id`),
  UNIQUE KEY `craft_fieldlayoutfields_layoutId_fieldId_unq_idx` (`layoutId`,`fieldId`),
  KEY `craft_fieldlayoutfields_sortOrder_idx` (`sortOrder`),
  KEY `craft_fieldlayoutfields_tabId_fk` (`tabId`),
  KEY `craft_fieldlayoutfields_fieldId_fk` (`fieldId`)
) ENGINE=InnoDB AUTO_INCREMENT=399 DEFAULT CHARSET=utf8 COLLATE=utf8_unicode_ci;

--
-- Data for table `craft_fieldlayoutfields`
--

INSERT INTO `craft_fieldlayoutfields` (`id`, `layoutId`, `tabId`, `fieldId`, `required`, `sortOrder`, `dateCreated`, `dateUpdated`, `uid`) VALUES
 ('2', '5', '2', '1', '1', '1', '2015-09-18 13:02:13', '2015-09-18 13:02:13', '90cd67b0-c75a-4d5e-9589-81e85c22a97d'),
 ('3', '5', '2', '2', '0', '2', '2015-09-18 13:02:13', '2015-09-18 13:02:13', '801144c5-5224-404a-89a9-4e8784982551'),
 ('12', '20', '6', '22', '0', '1', '2015-09-18 14:01:18', '2015-09-18 14:01:18', '821bd6aa-b31e-4945-8fb2-4ed122e52a08'),
 ('13', '20', '6', '23', '0', '2', '2015-09-18 14:01:18', '2015-09-18 14:01:18', '9a1e7c37-0daa-4b15-bd31-80ce7f1a2e20'),
 ('88', '73', '30', '51', '0', '1', '2015-11-03 17:10:04', '2015-11-03 17:10:04', '7b7ff697-25c3-4834-b89b-46cba9dcb089'),
 ('109', '81', '36', '63', '0', '1', '2015-11-05 16:32:04', '2015-11-05 16:32:04', 'ed9d7d87-10fd-479b-acb2-094474e88049'),
 ('110', '81', '36', '64', '0', '2', '2015-11-05 16:32:04', '2015-11-05 16:32:04', '50a10c4c-7032-49ac-a72f-55314a4649da'),
 ('111', '81', '36', '65', '0', '3', '2015-11-05 16:32:04', '2015-11-05 16:32:04', '470168af-22a6-4af9-8aff-6ca64b60a324'),
 ('129', '86', '40', '19', '0', '1', '2015-11-06 15:06:30', '2015-11-06 15:06:30', '755b0526-5adf-409a-a395-eaed903c42f7'),
 ('130', '86', '40', '17', '0', '2', '2015-11-06 15:06:30', '2015-11-06 15:06:30', '4844d1d7-262a-4255-b059-fbd239b13d12'),
 ('131', '86', '40', '18', '0', '3', '2015-11-06 15:06:30', '2015-11-06 15:06:30', 'a2a811ca-cb83-4ef3-9bef-b6bc0cfe21ec'),
 ('132', '86', '40', '76', '0', '4', '2015-11-06 15:06:30', '2015-11-06 15:06:30', '2d0f0667-e1b5-4c02-a8f3-13eb25ae3fa4'),
 ('141', '144', '42', '28', '0', '1', '2015-11-17 14:52:03', '2015-11-17 14:52:03', '2f15e014-3647-402f-8b68-d7f1cb933d8d'),
 ('179', '151', '47', '69', '0', '1', '2015-11-24 15:28:20', '2015-11-24 15:28:20', 'ee3f138a-c943-49cc-a6c4-ebc7083778c7'),
 ('180', '151', '47', '70', '0', '2', '2015-11-24 15:28:20', '2015-11-24 15:28:20', '837980ac-3d7e-4ee8-9da7-3c732244b131'),
 ('186', '153', '49', '90', '0', '1', '2015-11-25 21:46:50', '2015-11-25 21:46:50', '1ec0e13f-39c1-4d59-b347-a33e27d70d4b'),
 ('187', '153', '49', '91', '0', '2', '2015-11-25 21:46:50', '2015-11-25 21:46:50', '7d6ac69d-ab84-46ad-8211-9548060b19a6'),
 ('197', '155', '51', '92', '0', '1', '2015-11-25 21:58:26', '2015-11-25 21:58:26', '47e11599-3627-4261-ab95-509e17eba19f'),
 ('198', '155', '51', '11', '0', '2', '2015-11-25 21:58:26', '2015-11-25 21:58:26', '72e319bf-0f3b-4647-b983-e605756f1b2b'),
 ('199', '155', '51', '60', '0', '3', '2015-11-25 21:58:26', '2015-11-25 21:58:26', 'f61d35d7-442a-44d4-bb47-2deca1d57b5a'),
 ('200', '155', '51', '49', '0', '4', '2015-11-25 21:58:26', '2015-11-25 21:58:26', '39005c85-4017-4e73-8061-89e24b3ecaad'),
 ('239', '163', '58', '95', '0', '1', '2015-12-03 23:02:46', '2015-12-03 23:02:46', '62ec7bd5-f88a-4693-a322-0a01bf26f4da'),
 ('240', '163', '58', '96', '0', '2', '2015-12-03 23:02:46', '2015-12-03 23:02:46', '59dfdd7d-99b0-48f3-a7a5-2d4aa2f8d11a'),
 ('241', '163', '58', '97', '0', '3', '2015-12-03 23:02:46', '2015-12-03 23:02:46', '46ad4109-69bc-491d-b390-2640b7087216'),
 ('242', '163', '58', '98', '0', '4', '2015-12-03 23:02:46', '2015-12-03 23:02:46', '58ddfb02-2ff7-4aaf-b6a5-cb95fe560e8a'),
 ('243', '163', '58', '99', '0', '5', '2015-12-03 23:02:46', '2015-12-03 23:02:46', '87ce2563-bc98-4038-a8d8-9b90e21fc0b2'),
 ('244', '163', '58', '100', '0', '6', '2015-12-03 23:02:46', '2015-12-03 23:02:46', '18df5758-f188-4d7c-bd3f-c28aa857cf43'),
 ('245', '163', '58', '101', '0', '7', '2015-12-03 23:02:46', '2015-12-03 23:02:46', '70220932-bc1f-410f-acf4-0d8bcf8bc00f'),
 ('246', '163', '58', '102', '0', '8', '2015-12-03 23:02:46', '2015-12-03 23:02:46', 'd9ef2d73-dd87-4394-a284-fc049d03511b'),
 ('247', '163', '58', '103', '0', '9', '2015-12-03 23:02:46', '2015-12-03 23:02:46', '244c84ae-dbdd-459d-abd5-ca98ea371bb8'),
 ('264', '166', '61', '52', '0', '1', '2015-12-08 20:51:52', '2015-12-08 20:51:52', '8da898ac-92da-48a7-ae0a-97313a11c339'),
 ('265', '166', '61', '54', '0', '2', '2015-12-08 20:51:52', '2015-12-08 20:51:52', 'e1b527fc-e6fe-42ce-acf0-f0fb79ed0e47'),
 ('281', '169', '64', '37', '0', '1', '2015-12-14 20:40:01', '2015-12-14 20:40:01', '0c90db07-6032-4d55-ad6b-1388acadff85'),
 ('282', '169', '64', '69', '0', '2', '2015-12-14 20:40:01', '2015-12-14 20:40:01', '5d19282c-b488-4741-bfa2-69e6c8022b4d'),
 ('283', '169', '64', '70', '0', '3', '2015-12-14 20:40:01', '2015-12-14 20:40:01', '149a932e-0d52-4683-b57e-122f27efc3f9'),
 ('284', '169', '64', '110', '0', '4', '2015-12-14 20:40:01', '2015-12-14 20:40:01', '83f38e32-0344-439e-a021-91f72a8783a2'),
 ('285', '169', '64', '71', '0', '5', '2015-12-14 20:40:01', '2015-12-14 20:40:01', '0086591c-d543-49bc-910b-caaaad24797d'),
 ('286', '169', '64', '72', '0', '6', '2015-12-14 20:40:01', '2015-12-14 20:40:01', 'dc6cae28-e6a8-49a9-8a6c-984bda870d3c'),
 ('287', '169', '64', '73', '0', '7', '2015-12-14 20:40:01', '2015-12-14 20:40:01', '714fd04e-5f0c-412e-b247-542320968c16'),
 ('288', '169', '64', '74', '0', '8', '2015-12-14 20:40:01', '2015-12-14 20:40:01', '40f458a3-9771-458b-bb32-e14827dd4bae'),
 ('289', '169', '64', '109', '0', '9', '2015-12-14 20:40:01', '2015-12-14 20:40:01', 'f533fb5a-391d-4a2c-928b-38d54896fc49'),
 ('290', '170', '65', '37', '0', '1', '2015-12-14 20:40:15', '2015-12-14 20:40:15', '6169ec89-c2a1-406b-9e1b-71edb3836831'),
 ('291', '170', '65', '94', '0', '2', '2015-12-14 20:40:15', '2015-12-14 20:40:15', 'bc41c617-9608-423a-aae1-7424e675a945'),
 ('292', '170', '65', '80', '0', '3', '2015-12-14 20:40:15', '2015-12-14 20:40:15', '65bea6ee-e8d6-4466-9d81-269bf1a53f29'),
 ('293', '170', '65', '108', '0', '4', '2015-12-14 20:40:15', '2015-12-14 20:40:15', '5a01af87-dd5d-44c0-bc2a-ac0f2afa0407'),
 ('294', '170', '65', '107', '0', '5', '2015-12-14 20:40:15', '2015-12-14 20:40:15', '3e6048ae-a095-41ee-a5b6-34f4b6c4d564'),
 ('295', '170', '65', '106', '0', '6', '2015-12-14 20:40:15', '2015-12-14 20:40:15', '44c30f6a-ae7b-4036-bfee-cce861e5aa7d'),
 ('301', '172', '67', '37', '0', '1', '2015-12-14 20:45:35', '2015-12-14 20:45:35', 'bb389a24-88f1-415e-92fe-e467a6aaf336'),
 ('302', '172', '67', '38', '0', '2', '2015-12-14 20:45:35', '2015-12-14 20:45:35', '2de95079-3073-4d2f-9675-635ffbad4fde'),
 ('303', '172', '67', '39', '0', '3', '2015-12-14 20:45:35', '2015-12-14 20:45:35', 'ab32ce79-b7c7-47cc-a4ac-2ca93ad9ed14'),
 ('304', '172', '67', '56', '0', '4', '2015-12-14 20:45:35', '2015-12-14 20:45:35', '7f890ec5-c48f-4106-9a29-d4401a72b7a1'),
 ('305', '172', '67', '57', '0', '5', '2015-12-14 20:45:35', '2015-12-14 20:45:35', '0f28efdb-a690-43e3-bc71-5c46c2b3003b'),
 ('306', '172', '67', '45', '0', '6', '2015-12-14 20:45:35', '2015-12-14 20:45:35', 'cfe8917b-1ac7-4562-aa2f-f25eb47a82e7'),
 ('307', '172', '67', '40', '0', '7', '2015-12-14 20:45:35', '2015-12-14 20:45:35', '293b54e0-b9e0-4336-a323-c63af2f65a64'),
 ('308', '172', '67', '41', '0', '8', '2015-12-14 20:45:35', '2015-12-14 20:45:35', '24a17b03-264c-4254-bce7-4d73bf2eb6ca'),
 ('309', '172', '67', '58', '0', '9', '2015-12-14 20:45:35', '2015-12-14 20:45:35', '5c1381d7-bcb4-4d65-885a-0d2ec3f921cc'),
 ('310', '173', '68', '37', '0', '1', '2015-12-15 17:44:54', '2015-12-15 17:44:54', 'b0e0d433-4737-4734-9560-ee58c968393d'),
 ('311', '173', '68', '36', '0', '2', '2015-12-15 17:44:54', '2015-12-15 17:44:54', '568ebd04-42cf-4502-92fd-1cf08b2d979a'),
 ('312', '173', '68', '35', '0', '3', '2015-12-15 17:44:54', '2015-12-15 17:44:54', '7c8a154a-a909-46c1-a92e-66cadc67d16d'),
 ('313', '173', '68', '66', '0', '4', '2015-12-15 17:44:54', '2015-12-15 17:44:54', '24b9453b-02d7-4ab4-b7c0-1f978f6692d8'),
 ('314', '173', '68', '67', '0', '5', '2015-12-15 17:44:54', '2015-12-15 17:44:54', '4ff585a1-1406-475e-8eec-e98ad3fb30ef'),
 ('315', '173', '68', '68', '0', '6', '2015-12-15 17:44:54', '2015-12-15 17:44:54', '5a232179-c05a-4cd0-8494-cecbe4746ff8'),
 ('316', '173', '68', '111', '0', '7', '2015-12-15 17:44:54', '2015-12-15 17:44:54', '1e4484e9-5c8c-4694-a5bd-a98a3fabdc71'),
 ('328', '176', '70', '111', '0', '1', '2015-12-15 20:17:55', '2015-12-15 20:17:55', '4eb566fa-0be2-4e8b-92d1-987d164baf77'),
 ('329', '177', '71', '37', '0', '1', '2015-12-15 20:20:57', '2015-12-15 20:20:57', 'c82ad61d-0b87-47a4-bc9b-ba48a14d57f9'),
 ('330', '177', '71', '20', '0', '2', '2015-12-15 20:20:57', '2015-12-15 20:20:57', 'fdc524ec-53a8-430f-aa89-dde47448d38e'),
 ('331', '177', '71', '21', '0', '3', '2015-12-15 20:20:57', '2015-12-15 20:20:57', 'a897840c-a2a9-40ea-96c0-f141488f94c3'),
 ('332', '177', '71', '47', '0', '4', '2015-12-15 20:20:57', '2015-12-15 20:20:57', '38ac7939-76d2-42dc-8642-bae50ae192df'),
 ('333', '177', '71', '93', '0', '5', '2015-12-15 20:20:57', '2015-12-15 20:20:57', '31ce4957-a56f-4ec1-9e7d-fb1d0de109a7'),
 ('355', '194', '74', '85', '0', '1', '2016-01-04 02:14:00', '2016-01-04 02:14:00', '2b0bdae0-0fbb-4691-a57d-f80367a0cfc5'),
 ('356', '194', '74', '112', '0', '2', '2016-01-04 02:14:00', '2016-01-04 02:14:00', 'd04d98e0-1370-4c95-8165-56ef7b190d26'),
 ('357', '194', '74', '87', '0', '3', '2016-01-04 02:14:00', '2016-01-04 02:14:00', '858ef363-b8f5-4f1c-b07e-5bc18364e90e'),
 ('358', '194', '74', '86', '0', '4', '2016-01-04 02:14:00', '2016-01-04 02:14:00', 'ec2ecee5-e37d-4764-95bd-67b7ca488ba9'),
 ('359', '194', '74', '105', '0', '5', '2016-01-04 02:14:00', '2016-01-04 02:14:00', 'f9988d66-c5c0-4445-9062-6555577ad4f0'),
 ('360', '194', '74', '30', '0', '6', '2016-01-04 02:14:00', '2016-01-04 02:14:00', 'd05ae66e-cab4-45a1-b00c-d7fcddc280dd'),
 ('361', '194', '74', '29', '0', '7', '2016-01-04 02:14:00', '2016-01-04 02:14:00', 'e2ff1b9b-5bbd-43b4-8aea-cf4830ee3afa'),
 ('362', '194', '74', '33', '0', '8', '2016-01-04 02:14:00', '2016-01-04 02:14:00', '83a84b43-3842-4497-bfbe-d64538965faa'),
 ('363', '194', '74', '31', '0', '9', '2016-01-04 02:14:00', '2016-01-04 02:14:00', 'a9c63dc9-7a30-418e-97d0-624430668853'),
 ('364', '194', '74', '84', '0', '10', '2016-01-04 02:14:00', '2016-01-04 02:14:00', 'e674bf9d-2897-4e86-b3e1-7f315a894d56'),
 ('365', '194', '74', '83', '0', '11', '2016-01-04 02:14:00', '2016-01-04 02:14:00', '5c1ccf1f-6d04-47f6-9e65-a30644dde4b6'),
 ('366', '194', '74', '116', '0', '12', '2016-01-04 02:14:00', '2016-01-04 02:14:00', '629722b0-c48e-44e0-bc4f-c8b9220baeb3'),
 ('367', '195', '75', '46', '0', '1', '2016-01-04 02:31:04', '2016-01-04 02:31:04', '97a9474b-9570-4fd9-b7fe-4f396dffaeef'),
 ('368', '195', '75', '61', '0', '2', '2016-01-04 02:31:04', '2016-01-04 02:31:04', '0e19ffd5-8f42-4e65-806d-2058139e33d7'),
 ('369', '195', '75', '117', '0', '3', '2016-01-04 02:31:04', '2016-01-04 02:31:04', '9b9cee91-2603-4b28-93c7-df6344b8bf02'),
 ('370', '195', '75', '9', '0', '4', '2016-01-04 02:31:04', '2016-01-04 02:31:04', 'c7a8093d-ac39-4f92-9946-46f082280701'),
 ('371', '195', '75', '48', '0', '5', '2016-01-04 02:31:04', '2016-01-04 02:31:04', '08604155-7fd8-453e-a61d-6700cf12ceb7'),
 ('372', '195', '75', '88', '0', '6', '2016-01-04 02:31:04', '2016-01-04 02:31:04', '579b1c79-65ca-48f3-955f-8abc50662af0'),
 ('373', '195', '75', '104', '0', '7', '2016-01-04 02:31:04', '2016-01-04 02:31:04', '563bec11-6727-48e6-aa6e-1454dc4cc455'),
 ('374', '196', '76', '60', '0', '1', '2016-01-04 02:47:14', '2016-01-04 02:47:14', 'c024bee5-8aa6-4358-9618-0546f345414a'),
 ('375', '196', '76', '92', '0', '2', '2016-01-04 02:47:14', '2016-01-04 02:47:14', 'a73968ab-ae57-4679-a920-bbafbfaa44da'),
 ('376', '196', '76', '11', '0', '3', '2016-01-04 02:47:14', '2016-01-04 02:47:14', '421755bd-f816-4d24-94e1-954fae3b4874'),
 ('377', '197', '77', '115', '0', '1', '2016-01-08 17:26:19', '2016-01-08 17:26:19', '7f07a0a4-cfcd-4532-9aba-6e601ac5431e'),
 ('378', '197', '77', '114', '0', '2', '2016-01-08 17:26:19', '2016-01-08 17:26:19', '84ba771f-dcc1-4ea4-9855-6b35893db552'),
 ('379', '197', '77', '27', '0', '3', '2016-01-08 17:26:19', '2016-01-08 17:26:19', '70b382dd-26af-4ff9-98db-cc16e2cfdf29'),
 ('380', '197', '77', '118', '0', '4', '2016-01-08 17:26:19', '2016-01-08 17:26:19', '1fd300ea-8cd9-4acc-9012-e25b378e5f3e'),
 ('381', '197', '77', '6', '0', '5', '2016-01-08 17:26:19', '2016-01-08 17:26:19', 'b7e7f454-ff44-497b-80aa-9e7eeeef68b8'),
 ('382', '197', '77', '4', '0', '6', '2016-01-08 17:26:19', '2016-01-08 17:26:19', 'ce93b6d5-3b67-43c9-8654-ef776700a667'),
 ('383', '197', '77', '7', '0', '7', '2016-01-08 17:26:19', '2016-01-08 17:26:19', '5e5a58cb-c6d6-4122-a398-e296d51df4fb'),
 ('384', '197', '77', '26', '0', '8', '2016-01-08 17:26:19', '2016-01-08 17:26:19', '61ea95da-5598-432b-b111-7fb97cfd01c0'),
 ('385', '197', '77', '3', '0', '9', '2016-01-08 17:26:19', '2016-01-08 17:26:19', '24b9217d-c8c7-4cf0-a938-cc579e63d8dc');
INSERT INTO `craft_fieldlayoutfields` (`id`, `layoutId`, `tabId`, `fieldId`, `required`, `sortOrder`, `dateCreated`, `dateUpdated`, `uid`) VALUES
 ('386', '197', '77', '77', '0', '10', '2016-01-08 17:26:19', '2016-01-08 17:26:19', '04a9a036-9c41-410a-ba5c-fd3f10cf6de8'),
 ('387', '197', '77', '5', '0', '11', '2016-01-08 17:26:19', '2016-01-08 17:26:19', '18e10517-f79c-4813-8e0b-38211cc51aae'),
 ('388', '197', '77', '89', '0', '12', '2016-01-08 17:26:19', '2016-01-08 17:26:19', 'b432d166-cb41-45e9-b69a-66fca8cdcfd3'),
 ('389', '198', '78', '15', '0', '1', '2016-01-14 21:27:16', '2016-01-14 21:27:16', '64160af3-4e25-4553-8ff5-ef7f1b4daf9b'),
 ('390', '198', '78', '119', '0', '2', '2016-01-14 21:27:16', '2016-01-14 21:27:16', 'c1378cf3-87df-48a7-9e14-556273e6a04b'),
 ('391', '198', '78', '14', '0', '3', '2016-01-14 21:27:16', '2016-01-14 21:27:16', '877f0b4c-5aee-4c35-974a-7c4327443de4'),
 ('392', '198', '78', '13', '0', '4', '2016-01-14 21:27:16', '2016-01-14 21:27:16', 'ea129f23-21d0-4200-8cc4-53729c9d2659'),
 ('393', '198', '78', '16', '0', '5', '2016-01-14 21:27:16', '2016-01-14 21:27:16', '2ecd6272-b18c-48a2-b02b-2899c09e12ea'),
 ('394', '198', '78', '75', '0', '6', '2016-01-14 21:27:16', '2016-01-14 21:27:16', '100a0cab-db60-4628-838f-c14fcf37b5fd'),
 ('397', '200', '80', '121', '0', '1', '2016-01-15 16:00:13', '2016-01-15 16:00:13', '62d195fb-c174-4e85-8c35-1eb5d4a251ed'),
 ('398', '200', '80', '37', '0', '2', '2016-01-15 16:00:13', '2016-01-15 16:00:13', 'c9d75341-f55a-4a4b-a782-c43b4adca6d8');



DROP TABLE IF EXISTS `craft_fieldlayouts`;


--
-- Schema for table `craft_fieldlayouts`
--
CREATE TABLE `craft_fieldlayouts` (
  `id` int(11) NOT NULL AUTO_INCREMENT,
  `type` varchar(150) COLLATE utf8_unicode_ci NOT NULL,
  `dateCreated` datetime NOT NULL,
  `dateUpdated` datetime NOT NULL,
  `uid` char(36) COLLATE utf8_unicode_ci NOT NULL DEFAULT '0',
  PRIMARY KEY (`id`),
  KEY `craft_fieldlayouts_type_idx` (`type`)
) ENGINE=InnoDB AUTO_INCREMENT=202 DEFAULT CHARSET=utf8 COLLATE=utf8_unicode_ci;

--
-- Data for table `craft_fieldlayouts`
--

INSERT INTO `craft_fieldlayouts` (`id`, `type`, `dateCreated`, `dateUpdated`, `uid`) VALUES
 ('1', 'Tag', '2015-09-18 13:02:12', '2015-09-18 13:02:12', 'e28c218b-e99f-4146-9335-9121ca397ff4'),
 ('5', 'Entry', '2015-09-18 13:02:13', '2015-09-18 13:02:13', 'da15daa6-ac64-4ebd-8413-0edfd64d2100'),
 ('13', 'Category', '2015-09-18 13:26:54', '2015-09-18 13:26:54', '9ffa17d5-bd8d-41f3-beee-24b19b1bd454'),
 ('19', 'Entry', '2015-09-18 14:01:05', '2015-09-18 14:01:05', '67a18141-8942-43cb-9a62-f768577279d2'),
 ('20', 'Entry', '2015-09-18 14:01:18', '2015-09-18 14:01:18', 'ef745081-c0bb-4e1d-bd6e-7cc565d8ba5e'),
 ('38', 'Asset', '2015-09-25 13:10:45', '2015-09-25 13:10:45', 'fdf5099d-ca20-4ccc-9c1d-94c857513180'),
 ('60', 'Category', '2015-10-30 14:05:08', '2015-10-30 14:05:08', 'c1a00b2e-e864-473f-a7e8-e1813553aa31'),
 ('73', 'GlobalSet', '2015-11-03 17:10:04', '2015-11-03 17:10:04', 'fd72e9e5-bfb0-45d3-88ca-c78f846954e1'),
 ('81', 'MatrixBlock', '2015-11-05 16:32:04', '2015-11-05 16:32:04', 'fd0b3cdb-75e7-436e-93ae-7079ce593fda'),
 ('86', 'Entry', '2015-11-06 15:06:30', '2015-11-06 15:06:30', '82808cb6-30aa-43bf-a3f1-506f2c6fe574'),
 ('128', 'Asset', '2015-11-12 16:46:06', '2015-11-12 16:46:06', '8bbdf268-ae1d-4efd-9ee2-4e41be448fdf'),
 ('144', 'GlobalSet', '2015-11-17 14:52:03', '2015-11-17 14:52:03', '9fd47c3b-919b-4cb2-8227-fa94b2752f4e'),
 ('149', 'Category', '2015-11-24 15:14:28', '2015-11-24 15:14:28', 'f57907ad-1528-4372-be95-ff17b9fab711'),
 ('151', 'Entry', '2015-11-24 15:28:20', '2015-11-24 15:28:20', 'acee386b-fa94-41eb-95bb-8ac51875488c'),
 ('153', 'MatrixBlock', '2015-11-25 21:46:50', '2015-11-25 21:46:50', 'c9fc02b5-e3c9-4f61-97c7-6c161c11a7a2'),
 ('155', 'Entry', '2015-11-25 21:58:26', '2015-11-25 21:58:26', 'bfd893ba-18f7-42f0-ad3e-35db1fe6112e'),
 ('163', 'MatrixBlock', '2015-12-03 23:02:46', '2015-12-03 23:02:46', '6ea9d79a-3f53-4935-a732-a4bea06ac65a'),
 ('166', 'MatrixBlock', '2015-12-08 20:51:52', '2015-12-08 20:51:52', '4ac1857f-5f2c-4500-84ac-f29c1a3fa8ac'),
 ('169', 'Entry', '2015-12-14 20:40:01', '2015-12-14 20:40:01', '4a8359bd-56cb-4d7c-b195-19cca70cb155'),
 ('170', 'Entry', '2015-12-14 20:40:15', '2015-12-14 20:40:15', '26188043-75b1-4829-858c-980fcd293be6'),
 ('172', 'Entry', '2015-12-14 20:45:35', '2015-12-14 20:45:35', 'adf73b7b-427a-42a4-b75d-aaf4168837dc'),
 ('173', 'Entry', '2015-12-15 17:44:54', '2015-12-15 17:44:54', '28281cae-39db-425b-88a2-058ab5ebca89'),
 ('176', 'GlobalSet', '2015-12-15 20:17:55', '2015-12-15 20:17:55', '64aecf83-5faa-4ee7-9525-e29cb7e3c7e5'),
 ('177', 'Entry', '2015-12-15 20:20:56', '2015-12-15 20:20:56', '48dbfea4-d050-4ada-89dc-2e7ad50e40e1'),
 ('185', 'Asset', '2015-12-17 18:42:55', '2015-12-17 18:42:55', 'a506d613-dd42-4ea3-9b87-64f4323bb979'),
 ('186', 'Asset', '2015-12-17 18:42:59', '2015-12-17 18:42:59', 'c6bda01f-a6a0-420b-a5cc-76ca4f05d12e'),
 ('189', 'Asset', '2015-12-17 19:09:24', '2015-12-17 19:09:24', '6eb0f64d-4140-4732-9d27-87b6c7376ef6'),
 ('191', 'Asset', '2015-12-17 19:17:34', '2015-12-17 19:17:34', '6eb88f6e-f347-446f-a1c4-d304666c23bf'),
 ('193', 'Asset', '2016-01-02 18:56:03', '2016-01-02 18:56:03', '2713dae8-1509-4e8b-b7cd-1e89bbd665fe'),
 ('194', 'GlobalSet', '2016-01-04 02:14:00', '2016-01-04 02:14:00', 'da105604-c45f-4829-a85e-8a216124983e'),
 ('195', 'Entry', '2016-01-04 02:31:04', '2016-01-04 02:31:04', '4cdcdd89-8113-4d22-99a1-255ac19cea8e'),
 ('196', 'Entry', '2016-01-04 02:47:14', '2016-01-04 02:47:14', 'd21106fc-dc57-475b-b395-800bf6ecc54a'),
 ('197', 'Entry', '2016-01-08 17:26:19', '2016-01-08 17:26:19', '19d70eac-bbff-4e36-a509-514e0f7bc5dd'),
 ('198', 'Entry', '2016-01-14 21:27:16', '2016-01-14 21:27:16', '47498df9-ab6e-474c-9495-0a99795e623c'),
 ('200', 'Entry', '2016-01-15 16:00:13', '2016-01-15 16:00:13', 'a2cad06d-cc79-4d4a-995e-e9c9b12ff41a'),
 ('201', 'Asset', '2016-01-15 16:12:33', '2016-01-15 16:12:33', '51e401b3-782f-4036-8642-a0c33de25c8d');



DROP TABLE IF EXISTS `craft_fieldlayouttabs`;


--
-- Schema for table `craft_fieldlayouttabs`
--
CREATE TABLE `craft_fieldlayouttabs` (
  `id` int(11) NOT NULL AUTO_INCREMENT,
  `layoutId` int(11) NOT NULL,
  `name` varchar(255) COLLATE utf8_unicode_ci NOT NULL,
  `sortOrder` tinyint(4) DEFAULT NULL,
  `dateCreated` datetime NOT NULL,
  `dateUpdated` datetime NOT NULL,
  `uid` char(36) COLLATE utf8_unicode_ci NOT NULL DEFAULT '0',
  PRIMARY KEY (`id`),
  KEY `craft_fieldlayouttabs_sortOrder_idx` (`sortOrder`),
  KEY `craft_fieldlayouttabs_layoutId_fk` (`layoutId`)
) ENGINE=InnoDB AUTO_INCREMENT=81 DEFAULT CHARSET=utf8 COLLATE=utf8_unicode_ci;

--
-- Data for table `craft_fieldlayouttabs`
--

INSERT INTO `craft_fieldlayouttabs` (`id`, `layoutId`, `name`, `sortOrder`, `dateCreated`, `dateUpdated`, `uid`) VALUES
 ('2', '5', 'Content', '1', '2015-09-18 13:02:13', '2015-09-18 13:02:13', 'aa3b88a5-3a3e-4741-9f70-42bf377b9882'),
 ('5', '19', 'Case Study', '1', '2015-09-18 14:01:05', '2015-09-18 14:01:05', '539e92ae-a514-45fd-87b3-aa01a98f928b'),
 ('6', '20', 'Clients', '1', '2015-09-18 14:01:18', '2015-09-18 14:01:18', '115adbd0-9a8a-4d3f-bb72-fd43e72d1c00'),
 ('30', '73', 'Content', '1', '2015-11-03 17:10:04', '2015-11-03 17:10:04', '8041294f-cbee-4ade-9fd4-ff5df6cdd22e'),
 ('36', '81', 'Content', '1', '2015-11-05 16:32:04', '2015-11-05 16:32:04', 'a0aab2c4-1e67-4d5b-930f-d3744825318c'),
 ('40', '86', 'Testimonial', '1', '2015-11-06 15:06:30', '2015-11-06 15:06:30', '8fe9d772-c2fb-4d64-9ee8-c76ead957a57'),
 ('42', '144', 'Content', '1', '2015-11-17 14:52:03', '2015-11-17 14:52:03', 'ffa63377-5434-4d6e-9a57-33650d3a60fa'),
 ('47', '151', 'Projects Homepage', '1', '2015-11-24 15:28:20', '2015-11-24 15:28:20', 'ad360e1d-d986-4272-8a32-ec0ea0f07b35'),
 ('49', '153', 'Content', '1', '2015-11-25 21:46:50', '2015-11-25 21:46:50', 'b145e565-ba52-426e-ad98-6febcdf4f50a'),
 ('51', '155', 'Blog Post', '1', '2015-11-25 21:58:26', '2015-11-25 21:58:26', '2cb11bb0-985b-4c29-adbc-4987c48393ea'),
 ('58', '163', 'Content', '1', '2015-12-03 23:02:46', '2015-12-03 23:02:46', '55f9cf10-ec5a-4f10-b15a-326515a8f40d'),
 ('61', '166', 'Content', '1', '2015-12-08 20:51:52', '2015-12-08 20:51:52', 'c88ff48b-c897-4064-9a26-854d86a3ca6a'),
 ('64', '169', 'Projects Homepage', '1', '2015-12-14 20:40:01', '2015-12-14 20:40:01', '63c40103-6228-4aa9-933d-a2b520e384fd'),
 ('65', '170', 'Process Index', '1', '2015-12-14 20:40:15', '2015-12-14 20:40:15', '1ae9ad96-b40d-4aec-82aa-017bebdd02d7'),
 ('67', '172', 'Staff Profile Index', '1', '2015-12-14 20:45:35', '2015-12-14 20:45:35', '5fc55899-6015-4c40-888c-59b9e46a5554'),
 ('68', '173', 'Homepage', '1', '2015-12-15 17:44:54', '2015-12-15 17:44:54', '2b002692-f721-46e6-9cf3-46c9224d2102'),
 ('70', '176', 'Content', '1', '2015-12-15 20:17:55', '2015-12-15 20:17:55', 'b6960fbc-22f3-4bda-8919-b45b14be03e3'),
 ('71', '177', 'Services', '1', '2015-12-15 20:20:57', '2015-12-15 20:20:57', '0f4d9f3b-e393-4b6d-9571-ba5894b8f561'),
 ('74', '194', 'Content', '1', '2016-01-04 02:14:00', '2016-01-04 02:14:00', '52f9fc72-2d33-4927-8a37-8f9fcc3b6b65'),
 ('75', '195', 'Projects', '1', '2016-01-04 02:31:04', '2016-01-04 02:31:04', 'a4a38b81-0ffa-403d-b296-f48edeb3f0c4'),
 ('76', '196', 'Blog Post', '1', '2016-01-04 02:47:14', '2016-01-04 02:47:14', 'd8b15d29-376e-49c9-9a99-6d1d0b6a168a'),
 ('77', '197', 'Staff Profile', '1', '2016-01-08 17:26:19', '2016-01-08 17:26:19', 'bf6cf21e-87f2-40a7-bff0-e73d867e16f2'),
 ('78', '198', 'Awards', '1', '2016-01-14 21:27:16', '2016-01-14 21:27:16', 'c6b243ae-3898-4aa5-808f-f23e707c91b0'),
 ('80', '200', 'Basic Page', '1', '2016-01-15 16:00:13', '2016-01-15 16:00:13', '12622d72-3508-4a03-ac06-c0573ad216df');



DROP TABLE IF EXISTS `craft_fields`;


--
-- Schema for table `craft_fields`
--
CREATE TABLE `craft_fields` (
  `id` int(11) NOT NULL AUTO_INCREMENT,
  `groupId` int(11) DEFAULT NULL,
  `name` varchar(255) COLLATE utf8_unicode_ci NOT NULL,
  `handle` varchar(58) COLLATE utf8_unicode_ci NOT NULL,
  `context` varchar(255) COLLATE utf8_unicode_ci NOT NULL DEFAULT 'global',
  `instructions` text COLLATE utf8_unicode_ci,
  `translatable` tinyint(1) unsigned NOT NULL DEFAULT '0',
  `type` varchar(150) COLLATE utf8_unicode_ci NOT NULL,
  `settings` text COLLATE utf8_unicode_ci,
  `dateCreated` datetime NOT NULL,
  `dateUpdated` datetime NOT NULL,
  `uid` char(36) COLLATE utf8_unicode_ci NOT NULL DEFAULT '0',
  PRIMARY KEY (`id`),
  UNIQUE KEY `craft_fields_handle_context_unq_idx` (`handle`,`context`),
  KEY `craft_fields_context_idx` (`context`),
  KEY `craft_fields_groupId_fk` (`groupId`)
) ENGINE=InnoDB AUTO_INCREMENT=122 DEFAULT CHARSET=utf8 COLLATE=utf8_unicode_ci;

--
-- Data for table `craft_fields`
--

INSERT INTO `craft_fields` (`id`, `groupId`, `name`, `handle`, `context`, `instructions`, `translatable`, `type`, `settings`, `dateCreated`, `dateUpdated`, `uid`) VALUES
 ('1', '1', 'Body', 'body', 'global', NULL, '1', 'RichText', '{\"configFile\":\"Standard.json\",\"columnType\":\"text\"}', '2015-09-18 13:02:12', '2015-09-18 13:02:12', '9e89bf8c-72a5-450b-ba75-8824989298d8'),
 ('2', '1', 'Tags', 'tags', 'global', NULL, '0', 'Tags', '{\"source\":\"taggroup:1\"}', '2015-09-18 13:02:12', '2015-09-18 13:02:12', 'd770ad6e-aa7c-40bf-839c-739506217a0a'),
 ('3', '2', 'Job Title', 'profileJobTitle', 'global', '', '0', 'PlainText', '{\"placeholder\":\"\",\"maxLength\":\"\",\"multiline\":\"\",\"initialRows\":\"4\"}', '2015-09-18 13:16:23', '2015-09-18 13:16:23', '777a824e-dad6-4ebd-822f-7cc5adb212ec'),
 ('4', '2', 'Contact Email', 'profileContactEmail', 'global', '', '0', 'PlainText', '{\"placeholder\":\"\",\"maxLength\":\"\",\"multiline\":\"\",\"initialRows\":\"4\"}', '2015-09-18 13:16:47', '2015-09-18 13:16:47', 'c74e9c92-c453-4ed4-9455-1f2328df37f5'),
 ('5', '2', 'Office Phone Number', 'profileOfficePhoneNumber', 'global', '', '0', 'PlainText', '{\"placeholder\":\"\",\"maxLength\":\"\",\"multiline\":\"\",\"initialRows\":\"4\"}', '2015-09-18 13:17:09', '2015-11-05 15:45:22', 'b90c909d-247c-495c-a677-26262f9d5e81'),
 ('6', '2', 'Biography / Description', 'profileBiographyDescription', 'global', '', '0', 'RichText', '{\"configFile\":\"\",\"cleanupHtml\":\"1\",\"purifyHtml\":\"\",\"columnType\":\"text\"}', '2015-09-18 13:17:28', '2015-11-05 15:17:43', '18985c0c-136f-49e0-a0d0-ae4a7c508a77'),
 ('7', '2', 'Fun Fact', 'profileFunFact', 'global', '', '0', 'PlainText', '{\"placeholder\":\"\",\"maxLength\":\"\",\"multiline\":\"\",\"initialRows\":\"4\"}', '2015-09-18 13:17:41', '2015-09-18 13:17:41', 'c935afb7-57ba-45ff-a42a-d7fd1088ef0d'),
 ('9', '3', 'Description', 'projectDescription', 'global', '', '0', 'RichText', '{\"configFile\":\"\",\"cleanupHtml\":\"1\",\"purifyHtml\":\"\",\"columnType\":\"text\"}', '2015-09-18 13:18:24', '2015-12-22 01:08:22', '84427372-3369-480a-9edf-b715c370a552'),
 ('11', '4', 'Content', 'blogContent', 'global', '', '0', 'RichText', '{\"configFile\":\"\",\"cleanupHtml\":\"1\",\"purifyHtml\":\"\",\"columnType\":\"text\"}', '2015-09-18 13:18:58', '2015-11-05 15:00:25', 'df83f4ee-31d1-436f-ba1c-8bfa22253443'),
 ('13', '5', 'Title', 'awardTitle', 'global', '', '0', 'PlainText', '{\"placeholder\":\"\",\"maxLength\":\"\",\"multiline\":\"\",\"initialRows\":\"4\"}', '2015-09-18 13:20:35', '2015-09-18 13:20:35', 'e5540779-9383-4e7c-bbd4-dc7d58502bc1'),
 ('14', '5', 'Date Awarded', 'awardDateAwarded', 'global', '', '0', 'Date', '{\"minuteIncrement\":\"30\",\"showDate\":1,\"showTime\":0}', '2015-09-18 13:20:52', '2015-09-18 13:20:52', '0dfb5f0e-6796-4863-90a2-2f1edc6d7e15'),
 ('15', '5', 'Award Winning Project', 'awardWinningProject', 'global', '', '0', 'PlainText', '{\"placeholder\":\"\",\"maxLength\":\"\",\"multiline\":\"\",\"initialRows\":\"4\"}', '2015-09-18 13:21:07', '2015-09-18 13:21:07', 'faecfde3-91cf-4d8b-b928-411bd2d2e6d0'),
 ('16', '5', 'Winning Project URL', 'winningProjectUrl', 'global', '', '0', 'PlainText', '{\"placeholder\":\"\",\"maxLength\":\"\",\"multiline\":\"\",\"initialRows\":\"4\"}', '2015-09-18 13:21:30', '2015-09-18 13:21:30', '5d9c9acd-7274-4da5-876c-50ad83f4e149'),
 ('17', '6', 'Name of Quoter', 'testimonialNameOfQuoter', 'global', '', '0', 'PlainText', '{\"placeholder\":\"\",\"maxLength\":\"\",\"multiline\":\"\",\"initialRows\":\"4\"}', '2015-09-18 13:22:21', '2015-09-18 13:22:21', '02b7e16f-8d88-45f6-9a43-bca9acbacccf'),
 ('18', '6', 'Quote', 'testimonialQuote', 'global', '', '0', 'PlainText', '{\"placeholder\":\"\",\"maxLength\":\"\",\"multiline\":\"\",\"initialRows\":\"4\"}', '2015-09-18 13:22:32', '2015-12-14 20:32:26', 'e8bc7759-20ac-44f1-8554-f1de8c6eeb2a'),
 ('19', '6', 'Date of Quote', 'dateOfQuote', 'global', '', '0', 'Date', '{\"minuteIncrement\":\"30\",\"showDate\":1,\"showTime\":0}', '2015-09-18 13:22:42', '2015-09-18 13:22:42', 'fd5c4806-58f8-471e-8624-6128fac0bcab'),
 ('20', '7', 'Service Title', 'serviceTitle', 'global', '', '0', 'PlainText', '{\"placeholder\":\"\",\"maxLength\":\"\",\"multiline\":\"\",\"initialRows\":\"4\"}', '2015-09-18 13:23:07', '2015-09-18 13:23:07', '350533e2-2dfe-4b62-acfd-71408f3585d1'),
 ('21', '7', 'Service Description', 'serviceDescription', 'global', '', '0', 'PlainText', '{\"placeholder\":\"\",\"maxLength\":\"\",\"multiline\":\"\",\"initialRows\":\"4\"}', '2015-09-18 13:23:15', '2015-09-18 13:23:15', 'a84384d8-1861-4fbb-b713-e84f7576cbab'),
 ('22', '8', 'Client Title', 'clientTitle', 'global', '', '0', 'PlainText', '{\"placeholder\":\"\",\"maxLength\":\"\",\"multiline\":\"\",\"initialRows\":\"4\"}', '2015-09-18 13:25:20', '2015-09-18 13:25:20', '3fad47b0-e0a0-40dc-a4a6-c611ae2c9edc'),
 ('23', '8', 'Primary Contact', 'primaryContact', 'global', '', '0', 'PlainText', '{\"placeholder\":\"\",\"maxLength\":\"\",\"multiline\":\"\",\"initialRows\":\"4\"}', '2015-09-18 13:25:30', '2015-09-18 13:25:30', '9b3d49b0-758e-46af-b381-0f5efafdd550'),
 ('26', '2', 'Hierarchy', 'peopleHierarchy', 'global', '', '0', 'Categories', '{\"source\":\"group:1\",\"limit\":\"\",\"selectionLabel\":\"Add a category\"}', '2015-09-18 13:58:48', '2015-09-18 13:58:48', '35f49a75-c506-429e-889b-6d6cc13e4299'),
 ('27', '2', 'Staff Headshot', 'staffHeadshot', 'global', '', '0', 'Assets', '{\"useSingleFolder\":\"\",\"sources\":[\"folder:5\"],\"defaultUploadLocationSource\":\"1\",\"defaultUploadLocationSubpath\":\"\\/Images\\/\",\"singleUploadLocationSource\":\"3\",\"singleUploadLocationSubpath\":\"\",\"restrictFiles\":\"1\",\"allowedKinds\":[\"image\",\"pdf\"],\"limit\":\"\",\"viewMode\":\"list\",\"selectionLabel\":\"Choose a bio picture\"}', '2015-09-18 14:09:54', '2015-12-17 18:44:33', '7ee0ffd3-5f5b-495d-aaff-0c256d5ca16a'),
 ('28', '10', 'Header Logo', 'headerLogo', 'global', '', '0', 'Assets', '{\"useSingleFolder\":\"\",\"sources\":[\"folder:1\"],\"defaultUploadLocationSource\":\"1\",\"defaultUploadLocationSubpath\":\"\",\"singleUploadLocationSource\":\"1\",\"singleUploadLocationSubpath\":\"\",\"restrictFiles\":\"\",\"limit\":\"\",\"selectionLabel\":\"Add an asset\"}', '2015-09-29 14:58:31', '2015-11-12 17:00:59', '20cf1b69-3578-4df0-be86-fdc53b63c981'),
 ('29', '11', 'Call To Action', 'callToAction', 'global', '', '0', 'PlainText', '{\"placeholder\":\"\",\"maxLength\":\"\",\"multiline\":\"\",\"initialRows\":\"4\"}', '2015-09-29 14:59:17', '2015-09-29 14:59:17', 'df4b8f80-05a3-4f09-bf3f-5f97a386b3f0'),
 ('30', '11', 'City, State, Zip', 'footerAddress', 'global', '', '0', 'PlainText', '{\"placeholder\":\"\",\"maxLength\":\"\",\"multiline\":\"\",\"initialRows\":\"4\"}', '2015-09-29 14:59:37', '2015-12-08 20:41:16', 'ba1626cb-90a9-4b23-84e2-9a30fa247e9f'),
 ('31', '11', 'Phone Number', 'phoneNumber', 'global', '', '0', 'PlainText', '{\"placeholder\":\"\",\"maxLength\":\"\",\"multiline\":\"\",\"initialRows\":\"4\"}', '2015-09-29 15:01:19', '2015-11-13 14:06:21', '70f2e2aa-ca03-4669-b260-04e2738b7f1c'),
 ('33', '11', 'Email', 'footerEmail', 'global', '', '0', 'PlainText', '{\"placeholder\":\"\",\"maxLength\":\"\",\"multiline\":\"\",\"initialRows\":\"4\"}', '2015-09-29 15:01:47', '2015-09-29 15:01:47', 'dea6a570-2974-48cd-95c7-0e09c30e8507'),
 ('35', '12', 'Main Tagline', 'mainTagline', 'global', '', '0', 'PlainText', '{\"placeholder\":\"\",\"maxLength\":\"\",\"multiline\":\"\",\"initialRows\":\"4\"}', '2015-09-29 15:10:11', '2015-09-29 15:10:11', 'd0b4d406-4b2e-4200-ad5a-04025a89f4c0'),
 ('36', '12', 'About Text', 'homepageAboutText', 'global', '', '0', 'RichText', '{\"configFile\":\"\",\"cleanupHtml\":\"1\",\"purifyHtml\":\"\",\"columnType\":\"text\"}', '2015-10-02 14:30:58', '2015-11-05 16:37:40', '22b956ea-f932-4f04-b494-c3d93ccb6fc3'),
 ('37', '12', 'About Image', 'aboutImage', 'global', '', '0', 'Assets', '{\"useSingleFolder\":\"\",\"sources\":\"*\",\"defaultUploadLocationSource\":\"1\",\"defaultUploadLocationSubpath\":\"\",\"singleUploadLocationSource\":\"1\",\"singleUploadLocationSubpath\":\"\",\"restrictFiles\":\"1\",\"allowedKinds\":[\"image\",\"pdf\"],\"limit\":\"\",\"viewMode\":\"list\",\"selectionLabel\":\"Add an asset\"}', '2015-10-02 14:34:00', '2015-12-14 20:42:13', '87791f52-c30f-4200-a3d1-2e1ed4c36907'),
 ('38', '13', 'Header', 'staffIndexHeader', 'global', '', '0', 'PlainText', '{\"placeholder\":\"\",\"maxLength\":\"\",\"multiline\":\"\",\"initialRows\":\"4\"}', '2015-10-06 14:08:59', '2015-10-06 14:08:59', 'd527f734-3a48-469f-8fad-dc9b8a76bba1'),
 ('39', '13', 'Description', 'staffIndexDescription', 'global', '', '0', 'RichText', '{\"configFile\":\"\",\"cleanupHtml\":\"1\",\"purifyHtml\":\"\",\"columnType\":\"text\"}', '2015-10-06 14:09:23', '2015-11-05 15:11:05', '33d40fad-ec9f-4d53-bb3b-6e6e372860f6'),
 ('40', '13', 'Work for IdeaBase Title', 'workForIdeabaseTitle', 'global', '', '0', 'PlainText', '{\"placeholder\":\"\",\"maxLength\":\"\",\"multiline\":\"\",\"initialRows\":\"4\"}', '2015-10-06 14:09:50', '2015-10-06 14:09:50', 'f32cbc68-d356-4681-a857-908d103214a3'),
 ('41', '13', 'Work For IdeaBase Description', 'workForIdeabaseDescription', 'global', '', '0', 'PlainText', '{\"placeholder\":\"\",\"maxLength\":\"\",\"multiline\":\"\",\"initialRows\":\"4\"}', '2015-10-06 14:10:00', '2015-12-14 21:23:48', 'b75d9265-620c-4ddd-b4d3-a2d605f56932'),
 ('42', '14', 'Process Header', 'processHeader', 'global', '', '0', 'PlainText', '{\"placeholder\":\"\",\"maxLength\":\"\",\"multiline\":\"\",\"initialRows\":\"4\"}', '2015-10-06 14:39:41', '2015-10-06 14:39:41', '7c14a7b7-1848-4554-913b-a6e60a2497f9'),
 ('43', '14', 'Process Featured Image', 'processFeaturedImage', 'global', '', '0', 'Assets', '{\"useSingleFolder\":\"\",\"sources\":\"*\",\"defaultUploadLocationSource\":\"1\",\"defaultUploadLocationSubpath\":\"\",\"singleUploadLocationSource\":\"1\",\"singleUploadLocationSubpath\":\"\",\"restrictFiles\":\"\",\"limit\":\"\",\"selectionLabel\":\"Add an asset\"}', '2015-10-06 14:40:18', '2015-10-06 14:40:18', 'ad9c7cb8-1969-42df-9fc4-8d0c81367ff7'),
 ('44', '14', 'Link to Projects', 'linkToProjects', 'global', '', '0', 'PlainText', '{\"placeholder\":\"\",\"maxLength\":\"\",\"multiline\":\"\",\"initialRows\":\"4\"}', '2015-10-06 14:40:38', '2015-10-06 14:40:38', '2f268800-4a11-40db-8cf7-e6780365730d'),
 ('45', '13', 'People Featured Image', 'peopleFeaturedImage', 'global', '', '0', 'Assets', '{\"useSingleFolder\":\"\",\"sources\":\"*\",\"defaultUploadLocationSource\":\"1\",\"defaultUploadLocationSubpath\":\"\",\"singleUploadLocationSource\":\"1\",\"singleUploadLocationSubpath\":\"\",\"restrictFiles\":\"\",\"limit\":\"\",\"selectionLabel\":\"Add an asset\"}', '2015-10-06 15:07:45', '2015-10-06 15:07:45', 'b5fe9c8e-9f87-41ad-b441-18c21604eb57'),
 ('46', '3', 'Featured Project Image', 'projectPicture', 'global', '', '0', 'Assets', '{\"useSingleFolder\":\"\",\"sources\":\"*\",\"defaultUploadLocationSource\":\"1\",\"defaultUploadLocationSubpath\":\"\",\"singleUploadLocationSource\":\"1\",\"singleUploadLocationSubpath\":\"\",\"restrictFiles\":\"\",\"limit\":\"\",\"viewMode\":\"list\",\"selectionLabel\":\"Add an asset\"}', '2015-10-06 15:20:57', '2015-12-17 15:29:03', 'c32a916c-db65-4ef7-b59f-9e551998ebf6'),
 ('47', '7', 'Service Image', 'serviceImage', 'global', '', '0', 'Assets', '{\"useSingleFolder\":\"\",\"sources\":\"*\",\"defaultUploadLocationSource\":\"1\",\"defaultUploadLocationSubpath\":\"\",\"singleUploadLocationSource\":\"1\",\"singleUploadLocationSubpath\":\"\",\"restrictFiles\":\"\",\"limit\":\"\",\"selectionLabel\":\"Add an asset\"}', '2015-10-06 15:22:57', '2015-10-06 15:22:57', 'c84e7548-0720-470f-b9ab-2e541c26b35d'),
 ('48', '3', 'Additional Project Images', 'projectPicture2', 'global', '', '0', 'Assets', '{\"useSingleFolder\":\"\",\"sources\":\"*\",\"defaultUploadLocationSource\":\"1\",\"defaultUploadLocationSubpath\":\"\",\"singleUploadLocationSource\":\"1\",\"singleUploadLocationSubpath\":\"\",\"restrictFiles\":\"\",\"limit\":\"\",\"viewMode\":\"list\",\"selectionLabel\":\"Add an asset\"}', '2015-10-14 23:48:18', '2015-12-17 15:29:15', 'cb28c554-66c5-49de-8410-30755469ccf3'),
 ('49', '4', 'Type of Post', 'typeOfPost', 'global', '', '0', 'Categories', '{\"source\":\"group:5\",\"limit\":\"\",\"selectionLabel\":\"Add a category\"}', '2015-10-30 14:08:39', '2015-10-30 14:08:39', '79add35b-ad3e-4802-ae20-ad585ebf118b'),
 ('50', '15', 'Content', 'caseStudyContent', 'global', '', '0', 'RichText', '{\"configFile\":\"\",\"cleanupHtml\":\"1\",\"purifyHtml\":\"\",\"columnType\":\"text\"}', '2015-10-30 15:30:17', '2015-12-17 16:14:21', 'bdcc1bcb-eb39-4f77-94ba-6fc700f34d61'),
 ('51', '16', 'Social Media Repeater', 'socialMediaRepeater', 'global', '', '0', 'Matrix', '{\"maxBlocks\":null}', '2015-10-30 15:44:24', '2015-12-08 20:51:52', 'cea0a4d2-f693-45f8-bf17-b034d8755e79'),
 ('52', NULL, 'Social Media Name', 'socialMediaName', 'matrixBlockType:1', '', '0', 'RichText', '{\"configFile\":\"\",\"cleanupHtml\":\"1\",\"purifyHtml\":\"\",\"columnType\":\"text\"}', '2015-10-30 15:44:24', '2015-12-08 20:51:52', '25541a7a-de57-41b4-826e-133ff82d3929'),
 ('54', NULL, 'Social Media Link', 'socialMediaLink', 'matrixBlockType:1', '', '0', 'PlainText', '{\"placeholder\":\"\",\"maxLength\":\"\",\"multiline\":\"\",\"initialRows\":\"4\"}', '2015-10-30 15:46:29', '2015-12-08 20:51:52', '49558202-71e3-4d78-b27c-b3fe3c09067c'),
 ('55', '17', 'Content', 'basicContent', 'global', '', '0', 'PlainText', '{\"placeholder\":\"\",\"maxLength\":\"\",\"multiline\":\"\",\"initialRows\":\"4\"}', '2015-11-03 17:22:35', '2015-11-03 17:22:35', '8cb4bbdf-7564-4e09-bb2a-c844d565e590'),
 ('56', '13', 'Quality Headline', 'qualityHeadline', 'global', '', '0', 'PlainText', '{\"placeholder\":\"\",\"maxLength\":\"\",\"multiline\":\"\",\"initialRows\":\"4\"}', '2015-11-05 14:20:28', '2015-11-05 14:20:28', 'ce2657f0-a57a-45ea-a9cf-5767591e57d4'),
 ('57', '13', 'Quality Description', 'qualityDescription', 'global', '', '0', 'RichText', '{\"configFile\":\"\",\"cleanupHtml\":\"1\",\"purifyHtml\":\"\",\"columnType\":\"text\"}', '2015-11-05 14:20:55', '2015-11-05 14:20:55', 'a7589219-de85-455b-a1ca-bd73283f3845'),
 ('58', '13', 'Work for IdeaBase Link', 'workForIdeabaseLink', 'global', '', '0', 'PlainText', '{\"placeholder\":\"\",\"maxLength\":\"\",\"multiline\":\"\",\"initialRows\":\"4\"}', '2015-11-05 14:21:13', '2015-12-14 21:23:38', '9960c434-0714-4541-bd49-df640c83008c'),
 ('60', '4', 'Author', 'blogAuthor', 'global', '', '0', 'Entries', '{\"sources\":[\"section:3\"],\"limit\":\"\",\"selectionLabel\":\"Add an author\"}', '2015-11-05 15:31:06', '2015-11-05 15:32:55', 'a2f07513-71fe-4dba-863c-e2c9df99fa3a'),
 ('61', '3', 'Contributor', 'contributor', 'global', '', '0', 'Entries', '{\"sources\":[\"section:3\"],\"limit\":\"\",\"selectionLabel\":\"Add a project contributor\"}', '2015-11-05 15:39:51', '2015-11-05 15:39:51', '6af11e5f-9254-4466-8697-e83d10ff4345'),
 ('62', '12', 'Homepage Matrix', 'homepageMatrix', 'global', '', '0', 'Matrix', '{\"maxBlocks\":null}', '2015-11-05 16:32:04', '2015-11-05 16:32:04', '8141b5b5-f670-4a6f-be20-3f5ec213762e'),
 ('63', NULL, 'Process Name', 'processName', 'matrixBlockType:2', '', '0', 'PlainText', '{\"placeholder\":\"\",\"maxLength\":\"\",\"multiline\":\"\",\"initialRows\":\"4\"}', '2015-11-05 16:32:04', '2015-11-05 16:32:04', '493acf19-7b93-4a3b-9835-129c1e54e6d3'),
 ('64', NULL, 'Process Description', 'processDescription', 'matrixBlockType:2', '', '0', 'RichText', '{\"configFile\":\"\",\"cleanupHtml\":\"1\",\"purifyHtml\":\"\",\"columnType\":\"text\"}', '2015-11-05 16:32:04', '2015-11-05 16:32:04', '336fca8c-147c-4d54-a6d1-1c9fce4a4b49'),
 ('65', NULL, 'Process Image', 'processImage', 'matrixBlockType:2', '', '0', 'Assets', '{\"useSingleFolder\":\"\",\"sources\":\"*\",\"defaultUploadLocationSource\":\"1\",\"defaultUploadLocationSubpath\":\"\",\"singleUploadLocationSource\":\"1\",\"singleUploadLocationSubpath\":\"\",\"restrictFiles\":\"\",\"limit\":\"\",\"selectionLabel\":\"Add an asset\"}', '2015-11-05 16:32:04', '2015-11-05 16:32:04', 'ef13491a-ede7-4486-9e6b-d4789d171691'),
 ('66', '12', 'Design Headline', 'designHeadline', 'global', '', '0', 'PlainText', '{\"placeholder\":\"\",\"maxLength\":\"\",\"multiline\":\"\",\"initialRows\":\"4\"}', '2015-11-05 16:34:59', '2015-11-05 16:34:59', 'ea03222d-61e7-4ec0-9795-214df574b21f'),
 ('67', '12', 'Projects Headline', 'projectsHeadline', 'global', '', '0', 'PlainText', '{\"placeholder\":\"\",\"maxLength\":\"\",\"multiline\":\"\",\"initialRows\":\"4\"}', '2015-11-05 16:35:14', '2015-11-05 16:35:14', '5d5d1fff-bed1-4cd4-8abb-7b2d48b4f633'),
 ('68', '12', 'Projects Description', 'projectsDescription', 'global', '', '0', 'RichText', '{\"configFile\":\"\",\"cleanupHtml\":\"1\",\"purifyHtml\":\"\",\"columnType\":\"text\"}', '2015-11-05 16:35:35', '2015-11-05 16:35:35', 'afe760ba-d00f-46ae-8e04-60f3a9ba37be'),
 ('69', '18', 'Project Headline', 'projectHeadline', 'global', '', '0', 'PlainText', '{\"placeholder\":\"\",\"maxLength\":\"\",\"multiline\":\"\",\"initialRows\":\"4\"}', '2015-11-06 14:19:49', '2015-11-06 14:19:49', 'dcf6b1da-2b70-4fbe-8dda-8e9fba272aa6'),
 ('70', '18', 'Projects Description', 'projectsSubDescription', 'global', '', '0', 'RichText', '{\"configFile\":\"\",\"cleanupHtml\":\"1\",\"purifyHtml\":\"\",\"columnType\":\"text\"}', '2015-11-06 14:22:12', '2015-11-06 14:22:12', '425438f4-c90f-4ba3-8bf2-9d803c55ca9a'),
 ('71', '18', 'Case Study Headline', 'caseStudyHeadline', 'global', '', '0', 'PlainText', '{\"placeholder\":\"\",\"maxLength\":\"\",\"multiline\":\"\",\"initialRows\":\"4\"}', '2015-11-06 14:22:41', '2015-11-06 14:22:41', '2f184eeb-a0ab-4916-a650-a0f472ace4b5'),
 ('72', '18', 'Case Study Subdescription', 'caseStudySubDescription', 'global', '', '0', 'RichText', '{\"configFile\":\"\",\"cleanupHtml\":\"1\",\"purifyHtml\":\"\",\"columnType\":\"text\"}', '2015-11-06 14:23:00', '2015-11-06 14:23:00', 'c8db0d5a-ade1-49a1-9328-0ebcd978e0cb'),
 ('73', '18', 'Classroom Experience Headline', 'classroomExperienceHeadline', 'global', '', '0', 'PlainText', '{\"placeholder\":\"\",\"maxLength\":\"\",\"multiline\":\"\",\"initialRows\":\"4\"}', '2015-11-06 14:23:13', '2015-11-06 14:23:13', '66592b50-aa97-4ae9-9c18-93a5ad37f4a8'),
 ('74', '18', 'Classroom Experience Description', 'classroomExperienceDescription', 'global', '', '0', 'RichText', '{\"configFile\":\"\",\"cleanupHtml\":\"1\",\"purifyHtml\":\"\",\"columnType\":\"text\"}', '2015-11-06 14:23:34', '2015-11-06 14:23:34', '1d832235-0cec-44d1-bd70-be091c176d9b'),
 ('75', '5', 'Award Association', 'awardAssociation', 'global', '', '0', 'Entries', '{\"sources\":[\"section:4\"],\"limit\":\"\",\"selectionLabel\":\"Add an entry\"}', '2015-11-06 14:53:38', '2015-11-06 14:53:38', '2bb32fc9-a273-4fd1-b6b3-683409e0af52'),
 ('76', '6', 'Project Association', 'projectAssociation', 'global', '', '0', 'Entries', '{\"sources\":[\"section:4\"],\"limit\":\"\",\"selectionLabel\":\"Add an entry\"}', '2015-11-06 14:54:03', '2015-11-06 14:54:03', '7ed33864-6a3b-4e52-aa16-49aec9157f25'),
 ('77', '2', 'College Degree', 'collegeDegree', 'global', '', '0', 'PlainText', '{\"placeholder\":\"\",\"maxLength\":\"\",\"multiline\":\"\",\"initialRows\":\"4\"}', '2015-11-10 17:17:53', '2015-11-10 17:17:53', '65fa560c-cabb-47d2-b67b-f5b75b9aa392'),
 ('79', '14', 'Process Description', 'processDescription', 'global', '', '0', 'RichText', '{\"configFile\":\"\",\"cleanupHtml\":\"1\",\"purifyHtml\":\"\",\"columnType\":\"text\"}', '2015-11-17 15:12:09', '2015-11-17 15:12:09', 'cb3e93fc-be24-4f4b-84dd-be8421ed0409'),
 ('80', '14', 'UX Testing Lab Description', 'uxTestingLabDescription', 'global', '', '0', 'RichText', '{\"configFile\":\"\",\"cleanupHtml\":\"1\",\"purifyHtml\":\"\",\"columnType\":\"text\"}', '2015-11-17 15:15:56', '2015-11-17 15:15:56', '4104c33e-2c19-44c1-a5ae-a4ca7ee666d2'),
 ('83', '11', 'Copyright', 'copyright', 'global', '', '0', 'RichText', '{\"configFile\":\"\",\"cleanupHtml\":\"1\",\"purifyHtml\":\"\",\"columnType\":\"text\"}', '2015-11-19 16:01:15', '2015-11-19 16:08:55', '485bce3a-a21f-4fb6-9dc3-5edb2098775c'),
 ('84', '11', 'Footer Blurb', 'footerBlurb', 'global', '', '0', 'RichText', '{\"configFile\":\"\",\"cleanupHtml\":\"1\",\"purifyHtml\":\"\",\"columnType\":\"text\"}', '2015-11-19 16:01:27', '2015-11-19 16:08:41', 'b0e948a2-53d9-4d93-87d0-c97431fa7b0c'),
 ('85', '11', 'Footer Headline', 'footerHeadline', 'global', '', '0', 'PlainText', '{\"placeholder\":\"\",\"maxLength\":\"\",\"multiline\":\"\",\"initialRows\":\"4\"}', '2015-11-19 16:13:29', '2015-11-19 16:13:29', '600edef2-89f3-4d8d-9f48-0bd1cb8922b5'),
 ('86', '11', 'Contact Form Descrption', 'contactFormDescription', 'global', '', '0', 'RichText', '{\"configFile\":\"\",\"cleanupHtml\":\"1\",\"purifyHtml\":\"\",\"columnType\":\"text\"}', '2015-11-19 16:14:14', '2015-11-19 16:33:31', 'a488f621-15e9-48bf-a2b5-a19fdc934667'),
 ('87', '11', 'CTA Button', 'ctaButton', 'global', 'This is the Call to Action button text.', '0', 'PlainText', '{\"placeholder\":\"\",\"maxLength\":\"\",\"multiline\":\"\",\"initialRows\":\"4\"}', '2015-11-20 16:27:03', '2015-11-20 16:27:03', 'a2bd7a5a-e0ef-4f9a-9022-5a7deeb7cbed'),
 ('88', '3', 'Project Category', 'projectCategory', 'global', '', '0', 'Categories', '{\"source\":\"group:6\",\"limit\":\"\",\"selectionLabel\":\"Add a category\"}', '2015-11-24 15:38:29', '2015-11-24 15:38:29', 'c45b7fd8-4ae8-4fef-b784-4e113030e2ae'),
 ('89', '2', 'Staff Social Media', 'staffSocialMedia', 'global', '', '0', 'Matrix', '{\"maxBlocks\":null}', '2015-11-25 21:46:50', '2015-11-25 21:46:50', '1c110b5e-81c9-4d3a-bbc8-f0c4faf7170d'),
 ('90', NULL, 'Staff Social Name', 'staffSocName', 'matrixBlockType:3', '', '0', 'PlainText', '{\"placeholder\":\"\",\"maxLength\":\"\",\"multiline\":\"\",\"initialRows\":\"4\"}', '2015-11-25 21:46:50', '2015-11-25 21:46:50', 'a12caeee-36de-48fa-be1b-4fc859ad5a18'),
 ('91', NULL, 'Staff Social Link', 'staffSocLink', 'matrixBlockType:3', '', '0', 'PlainText', '{\"placeholder\":\"\",\"maxLength\":\"\",\"multiline\":\"\",\"initialRows\":\"4\"}', '2015-11-25 21:46:50', '2015-11-25 21:46:50', 'b2bcf96e-7480-4595-b8f0-fdfeb67783bc'),
 ('92', '4', 'Blog Featured Image', 'blogFeaturedImage', 'global', '', '0', 'Assets', '{\"useSingleFolder\":\"\",\"sources\":\"*\",\"defaultUploadLocationSource\":\"1\",\"defaultUploadLocationSubpath\":\"\",\"singleUploadLocationSource\":\"1\",\"singleUploadLocationSubpath\":\"\",\"restrictFiles\":\"\",\"limit\":\"\",\"selectionLabel\":\"Add an asset\"}', '2015-11-25 21:57:49', '2015-11-25 21:57:49', 'ed801f61-af98-4368-b63e-2b089c9e26ea'),
 ('93', '7', 'Service Icon', 'serviceIcon', 'global', '', '0', 'Assets', '{\"useSingleFolder\":\"\",\"sources\":[\"folder:6\"],\"defaultUploadLocationSource\":\"4\",\"defaultUploadLocationSubpath\":\"\",\"singleUploadLocationSource\":\"1\",\"singleUploadLocationSubpath\":\"\",\"restrictFiles\":\"\",\"limit\":\"\",\"selectionLabel\":\"Add an asset\"}', '2015-12-01 15:51:45', '2015-12-01 15:51:45', 'c1307aaa-653e-4b58-bf4e-edefc75bec24'),
 ('94', '14', 'Service Homepage Matrix', 'serviceHomepageMatrix', 'global', '', '0', 'Matrix', '{\"maxBlocks\":null}', '2015-12-03 17:09:47', '2015-12-03 23:02:46', '90e53b76-0e81-47ac-bbfc-e540a8ab1c1b'),
 ('95', NULL, 'Home Process Name', 'homeProcessName', 'matrixBlockType:4', '', '0', 'PlainText', '{\"placeholder\":\"\",\"maxLength\":\"\",\"multiline\":\"\",\"initialRows\":\"4\"}', '2015-12-03 17:09:47', '2015-12-03 23:02:46', 'afba6a89-256d-4df4-a743-11b84c0aadab'),
 ('96', NULL, 'Home Process Description', 'homeProcessDescription', 'matrixBlockType:4', '', '0', 'RichText', '{\"configFile\":\"\",\"cleanupHtml\":\"1\",\"purifyHtml\":\"\",\"columnType\":\"text\"}', '2015-12-03 17:09:47', '2015-12-03 23:02:46', '82a3d3a0-bfcb-4767-bdd8-d0d8579c8871'),
 ('97', NULL, 'Home Process Example Table', 'homeProcessExampleTable', 'matrixBlockType:4', '', '0', 'Table', '{\"columns\":{\"col1\":{\"heading\":\"Examples\",\"handle\":\"examples\",\"width\":\"\",\"type\":\"singleline\"}},\"defaults\":{\"row1\":{\"col1\":\"\"}}}', '2015-12-03 17:09:48', '2015-12-03 23:02:46', 'c0bd37f7-5522-4209-9bc1-ab2f4f6a543f'),
 ('98', NULL, 'Icon 1', 'icon1', 'matrixBlockType:4', '', '0', 'Assets', '{\"useSingleFolder\":\"\",\"sources\":\"*\",\"defaultUploadLocationSource\":\"4\",\"defaultUploadLocationSubpath\":\"\",\"singleUploadLocationSource\":\"1\",\"singleUploadLocationSubpath\":\"\",\"restrictFiles\":\"\",\"limit\":\"\",\"viewMode\":\"list\",\"selectionLabel\":\"\"}', '2015-12-03 20:22:27', '2015-12-03 23:02:46', '43bc2b5e-d072-482a-b6ca-f8e13c1e6fbf'),
 ('99', NULL, 'Icon 2', 'icon2', 'matrixBlockType:4', '', '0', 'Assets', '{\"useSingleFolder\":\"\",\"sources\":\"*\",\"defaultUploadLocationSource\":\"4\",\"defaultUploadLocationSubpath\":\"\",\"singleUploadLocationSource\":\"1\",\"singleUploadLocationSubpath\":\"\",\"restrictFiles\":\"\",\"limit\":\"\",\"viewMode\":\"list\",\"selectionLabel\":\"\"}', '2015-12-03 20:22:27', '2015-12-03 23:02:46', '8f406e67-9782-4390-b155-9988200456f9'),
 ('100', NULL, 'Icon 3', 'icon3', 'matrixBlockType:4', '', '0', 'Assets', '{\"useSingleFolder\":\"\",\"sources\":\"*\",\"defaultUploadLocationSource\":\"4\",\"defaultUploadLocationSubpath\":\"\",\"singleUploadLocationSource\":\"1\",\"singleUploadLocationSubpath\":\"\",\"restrictFiles\":\"\",\"limit\":\"\",\"viewMode\":\"list\",\"selectionLabel\":\"\"}', '2015-12-03 20:22:27', '2015-12-03 23:02:46', '0ac8422d-3363-4e64-82a4-f410e2f864a2'),
 ('101', NULL, 'Icon 4', 'icon4', 'matrixBlockType:4', '', '0', 'Assets', '{\"useSingleFolder\":\"\",\"sources\":\"*\",\"defaultUploadLocationSource\":\"4\",\"defaultUploadLocationSubpath\":\"\",\"singleUploadLocationSource\":\"1\",\"singleUploadLocationSubpath\":\"\",\"restrictFiles\":\"\",\"limit\":\"\",\"viewMode\":\"list\",\"selectionLabel\":\"\"}', '2015-12-03 20:22:27', '2015-12-03 23:02:46', 'fae3c98a-d91f-4cb3-9db5-52ee46ff259c'),
 ('102', NULL, 'Homepage Icon', 'homepageIcon', 'matrixBlockType:4', '', '0', 'Assets', '{\"useSingleFolder\":\"\",\"sources\":\"*\",\"defaultUploadLocationSource\":\"4\",\"defaultUploadLocationSubpath\":\"\",\"singleUploadLocationSource\":\"1\",\"singleUploadLocationSubpath\":\"\",\"restrictFiles\":\"\",\"limit\":\"\",\"viewMode\":\"list\",\"selectionLabel\":\"\"}', '2015-12-03 20:22:27', '2015-12-03 23:02:46', 'd0396460-64bf-4158-8814-c6d52e014af1'),
 ('103', NULL, 'Homepage Description', 'homepageDescription', 'matrixBlockType:4', '', '0', 'RichText', '{\"configFile\":\"\",\"cleanupHtml\":\"1\",\"purifyHtml\":\"\",\"columnType\":\"text\"}', '2015-12-03 20:22:27', '2015-12-03 23:02:46', '2d7a3931-2ba3-41a8-8090-1122bcc61c90'),
 ('104', '3', 'Project URL', 'projectUrl', 'global', 'Type entire address (ex. http://www.google.com)', '0', 'PlainText', '{\"placeholder\":\"\",\"maxLength\":\"\",\"multiline\":\"\",\"initialRows\":\"4\"}', '2015-12-08 18:10:42', '2015-12-17 15:30:24', '8cadc5cc-adb1-4d6e-8a08-c56987ddf7da'),
 ('105', '11', 'Street', 'street', 'global', '', '0', 'PlainText', '{\"placeholder\":\"\",\"maxLength\":\"\",\"multiline\":\"\",\"initialRows\":\"4\"}', '2015-12-08 20:41:59', '2015-12-08 20:41:59', 'f6e4a1c8-6659-4299-a49e-3242c2ffbfa8'),
 ('106', '14', 'Price Description', 'priceDescription', 'global', '', '0', 'RichText', '{\"configFile\":\"\",\"cleanupHtml\":\"1\",\"purifyHtml\":\"\",\"columnType\":\"text\"}', '2015-12-14 20:18:29', '2015-12-14 20:18:29', '42b0ed59-fe34-4c2d-a2aa-d2342930c818'),
 ('107', '14', 'Price Headline', 'priceHeadline', 'global', '', '0', 'PlainText', '{\"placeholder\":\"\",\"maxLength\":\"\",\"multiline\":\"\",\"initialRows\":\"4\"}', '2015-12-14 20:18:40', '2015-12-14 20:18:40', '9f210623-6607-4298-98b9-3f854c33f526'),
 ('108', '14', 'UX Lab Button', 'uxLabButton', 'global', '', '0', 'PlainText', '{\"placeholder\":\"\",\"maxLength\":\"\",\"multiline\":\"\",\"initialRows\":\"4\"}', '2015-12-14 20:21:09', '2015-12-14 20:21:09', 'b29569ce-6b4a-4278-a4c1-11b78c7a3338'),
 ('109', '18', 'Classroom Button', 'classroomButton', 'global', '', '0', 'PlainText', '{\"placeholder\":\"\",\"maxLength\":\"\",\"multiline\":\"\",\"initialRows\":\"4\"}', '2015-12-14 20:21:32', '2015-12-14 20:21:32', '8228d8ca-f4c5-441e-b219-a9752a4d7847'),
 ('110', '18', 'More Projects Button', 'moreProjectsButton', 'global', '', '0', 'PlainText', '{\"placeholder\":\"\",\"maxLength\":\"\",\"multiline\":\"\",\"initialRows\":\"4\"}', '2015-12-14 20:21:46', '2015-12-14 20:21:46', '9de6fdab-ec44-4deb-95d9-10ed55f7bb9a'),
 ('111', '12', 'Brick Background Pattern', 'brickBackgroundPattern', 'global', '', '0', 'Assets', '{\"useSingleFolder\":\"\",\"sources\":\"*\",\"defaultUploadLocationSource\":\"1\",\"defaultUploadLocationSubpath\":\"\",\"singleUploadLocationSource\":\"1\",\"singleUploadLocationSubpath\":\"\",\"restrictFiles\":\"\",\"limit\":\"\",\"viewMode\":\"list\",\"selectionLabel\":\"\"}', '2015-12-15 17:44:18', '2015-12-15 17:44:18', '51324a02-0323-4a1e-aba6-ce569d6f7d74'),
 ('112', '11', 'Form Icon', 'formIcon', 'global', '', '0', 'Assets', '{\"useSingleFolder\":\"\",\"sources\":[\"folder:1\"],\"defaultUploadLocationSource\":\"1\",\"defaultUploadLocationSubpath\":\"\",\"singleUploadLocationSource\":\"1\",\"singleUploadLocationSubpath\":\"\",\"restrictFiles\":\"\",\"limit\":\"\",\"viewMode\":\"list\",\"selectionLabel\":\"\"}', '2015-12-15 18:51:00', '2015-12-15 18:51:00', '5c19aed0-fd96-4fdb-9391-66ea1353d952');
INSERT INTO `craft_fields` (`id`, `groupId`, `name`, `handle`, `context`, `instructions`, `translatable`, `type`, `settings`, `dateCreated`, `dateUpdated`, `uid`) VALUES
 ('113', '15', 'Author', 'caseStudyAuthor', 'global', '', '0', 'Entries', '{\"sources\":[\"section:3\"],\"limit\":\"\",\"selectionLabel\":\"\"}', '2015-12-15 19:16:59', '2015-12-15 19:16:59', '5dec6502-a385-4535-9052-a97190d807c0'),
 ('114', '2', 'Last Name', 'profileLastName', 'global', '', '0', 'PlainText', '{\"placeholder\":\"\",\"maxLength\":\"\",\"multiline\":\"\",\"initialRows\":\"4\"}', '2015-12-17 16:52:35', '2015-12-17 16:52:35', '25793c37-f161-4c3e-9b09-dd30f7e2e652'),
 ('115', '2', 'First Name', 'profileFirstName', 'global', '', '0', 'PlainText', '{\"placeholder\":\"\",\"maxLength\":\"\",\"multiline\":\"\",\"initialRows\":\"4\"}', '2015-12-17 16:57:22', '2015-12-17 16:57:22', 'ad6b586b-8d32-44c7-a44f-c76651fb6844'),
 ('116', '11', 'Kent State Logo', 'kentStateLogo', 'global', '', '0', 'Assets', '{\"useSingleFolder\":\"\",\"sources\":[\"folder:1\"],\"defaultUploadLocationSource\":\"1\",\"defaultUploadLocationSubpath\":\"\",\"singleUploadLocationSource\":\"1\",\"singleUploadLocationSubpath\":\"\",\"restrictFiles\":\"\",\"limit\":\"\",\"viewMode\":\"list\",\"selectionLabel\":\"\"}', '2016-01-04 02:13:11', '2016-01-04 02:13:11', '706a45d9-59c7-44a9-a939-ef572ac0cb10'),
 ('117', '3', 'Client', 'forWhichClient', 'global', '', '0', 'Entries', '{\"sources\":[\"section:8\"],\"limit\":\"\",\"selectionLabel\":\"\"}', '2016-01-04 02:29:35', '2016-01-04 02:29:35', '3f63884b-a211-4039-9f7b-db055bf33312'),
 ('118', '2', 'Alumni Lightswitch', 'alumniLightswitch', 'global', 'Set to ON (Green) if person is alumni.', '0', 'Lightswitch', '{\"default\":\"\"}', '2016-01-08 17:25:46', '2016-01-08 17:27:23', '82f772d4-230d-43f5-89e1-a74bf50b9ead'),
 ('119', '5', 'Award Icon', 'awardIcon', 'global', '', '0', 'Assets', '{\"useSingleFolder\":\"\",\"sources\":[\"folder:7\"],\"defaultUploadLocationSource\":\"5\",\"defaultUploadLocationSubpath\":\"\",\"singleUploadLocationSource\":\"1\",\"singleUploadLocationSubpath\":\"\",\"restrictFiles\":\"\",\"limit\":\"\",\"viewMode\":\"list\",\"selectionLabel\":\"\"}', '2016-01-14 19:27:02', '2016-01-14 19:27:02', '193262af-90c4-4e4c-8bec-9dd29b534610'),
 ('120', '17', 'Basic Page Featured Image', 'basicPageFeaturedImage', 'global', '', '0', 'Assets', '{\"useSingleFolder\":\"\",\"sources\":[\"folder:9\"],\"defaultUploadLocationSource\":\"1\",\"defaultUploadLocationSubpath\":\"\",\"singleUploadLocationSource\":\"1\",\"singleUploadLocationSubpath\":\"\",\"restrictFiles\":\"\",\"limit\":\"1\",\"viewMode\":\"list\",\"selectionLabel\":\"Add Featured Image\"}', '2016-01-15 15:46:22', '2016-01-15 15:46:22', '2d665f79-665d-49ab-86b6-642e5bac3c0e'),
 ('121', '17', 'Introduction', 'introduction', 'global', 'Most pages should include an introduction.  This will be included as large text at the top of the page.', '0', 'RichText', '{\"configFile\":\"Simple.json\",\"cleanupHtml\":\"1\",\"purifyHtml\":\"\",\"columnType\":\"text\"}', '2016-01-15 15:47:28', '2016-01-15 15:47:28', 'cc4cc351-f365-4336-a6fd-bf563c97ff63');



DROP TABLE IF EXISTS `craft_globalsets`;


--
-- Schema for table `craft_globalsets`
--
CREATE TABLE `craft_globalsets` (
  `id` int(11) NOT NULL,
  `name` varchar(255) COLLATE utf8_unicode_ci NOT NULL,
  `handle` varchar(255) COLLATE utf8_unicode_ci NOT NULL,
  `fieldLayoutId` int(10) DEFAULT NULL,
  `dateCreated` datetime NOT NULL,
  `dateUpdated` datetime NOT NULL,
  `uid` char(36) COLLATE utf8_unicode_ci NOT NULL DEFAULT '0',
  PRIMARY KEY (`id`),
  UNIQUE KEY `craft_globalsets_name_unq_idx` (`name`),
  UNIQUE KEY `craft_globalsets_handle_unq_idx` (`handle`),
  KEY `craft_globalsets_fieldLayoutId_fk` (`fieldLayoutId`)
) ENGINE=InnoDB DEFAULT CHARSET=utf8 COLLATE=utf8_unicode_ci;

--
-- Data for table `craft_globalsets`
--

INSERT INTO `craft_globalsets` (`id`, `name`, `handle`, `fieldLayoutId`, `dateCreated`, `dateUpdated`, `uid`) VALUES
 ('89', 'Header', 'header', '144', '2015-09-29 14:19:07', '2015-11-17 14:52:03', '0724b525-53e8-443a-a8b0-280931ddccae'),
 ('90', 'Footer', 'footer', '194', '2015-09-29 14:19:11', '2016-01-04 02:14:00', 'ab566658-6a28-424d-907e-7991a4ea5e75'),
 ('127', 'Social Media', 'socMedia', '73', '2015-10-30 15:17:55', '2015-11-03 17:10:04', '93caef91-2fca-40cf-ace6-c352de3e641c'),
 ('202', 'Background Brick Patterns', 'backgroundBrickPatterns', '176', '2015-12-15 20:17:44', '2015-12-15 20:17:55', '6b3e5fbe-f163-488f-bd68-9a143c029d89');



DROP TABLE IF EXISTS `craft_info`;


--
-- Schema for table `craft_info`
--
CREATE TABLE `craft_info` (
  `id` int(11) NOT NULL AUTO_INCREMENT,
  `version` varchar(15) COLLATE utf8_unicode_ci NOT NULL,
  `build` int(11) unsigned NOT NULL,
  `schemaVersion` varchar(15) COLLATE utf8_unicode_ci NOT NULL,
  `releaseDate` datetime NOT NULL,
  `edition` tinyint(1) unsigned NOT NULL DEFAULT '0',
  `siteName` varchar(100) COLLATE utf8_unicode_ci NOT NULL,
  `siteUrl` varchar(255) COLLATE utf8_unicode_ci NOT NULL,
  `timezone` varchar(30) COLLATE utf8_unicode_ci DEFAULT NULL,
  `on` tinyint(1) unsigned NOT NULL DEFAULT '0',
  `maintenance` tinyint(1) unsigned NOT NULL DEFAULT '0',
  `track` varchar(40) COLLATE utf8_unicode_ci NOT NULL,
  `dateCreated` datetime NOT NULL,
  `dateUpdated` datetime NOT NULL,
  `uid` char(36) COLLATE utf8_unicode_ci NOT NULL DEFAULT '0',
  PRIMARY KEY (`id`)
) ENGINE=InnoDB AUTO_INCREMENT=2 DEFAULT CHARSET=utf8 COLLATE=utf8_unicode_ci;

--
-- Data for table `craft_info`
--

INSERT INTO `craft_info` (`id`, `version`, `build`, `schemaVersion`, `releaseDate`, `edition`, `siteName`, `siteUrl`, `timezone`, `on`, `maintenance`, `track`, `dateCreated`, `dateUpdated`, `uid`) VALUES
 ('1', '2.5', '2757', '2.5.11', '2016-01-06 21:51:21', '2', 'IdeaBase Website', 'http://ideabase.web/prod', 'America/New_York', '1', '1', 'stable', '2015-09-18 13:02:07', '2016-01-15 16:12:50', '32522f96-e602-4fd0-b6e3-2d9325bf35cd');



DROP TABLE IF EXISTS `craft_locales`;


--
-- Schema for table `craft_locales`
--
CREATE TABLE `craft_locales` (
  `locale` char(12) COLLATE utf8_unicode_ci NOT NULL,
  `sortOrder` tinyint(4) DEFAULT NULL,
  `dateCreated` datetime NOT NULL,
  `dateUpdated` datetime NOT NULL,
  `uid` char(36) COLLATE utf8_unicode_ci NOT NULL DEFAULT '0',
  PRIMARY KEY (`locale`),
  KEY `craft_locales_sortOrder_idx` (`sortOrder`)
) ENGINE=InnoDB DEFAULT CHARSET=utf8 COLLATE=utf8_unicode_ci;

--
-- Data for table `craft_locales`
--

INSERT INTO `craft_locales` (`locale`, `sortOrder`, `dateCreated`, `dateUpdated`, `uid`) VALUES
 ('en_us', '1', '2015-09-18 13:02:07', '2015-09-18 13:02:07', '15a4d621-0c9b-4d2b-b81b-20f8cfc4005e');



DROP TABLE IF EXISTS `craft_matrixblocks`;


--
-- Schema for table `craft_matrixblocks`
--
CREATE TABLE `craft_matrixblocks` (
  `id` int(11) NOT NULL,
  `ownerId` int(11) NOT NULL,
  `fieldId` int(11) NOT NULL,
  `typeId` int(11) DEFAULT NULL,
  `sortOrder` tinyint(4) DEFAULT NULL,
  `ownerLocale` char(12) COLLATE utf8_unicode_ci DEFAULT NULL,
  `dateCreated` datetime NOT NULL,
  `dateUpdated` datetime NOT NULL,
  `uid` char(36) COLLATE utf8_unicode_ci NOT NULL DEFAULT '0',
  PRIMARY KEY (`id`),
  KEY `craft_matrixblocks_ownerId_idx` (`ownerId`),
  KEY `craft_matrixblocks_fieldId_idx` (`fieldId`),
  KEY `craft_matrixblocks_typeId_idx` (`typeId`),
  KEY `craft_matrixblocks_sortOrder_idx` (`sortOrder`),
  KEY `craft_matrixblocks_ownerLocale_fk` (`ownerLocale`)
) ENGINE=InnoDB DEFAULT CHARSET=utf8 COLLATE=utf8_unicode_ci;

--
-- Data for table `craft_matrixblocks`
--

INSERT INTO `craft_matrixblocks` (`id`, `ownerId`, `fieldId`, `typeId`, `sortOrder`, `ownerLocale`, `dateCreated`, `dateUpdated`, `uid`) VALUES
 ('129', '127', '51', '1', '1', NULL, '2015-10-30 15:46:46', '2015-12-08 20:49:36', '4a56da03-464a-425a-8a18-d6f71e508020'),
 ('130', '127', '51', '1', '2', NULL, '2015-10-30 16:07:20', '2015-12-08 20:49:36', '889ec973-8693-4299-bcee-b97a8ea28885'),
 ('183', '109', '94', '4', '1', NULL, '2015-12-03 20:37:02', '2015-12-17 19:53:40', 'ae408bd7-d66b-4b2c-967f-1a132851b0fd'),
 ('184', '109', '94', '4', '2', NULL, '2015-12-03 20:37:02', '2015-12-17 19:53:40', '3b799820-9e54-4e28-bf06-125bd562a2a2'),
 ('185', '109', '94', '4', '3', NULL, '2015-12-03 20:37:02', '2015-12-17 19:53:40', '93733d58-404f-4c6f-8b8a-48c2a10468cc'),
 ('437', '67', '89', '3', '1', NULL, '2016-01-12 19:49:23', '2016-01-12 19:49:23', '2e21fb2a-4071-4c0e-91af-027bd43c23e0'),
 ('438', '67', '89', '3', '2', NULL, '2016-01-12 19:49:23', '2016-01-12 19:49:23', '160450cc-40e4-47f7-8b5e-6f780e2a22ca'),
 ('443', '316', '89', '3', '1', NULL, '2016-01-14 19:08:12', '2016-01-14 19:17:00', 'c35e716f-a684-47d4-8891-055f741fcaf3'),
 ('444', '316', '89', '3', '2', NULL, '2016-01-14 19:08:12', '2016-01-14 19:17:00', '798412ba-a7e7-44fe-9000-29b487ffbb4e'),
 ('445', '316', '89', '3', '3', NULL, '2016-01-14 19:08:12', '2016-01-14 19:17:00', 'f8df102f-cad4-4612-94b3-47818f719f60'),
 ('446', '316', '89', '3', '4', NULL, '2016-01-14 19:08:12', '2016-01-14 19:17:00', '68d6a263-04de-4c72-afe3-0565d009866e');



DROP TABLE IF EXISTS `craft_matrixblocktypes`;


--
-- Schema for table `craft_matrixblocktypes`
--
CREATE TABLE `craft_matrixblocktypes` (
  `id` int(11) NOT NULL AUTO_INCREMENT,
  `fieldId` int(11) NOT NULL,
  `fieldLayoutId` int(11) DEFAULT NULL,
  `name` varchar(255) COLLATE utf8_unicode_ci NOT NULL,
  `handle` varchar(255) COLLATE utf8_unicode_ci NOT NULL,
  `sortOrder` tinyint(4) DEFAULT NULL,
  `dateCreated` datetime NOT NULL,
  `dateUpdated` datetime NOT NULL,
  `uid` char(36) COLLATE utf8_unicode_ci NOT NULL DEFAULT '0',
  PRIMARY KEY (`id`),
  UNIQUE KEY `craft_matrixblocktypes_name_fieldId_unq_idx` (`name`,`fieldId`),
  UNIQUE KEY `craft_matrixblocktypes_handle_fieldId_unq_idx` (`handle`,`fieldId`),
  KEY `craft_matrixblocktypes_fieldId_fk` (`fieldId`),
  KEY `craft_matrixblocktypes_fieldLayoutId_fk` (`fieldLayoutId`)
) ENGINE=InnoDB AUTO_INCREMENT=5 DEFAULT CHARSET=utf8 COLLATE=utf8_unicode_ci;

--
-- Data for table `craft_matrixblocktypes`
--

INSERT INTO `craft_matrixblocktypes` (`id`, `fieldId`, `fieldLayoutId`, `name`, `handle`, `sortOrder`, `dateCreated`, `dateUpdated`, `uid`) VALUES
 ('1', '51', '166', 'Name', 'socialName', '1', '2015-10-30 15:44:24', '2015-12-08 20:51:52', '5e99a9c7-6233-4475-8fde-152b6e422ee6'),
 ('2', '62', '81', 'Home Processes', 'homeProcesses', '1', '2015-11-05 16:32:04', '2015-11-05 16:32:04', 'c9433e6f-a06a-4d51-b539-3cb4ce026879'),
 ('3', '89', '153', 'Staff Social Media', 'staffSocName', '1', '2015-11-25 21:46:50', '2015-11-25 21:46:50', 'ba5b735f-f8d3-4a87-a320-092b118573df'),
 ('4', '94', '163', 'Process Matrix', 'processMatrix', '1', '2015-12-03 17:09:47', '2015-12-03 23:02:46', 'f785a488-acce-4bb1-9f25-3c47fd876ad2');



DROP TABLE IF EXISTS `craft_matrixcontent_homepagematrix`;


--
-- Schema for table `craft_matrixcontent_homepagematrix`
--
CREATE TABLE `craft_matrixcontent_homepagematrix` (
  `id` int(11) NOT NULL AUTO_INCREMENT,
  `elementId` int(11) NOT NULL,
  `locale` char(12) COLLATE utf8_unicode_ci NOT NULL,
  `field_homeProcesses_processName` text COLLATE utf8_unicode_ci,
  `field_homeProcesses_processDescription` text COLLATE utf8_unicode_ci,
  `dateCreated` datetime NOT NULL,
  `dateUpdated` datetime NOT NULL,
  `uid` char(36) COLLATE utf8_unicode_ci NOT NULL DEFAULT '0',
  PRIMARY KEY (`id`),
  UNIQUE KEY `craft_matrixcontent_homepagematrix_elementId_locale_unq_idx` (`elementId`,`locale`),
  KEY `craft_matrixcontent_homepagematrix_locale_fk` (`locale`)
) ENGINE=InnoDB DEFAULT CHARSET=utf8 COLLATE=utf8_unicode_ci;

DROP TABLE IF EXISTS `craft_matrixcontent_servicehomepagematrix`;


--
-- Schema for table `craft_matrixcontent_servicehomepagematrix`
--
CREATE TABLE `craft_matrixcontent_servicehomepagematrix` (
  `id` int(11) NOT NULL AUTO_INCREMENT,
  `elementId` int(11) NOT NULL,
  `locale` char(12) COLLATE utf8_unicode_ci NOT NULL,
  `field_processMatrix_homeProcessName` text COLLATE utf8_unicode_ci,
  `field_processMatrix_homeProcessDescription` text COLLATE utf8_unicode_ci,
  `field_processMatrix_homeProcessExampleTable` text COLLATE utf8_unicode_ci,
  `field_processMatrix_homepageDescription` text COLLATE utf8_unicode_ci,
  `dateCreated` datetime NOT NULL,
  `dateUpdated` datetime NOT NULL,
  `uid` char(36) COLLATE utf8_unicode_ci NOT NULL DEFAULT '0',
  PRIMARY KEY (`id`),
  UNIQUE KEY `craft_matrixcontent_servicehomepagematri_elementId_locale_unq_id` (`elementId`,`locale`),
  KEY `craft_matrixcontent_servicehomepagematrix_locale_fk` (`locale`)
) ENGINE=InnoDB AUTO_INCREMENT=4 DEFAULT CHARSET=utf8 COLLATE=utf8_unicode_ci;

--
-- Data for table `craft_matrixcontent_servicehomepagematrix`
--

INSERT INTO `craft_matrixcontent_servicehomepagematrix` (`id`, `elementId`, `locale`, `field_processMatrix_homeProcessName`, `field_processMatrix_homeProcessDescription`, `field_processMatrix_homeProcessExampleTable`, `field_processMatrix_homepageDescription`, `dateCreated`, `dateUpdated`, `uid`) VALUES
 ('1', '183', 'en_us', 'Discover', '<p>who your users are and what they are looking for in your product</p>', '[{\"col1\":\"User interviews\"},{\"col1\":\"Surveys\"},{\"col1\":\"Competitive analysis\"},{\"col1\":\"Persona development\"}]', '<p>Our targeted user research methods empower you to more effectively address your users\'&nbsp;needs.</p>', '2015-12-03 20:37:02', '2015-12-17 19:53:40', '34ba40c8-2114-43cd-81fb-ae3e4242c316'),
 ('2', '184', 'en_us', 'Design', '<p>a product that will deliver on user and business needs</p>', '[{\"col1\":\"Visual\\/graphic design\"},{\"col1\":\"Video production\"},{\"col1\":\"Web development\"},{\"col1\":\"Content strategy & information architecture\"},{\"col1\":\"Prototyping & product development\"},{\"col1\":\"Environmental design\"},{\"col1\":\"Brand identity\"},{\"col1\":\"Social media & public relations\"}]', '<p>Our design strategies, whether through print, video or web, deliver custom solutions that&nbsp;promote both business and customer needs.</p>', '2015-12-03 20:37:02', '2015-12-17 19:53:40', '67d6dacf-d5e2-4f71-9f6b-6501e3bb425c'),
 ('3', '185', 'en_us', 'Refine', '<p>an existing product with our advanced usability testing</p>', '[{\"col1\":\"In-person usability testing\"},{\"col1\":\"Remote usability testing\"},{\"col1\":\"Device & performance testing*\"},{\"col1\":\"Tobii Eyetracking\"}]', '<p>Our advanced usability testing tools, including eye tracking, allow you to evaluate the effectiveness of design solutions.</p>', '2015-12-03 20:37:02', '2015-12-17 19:53:40', '98bbf713-2526-45e0-b148-299d6113589c');



DROP TABLE IF EXISTS `craft_matrixcontent_socialmediarepeater`;


--
-- Schema for table `craft_matrixcontent_socialmediarepeater`
--
CREATE TABLE `craft_matrixcontent_socialmediarepeater` (
  `id` int(11) NOT NULL AUTO_INCREMENT,
  `elementId` int(11) NOT NULL,
  `locale` char(12) COLLATE utf8_unicode_ci NOT NULL,
  `field_socialName_socialMediaName` text COLLATE utf8_unicode_ci,
  `field_socialLink_socialMediaLink` text COLLATE utf8_unicode_ci,
  `field_socialName_socialMediaLink` text COLLATE utf8_unicode_ci,
  `dateCreated` datetime NOT NULL,
  `dateUpdated` datetime NOT NULL,
  `uid` char(36) COLLATE utf8_unicode_ci NOT NULL DEFAULT '0',
  PRIMARY KEY (`id`),
  UNIQUE KEY `craft_matrixcontent_socialmediarepeater_elementId_locale_unq_idx` (`elementId`,`locale`),
  KEY `craft_matrixcontent_socialmediarepeater_locale_fk` (`locale`)
) ENGINE=InnoDB AUTO_INCREMENT=3 DEFAULT CHARSET=utf8 COLLATE=utf8_unicode_ci;

--
-- Data for table `craft_matrixcontent_socialmediarepeater`
--

INSERT INTO `craft_matrixcontent_socialmediarepeater` (`id`, `elementId`, `locale`, `field_socialName_socialMediaName`, `field_socialLink_socialMediaLink`, `field_socialName_socialMediaLink`, `dateCreated`, `dateUpdated`, `uid`) VALUES
 ('1', '129', 'en_us', '<p>Twitter</p>', NULL, '<p><a href=\"http://www.twitter.com\">http://www.twitter.com</a></p>', '2015-10-30 15:46:46', '2015-12-08 20:49:36', '4adefb19-b732-4afb-b993-4711a85a7c96'),
 ('2', '130', 'en_us', '<p>Instagram</p>', NULL, '<p><a href=\"http://www.instagram.com\">http://www.instagram.com</a></p>', '2015-10-30 16:07:20', '2015-12-08 20:49:36', '863a29f9-0fe2-4d4a-8f50-1ce9b4dd66fa');



DROP TABLE IF EXISTS `craft_matrixcontent_staffsocialmedia`;


--
-- Schema for table `craft_matrixcontent_staffsocialmedia`
--
CREATE TABLE `craft_matrixcontent_staffsocialmedia` (
  `id` int(11) NOT NULL AUTO_INCREMENT,
  `elementId` int(11) NOT NULL,
  `locale` char(12) COLLATE utf8_unicode_ci NOT NULL,
  `field_staffSocName_staffSocName` text COLLATE utf8_unicode_ci,
  `field_staffSocName_staffSocLink` text COLLATE utf8_unicode_ci,
  `dateCreated` datetime NOT NULL,
  `dateUpdated` datetime NOT NULL,
  `uid` char(36) COLLATE utf8_unicode_ci NOT NULL DEFAULT '0',
  PRIMARY KEY (`id`),
  UNIQUE KEY `craft_matrixcontent_staffsocialmedia_elementId_locale_unq_idx` (`elementId`,`locale`),
  KEY `craft_matrixcontent_staffsocialmedia_locale_fk` (`locale`)
) ENGINE=InnoDB AUTO_INCREMENT=7 DEFAULT CHARSET=utf8 COLLATE=utf8_unicode_ci;

--
-- Data for table `craft_matrixcontent_staffsocialmedia`
--

INSERT INTO `craft_matrixcontent_staffsocialmedia` (`id`, `elementId`, `locale`, `field_staffSocName_staffSocName`, `field_staffSocName_staffSocLink`, `dateCreated`, `dateUpdated`, `uid`) VALUES
 ('1', '437', 'en_us', 'Twitter', 'http://www.twitter.com/reillyhawkins', '2016-01-12 19:49:23', '2016-01-12 19:49:23', '804577c9-7b0e-4820-9ab5-2510c5d1bd1b'),
 ('2', '438', 'en_us', 'LinkedIn', 'https://www.linkedin.com/profile/view?id=AAIAABtGIFwBrklv68_miVOWyVO8DJYNSDMRHX4&trk=nav_responsive_tab_profile_pic', '2016-01-12 19:49:23', '2016-01-12 19:49:23', '17a4b4e5-bc60-4629-ad12-876a263e443d'),
 ('3', '443', 'en_us', 'Facebook', 'https://www.facebook.com/calliesheasullivan', '2016-01-14 19:08:12', '2016-01-14 19:17:00', 'f093976c-0068-47db-a81d-57c5a62b25e0'),
 ('4', '444', 'en_us', 'Twitter', 'https://twitter.com/colormelucky_', '2016-01-14 19:08:12', '2016-01-14 19:17:00', 'db97d3a5-c022-4725-8169-0ba100175d64'),
 ('5', '445', 'en_us', 'LinkedIn', 'https://www.linkedin.com/in/callie-sullivan-4a53ab45', '2016-01-14 19:08:12', '2016-01-14 19:17:00', '7f8647b4-55cc-4eac-9b22-b4e680ebfa7b'),
 ('6', '446', 'en_us', 'Callie\'s Portfolio', 'http://www.callie-sullivan.squarespace.com/', '2016-01-14 19:08:12', '2016-01-14 19:17:00', '55fa1934-aad1-4b25-8c5d-435c3e616a4b');



DROP TABLE IF EXISTS `craft_migrations`;


--
-- Schema for table `craft_migrations`
--
CREATE TABLE `craft_migrations` (
  `id` int(11) NOT NULL AUTO_INCREMENT,
  `pluginId` int(11) DEFAULT NULL,
  `version` varchar(255) COLLATE utf8_unicode_ci NOT NULL,
  `applyTime` datetime NOT NULL,
  `dateCreated` datetime NOT NULL,
  `dateUpdated` datetime NOT NULL,
  `uid` char(36) COLLATE utf8_unicode_ci NOT NULL DEFAULT '0',
  PRIMARY KEY (`id`),
  UNIQUE KEY `craft_migrations_version_unq_idx` (`version`),
  KEY `craft_migrations_pluginId_fk` (`pluginId`)
) ENGINE=InnoDB AUTO_INCREMENT=27 DEFAULT CHARSET=utf8 COLLATE=utf8_unicode_ci;

--
-- Data for table `craft_migrations`
--

INSERT INTO `craft_migrations` (`id`, `pluginId`, `version`, `applyTime`, `dateCreated`, `dateUpdated`, `uid`) VALUES
 ('1', NULL, 'm000000_000000_base', '2015-09-18 13:02:07', '2015-09-18 13:02:07', '2015-09-18 13:02:07', '6370546f-140f-4452-8d15-d0b2c9e1ac42'),
 ('2', NULL, 'm140730_000001_add_filename_and_format_to_transformindex', '2015-09-18 13:02:07', '2015-09-18 13:02:07', '2015-09-18 13:02:07', 'ca1b773c-11e4-4033-9b76-d8e40615c3d2'),
 ('3', NULL, 'm140815_000001_add_format_to_transforms', '2015-09-18 13:02:07', '2015-09-18 13:02:07', '2015-09-18 13:02:07', '37b32184-3b7a-4176-9101-c5264b2fef95'),
 ('4', NULL, 'm140822_000001_allow_more_than_128_items_per_field', '2015-09-18 13:02:07', '2015-09-18 13:02:07', '2015-09-18 13:02:07', '1e9b3379-985d-453c-b0d0-18b831b96478'),
 ('5', NULL, 'm140829_000001_single_title_formats', '2015-09-18 13:02:07', '2015-09-18 13:02:07', '2015-09-18 13:02:07', '71855e4c-d89b-4b25-955b-c956c2d63c8d'),
 ('6', NULL, 'm140831_000001_extended_cache_keys', '2015-09-18 13:02:07', '2015-09-18 13:02:07', '2015-09-18 13:02:07', '3b500ad1-a413-4e4d-bd04-4056956c9c39'),
 ('7', NULL, 'm140922_000001_delete_orphaned_matrix_blocks', '2015-09-18 13:02:07', '2015-09-18 13:02:07', '2015-09-18 13:02:07', 'd7f34ace-985e-44cd-b9ca-a933486ef2fe'),
 ('8', NULL, 'm141008_000001_elements_index_tune', '2015-09-18 13:02:07', '2015-09-18 13:02:07', '2015-09-18 13:02:07', 'cbc20501-e573-4bb3-8bcc-a9436fffd6b0'),
 ('9', NULL, 'm141009_000001_assets_source_handle', '2015-09-18 13:02:07', '2015-09-18 13:02:07', '2015-09-18 13:02:07', 'd131a352-ade1-47aa-b813-e04b3c8b1314'),
 ('10', NULL, 'm141024_000001_field_layout_tabs', '2015-09-18 13:02:07', '2015-09-18 13:02:07', '2015-09-18 13:02:07', '6fa27db1-3b7c-41df-9c8e-dedb05b5d56e'),
 ('11', NULL, 'm141030_000001_drop_structure_move_permission', '2015-09-18 13:02:07', '2015-09-18 13:02:07', '2015-09-18 13:02:07', 'ba5a374b-29dd-4961-9fd4-94290306ac32'),
 ('12', NULL, 'm141103_000001_tag_titles', '2015-09-18 13:02:07', '2015-09-18 13:02:07', '2015-09-18 13:02:07', 'ae3a11c9-423c-47fb-a914-56156ac21fd0'),
 ('13', NULL, 'm141109_000001_user_status_shuffle', '2015-09-18 13:02:07', '2015-09-18 13:02:07', '2015-09-18 13:02:07', '81eec2f5-c45a-4c89-8237-5a25cd39060c'),
 ('14', NULL, 'm141126_000001_user_week_start_day', '2015-09-18 13:02:07', '2015-09-18 13:02:07', '2015-09-18 13:02:07', '4e3588ed-4ff0-4446-92e3-1bdc74c2c3b3'),
 ('15', NULL, 'm150210_000001_adjust_user_photo_size', '2015-09-18 13:02:07', '2015-09-18 13:02:07', '2015-09-18 13:02:07', 'd348dc57-2e2b-4be8-9eaa-443e9e26bab7'),
 ('16', NULL, 'm141030_000000_plugin_schema_versions', '2015-12-03 17:03:08', '2015-12-03 17:03:08', '2015-12-03 17:03:08', 'bc6839fe-c9b0-4253-9276-72d880bf3417'),
 ('17', NULL, 'm150724_000001_adjust_quality_settings', '2015-12-03 17:03:08', '2015-12-03 17:03:08', '2015-12-03 17:03:08', '18c2ecc5-b1fb-4575-88a3-27d9b47fc241'),
 ('18', NULL, 'm150827_000000_element_index_settings', '2015-12-03 17:03:08', '2015-12-03 17:03:08', '2015-12-03 17:03:08', '1d9adc16-0e8d-4dc2-a092-aa1d55596872'),
 ('19', NULL, 'm150918_000001_add_colspan_to_widgets', '2015-12-03 17:03:08', '2015-12-03 17:03:08', '2015-12-03 17:03:08', '63b85d53-cd2d-48cb-945f-2d4cc5ed48bf'),
 ('20', NULL, 'm151007_000000_clear_asset_caches', '2015-12-03 17:03:08', '2015-12-03 17:03:08', '2015-12-03 17:03:08', 'ba7c4644-b8f2-43ca-bb0e-3e146555274a'),
 ('21', NULL, 'm151109_000000_text_url_formats', '2015-12-03 17:03:08', '2015-12-03 17:03:08', '2015-12-03 17:03:08', 'a24731cb-a0a4-4555-8006-1caac5cd0157'),
 ('22', NULL, 'm151110_000000_move_logo', '2015-12-03 17:03:08', '2015-12-03 17:03:08', '2015-12-03 17:03:08', 'e2d2f5b9-0593-46f2-a91f-e61fdb1dd5ca'),
 ('23', NULL, 'm151117_000000_adjust_image_widthheight', '2015-12-03 17:03:09', '2015-12-03 17:03:09', '2015-12-03 17:03:09', 'cb9e5c7e-90ba-4b7c-80b2-6e0c1171a2ae'),
 ('24', NULL, 'm151127_000000_clear_license_key_status', '2015-12-03 17:03:09', '2015-12-03 17:03:09', '2015-12-03 17:03:09', '8deb34e3-8739-4100-a237-21e7b6258c12'),
 ('25', NULL, 'm151127_000000_plugin_license_keys', '2015-12-03 17:03:09', '2015-12-03 17:03:09', '2015-12-03 17:03:09', '1a64c963-9a4a-4cae-b43d-71df2dad5615'),
 ('26', NULL, 'm151130_000000_update_pt_widget_feeds', '2015-12-03 17:03:09', '2015-12-03 17:03:09', '2015-12-03 17:03:09', '645ec4e6-334f-4fc6-a12f-9beef338c472');



DROP TABLE IF EXISTS `craft_plugins`;


--
-- Schema for table `craft_plugins`
--
CREATE TABLE `craft_plugins` (
  `id` int(11) NOT NULL AUTO_INCREMENT,
  `class` varchar(150) COLLATE utf8_unicode_ci NOT NULL,
  `version` varchar(15) COLLATE utf8_unicode_ci NOT NULL,
  `schemaVersion` varchar(15) COLLATE utf8_unicode_ci DEFAULT NULL,
  `licenseKey` char(24) COLLATE utf8_unicode_ci DEFAULT NULL,
  `licenseKeyStatus` enum('valid','invalid','mismatched','unknown') COLLATE utf8_unicode_ci NOT NULL DEFAULT 'unknown',
  `enabled` tinyint(1) unsigned NOT NULL DEFAULT '0',
  `settings` text COLLATE utf8_unicode_ci,
  `installDate` datetime NOT NULL,
  `dateCreated` datetime NOT NULL,
  `dateUpdated` datetime NOT NULL,
  `uid` char(36) COLLATE utf8_unicode_ci NOT NULL DEFAULT '0',
  PRIMARY KEY (`id`)
) ENGINE=InnoDB AUTO_INCREMENT=8 DEFAULT CHARSET=utf8 COLLATE=utf8_unicode_ci;

--
-- Data for table `craft_plugins`
--

INSERT INTO `craft_plugins` (`id`, `class`, `version`, `schemaVersion`, `licenseKey`, `licenseKeyStatus`, `enabled`, `settings`, `installDate`, `dateCreated`, `dateUpdated`, `uid`) VALUES
 ('1', 'ContactForm', '1.4', NULL, NULL, 'unknown', '1', '{\"toEmail\":\"rhawkins@ideabasekent.com, challahan@ideabasekent.com\",\"prependSender\":\"On behalf of\",\"prependSubject\":\"New message from IdeaBase Website\",\"allowAttachments\":\"\",\"honeypotField\":\"\"}', '2015-10-27 15:27:49', '2015-10-27 15:27:49', '2016-01-15 16:12:47', '18d7ee8a-6ed3-4dca-83b5-99d094976ddb'),
 ('7', 'ArtVandelay', '2.0.0a', NULL, NULL, 'unknown', '1', NULL, '2015-12-10 20:15:37', '2015-12-10 20:15:37', '2016-01-15 16:12:47', '6d3a9242-8b59-4fe9-8084-cde59b50141c');



DROP TABLE IF EXISTS `craft_rackspaceaccess`;


--
-- Schema for table `craft_rackspaceaccess`
--
CREATE TABLE `craft_rackspaceaccess` (
  `id` int(11) NOT NULL AUTO_INCREMENT,
  `connectionKey` varchar(255) COLLATE utf8_unicode_ci NOT NULL,
  `token` varchar(255) COLLATE utf8_unicode_ci NOT NULL,
  `storageUrl` varchar(255) COLLATE utf8_unicode_ci NOT NULL,
  `cdnUrl` varchar(255) COLLATE utf8_unicode_ci NOT NULL,
  `dateCreated` datetime NOT NULL,
  `dateUpdated` datetime NOT NULL,
  `uid` char(36) COLLATE utf8_unicode_ci NOT NULL DEFAULT '0',
  PRIMARY KEY (`id`),
  UNIQUE KEY `craft_rackspaceaccess_connectionKey_unq_idx` (`connectionKey`)
) ENGINE=InnoDB DEFAULT CHARSET=utf8 COLLATE=utf8_unicode_ci;

DROP TABLE IF EXISTS `craft_relations`;


--
-- Schema for table `craft_relations`
--
CREATE TABLE `craft_relations` (
  `id` int(11) NOT NULL AUTO_INCREMENT,
  `fieldId` int(11) NOT NULL,
  `sourceId` int(11) NOT NULL,
  `sourceLocale` char(12) COLLATE utf8_unicode_ci DEFAULT NULL,
  `targetId` int(11) NOT NULL,
  `sortOrder` smallint(6) DEFAULT NULL,
  `dateCreated` datetime NOT NULL,
  `dateUpdated` datetime NOT NULL,
  `uid` char(36) COLLATE utf8_unicode_ci NOT NULL DEFAULT '0',
  PRIMARY KEY (`id`),
  UNIQUE KEY `craft_relations_fieldId_sourceId_sourceLocale_targetId_unq_idx` (`fieldId`,`sourceId`,`sourceLocale`,`targetId`),
  KEY `craft_relations_sourceId_fk` (`sourceId`),
  KEY `craft_relations_sourceLocale_fk` (`sourceLocale`),
  KEY `craft_relations_targetId_fk` (`targetId`)
) ENGINE=InnoDB AUTO_INCREMENT=749 DEFAULT CHARSET=utf8 COLLATE=utf8_unicode_ci;

--
-- Data for table `craft_relations`
--

INSERT INTO `craft_relations` (`id`, `fieldId`, `sourceId`, `sourceLocale`, `targetId`, `sortOrder`, `dateCreated`, `dateUpdated`, `uid`) VALUES
 ('236', '27', '119', NULL, '293', '1', '2015-12-17 19:31:17', '2015-12-17 19:31:17', 'a242d285-921b-4573-a4ff-7c247e2a13ac'),
 ('237', '26', '119', NULL, '5', '1', '2015-12-17 19:31:17', '2015-12-17 19:31:17', '7b8b4821-e8dc-4d09-9972-4d43148e3ddb'),
 ('238', '27', '120', NULL, '291', '1', '2015-12-17 19:31:24', '2015-12-17 19:31:24', 'd8236670-eca5-4929-92e3-222885da7017'),
 ('239', '26', '120', NULL, '5', '1', '2015-12-17 19:31:24', '2015-12-17 19:31:24', '89175da0-b455-4c51-905f-726d32f53c55'),
 ('244', '27', '149', NULL, '242', '1', '2015-12-17 19:31:53', '2015-12-17 19:31:53', 'fbefc2b5-4855-495d-8f4c-59ce5c4acd8c'),
 ('245', '26', '149', NULL, '5', '1', '2015-12-17 19:31:53', '2015-12-17 19:31:53', '6ad7c3e3-03df-423e-b77a-62744d6e895a'),
 ('254', '37', '2', NULL, '260', '1', '2015-12-17 19:34:26', '2015-12-17 19:34:26', '69cc968d-21c4-4299-b7ea-f4b7c7512388'),
 ('255', '111', '2', NULL, '259', '1', '2015-12-17 19:34:26', '2015-12-17 19:34:26', 'dcc4413d-9322-4b80-863a-c5a42abdceed'),
 ('257', '37', '148', NULL, '260', '1', '2015-12-17 19:35:17', '2015-12-17 19:35:17', 'd125accd-b6e8-41c7-ad85-528b28255bc7'),
 ('258', '37', '108', NULL, '260', '1', '2015-12-17 19:35:36', '2015-12-17 19:35:36', '795f8785-c24d-4e2a-a4ca-469e82df5b69'),
 ('260', '111', '202', NULL, '259', '1', '2015-12-17 19:42:19', '2015-12-17 19:42:19', 'c7f88157-b160-4e12-9156-2213cbfbda97'),
 ('261', '111', '202', NULL, '308', '2', '2015-12-17 19:42:19', '2015-12-17 19:42:19', 'a83a38ef-e52e-4bf5-a2c3-ef45de82a117'),
 ('262', '111', '202', NULL, '309', '3', '2015-12-17 19:42:19', '2015-12-17 19:42:19', '42e2a7ed-a804-43bd-8a2a-f304c17854a8'),
 ('263', '111', '202', NULL, '310', '4', '2015-12-17 19:42:19', '2015-12-17 19:42:19', 'c0b6de7d-3189-4f54-84ce-1b175434cdb0'),
 ('264', '37', '109', NULL, '260', '1', '2015-12-17 19:53:40', '2015-12-17 19:53:40', '6533044f-9460-4475-9b56-6015436503b7'),
 ('265', '98', '183', NULL, '252', '1', '2015-12-17 19:53:40', '2015-12-17 19:53:40', 'b68e9ca2-3ece-49fc-a6f8-0a21c0ae9406'),
 ('266', '99', '183', NULL, '253', '1', '2015-12-17 19:53:40', '2015-12-17 19:53:40', '3070a555-3069-4481-b2cf-70465033ea82'),
 ('267', '100', '183', NULL, '248', '1', '2015-12-17 19:53:40', '2015-12-17 19:53:40', '1d9aa558-8782-4cea-9c23-aae192467406'),
 ('268', '101', '183', NULL, '257', '1', '2015-12-17 19:53:40', '2015-12-17 19:53:40', '6375d1ef-b596-4531-860b-1b0a8099958e'),
 ('269', '102', '183', NULL, '245', '1', '2015-12-17 19:53:40', '2015-12-17 19:53:40', '53f9f319-f751-4cfa-a0ce-b52b391ce2d2'),
 ('270', '98', '184', NULL, '249', '1', '2015-12-17 19:53:40', '2015-12-17 19:53:40', '18b466fe-5289-4387-9d2c-ef7e70397cff'),
 ('271', '99', '184', NULL, '254', '1', '2015-12-17 19:53:40', '2015-12-17 19:53:40', '568c7b16-5e45-4bcf-b238-9e709a9383dd'),
 ('272', '100', '184', NULL, '256', '1', '2015-12-17 19:53:40', '2015-12-17 19:53:40', '09d0d74c-b5ce-402e-b342-0bc97b7c5729'),
 ('273', '101', '184', NULL, '246', '1', '2015-12-17 19:53:40', '2015-12-17 19:53:40', '88c2b1c2-ac53-4d3d-b3e1-2afa385b8645'),
 ('274', '102', '184', NULL, '244', '1', '2015-12-17 19:53:40', '2015-12-17 19:53:40', '780faba4-fa8e-447a-9b5e-19900e8c2f94'),
 ('275', '98', '185', NULL, '247', '1', '2015-12-17 19:53:40', '2015-12-17 19:53:40', 'e799851b-95ca-4eda-aec4-8711aac74c25'),
 ('276', '99', '185', NULL, '250', '1', '2015-12-17 19:53:40', '2015-12-17 19:53:40', 'cef6dc52-375e-4c41-8fb1-d4778837bcae'),
 ('277', '100', '185', NULL, '251', '1', '2015-12-17 19:53:40', '2015-12-17 19:53:40', 'df30b53f-52a7-48fb-881a-0d9ae3e97ca3'),
 ('278', '101', '185', NULL, '255', '1', '2015-12-17 19:53:40', '2015-12-17 19:53:40', '05512124-4396-48ee-ac32-2faaf21f85b5'),
 ('279', '102', '185', NULL, '258', '1', '2015-12-17 19:53:40', '2015-12-17 19:53:40', 'ab779104-cbe5-4aa0-99c4-54ae7baaa540'),
 ('284', '27', '315', NULL, '289', '1', '2015-12-29 15:37:37', '2015-12-29 15:37:37', '59d38d21-9841-4980-94fb-3fb101de833e'),
 ('285', '26', '315', NULL, '6', '1', '2015-12-29 15:37:37', '2015-12-29 15:37:37', '7bfce1c0-e45d-400b-bdb1-0d3384e1f1ff'),
 ('294', '27', '320', NULL, '294', '1', '2015-12-29 15:54:33', '2015-12-29 15:54:33', 'dcdc6167-e9f0-4c74-9dd0-da90cc5532a5'),
 ('295', '26', '320', NULL, '6', '1', '2015-12-29 15:54:33', '2015-12-29 15:54:33', '0e3200dc-4ddd-41b8-9060-9dd3127d4e31'),
 ('298', '27', '322', NULL, '295', '1', '2015-12-29 16:05:57', '2015-12-29 16:05:57', 'a9bf24bd-2de5-424b-898a-58b2839e6096'),
 ('299', '26', '322', NULL, '6', '1', '2015-12-29 16:05:57', '2015-12-29 16:05:57', '146439e8-21f8-4ea4-ab4b-af18fa96acc5'),
 ('300', '27', '323', NULL, '297', '1', '2015-12-29 16:08:20', '2015-12-29 16:08:20', '1d1ac952-9769-4743-8196-9dbc460dc5f7'),
 ('301', '26', '323', NULL, '6', '1', '2015-12-29 16:08:20', '2015-12-29 16:08:20', 'b1b29366-d562-4599-be0e-705d234cfd47'),
 ('302', '27', '324', NULL, '301', '1', '2015-12-29 16:12:09', '2015-12-29 16:12:09', '6e2b1a7d-9382-4bd1-942c-edd8d55f7ef2'),
 ('303', '26', '324', NULL, '6', '1', '2015-12-29 16:12:09', '2015-12-29 16:12:09', 'cdb226e7-8e5d-4608-b354-45f00b779776'),
 ('304', '27', '325', NULL, '303', '1', '2015-12-29 16:15:15', '2015-12-29 16:15:15', 'e9a5a10b-7e5c-4545-a003-07dadb50083d'),
 ('305', '26', '325', NULL, '6', '1', '2015-12-29 16:15:15', '2015-12-29 16:15:15', 'b19802f0-739b-450b-b136-4f72b118fce5'),
 ('307', '27', '327', NULL, '306', '1', '2015-12-29 16:20:50', '2015-12-29 16:20:50', '6f098480-b1e2-45f2-8ded-6b22671673aa'),
 ('308', '26', '327', NULL, '6', '1', '2015-12-29 16:20:50', '2015-12-29 16:20:50', 'c57eb34b-30d5-4ac5-8ca5-11c798895226'),
 ('311', '27', '213', NULL, '299', '1', '2015-12-29 16:24:03', '2015-12-29 16:24:03', '3aec9b08-9c43-4f65-9ef3-9fa43007c8d1'),
 ('312', '26', '213', NULL, '6', '1', '2015-12-29 16:24:03', '2015-12-29 16:24:03', '4a3bfff7-a99e-425f-9b65-222fce2d5a7f'),
 ('313', '27', '234', NULL, '296', '1', '2015-12-29 16:26:08', '2015-12-29 16:26:08', '77d2b621-e0fc-4884-b789-4f5845757c69'),
 ('314', '26', '234', NULL, '6', '1', '2015-12-29 16:26:08', '2015-12-29 16:26:08', '995e5f18-c1e6-4ef1-86d7-816fafb582e3'),
 ('315', '27', '326', NULL, '305', '1', '2015-12-29 16:26:48', '2015-12-29 16:26:48', '0225935f-d029-477d-bec2-ab1efe763a7c'),
 ('316', '26', '326', NULL, '6', '1', '2015-12-29 16:26:48', '2015-12-29 16:26:48', '0f9e8e32-fae9-4a86-b24f-f8b8c83e7b77'),
 ('317', '27', '147', NULL, '307', '1', '2015-12-29 16:28:14', '2015-12-29 16:28:14', 'b9918d50-ca31-4b12-8782-2cd11e601abd'),
 ('318', '26', '147', NULL, '6', '1', '2015-12-29 16:28:14', '2015-12-29 16:28:14', '648e11c6-2be5-430c-a24c-44caa05b0bd6'),
 ('319', '27', '236', NULL, '302', '1', '2015-12-29 16:28:56', '2015-12-29 16:28:56', '3834ad03-286d-49dc-a52e-6fcd57e76055'),
 ('320', '26', '236', NULL, '6', '1', '2015-12-29 16:28:56', '2015-12-29 16:28:56', '5ad0f0be-5165-477b-8a7f-a94df39a765a'),
 ('343', '92', '73', NULL, '332', '1', '2015-12-29 16:57:57', '2015-12-29 16:57:57', 'fcb16215-ab8c-429c-88ae-e106bb6a9130'),
 ('344', '60', '73', NULL, '324', '1', '2015-12-29 16:57:57', '2015-12-29 16:57:57', '3bb8719b-ead8-458e-b5ad-30ba747ca5e4'),
 ('345', '49', '73', NULL, '123', '1', '2015-12-29 16:57:57', '2015-12-29 16:57:57', 'f1408d91-af2b-4c1c-8578-5b5afa818876'),
 ('352', '92', '206', NULL, '333', '1', '2015-12-29 17:10:21', '2015-12-29 17:10:21', 'ae00ce07-9569-4961-ae08-c8b0761c4969'),
 ('353', '60', '206', NULL, '326', '1', '2015-12-29 17:10:21', '2015-12-29 17:10:21', '2acb0f0f-988e-434d-ace5-478639d89a40'),
 ('354', '60', '206', NULL, '320', '2', '2015-12-29 17:10:21', '2015-12-29 17:10:21', '88f4ad80-4957-411a-a3e3-469c83e81b61'),
 ('355', '49', '206', NULL, '123', '1', '2015-12-29 17:10:21', '2015-12-29 17:10:21', 'b09fa07e-4626-4733-a449-c78565b0460f'),
 ('358', '92', '131', NULL, '329', '1', '2015-12-29 19:08:50', '2015-12-29 19:08:50', '23aed2a1-4f99-4453-816b-0ae1d1677686'),
 ('359', '60', '131', NULL, '213', '1', '2015-12-29 19:08:50', '2015-12-29 19:08:50', '8f7bea2a-5cc8-4acf-a3f4-cad4617a94e0'),
 ('360', '49', '131', NULL, '123', '1', '2015-12-29 19:08:50', '2015-12-29 19:08:50', 'b66a3641-fb7e-4578-a66e-5a4f5bccc1d6'),
 ('361', '92', '132', NULL, '328', '1', '2015-12-29 19:09:07', '2015-12-29 19:09:07', 'e8ceb8e2-c2d3-4aa9-9f01-615396921d0a'),
 ('362', '60', '132', NULL, '146', '1', '2015-12-29 19:09:07', '2015-12-29 19:09:07', '7f7c6e80-dfd7-4067-8855-b64dd3019591'),
 ('363', '49', '132', NULL, '123', '1', '2015-12-29 19:09:07', '2015-12-29 19:09:07', '29d43a47-e7d3-4a25-bd19-94f739f88fc7'),
 ('364', '92', '337', NULL, '336', '1', '2015-12-29 19:12:23', '2015-12-29 19:12:23', '6af3a2ba-3f1d-4b48-90f5-54233955745b'),
 ('365', '60', '337', NULL, '67', '1', '2015-12-29 19:12:23', '2015-12-29 19:12:23', '2ab01bc2-f8a4-4d1d-b839-1bbb8564224d'),
 ('366', '49', '337', NULL, '123', '1', '2015-12-29 19:12:23', '2015-12-29 19:12:23', 'ea8a2a24-89f2-4656-967b-b47b8eedef28'),
 ('367', '92', '339', NULL, '338', '1', '2015-12-29 19:15:59', '2015-12-29 19:15:59', '5094e652-d6c8-4282-aafa-151760cd645a'),
 ('368', '60', '339', NULL, '317', '1', '2015-12-29 19:15:59', '2015-12-29 19:15:59', '8495fd6b-75ee-45fc-b60e-98d43c6f6590'),
 ('369', '49', '339', NULL, '123', '1', '2015-12-29 19:15:59', '2015-12-29 19:15:59', '09bdfdb1-5667-4014-b5e9-bd11a33527ff'),
 ('370', '92', '341', NULL, '340', '1', '2015-12-29 19:18:59', '2015-12-29 19:18:59', 'fbd5175f-a8c3-468f-b8b1-a36b2f79d7fb'),
 ('371', '60', '341', NULL, '325', '1', '2015-12-29 19:18:59', '2015-12-29 19:18:59', 'e150521b-5291-4b43-a5d4-ccbc3d65f846'),
 ('372', '49', '341', NULL, '123', '1', '2015-12-29 19:18:59', '2015-12-29 19:18:59', '18a673d2-6f41-44b4-ad43-47f201ad071a'),
 ('373', '92', '344', NULL, '342', '1', '2015-12-29 19:21:59', '2015-12-29 19:21:59', '14ee4edd-d6f0-47dc-a138-8f8a14802a90'),
 ('374', '60', '344', NULL, '322', '1', '2015-12-29 19:21:59', '2015-12-29 19:21:59', 'b9ae6a3a-70ad-4490-a8bc-fc2e381b29e1'),
 ('375', '49', '344', NULL, '123', '1', '2015-12-29 19:21:59', '2015-12-29 19:21:59', '6c27bf0a-9406-49c7-bcec-5eac8af9659c'),
 ('376', '92', '346', NULL, '345', '1', '2015-12-29 19:23:53', '2015-12-29 19:23:53', '53a8d21d-7dc9-4e19-a419-8321a0d89642'),
 ('377', '60', '346', NULL, '236', '1', '2015-12-29 19:23:53', '2015-12-29 19:23:53', '120dded3-320a-4bc4-97b5-dbd34483eb1d'),
 ('378', '49', '346', NULL, '123', '1', '2015-12-29 19:23:53', '2015-12-29 19:23:53', '77833a70-11f8-49f4-ab90-6f9650cb5652'),
 ('381', '92', '350', NULL, '349', '1', '2015-12-29 19:28:30', '2015-12-29 19:28:30', '779c4eaf-cf1b-4b30-8458-6a1d72eb12e0'),
 ('382', '60', '350', NULL, '234', '1', '2015-12-29 19:28:30', '2015-12-29 19:28:30', '9a5867ff-dad0-43fc-a8a7-f13e0c13f273'),
 ('383', '49', '350', NULL, '123', '1', '2015-12-29 19:28:30', '2015-12-29 19:28:30', '30d20a28-52a8-4a92-a5e5-072ad8ffd74f'),
 ('423', '116', '90', NULL, '240', '1', '2016-01-04 02:23:11', '2016-01-04 02:23:11', '38ab4889-4a91-48d6-9022-22417e5dc82c'),
 ('436', '60', '375', NULL, '120', '1', '2016-01-04 03:21:25', '2016-01-04 03:21:25', '80a5f1b0-7397-45ce-b8d7-e0b971f455f9'),
 ('437', '92', '375', NULL, '374', '1', '2016-01-04 03:21:25', '2016-01-04 03:21:25', 'f072fa96-4583-4cff-8881-8e474b253a06'),
 ('438', '27', '378', NULL, '377', '1', '2016-01-05 18:21:55', '2016-01-05 18:21:55', '50f277c7-124d-43da-b8f6-acc7a8e6c502'),
 ('439', '26', '378', NULL, '7', '1', '2016-01-05 18:21:55', '2016-01-05 18:21:55', 'd855f544-c54f-48dc-9afb-bb16d90a1ca7'),
 ('440', '27', '380', NULL, '379', '1', '2016-01-05 18:30:52', '2016-01-05 18:30:52', '40564618-9900-4d9d-a2e4-2ad5cf97a286'),
 ('441', '26', '380', NULL, '7', '1', '2016-01-05 18:30:52', '2016-01-05 18:30:52', 'ed64c00c-7799-4446-9f6d-b52808f1a364'),
 ('442', '26', '381', NULL, '7', '1', '2016-01-05 18:33:08', '2016-01-05 18:33:08', '2a20f7ef-ba4f-48a2-9c53-f2838695ae7c'),
 ('443', '26', '382', NULL, '7', '1', '2016-01-05 18:37:34', '2016-01-05 18:37:34', '8ed21a68-261d-410f-ab85-31fd2c4527c5'),
 ('444', '27', '384', NULL, '383', '1', '2016-01-05 18:50:47', '2016-01-05 18:50:47', '7e66811e-eda5-4d79-ac69-f5ecd445c850'),
 ('445', '26', '384', NULL, '8', '1', '2016-01-05 18:50:47', '2016-01-05 18:50:47', '8dca7b80-6ed5-4b9a-a186-39a84c566b4c'),
 ('446', '27', '385', NULL, '386', '1', '2016-01-05 18:56:59', '2016-01-05 18:56:59', 'e1802578-aceb-44ac-8805-9374e6c3674e'),
 ('447', '26', '385', NULL, '8', '1', '2016-01-05 18:56:59', '2016-01-05 18:56:59', 'e69d6b21-0a18-4450-b4d2-29dcff5380ca'),
 ('448', '27', '388', NULL, '387', '1', '2016-01-05 18:59:13', '2016-01-05 18:59:13', '74bc5ae1-ea0a-4b0e-a578-e2433eee4923'),
 ('449', '26', '388', NULL, '8', '1', '2016-01-05 18:59:13', '2016-01-05 18:59:13', '9359b259-b035-4e73-96ac-9b6995abe365');
INSERT INTO `craft_relations` (`id`, `fieldId`, `sourceId`, `sourceLocale`, `targetId`, `sortOrder`, `dateCreated`, `dateUpdated`, `uid`) VALUES
 ('450', '27', '390', NULL, '389', '1', '2016-01-05 19:09:07', '2016-01-05 19:09:07', '5c7ea86f-b56f-46fd-a3a3-5581fa913058'),
 ('451', '26', '390', NULL, '8', '1', '2016-01-05 19:09:07', '2016-01-05 19:09:07', '9e82db5e-370a-4408-acf0-cde5b4b957f4'),
 ('452', '27', '392', NULL, '391', '1', '2016-01-05 19:11:16', '2016-01-05 19:11:16', 'e868bc91-12cb-4a64-bedf-f2ffc9f1e683'),
 ('453', '26', '392', NULL, '8', '1', '2016-01-05 19:11:16', '2016-01-05 19:11:16', '37d7f128-1b0a-42d8-9974-a67755659860'),
 ('454', '27', '394', NULL, '393', '1', '2016-01-05 19:15:35', '2016-01-05 19:15:35', '4fd1b6e7-3043-48cb-906d-b3360b7fcbee'),
 ('455', '26', '394', NULL, '8', '1', '2016-01-05 19:15:35', '2016-01-05 19:15:35', 'c56a9965-4461-4e6c-9a14-b78061ec205e'),
 ('456', '26', '319', NULL, '6', '1', '2016-01-05 19:34:48', '2016-01-05 19:34:48', '10da2b5a-43a8-4960-be8f-468ecc008472'),
 ('528', '26', '424', NULL, '6', '1', '2016-01-08 17:33:08', '2016-01-08 17:33:08', '3808edf6-9083-4f3b-bbc2-fdf882c41c2a'),
 ('529', '27', '423', NULL, '288', '1', '2016-01-08 17:33:20', '2016-01-08 17:33:20', 'b42f9747-f603-49ef-a048-d7fbf5de22da'),
 ('530', '26', '423', NULL, '6', '1', '2016-01-08 17:33:20', '2016-01-08 17:33:20', '8c29faef-47b6-4856-8293-edf81fa5e275'),
 ('531', '26', '425', NULL, '6', '1', '2016-01-08 17:39:43', '2016-01-08 17:39:43', '6635820a-cf91-49b7-9daf-32116aa5cc8b'),
 ('532', '27', '317', NULL, '290', '1', '2016-01-08 17:40:58', '2016-01-08 17:40:58', 'de541041-b82c-477d-bace-b8d1d5fa5ba7'),
 ('533', '26', '317', NULL, '6', '1', '2016-01-08 17:40:58', '2016-01-08 17:40:58', '297d1c01-0c4c-4fd4-87c0-d0139aff5e5d'),
 ('536', '27', '318', NULL, '292', '1', '2016-01-08 17:41:17', '2016-01-08 17:41:17', '9b321c03-01bc-47da-87a1-cadc40530cea'),
 ('537', '26', '318', NULL, '6', '1', '2016-01-08 17:41:17', '2016-01-08 17:41:17', '433db6cf-ae68-4881-8a09-9948034bc1fe'),
 ('538', '26', '426', NULL, '6', '1', '2016-01-08 17:42:21', '2016-01-08 17:42:21', '79bb6483-6326-40a4-9507-8f1331b52e26'),
 ('539', '26', '427', NULL, '6', '1', '2016-01-08 17:46:37', '2016-01-08 17:46:37', '99c7d689-8950-448b-902d-8f2fa9423c93'),
 ('540', '46', '314', NULL, '311', '1', '2016-01-12 17:15:28', '2016-01-12 17:15:28', '6476b5e2-db55-4d48-8c34-92ec82914841'),
 ('541', '61', '314', NULL, '120', '1', '2016-01-12 17:15:28', '2016-01-12 17:15:28', 'df2be412-66b1-4605-a65b-c20d8ee225ee'),
 ('542', '61', '314', NULL, '315', '2', '2016-01-12 17:15:28', '2016-01-12 17:15:28', '43ffd2e8-92f2-464f-a1c3-3747e9ad7542'),
 ('543', '61', '314', NULL, '316', '3', '2016-01-12 17:15:28', '2016-01-12 17:15:28', 'cc7a7c38-c4ff-484d-8576-5706a1d867df'),
 ('544', '61', '314', NULL, '320', '4', '2016-01-12 17:15:28', '2016-01-12 17:15:28', '6af856ae-5722-41eb-9fc5-c45941bba1e9'),
 ('545', '61', '314', NULL, '236', '5', '2016-01-12 17:15:28', '2016-01-12 17:15:28', '183049ee-cf23-4953-9066-7f01ab2b2ba4'),
 ('546', '117', '314', NULL, '395', '1', '2016-01-12 17:15:28', '2016-01-12 17:15:28', 'db738fd5-7aa3-4405-baaa-0316ccc5dfcf'),
 ('547', '88', '314', NULL, '175', '1', '2016-01-12 17:15:28', '2016-01-12 17:15:28', '3cc24614-ef5f-4448-8ba7-d1988447ea23'),
 ('548', '46', '363', NULL, '360', '1', '2016-01-12 17:16:33', '2016-01-12 17:16:33', 'a2cfbb59-4985-4be6-a19c-dc9bfd941b8a'),
 ('549', '61', '363', NULL, '320', '1', '2016-01-12 17:16:33', '2016-01-12 17:16:33', '09b950e2-eacc-4459-8181-49a2335177ad'),
 ('550', '61', '363', NULL, '213', '2', '2016-01-12 17:16:33', '2016-01-12 17:16:33', '48408633-6ef5-41ff-90bc-183d32c67841'),
 ('551', '117', '363', NULL, '402', '1', '2016-01-12 17:16:33', '2016-01-12 17:16:33', '0a958f1d-14f8-4ecf-b414-9e1dcba1eb3f'),
 ('552', '48', '363', NULL, '358', '1', '2016-01-12 17:16:33', '2016-01-12 17:16:33', 'b4531657-f829-405e-86e1-19663bc70cc8'),
 ('553', '48', '363', NULL, '359', '2', '2016-01-12 17:16:33', '2016-01-12 17:16:33', 'd3ff6be5-08d0-48fe-82a1-ca4bea986587'),
 ('554', '48', '363', NULL, '360', '3', '2016-01-12 17:16:33', '2016-01-12 17:16:33', '1dc0e96f-74a5-4044-9352-3a9cf5a06423'),
 ('555', '48', '363', NULL, '361', '4', '2016-01-12 17:16:33', '2016-01-12 17:16:33', '658f8769-1e28-4e2d-9f5c-0ce15f6d05eb'),
 ('556', '48', '363', NULL, '362', '5', '2016-01-12 17:16:33', '2016-01-12 17:16:33', '69a5a901-c115-44ae-a9a0-b3f1791ddc2f'),
 ('557', '88', '363', NULL, '177', '1', '2016-01-12 17:16:33', '2016-01-12 17:16:33', '1df565aa-3946-4b23-9e83-0b23e5cd38bf'),
 ('558', '88', '363', NULL, '181', '2', '2016-01-12 17:16:33', '2016-01-12 17:16:33', 'c400c535-f544-4051-9b55-5b9d7d073e58'),
 ('559', '88', '363', NULL, '179', '3', '2016-01-12 17:16:33', '2016-01-12 17:16:33', '46861b9f-32d6-460a-90c6-45c2a3ce0523'),
 ('568', '46', '368', NULL, '366', '1', '2016-01-12 17:19:17', '2016-01-12 17:19:17', '2be59ccb-582e-4503-86f8-019af853f527'),
 ('569', '61', '368', NULL, '234', '1', '2016-01-12 17:19:17', '2016-01-12 17:19:17', 'e22a26ba-21c4-421f-b4e0-4f3621be15c8'),
 ('570', '61', '368', NULL, '236', '2', '2016-01-12 17:19:17', '2016-01-12 17:19:17', '9a4c2da3-fb0c-4996-ad32-c4a3fb21ef91'),
 ('571', '61', '368', NULL, '146', '3', '2016-01-12 17:19:17', '2016-01-12 17:19:17', 'd7fed350-315c-4eb0-962a-5107d9f8ca54'),
 ('572', '117', '368', NULL, '373', '1', '2016-01-12 17:19:17', '2016-01-12 17:19:17', '05afbe57-27d0-493e-9b18-ed41951a81b8'),
 ('573', '48', '368', NULL, '367', '1', '2016-01-12 17:19:17', '2016-01-12 17:19:17', '5c8ba4e2-58b3-4364-a938-8cd3c2c92b64'),
 ('574', '88', '368', NULL, '179', '1', '2016-01-12 17:19:17', '2016-01-12 17:19:17', 'b27ade89-6dd2-4315-a327-39856b3f3964'),
 ('575', '61', '398', NULL, '326', '1', '2016-01-12 17:19:46', '2016-01-12 17:19:46', '2449a143-8949-4f19-9024-2cc6ca772070'),
 ('576', '117', '398', NULL, '397', '1', '2016-01-12 17:19:46', '2016-01-12 17:19:46', '0f1e151d-972b-470c-950c-835d27ddb4c0'),
 ('577', '88', '398', NULL, '180', '1', '2016-01-12 17:19:46', '2016-01-12 17:19:46', '159bc167-f14d-47b7-b87a-1548ccc95127'),
 ('578', '61', '403', NULL, '320', '1', '2016-01-12 17:20:16', '2016-01-12 17:20:16', '7a10d5ce-7078-4557-b7e8-8037cf3f2f7e'),
 ('579', '61', '403', NULL, '326', '2', '2016-01-12 17:20:16', '2016-01-12 17:20:16', '4e825cb3-a9c2-472e-b301-7f4ff8245cbf'),
 ('580', '61', '403', NULL, '146', '3', '2016-01-12 17:20:16', '2016-01-12 17:20:16', '74fadda6-8ef2-44f8-a85a-d3e369dec195'),
 ('581', '117', '403', NULL, '402', '1', '2016-01-12 17:20:16', '2016-01-12 17:20:16', '5b350e2e-8e1b-4f17-8b99-7052dcea3eaf'),
 ('582', '88', '403', NULL, '180', '1', '2016-01-12 17:20:16', '2016-01-12 17:20:16', 'f7c6b171-299a-42d7-852e-93d4e1bc81f2'),
 ('588', '61', '405', NULL, '326', '1', '2016-01-12 17:23:40', '2016-01-12 17:23:40', '079531f4-d965-42ff-819c-a5eb0212fe8d'),
 ('589', '117', '405', NULL, '404', '1', '2016-01-12 17:23:40', '2016-01-12 17:23:40', '9ac3fd4e-f2c1-441e-bcb5-441931e9b557'),
 ('590', '88', '405', NULL, '180', '1', '2016-01-12 17:23:40', '2016-01-12 17:23:40', 'f660a45f-db43-4136-b5ce-b191e2b249ea'),
 ('591', '46', '412', NULL, '406', '1', '2016-01-12 17:24:53', '2016-01-12 17:24:53', 'e1c64222-adfc-4426-b12d-1b43ee68a593'),
 ('592', '117', '412', NULL, '407', '1', '2016-01-12 17:24:53', '2016-01-12 17:24:53', '38301c8e-c5ba-4337-a3ec-00d0ab5c3fc4'),
 ('593', '48', '412', NULL, '408', '1', '2016-01-12 17:24:53', '2016-01-12 17:24:53', 'f9cb171b-26b3-4546-8e2a-4c3b2a57aa5e'),
 ('594', '48', '412', NULL, '409', '2', '2016-01-12 17:24:53', '2016-01-12 17:24:53', '2a5461a7-8f05-4542-b653-8a2a0a3b704f'),
 ('595', '48', '412', NULL, '410', '3', '2016-01-12 17:24:53', '2016-01-12 17:24:53', 'ec7ff4ac-06bf-42b4-9241-f32c2957d525'),
 ('596', '48', '412', NULL, '411', '4', '2016-01-12 17:24:53', '2016-01-12 17:24:53', 'bb992cd4-d926-47dc-9c69-85be20f83e99'),
 ('597', '88', '412', NULL, '177', '1', '2016-01-12 17:24:53', '2016-01-12 17:24:53', '22f34e2a-fe93-4795-a88d-8fca9edbea54'),
 ('598', '88', '412', NULL, '181', '2', '2016-01-12 17:24:53', '2016-01-12 17:24:53', '0b381c4d-90dd-4d5f-b65a-582f723109d1'),
 ('599', '88', '412', NULL, '179', '3', '2016-01-12 17:24:53', '2016-01-12 17:24:53', '111ea03d-93f9-447d-a1fc-70a298ec9bea'),
 ('600', '61', '413', NULL, '146', '1', '2016-01-12 17:26:02', '2016-01-12 17:26:02', '18fa4484-699a-4d34-8131-f19f005fe047'),
 ('601', '61', '413', NULL, '234', '2', '2016-01-12 17:26:02', '2016-01-12 17:26:02', '18621151-51e4-4ae1-87f3-c3f4dab70896'),
 ('602', '61', '413', NULL, '236', '3', '2016-01-12 17:26:02', '2016-01-12 17:26:02', '53ee3117-b317-43a1-8869-e18dcdac9cb5'),
 ('603', '117', '413', NULL, '373', '1', '2016-01-12 17:26:02', '2016-01-12 17:26:02', '32588665-f65f-4bb0-bd9c-8df0f3f8c002'),
 ('604', '88', '413', NULL, '179', '1', '2016-01-12 17:26:02', '2016-01-12 17:26:02', 'dad76abf-a899-4348-a265-4fe38a7be256'),
 ('605', '61', '414', NULL, '146', '1', '2016-01-12 17:27:24', '2016-01-12 17:27:24', '266e0330-c0af-4473-946d-1ae2c756f2d8'),
 ('606', '61', '414', NULL, '213', '2', '2016-01-12 17:27:24', '2016-01-12 17:27:24', '069c2725-3ca3-46d0-a0bc-b9a26a1c4463'),
 ('607', '61', '414', NULL, '325', '3', '2016-01-12 17:27:24', '2016-01-12 17:27:24', '9f69ab99-f2ec-4276-8a9a-75ebd6b087fc'),
 ('608', '61', '414', NULL, '424', '4', '2016-01-12 17:27:24', '2016-01-12 17:27:24', '50ecf06d-a170-462a-8859-5072fb6441d4'),
 ('609', '117', '414', NULL, '428', '1', '2016-01-12 17:27:24', '2016-01-12 17:27:24', 'f5a212bc-a951-490a-9953-58290df5e468'),
 ('610', '88', '414', NULL, '179', '1', '2016-01-12 17:27:24', '2016-01-12 17:27:24', '02a0c6bc-0c7c-4d91-adad-f2d853a267e1'),
 ('621', '61', '417', NULL, '319', '1', '2016-01-12 17:29:32', '2016-01-12 17:29:32', '157a8388-11cb-4a03-bf95-13d4ef3ce51d'),
 ('622', '117', '417', NULL, '430', '1', '2016-01-12 17:29:32', '2016-01-12 17:29:32', '811a475a-fbdb-4540-9da1-f76d885cf654'),
 ('623', '88', '417', NULL, '179', '1', '2016-01-12 17:29:32', '2016-01-12 17:29:32', '9bb25c51-ea16-4ce4-a41a-d86ec74d8db9'),
 ('624', '88', '417', NULL, '175', '2', '2016-01-12 17:29:32', '2016-01-12 17:29:32', 'b60dc7b9-dd54-4749-8841-a7532fa03ff9'),
 ('625', '61', '418', NULL, '146', '1', '2016-01-12 17:30:12', '2016-01-12 17:30:12', 'ad14a4b5-fb98-44e3-88b1-7db6ca7563f4'),
 ('626', '61', '418', NULL, '326', '2', '2016-01-12 17:30:12', '2016-01-12 17:30:12', 'eb6b4ece-4416-42f3-8c8a-3ee083ea11b4'),
 ('627', '117', '418', NULL, '431', '1', '2016-01-12 17:30:12', '2016-01-12 17:30:12', 'fa58e407-3af4-4e00-a1b9-736aaa2892c3'),
 ('628', '88', '418', NULL, '180', '1', '2016-01-12 17:30:12', '2016-01-12 17:30:12', 'cdd6fe1b-2b73-4131-b54a-ed9f73e56b0d'),
 ('632', '61', '422', NULL, '326', '1', '2016-01-12 17:34:11', '2016-01-12 17:34:11', '7c2224cb-39b6-43c1-8f80-bba9069e841d'),
 ('633', '117', '422', NULL, '404', '1', '2016-01-12 17:34:11', '2016-01-12 17:34:11', 'af4f2311-cec3-4c42-a1b6-d948a0d8bb14'),
 ('634', '88', '422', NULL, '180', '1', '2016-01-12 17:34:11', '2016-01-12 17:34:11', '7b247efc-d8af-44d8-9d7e-a33ae5dcf5e5'),
 ('635', '61', '421', NULL, '320', '1', '2016-01-12 17:35:18', '2016-01-12 17:35:18', '85d35f4c-4b3b-4381-b658-bb488bad6bff'),
 ('636', '117', '421', NULL, '432', '1', '2016-01-12 17:35:18', '2016-01-12 17:35:18', 'ba255a1b-cacf-4126-879d-de3e0b1920ba'),
 ('637', '88', '421', NULL, '179', '1', '2016-01-12 17:35:18', '2016-01-12 17:35:18', '18e46e7c-f7b4-42b7-aeb3-f0a0f6da55f9'),
 ('638', '117', '420', NULL, '397', '1', '2016-01-12 17:37:06', '2016-01-12 17:37:06', '601e33c3-db9f-4cd2-becc-9800c62d1737'),
 ('639', '88', '420', NULL, '433', '1', '2016-01-12 17:37:06', '2016-01-12 17:37:06', 'ec820a87-8caa-4cb6-9201-488ae8012417'),
 ('640', '26', '434', NULL, '6', '1', '2016-01-12 17:38:25', '2016-01-12 17:38:25', 'd4219a64-04b7-4c21-9665-068970a3247d'),
 ('641', '26', '435', NULL, '6', '1', '2016-01-12 17:39:57', '2016-01-12 17:39:57', '17b8655f-1471-4432-986e-9cd0d517d790'),
 ('651', '46', '370', NULL, '369', '1', '2016-01-12 17:42:07', '2016-01-12 17:42:07', '91d5ab8b-aa9e-46cf-93db-268930195219'),
 ('652', '61', '370', NULL, '436', '1', '2016-01-12 17:42:07', '2016-01-12 17:42:07', '6dd6157f-8b8b-4418-9d43-e87874a595d4'),
 ('653', '61', '370', NULL, '323', '2', '2016-01-12 17:42:07', '2016-01-12 17:42:07', '3208aebf-81f1-470a-8795-0c3e003a0067'),
 ('654', '61', '370', NULL, '120', '3', '2016-01-12 17:42:07', '2016-01-12 17:42:07', 'b9a820d4-8fcc-4c9a-a2c7-41332558a7d7'),
 ('655', '61', '370', NULL, '149', '4', '2016-01-12 17:42:07', '2016-01-12 17:42:07', '8a1ae0cc-6f87-42ce-8a73-4adf151ab908'),
 ('656', '61', '370', NULL, '423', '5', '2016-01-12 17:42:07', '2016-01-12 17:42:07', 'fc675846-5835-446a-ae41-6540059b94cd'),
 ('657', '117', '370', NULL, '372', '1', '2016-01-12 17:42:07', '2016-01-12 17:42:07', 'a8fb0758-8bf4-4280-a1ef-2ddddf2dcb86');
INSERT INTO `craft_relations` (`id`, `fieldId`, `sourceId`, `sourceLocale`, `targetId`, `sortOrder`, `dateCreated`, `dateUpdated`, `uid`) VALUES
 ('658', '88', '370', NULL, '177', '1', '2016-01-12 17:42:07', '2016-01-12 17:42:07', '4a3445ec-288a-417b-806a-0516956f72df'),
 ('659', '88', '370', NULL, '175', '2', '2016-01-12 17:42:07', '2016-01-12 17:42:07', '5bd2a282-cbf8-4968-b96e-e166f6de2a8c'),
 ('660', '46', '357', NULL, '356', '1', '2016-01-12 17:44:10', '2016-01-12 17:44:10', '007ff27f-d9a4-4d86-ab0c-55676fd174b1'),
 ('661', '61', '357', NULL, '120', '1', '2016-01-12 17:44:10', '2016-01-12 17:44:10', 'e98ca244-08e8-4a94-bea7-9208e810519d'),
 ('662', '61', '357', NULL, '316', '2', '2016-01-12 17:44:10', '2016-01-12 17:44:10', '40837374-9ab6-4b33-913b-b40e7ab49187'),
 ('663', '61', '357', NULL, '323', '3', '2016-01-12 17:44:10', '2016-01-12 17:44:10', '501cfd5c-8bbd-4002-8f91-a729f430e67f'),
 ('664', '61', '357', NULL, '67', '4', '2016-01-12 17:44:10', '2016-01-12 17:44:10', '86ef5f2d-1177-45f9-9202-8a97e9ceff69'),
 ('665', '61', '357', NULL, '423', '5', '2016-01-12 17:44:10', '2016-01-12 17:44:10', '355827b3-120c-43a6-86a1-1a38e59c19da'),
 ('666', '117', '357', NULL, '396', '1', '2016-01-12 17:44:10', '2016-01-12 17:44:10', '25c4f847-7909-43d1-8b11-98c2224b20fc'),
 ('667', '88', '357', NULL, '175', '1', '2016-01-12 17:44:10', '2016-01-12 17:44:10', '3d331969-1c01-43b5-a80a-8c6e71ec1ac1'),
 ('668', '46', '353', NULL, '351', '1', '2016-01-12 17:46:00', '2016-01-12 17:46:00', 'f12b570d-09cc-4109-9828-57b1c35547ee'),
 ('669', '46', '353', NULL, '352', '2', '2016-01-12 17:46:00', '2016-01-12 17:46:00', '03d848e2-cd1c-48d2-bc81-53e41c448ba3'),
 ('670', '61', '353', NULL, '320', '1', '2016-01-12 17:46:00', '2016-01-12 17:46:00', 'dbff551a-1fbe-406b-91b4-b217ba38d824'),
 ('671', '61', '353', NULL, '316', '2', '2016-01-12 17:46:00', '2016-01-12 17:46:00', '52650038-c8b7-4299-a295-3c92f35569f3'),
 ('672', '61', '353', NULL, '120', '3', '2016-01-12 17:46:00', '2016-01-12 17:46:00', 'de2d20c7-f0e4-416a-9350-c40e8b99c638'),
 ('673', '61', '353', NULL, '119', '4', '2016-01-12 17:46:00', '2016-01-12 17:46:00', 'd8aa30fe-9da6-46b1-966b-63a428aba19b'),
 ('674', '61', '353', NULL, '146', '5', '2016-01-12 17:46:00', '2016-01-12 17:46:00', '8b296a9a-b9e0-4709-b60a-94bc98bd0ca3'),
 ('675', '117', '353', NULL, '399', '1', '2016-01-12 17:46:00', '2016-01-12 17:46:00', 'f31b8fb8-bb17-4849-b4f4-f3ca2cf4265d'),
 ('676', '88', '353', NULL, '177', '1', '2016-01-12 17:46:00', '2016-01-12 17:46:00', 'd6d30fa5-4335-4ca7-8138-58b9ff10ba0d'),
 ('677', '88', '353', NULL, '178', '2', '2016-01-12 17:46:00', '2016-01-12 17:46:00', 'fa201073-66cf-4dad-bf2d-69e43403bb78'),
 ('678', '88', '353', NULL, '175', '3', '2016-01-12 17:46:00', '2016-01-12 17:46:00', 'd5654812-253b-4e8d-aec8-2da78d51de47'),
 ('679', '27', '67', NULL, '300', '1', '2016-01-12 19:49:23', '2016-01-12 19:49:23', '4eb86985-e7b6-40c6-b01d-771249e13471'),
 ('680', '26', '67', NULL, '6', '1', '2016-01-12 19:49:23', '2016-01-12 19:49:23', 'ef906713-2abb-464b-9f1a-28cd40571253'),
 ('687', '61', '415', NULL, '146', '1', '2016-01-12 20:01:37', '2016-01-12 20:01:37', '4e0a3f0d-bdeb-449f-9a93-ba521e940879'),
 ('688', '61', '415', NULL, '320', '2', '2016-01-12 20:01:37', '2016-01-12 20:01:37', 'b26011d5-142a-4f18-9fb3-b83474fa67ab'),
 ('689', '61', '415', NULL, '236', '3', '2016-01-12 20:01:37', '2016-01-12 20:01:37', '2ea2863b-2141-4490-bce1-135b3e13fb50'),
 ('690', '117', '415', NULL, '429', '1', '2016-01-12 20:01:37', '2016-01-12 20:01:37', 'b6314c36-d587-468e-a185-26f03ddc1942'),
 ('691', '88', '415', NULL, '178', '1', '2016-01-12 20:01:37', '2016-01-12 20:01:37', 'cc80f62b-978d-45c5-bbbd-afffb71f5644'),
 ('692', '88', '415', NULL, '179', '2', '2016-01-12 20:01:37', '2016-01-12 20:01:37', 'e0dfe618-8fcd-469e-a780-8e7475ed7c9e'),
 ('693', '61', '416', NULL, '322', '1', '2016-01-12 20:02:33', '2016-01-12 20:02:33', 'f0a9bbb6-874d-4070-84e7-e0048f2004a7'),
 ('694', '117', '416', NULL, '395', '1', '2016-01-12 20:02:33', '2016-01-12 20:02:33', '17c4ee70-a5d2-409f-8f67-345bce8bd495'),
 ('695', '88', '416', NULL, '177', '1', '2016-01-12 20:02:33', '2016-01-12 20:02:33', 'f2cb20c9-16f8-407e-b716-bf0ffc6b7a0a'),
 ('696', '88', '416', NULL, '179', '2', '2016-01-12 20:02:33', '2016-01-12 20:02:33', 'df9e5df5-4b03-4fd0-9b5a-c0f8b6c68d18'),
 ('697', '61', '419', NULL, '234', '1', '2016-01-12 20:03:30', '2016-01-12 20:03:30', 'd6ade46b-9d98-4e62-a2c6-d745274dfff8'),
 ('698', '117', '419', NULL, '373', '1', '2016-01-12 20:03:30', '2016-01-12 20:03:30', 'd5e2b07c-7b0e-4703-a278-9bbc9987661f'),
 ('699', '88', '419', NULL, '177', '1', '2016-01-12 20:03:30', '2016-01-12 20:03:30', '07de9746-ac3d-458c-983b-db6908c45141'),
 ('700', '88', '419', NULL, '179', '2', '2016-01-12 20:03:30', '2016-01-12 20:03:30', 'fbf09244-5d43-48e1-9ef6-fef9f5a24e80'),
 ('701', '88', '419', NULL, '175', '3', '2016-01-12 20:03:30', '2016-01-12 20:03:30', '70e922af-ef7b-46f9-ac10-114297546ca0'),
 ('702', '46', '365', NULL, '364', '1', '2016-01-12 20:04:01', '2016-01-12 20:04:01', '9136f628-eebf-42a9-a9f9-3056c84044d6'),
 ('703', '61', '365', NULL, '149', '1', '2016-01-12 20:04:01', '2016-01-12 20:04:01', 'f18c5833-323a-4ee3-b0b6-2b757d7d98b6'),
 ('704', '117', '365', NULL, '373', '1', '2016-01-12 20:04:01', '2016-01-12 20:04:01', '901f641f-3945-4a8b-91f8-473c5ee621c9'),
 ('705', '88', '365', NULL, '177', '1', '2016-01-12 20:04:01', '2016-01-12 20:04:01', '0c06d39b-fcc9-441f-9fcf-1b9e47814c75'),
 ('706', '88', '365', NULL, '178', '2', '2016-01-12 20:04:01', '2016-01-12 20:04:01', '5efdbb1d-ed1b-40c5-956a-527d91f1890c'),
 ('707', '88', '365', NULL, '179', '3', '2016-01-12 20:04:01', '2016-01-12 20:04:01', '6c4bebda-63f7-4775-80a0-0bbe03b72adf'),
 ('708', '46', '355', NULL, '354', '1', '2016-01-12 20:04:33', '2016-01-12 20:04:33', '9e5d34df-c47c-4b8b-939d-0b55d122b670'),
 ('709', '61', '355', NULL, '120', '1', '2016-01-12 20:04:33', '2016-01-12 20:04:33', 'ef49d1b8-aaf5-4eb4-b322-f2ae0f54ff1e'),
 ('710', '61', '355', NULL, '146', '2', '2016-01-12 20:04:33', '2016-01-12 20:04:33', 'f09e07b4-edc1-472d-971d-de8994d29c9b'),
 ('711', '61', '355', NULL, '323', '3', '2016-01-12 20:04:33', '2016-01-12 20:04:33', '6b675eb7-eca9-4621-bcf1-f72d3ddf66d0'),
 ('712', '61', '355', NULL, '423', '4', '2016-01-12 20:04:33', '2016-01-12 20:04:33', '85a79d99-7f75-4f8c-8633-2a9095eb347a'),
 ('713', '61', '355', NULL, '434', '5', '2016-01-12 20:04:33', '2016-01-12 20:04:33', 'e6d1fb5d-5bab-4372-829b-1f0ec982814c'),
 ('714', '61', '355', NULL, '435', '6', '2016-01-12 20:04:33', '2016-01-12 20:04:33', '43dd7981-80ed-4462-b7e5-b4c251fc21e8'),
 ('715', '117', '355', NULL, '400', '1', '2016-01-12 20:04:33', '2016-01-12 20:04:33', '5bac8f14-c09a-4b34-a0d0-aacfc9247a62'),
 ('716', '88', '355', NULL, '177', '1', '2016-01-12 20:04:33', '2016-01-12 20:04:33', '8182e0a5-c9de-41c1-87dc-eb544a06e2d5'),
 ('717', '88', '355', NULL, '179', '2', '2016-01-12 20:04:33', '2016-01-12 20:04:33', '3a41377a-3e5f-4473-a1c9-778a91d95a77'),
 ('718', '88', '355', NULL, '175', '3', '2016-01-12 20:04:33', '2016-01-12 20:04:33', '9c210966-e60d-4f2f-abc9-a9be9e423ed4'),
 ('719', '26', '439', NULL, '6', '1', '2016-01-14 18:17:22', '2016-01-14 18:17:22', '53be87ab-707a-42ca-a7f0-6f8328f88e46'),
 ('720', '92', '80', NULL, '331', '1', '2016-01-14 18:17:46', '2016-01-14 18:17:46', '3c4e3404-35ac-46f7-8e9e-bec618ca7eb9'),
 ('721', '60', '80', NULL, '439', '1', '2016-01-14 18:17:46', '2016-01-14 18:17:46', '7ff70d94-b5f2-48f4-ad5e-cedc14e3de7f'),
 ('722', '49', '80', NULL, '123', '1', '2016-01-14 18:17:46', '2016-01-14 18:17:46', '990a6889-d3c0-4881-ae08-1672f78d2535'),
 ('723', '92', '348', NULL, '347', '1', '2016-01-14 18:21:28', '2016-01-14 18:21:28', '4a571a08-a316-4ab4-a1f3-4b7333a4e130'),
 ('724', '60', '348', NULL, '440', '1', '2016-01-14 18:21:28', '2016-01-14 18:21:28', '8c71be7b-118b-40f9-8689-16eb8b0eafa4'),
 ('725', '49', '348', NULL, '123', '1', '2016-01-14 18:21:28', '2016-01-14 18:21:28', '4b616196-7385-4437-a4f9-994a0bdcf2b6'),
 ('726', '92', '335', NULL, '334', '1', '2016-01-14 18:23:03', '2016-01-14 18:23:03', 'ca0618ac-23a4-4acb-ade0-88ae2f9dcfe6'),
 ('727', '60', '335', NULL, '441', '1', '2016-01-14 18:23:03', '2016-01-14 18:23:03', '82bc6adb-4711-4154-937f-c8d1d5eb8cf9'),
 ('728', '49', '335', NULL, '123', '1', '2016-01-14 18:23:03', '2016-01-14 18:23:03', 'e3e2ecf2-5265-438d-a5b1-a8da22252afa'),
 ('729', '26', '442', NULL, '6', '1', '2016-01-14 18:24:16', '2016-01-14 18:24:16', '44cbfd36-1f2a-4dc4-82ee-cd128db9179a'),
 ('730', '92', '125', NULL, '330', '1', '2016-01-14 18:24:27', '2016-01-14 18:24:27', '7d77f96a-2e92-4fe1-93ea-4c019e05bb2a'),
 ('731', '60', '125', NULL, '442', '1', '2016-01-14 18:24:27', '2016-01-14 18:24:27', '057d4427-d137-4a46-9b55-2f48df8b5435'),
 ('732', '49', '125', NULL, '123', '1', '2016-01-14 18:24:27', '2016-01-14 18:24:27', '0dc3c7d9-f967-489a-b271-10504a66110c'),
 ('733', '27', '146', NULL, '298', '1', '2016-01-14 18:33:51', '2016-01-14 18:33:51', '147d4df7-3fc5-4a96-bf43-3670866cceba'),
 ('734', '26', '146', NULL, '5', '1', '2016-01-14 18:33:51', '2016-01-14 18:33:51', 'ba439e76-4bba-4948-8fd5-ac091f3d3f1c'),
 ('741', '27', '316', NULL, '304', '1', '2016-01-14 19:17:00', '2016-01-14 19:17:00', '84813e65-ac5e-472e-83bb-dc098537d6ba'),
 ('742', '26', '316', NULL, '6', '1', '2016-01-14 19:17:00', '2016-01-14 19:17:00', '48e64891-7192-4f33-97ea-7c57eb983c75'),
 ('743', '28', '89', NULL, '262', '1', '2016-01-15 15:40:35', '2016-01-15 15:40:35', '0f8bff5c-5b86-4be7-945c-8906b2b09a10'),
 ('746', '120', '449', NULL, '448', '1', '2016-01-15 15:54:30', '2016-01-15 15:54:30', '0b5c714c-c80d-4f21-ad80-e38445f0d8a3'),
 ('748', '37', '449', NULL, '448', '1', '2016-01-15 16:11:36', '2016-01-15 16:11:36', '3f7a326e-f5b1-496d-a449-f75d6ddec573');



DROP TABLE IF EXISTS `craft_routes`;


--
-- Schema for table `craft_routes`
--
CREATE TABLE `craft_routes` (
  `id` int(11) NOT NULL AUTO_INCREMENT,
  `locale` char(12) COLLATE utf8_unicode_ci DEFAULT NULL,
  `urlParts` varchar(255) COLLATE utf8_unicode_ci NOT NULL,
  `urlPattern` varchar(255) COLLATE utf8_unicode_ci NOT NULL,
  `template` varchar(255) COLLATE utf8_unicode_ci NOT NULL,
  `sortOrder` tinyint(4) DEFAULT NULL,
  `dateCreated` datetime NOT NULL,
  `dateUpdated` datetime NOT NULL,
  `uid` char(36) COLLATE utf8_unicode_ci NOT NULL DEFAULT '0',
  PRIMARY KEY (`id`),
  UNIQUE KEY `craft_routes_urlPattern_unq_idx` (`urlPattern`),
  KEY `craft_routes_locale_idx` (`locale`)
) ENGINE=InnoDB AUTO_INCREMENT=3 DEFAULT CHARSET=utf8 COLLATE=utf8_unicode_ci;

--
-- Data for table `craft_routes`
--

INSERT INTO `craft_routes` (`id`, `locale`, `urlParts`, `urlPattern`, `template`, `sortOrder`, `dateCreated`, `dateUpdated`, `uid`) VALUES
 ('1', NULL, '[\"blog-post\\/{postDate.year}\\/{slug}\"]', 'blog\\-post\\/\\{postDate\\.year\\}\\/\\{slug\\}', '/blogs/entry.html', '1', '2015-09-22 13:28:09', '2015-09-22 13:51:03', '7b48065d-ddd7-4355-b324-e1b45df8834d'),
 ('2', NULL, '[\"people-profile\\/{slug}\"]', 'people\\-profile\\/\\{slug\\}', '/staffprofiles/entry.html', '2', '2015-09-22 13:34:26', '2015-09-22 13:49:35', '62cf7cfb-a545-405a-ab73-24ede2b172b4');



DROP TABLE IF EXISTS `craft_searchindex`;


--
-- Schema for table `craft_searchindex`
--
CREATE TABLE `craft_searchindex` (
  `elementId` int(11) NOT NULL,
  `attribute` varchar(25) COLLATE utf8_unicode_ci NOT NULL,
  `fieldId` int(11) NOT NULL,
  `locale` char(12) COLLATE utf8_unicode_ci NOT NULL,
  `keywords` text COLLATE utf8_unicode_ci NOT NULL,
  PRIMARY KEY (`elementId`,`attribute`,`fieldId`,`locale`),
  FULLTEXT KEY `craft_searchindex_keywords_idx` (`keywords`)
) ENGINE=MyISAM DEFAULT CHARSET=utf8 COLLATE=utf8_unicode_ci;

--
-- Data for table `craft_searchindex`
--

INSERT INTO `craft_searchindex` (`elementId`, `attribute`, `fieldId`, `locale`, `keywords`) VALUES
 ('1', 'username', '0', 'en_us', ' ideabase '),
 ('1', 'firstname', '0', 'en_us', ' ideabase '),
 ('1', 'lastname', '0', 'en_us', ' admin '),
 ('1', 'fullname', '0', 'en_us', ' ideabase admin '),
 ('1', 'email', '0', 'en_us', ' info ideabasekent com '),
 ('1', 'slug', '0', 'en_us', ''),
 ('2', 'slug', '0', 'en_us', ' homepage '),
 ('2', 'title', '0', 'en_us', ' ideabase kent new website '),
 ('2', 'field', '1', 'en_us', ' it s true this site doesn t have a whole lot of content yet but don t worry our web developers have just installed the cms and they re setting things up for the content editors this very moment soon localhost will be an oasis of fresh perspectives sharp analyses and astute opinions that will keep you coming back again and again '),
 ('3', 'field', '1', 'en_us', ' craft is the cms that s powering localhost it s beautiful powerful flexible and easy to use and it s made by pixel tonic we can t wait to dive in and see what it s capable of this is even more captivating content which you couldn t see on the news index page because it was entered after a page break and the news index template only likes to show the content on the first page craft a nice alternative to word if you re making a website '),
 ('3', 'field', '2', 'en_us', ''),
 ('3', 'slug', '0', 'en_us', ''),
 ('3', 'title', '0', 'en_us', ' we just installed craft '),
 ('119', 'slug', '0', 'en_us', ' kristin dowling '),
 ('5', 'slug', '0', 'en_us', ' leadership '),
 ('5', 'title', '0', 'en_us', ' leadership '),
 ('6', 'slug', '0', 'en_us', ' student '),
 ('6', 'title', '0', 'en_us', ' student '),
 ('7', 'slug', '0', 'en_us', ' professional advisory board '),
 ('7', 'title', '0', 'en_us', ' professional advisory board '),
 ('8', 'slug', '0', 'en_us', ' faculty advisory board '),
 ('8', 'title', '0', 'en_us', ' faculty advisory board '),
 ('130', 'slug', '0', 'en_us', ''),
 ('130', 'field', '54', 'en_us', ' http www instagram com '),
 ('130', 'field', '52', 'en_us', ' instagram '),
 ('129', 'slug', '0', 'en_us', ''),
 ('129', 'field', '54', 'en_us', ' http www twitter com '),
 ('129', 'field', '52', 'en_us', ' twitter '),
 ('127', 'field', '51', 'en_us', ' http www twitter com twitter http www instagram com instagram '),
 ('374', 'filename', '0', 'en_us', ' state library screenshots 1500x786 png '),
 ('374', 'extension', '0', 'en_us', ' png '),
 ('374', 'kind', '0', 'en_us', ' image '),
 ('127', 'slug', '0', 'en_us', ''),
 ('123', 'title', '0', 'en_us', ' blog '),
 ('123', 'slug', '0', 'en_us', ' blog '),
 ('122', 'title', '0', 'en_us', ' case study '),
 ('122', 'slug', '0', 'en_us', ' case study '),
 ('2', 'field', '35', 'en_us', ' research based student powered design solutions '),
 ('131', 'field', '11', 'en_us', ' hi my name is rachel kozy and i am a senior visual communication design major i actually just started working as a designer at ideabase a couple months ago but i will be here for the rest of the year even when i was a freshman in vcd i had always heard about glyphix and ideabase but i never knew if i d get the opportunity to work here when i became a junior though i started noticing all the work ideabase was putting out and it made me really interested in being a part of it before ideabase i had interned at mtv in new york city and go media in cleveland i ve also worked as a designer for kent state university libraries and i m currently working as the art director for brainchild and the president of kent s collegiate chapter of aiga working at ideabase is seriously the best i love working here it has such a great environment and i get to collaborate with the friendliest nicest people do work that i m passionate about and get paid i chose to major in visual communication design because i was really interested in creating things while in high school i ve always loved scrapbooking and working on the computer so graphic design just seemed like the perfect fit and luckily it has been there hasn t been one day that has passed where i ve regretted choosing this as my major and i m looking forward to continuing my career doing something i love the hardest part of my major is probably just making sure not to get burnt out it s easy to be overly ambitious and want to work on everything all the time but that eventually wears you down and you stop looking forward to it it s important to take breaks and find other interests that way you can always look forward to designing rather than it being a chore when i m not busy with work or design you can probably find me playing video games i grew up with a brother who constantly played so i ve developed a habit of it too my favorite genre is jrpgs and my favorite games specifically are persona 4 and the tales series after i graduate i m not entirely sure where i ll end up but i d love to find a position at a design firm or advertising agency i really want to work with a lot of different clients and brands and i think that s my best bet for that kind of work '),
 ('108', 'field', '58', 'en_us', ' learn more about working for ideabase '),
 ('108', 'field', '57', 'en_us', ' we re committed to delivering quality work to our clients that s why our student employees work under the guidance of our professional staff from kent state s college of communication of information and a professional advisory board our student employees interact directly with clients developing proposals managing projects and handling all stages of design production '),
 ('108', 'field', '56', 'en_us', ' committed to quality '),
 ('67', 'field', '6', 'en_us', ' reilly is an outfielder for the kent state university baseball team he enjoys being a techie and loves apple products and their innovations reilly is intrigued by how much technology is becoming a part of everyday society '),
 ('243', 'filename', '0', 'en_us', ' project sample jpg '),
 ('243', 'extension', '0', 'en_us', ' jpg '),
 ('242', 'title', '0', 'en_us', ' profile sample '),
 ('242', 'slug', '0', 'en_us', ' profile sample '),
 ('242', 'extension', '0', 'en_us', ' jpg '),
 ('242', 'kind', '0', 'en_us', ' image '),
 ('67', 'field', '4', 'en_us', ' rhawkins ideabasekent com '),
 ('67', 'field', '7', 'en_us', ' i legally had my name changed in kindergarten it used to be andrew quaid hawkins however there were 4 other andrews in my class so my mom wanted it to be more unique changed to reilly william hawkins '),
 ('67', 'field', '26', 'en_us', ' student '),
 ('67', 'field', '3', 'en_us', ' web programmer '),
 ('67', 'field', '5', 'en_us', ' 440 221 9193 '),
 ('67', 'slug', '0', 'en_us', ' reilly hawkins '),
 ('67', 'title', '0', 'en_us', ' reilly hawkins '),
 ('257', 'slug', '0', 'en_us', ' lightbulb '),
 ('257', 'extension', '0', 'en_us', ' svg '),
 ('257', 'filename', '0', 'en_us', ' lightbulb svg '),
 ('67', 'field', '27', 'en_us', ' reilly hawkins1 350x500 '),
 ('252', 'title', '0', 'en_us', ' idea base svgicons glass 01 '),
 ('252', 'slug', '0', 'en_us', ' idea base svgicons glass 01 '),
 ('252', 'kind', '0', 'en_us', ' image '),
 ('109', 'field', '108', 'en_us', ' more about our ux testing lab '),
 ('73', 'field', '11', 'en_us', ' my name is robin tucker and i am an account manager for ideabase my major is advertising and i have a minor in marketing as an account manger my duties are to keep in touch with clients take notes do invoicing and work at the reception desk i m also allowed the opportunity to do some copywriting and editing i love working as an account manager for ideabase because it s such a great work environment honestly i m not sure what i want to do with my advertising degree at the moment i m interning for cincy event planning my internship with cincy event planning is off to a great start i m excited to plan my first ronald mcdonald house event for them in the spring it s nice to be getting experience in different fields it gives me a lot to think about for the future in time i think i will be able to narrow my career choices down and find the best fit for me beyond working and school i enjoy doing yoga cooking and blogging i have a blog on wordpress where i discuss my idea of how to live a happy healthy life some of my posts discuss mental health yoga and clean eating i love writing and a blog is a great way for me to express myself cooking is also something i have always enjoyed but recently i ve started eating clean so it s been interesting learning how to cook clean clean eating is basically eating as close to nature as possible or as little processed foods as possible clean eating is a great way to get your health back on track i m still a college student though so i enjoy some pizza and cookies in moderation i ve been working for ideabase since august of 2014 i have already seen so much growth in the agency it s amazing what students are capable of with the help of some great managers i think ideabase is fairly unique i don t know how many other colleges have student run creative agencies i like that i m working in an office in downtown kent versus on campus and i know what i m learning now at ideabase will be pertinent for my future career whatever it may be currently i am working on projects for summa and neomed i am the account manager for both of these accounts i will also get to do some copy editing for summa ideabase is creating a diversity report for summa and doing research for a new website for neomed in regards to neomed i recently attended a business needs analysis meeting this was very interesting to sit in on and take notes for i m excited to do more work for both of these clients all in all i ve been learning a lot of valuable information hands on at ideabase i m glad to have been given this unique opportunity it s also great collaborating with students from different majors i know what i m learning at ideabase will carry on into my future career '),
 ('73', 'field', '10', 'en_us', ' title '),
 ('73', 'slug', '0', 'en_us', ' this is a title '),
 ('73', 'title', '0', 'en_us', ' being an account manager at ideabase robin tucker '),
 ('75', 'field', '15', 'en_us', ' test '),
 ('75', 'field', '14', 'en_us', ' 2015 09 08 '),
 ('75', 'field', '13', 'en_us', ''),
 ('75', 'field', '16', 'en_us', ' http www google com '),
 ('75', 'slug', '0', 'en_us', ' this is an award '),
 ('75', 'title', '0', 'en_us', ' this is an award '),
 ('125', 'title', '0', 'en_us', ' breaking free of the page applying traditional design skills to the web ashley kozak '),
 ('125', 'slug', '0', 'en_us', ' this is a test blog '),
 ('125', 'field', '49', 'en_us', ' blog '),
 ('77', 'field', '22', 'en_us', ''),
 ('77', 'field', '23', 'en_us', ''),
 ('77', 'slug', '0', 'en_us', ' this is a new client '),
 ('77', 'title', '0', 'en_us', ' this is a new client '),
 ('190', 'field', '18', 'en_us', ' ideabase was inexpensive and helped increase visitors to our business that s a win win if you ask me '),
 ('190', 'field', '17', 'en_us', ' christopher hallahan '),
 ('190', 'field', '19', 'en_us', ' 2015 12 09 '),
 ('79', 'field', '1', 'en_us', ' this is another news post '),
 ('79', 'field', '2', 'en_us', ''),
 ('79', 'slug', '0', 'en_us', ' another news post '),
 ('79', 'title', '0', 'en_us', ' another news post '),
 ('80', 'field', '11', 'en_us', ' i m megan johnson one of the art directors at ideabase i ve been with the agency since may of 2014 my major at kent state is visual communication design and along with my studies i played soccer for kent for 4 years even though i ve only been with ideabase for a year i ve already seen so much growth in the agency the addition of new employees that specialize in different fields like website design and coding has really expanded our design possibilities it has also allowed some of us designers to expand our knowledge about other fields beyond the growth of the agency the environment at ideabase is really great it s professional where clients are involved but amongst the employees it is laid back and fun we all like to joke around with each other but we also take our design work seriously and look for good feedback from our peers it s just a great atmosphere to be a part of i like that i can speak candidly and openly with anyone in the office besides my schooling soccer has been a major part of my life and career at kent state being a student athlete is hard work but it has taught me so many things for one it helped me understand when i need to step up and lead and when it s better to follow it also taught me how to handle people that i might not necessarily get along with but need to get along with regardless lastly being a student athlete has provided me with some of the greatest friends i could ever ask for that i might not have met if i hadn t played a sport here my soccer career is actually fairly comparable to working at ideabase from a work standpoint i learned a lot from athletics that i ve been able to apply to ideabase to name a few things i learned how to manage my time properly collaborate and work well with others and also learned that being early is being on time which are all important things to use in the office from a social standpoint in both situations i have formed good relationships with interesting and different people that i might not have become friends with otherwise overall i am glad the time i spent with athletics has been able to translate to my work at ideabase and i hope with future careers as well with the kent state s athletics department as one of my clients i am able to still keep athletics in my life despite the fact that i no longer play for the school it s been great to work with different sides of the athletics department '),
 ('80', 'slug', '0', 'en_us', ' this is a test blog title '),
 ('80', 'title', '0', 'en_us', ' soccer and ideabase surprisingly related megan johnson '),
 ('81', 'field', '15', 'en_us', ''),
 ('81', 'field', '14', 'en_us', ' 2015 09 08 '),
 ('81', 'field', '13', 'en_us', ' addy award '),
 ('81', 'field', '16', 'en_us', ' http www google com '),
 ('81', 'slug', '0', 'en_us', ' award title '),
 ('81', 'title', '0', 'en_us', ' addy award '),
 ('87', 'email', '0', 'en_us', ' rhawkins ideabasekent com '),
 ('87', 'firstname', '0', 'en_us', ' reilly '),
 ('87', 'username', '0', 'en_us', ' rhawkins ');
INSERT INTO `craft_searchindex` (`elementId`, `attribute`, `fieldId`, `locale`, `keywords`) VALUES
 ('87', 'lastname', '0', 'en_us', ' hawkins '),
 ('87', 'fullname', '0', 'en_us', ' reilly hawkins '),
 ('87', 'slug', '0', 'en_us', ''),
 ('89', 'slug', '0', 'en_us', ''),
 ('90', 'slug', '0', 'en_us', ''),
 ('256', 'extension', '0', 'en_us', ' svg '),
 ('256', 'kind', '0', 'en_us', ' image '),
 ('256', 'slug', '0', 'en_us', ' idea base svgicons square 01 '),
 ('256', 'title', '0', 'en_us', ' idea base svgicons square 01 '),
 ('2', 'field', '37', 'en_us', ' practice '),
 ('2', 'field', '36', 'en_us', ' we re a kent state student powered design agency located in downtown kent oh our student employees represent a variety of backgrounds and disciplines united in their passion for creating meaningful designs to support our clients design initiatives at ideabase we re determined to deliver quality design solutions while equipping our student team with lasting experiential learning opportunities '),
 ('89', 'field', '28', 'en_us', ' ideabaselogo '),
 ('90', 'field', '30', 'en_us', ' kent oh 44240 '),
 ('90', 'field', '29', 'en_us', ' this is a call to action '),
 ('90', 'field', '34', 'en_us', ''),
 ('90', 'field', '33', 'en_us', ' info ideabasekent com '),
 ('90', 'field', '31', 'en_us', ' 330 672 7300 '),
 ('90', 'field', '32', 'en_us', ' 123457 '),
 ('255', 'slug', '0', 'en_us', ' idea base svgicons speech 01 '),
 ('95', 'field', '21', 'en_us', ' this is service 1 '),
 ('95', 'field', '20', 'en_us', ''),
 ('95', 'slug', '0', 'en_us', ' service 1 '),
 ('95', 'title', '0', 'en_us', ' service 1 '),
 ('96', 'field', '21', 'en_us', ' service 2 '),
 ('96', 'field', '20', 'en_us', ''),
 ('96', 'slug', '0', 'en_us', ' service 2 '),
 ('96', 'title', '0', 'en_us', ' service 2 '),
 ('97', 'field', '21', 'en_us', ' this is service 3 '),
 ('97', 'field', '20', 'en_us', ''),
 ('97', 'slug', '0', 'en_us', ' service 3 '),
 ('97', 'title', '0', 'en_us', ' service 3 '),
 ('314', 'field', '9', 'en_us', ' ideabase was brough on board for the second year in a row to develop and design kent state university athletics year in review annual report the interactive report is designed in html css and this year features a single page design with supplemental article pages the design is composed to photos text and custom icons that match the university s blue and gold branding we went through a process of discovert content gathering design architerture and development over a period of 5 months from a technical perspective the site utilizes jekyll a static site generator that doesn t require a full content management systemgrunt for task running including image resizing browser refreshing and code compilingsass for writing css for efficiencycss animationsimage and javascript compression and lazy loading for optimal performance the site launched in september 2015 '),
 ('311', 'extension', '0', 'en_us', ' jpg '),
 ('311', 'kind', '0', 'en_us', ' image '),
 ('311', 'slug', '0', 'en_us', ' athletics '),
 ('311', 'title', '0', 'en_us', ' athletics '),
 ('311', 'filename', '0', 'en_us', ' athletics jpg '),
 ('125', 'field', '11', 'en_us', ' as a designer i work based upon a process that allows me to become inspired and evolve my work until it is acceptable this sounds like a low bar but designers have high standards having developed a design process that worked for me and allowed me to produce results i m sure one could imagine my inner turmoil when i had to design outside of what had become my personal procedural safety zone my exploration of the web design process began at ideabase upon joining the team assigned to redesigning the school of library and information science slis website now live at www kent edu slis this project was especially exciting because it was going to be the first custom template design in kent state s new content management system but what i learned from the slis website redesign project really came down to adapting to differences in process that resulted not only from working on a real world project but also from needing to present to and work with a team of non graphic designers and clients shaking up the traditional design process typography and colorsthe simple version of the basic academic design process which i became accustomed to consisted of research sketching designing compositions and lots of critiquing and modification until the projects end however differences in our group design process began to emerge after the sketching step when i was directed to first design page elements navigations header footer image carousel etc for the slis website as opposed to designing whole pages seemingly simple this initially really messed with my mind i had become used to designing firm whole compositions to show but for this project i had to first present to the client design fragments while trying to imagine a future whole or many possible wholes i felt like i was trying to sell fragments of glass instead of a whole window i remember thinking during this step that this process was very odd although i can see now that this preliminary design step allowed the team to get feedback from slis on the design s basicscolor type and structuresbefore designing more in depth also this modular point of view allowed us to test in browser faster and helped me think more as i would imagine a developer thinks and worksin pieces of code thinking responsively buttons and navigationthis brings me to another point of the design process which was different for me witnessing how the design changes by necessity in a browser setting aka practical web design versus theoretical classroom web design i never realized how important this would be in the process for example originally the design for this website featured more angles however the viability of css triangles often became unworkable and so i had to come up with new solutions it was after witnessing how page elements change between different screen sizes in the browser setting that i started to really understand how a responsive design works lessons learned in short i learned a ton by being lead designer on this project i suppose the main takeaway of my experience for me though was understanding that design and development had to become a blended process for the website to function and communicate better and be visually suitable shaking up my process to understand and work better with my team gave me insight that i would not have gained otherwise everyone should venture outside of their comfort zone every once in a while '),
 ('80', 'field', '49', 'en_us', ' blog '),
 ('73', 'field', '49', 'en_us', ' blog '),
 ('265', 'extension', '0', 'en_us', ' html '),
 ('265', 'filename', '0', 'en_us', ' test html '),
 ('253', 'filename', '0', 'en_us', ' ideabase_svgicons_map 01 svg '),
 ('253', 'extension', '0', 'en_us', ' svg '),
 ('253', 'kind', '0', 'en_us', ' image '),
 ('253', 'slug', '0', 'en_us', ' idea base svgicons map 01 '),
 ('108', 'slug', '0', 'en_us', ' staff profile index '),
 ('108', 'title', '0', 'en_us', ' staff profile index '),
 ('108', 'field', '39', 'en_us', ' our student employees come from backgrounds of all shapes and sizes bringing with them a fresh and versatile approach that inspires our designs with backgrounds in visual communication design public relations user experience advertising computer information systmes digital sciences marketing and communications our diverse team members have one thing in common they re passionate about design '),
 ('108', 'field', '38', 'en_us', ' our students are passionate about design '),
 ('108', 'field', '41', 'en_us', ' we empower our student employees to imagine create and deliver quality designs while gaining real world experience on client facing projects our studen employees get to put their design skills to the test build their resumes and jumpstart their careers '),
 ('108', 'field', '40', 'en_us', ' work for ideabase '),
 ('109', 'slug', '0', 'en_us', ' process index '),
 ('109', 'title', '0', 'en_us', ' process index '),
 ('109', 'field', '44', 'en_us', ''),
 ('109', 'field', '43', 'en_us', ''),
 ('109', 'field', '42', 'en_us', ' our design process is tailored to you '),
 ('264', 'extension', '0', 'en_us', ' html '),
 ('262', 'title', '0', 'en_us', ' ideabaselogo '),
 ('109', 'field', '79', 'en_us', ' our comprehensive service offering supports our clients design initiatives from the early discovery phase through implementation and on going improvements whether you re laying the foundation for your product s success or building out and refining that product we re here to help did we mention we do all of this right here locally in kent oh that s right we re minutes away from kent state university '),
 ('108', 'field', '45', 'en_us', ''),
 ('262', 'slug', '0', 'en_us', ' ideabaselogo '),
 ('262', 'extension', '0', 'en_us', ' svg '),
 ('262', 'kind', '0', 'en_us', ' image '),
 ('95', 'field', '47', 'en_us', ' download 1 '),
 ('262', 'filename', '0', 'en_us', ' ideabaselogo svg '),
 ('263', 'filename', '0', 'en_us', ' test html '),
 ('96', 'field', '47', 'en_us', ' download 2 '),
 ('97', 'field', '47', 'en_us', ' download '),
 ('263', 'extension', '0', 'en_us', ' html '),
 ('264', 'filename', '0', 'en_us', ' test html '),
 ('263', 'kind', '0', 'en_us', ' html '),
 ('263', 'slug', '0', 'en_us', ' test '),
 ('263', 'title', '0', 'en_us', ' test '),
 ('260', 'title', '0', 'en_us', ' practice '),
 ('109', 'field', '80', 'en_us', ' we can test the performance and usability of your product on various devices in our user experience testing lab this is a great resource to ensure that your product translates across all platforms '),
 ('314', 'field', '61', 'en_us', ' christopher hallahan caitlin smith callie sullivan john vrhovnik sarah holzer '),
 ('119', 'field', '5', 'en_us', ' 330 672 7366 '),
 ('119', 'field', '3', 'en_us', ' business development manager '),
 ('119', 'field', '26', 'en_us', ' leadership '),
 ('119', 'field', '27', 'en_us', ' dowling kristin 350x500 '),
 ('119', 'field', '7', 'en_us', ''),
 ('119', 'field', '4', 'en_us', ' kdowling ideabasekent com '),
 ('119', 'field', '6', 'en_us', ' kristin is the business development manager for ideabase formerly the tannery she is responsible for building client relationships in order to provide high quality experiential learning opportunities for our students she previously served as an entrepreneur in residence for the center for entrepreneurship and business innovation in the kent state university college of business her experience prior to coming to kent state university was as regional operations manager for kinko s inc now known as fedex office '),
 ('119', 'title', '0', 'en_us', ' kristin dowling '),
 ('120', 'field', '6', 'en_us', ' chris is a full time user experience designer for ideabase and kent state university s college of communication and information he manages research and interactive web projects at ideabase and works one on one with ideabase students to teach them web design user experience and content management techniques his passions include responsive web design usability information architecture and content management system design especially wordpress in addition to his work at ideabase he teaches courses in digital sciences and responsive web design '),
 ('120', 'field', '4', 'en_us', ' challahan ideabasekent com '),
 ('120', 'field', '7', 'en_us', ''),
 ('120', 'field', '26', 'en_us', ' leadership '),
 ('120', 'field', '3', 'en_us', ' user experience designer '),
 ('120', 'field', '5', 'en_us', ' 330 672 3031 '),
 ('120', 'field', '27', 'en_us', ' chris edit 350x500 '),
 ('120', 'slug', '0', 'en_us', ' christopher hallahan '),
 ('120', 'title', '0', 'en_us', ' christopher hallahan '),
 ('131', 'field', '59', 'en_us', ' rachel kozy '),
 ('131', 'field', '49', 'en_us', ' blog '),
 ('131', 'slug', '0', 'en_us', ' being a creative rachel kozy '),
 ('131', 'title', '0', 'en_us', ' being a creative rachel kozy '),
 ('132', 'field', '11', 'en_us', ' hello my name is victoria ripepi i am an interpersonal communications major who is currently on my 5th year victory lap but i am set to graduate in may 2016 i am the new event coordinator at ideabase as long as i can remember event planning has been an interest of mine the first event i planned was in 3rd grade when my teacher asked me to help with a parent teacher open house as a 3rd grader i basically thought i was the coolest person in the world even though all i really did was set out some flyers cookies and juice but i have enjoyed event planning ever since i think i enjoy event planning because i am so organized i like to fix problems i work best under pressure and i like the exciting nervous feeling you get on the day of the event a lot of times when i say i want to go into event planning after i graduate people automatically think i mean weddings but that is not the case i want to do open houses launch parties special event parties and so on before working at ideabase i interned in the spring of 2015 for an awesome company called rebecca adele pr events i learned so much about myself and event planning there one major thing i learned was that i didn t want to go into pr after i graduate the other career path i considered and event planning is really what i love and have a passion for the owner becki puts on over 10 art shows called the avant garde art craft shows all throughout northeast ohio there were over 100 vendors at each event and i helped personally put on 4 shows i also helped in the launch of a new show line called bump to bows a mommy boutique show when it comes to ideabase i actually heard about the agency through one of the managers kristin who is a longtime family friend when she told me about ideabase it immediately sparked my interest and when the opportunity for an event coordinator came up i jumped at it i really enjoy working here and have already learned so much ideabase is such a fun encouraging and helpful work environment being new here whenever i have a question or concern they immediately do whatever possible to help me i have also learned so much about what it means working at a design agency and how talented my co workers are as for my personal life in my free time you can probably find me outside if it s nice out at a mall because i have a deep love for clothes and fashion or hanging out with my two cats i travel at any opportunity i can i hope to travel to all 50 states one day after graduation i hope to get a job out of state i am cleveland born and raised and ohio will always be home but i know i need to get out of here and explore more than just my bubble that is ohio i like to push myself to always try new things and take opportunities that push me outside my comfort zone because that ll only make my comfort zone that much bigger '),
 ('132', 'field', '59', 'en_us', ' victoria ripepi ');
INSERT INTO `craft_searchindex` (`elementId`, `attribute`, `fieldId`, `locale`, `keywords`) VALUES
 ('132', 'field', '49', 'en_us', ' blog '),
 ('132', 'slug', '0', 'en_us', ' event planning 101 victoria ripepi '),
 ('132', 'title', '0', 'en_us', ' event planning 101 victoria ripepi '),
 ('132', 'field', '60', 'en_us', ' quintin steele '),
 ('260', 'slug', '0', 'en_us', ' practice '),
 ('260', 'extension', '0', 'en_us', ' jpg '),
 ('260', 'kind', '0', 'en_us', ' image '),
 ('260', 'filename', '0', 'en_us', ' practice jpg '),
 ('259', 'title', '0', 'en_us', ' bricks '),
 ('259', 'slug', '0', 'en_us', ' bricks '),
 ('109', 'field', '81', 'en_us', ' sounds great how much does it cost '),
 ('259', 'kind', '0', 'en_us', ' image '),
 ('109', 'field', '82', 'en_us', ' while our unique business model allows us to deliver high quality products at an affordable cost there s no one size fits all when it comes to individual client needs we work with our clients upfront to define project goals and guidelines to ensure that we deliver a great end product within the project s constraints together we ll build something great and it won t break the bank don t believe us just as our clients '),
 ('258', 'slug', '0', 'en_us', ' refine '),
 ('258', 'title', '0', 'en_us', ' refine '),
 ('259', 'filename', '0', 'en_us', ' bricks jpg '),
 ('259', 'extension', '0', 'en_us', ' jpg '),
 ('258', 'extension', '0', 'en_us', ' svg '),
 ('258', 'kind', '0', 'en_us', ' image '),
 ('258', 'filename', '0', 'en_us', ' refine svg '),
 ('257', 'title', '0', 'en_us', ' lightbulb '),
 ('257', 'kind', '0', 'en_us', ' image '),
 ('90', 'field', '84', 'en_us', ' opened in 2009 ideabase formerly the tannery was the brainchild of jim gaudino the former and founding dean of the college of communication and information ideabase is now a thriving design agency where top performing from kent state university assemble to solve problems for clients within and outside of the university '),
 ('90', 'field', '83', 'en_us', ' website designed and developed by ideabase in kent oh copyright 2015 ideabase '),
 ('256', 'filename', '0', 'en_us', ' ideabase_svgicons_square 01 svg '),
 ('255', 'title', '0', 'en_us', ' idea base svgicons speech 01 '),
 ('146', 'field', '6', 'en_us', ' hi i m quintin steele i know it is a sweet name i am currently a graduate student in visual communication design at kent state university and will graduate at the end of summer semmester 2016 i am a freelance designer instructor for ksu and creative director at ideabase i watch way too many movies and drink entirely too much coffee when i was 8 i was the raingutter regatta champion of my cubscout pack i really enjoy working with others and constantly pushing myself to learn more about everything around me '),
 ('146', 'field', '4', 'en_us', ' qsteele ideabasekent com '),
 ('146', 'field', '7', 'en_us', ''),
 ('146', 'field', '26', 'en_us', ' leadership '),
 ('146', 'field', '3', 'en_us', ' ideabase creative director '),
 ('146', 'field', '5', 'en_us', ' 330 672 7300 '),
 ('146', 'field', '27', 'en_us', ' quintin steele 350x500 '),
 ('146', 'slug', '0', 'en_us', ' quintin steele '),
 ('146', 'title', '0', 'en_us', ' quintin steele '),
 ('2', 'field', '66', 'en_us', ' our design process is tailored to you '),
 ('2', 'field', '67', 'en_us', ' tried and true '),
 ('2', 'field', '68', 'en_us', ' our processes deliver results no matter the industry or design challenge our past work speaks for itself '),
 ('147', 'field', '6', 'en_us', ' victoria is an interpersonal communications major set to graduate in may 2016 she works as the new event coordinator at ideabase victoria loves shopping and cats after graduation she hopes to find a job out of state '),
 ('147', 'field', '4', 'en_us', ' vripepi ideabasekent com '),
 ('147', 'field', '7', 'en_us', ' i own 64 pairs of shoes '),
 ('147', 'field', '26', 'en_us', ' student '),
 ('147', 'field', '3', 'en_us', ' event coordinator '),
 ('147', 'field', '5', 'en_us', ''),
 ('147', 'field', '27', 'en_us', ' victoria1 350x500 '),
 ('147', 'slug', '0', 'en_us', ' victoria ripepi '),
 ('147', 'title', '0', 'en_us', ' victoria ripepi '),
 ('148', 'slug', '0', 'en_us', ' projects homepage '),
 ('148', 'title', '0', 'en_us', ' projects homepage '),
 ('148', 'field', '69', 'en_us', ' tried and true '),
 ('148', 'field', '70', 'en_us', ' our award winning process delivers quality design solutions that transform our clients products '),
 ('148', 'field', '71', 'en_us', ' how we re making a difference '),
 ('148', 'field', '72', 'en_us', ' we make a positive impact on your design and our student designers '),
 ('148', 'field', '73', 'en_us', ' helping our students succeed '),
 ('148', 'field', '74', 'en_us', ' at ideabase we want our student employees to succeed thats s why we partner with glyphix to teach the next generation through studio experiences our students develop and exercise project based skills in marketing design research and more additionally our responsive web design class ensures the next generation of designers and developers understand how to create highly functional and usable websites learn about our transformative classroom experiences '),
 ('81', 'field', '75', 'en_us', ' project title 2 '),
 ('75', 'field', '75', 'en_us', ' project title 1 '),
 ('149', 'field', '6', 'en_us', ' this is larrie s test bio '),
 ('149', 'field', '4', 'en_us', ' lking ideabasekent com '),
 ('149', 'field', '7', 'en_us', ''),
 ('149', 'field', '26', 'en_us', ' leadership '),
 ('149', 'field', '3', 'en_us', ' creative director glyphix '),
 ('149', 'field', '5', 'en_us', ' 330 672 7300 '),
 ('149', 'field', '27', 'en_us', ' profile sample '),
 ('149', 'slug', '0', 'en_us', ' larrie king '),
 ('149', 'title', '0', 'en_us', ' larrie king '),
 ('150', 'username', '0', 'en_us', ' challahan '),
 ('150', 'firstname', '0', 'en_us', ' christopher '),
 ('150', 'lastname', '0', 'en_us', ' hallahan '),
 ('150', 'fullname', '0', 'en_us', ' christopher hallahan '),
 ('150', 'email', '0', 'en_us', ' challahan ideabasekent com '),
 ('150', 'slug', '0', 'en_us', ''),
 ('264', 'kind', '0', 'en_us', ' html '),
 ('264', 'slug', '0', 'en_us', ' test '),
 ('264', 'title', '0', 'en_us', ' test '),
 ('89', 'field', '78', 'en_us', ' powered by kent state students '),
 ('149', 'field', '77', 'en_us', ''),
 ('147', 'field', '77', 'en_us', ' interpersonal communications '),
 ('266', 'filename', '0', 'en_us', ' test html '),
 ('265', 'kind', '0', 'en_us', ' html '),
 ('265', 'slug', '0', 'en_us', ' test '),
 ('265', 'title', '0', 'en_us', ' test '),
 ('120', 'field', '77', 'en_us', ' b s electronic media m a user experience design '),
 ('146', 'field', '77', 'en_us', ' b f a visual communication design m f a visual communication design graduate student '),
 ('119', 'field', '77', 'en_us', ''),
 ('67', 'field', '77', 'en_us', ' computer information systems '),
 ('90', 'field', '85', 'en_us', ' let s make something great together '),
 ('90', 'field', '86', 'en_us', ' be a part of something big partner with our team of student designers on your next design initiative and be a part of our educational mission get in touch today by contacting kristin dowling business development manager via email phone or by completing the form below '),
 ('90', 'field', '87', 'en_us', ' get in touch today '),
 ('175', 'slug', '0', 'en_us', ' web design '),
 ('175', 'title', '0', 'en_us', ' web design '),
 ('176', 'slug', '0', 'en_us', ' identity '),
 ('176', 'title', '0', 'en_us', ' identity '),
 ('177', 'slug', '0', 'en_us', ' branding '),
 ('177', 'title', '0', 'en_us', ' branding '),
 ('178', 'slug', '0', 'en_us', ' illustration '),
 ('178', 'title', '0', 'en_us', ' illustration '),
 ('179', 'slug', '0', 'en_us', ' print '),
 ('179', 'title', '0', 'en_us', ' print '),
 ('180', 'slug', '0', 'en_us', ' video ');
INSERT INTO `craft_searchindex` (`elementId`, `attribute`, `fieldId`, `locale`, `keywords`) VALUES
 ('180', 'title', '0', 'en_us', ' video '),
 ('181', 'slug', '0', 'en_us', ' photography '),
 ('181', 'title', '0', 'en_us', ' photography '),
 ('182', 'slug', '0', 'en_us', ' projects list '),
 ('182', 'title', '0', 'en_us', ' projects list '),
 ('182', 'field', '69', 'en_us', ' this is the project headline '),
 ('182', 'field', '70', 'en_us', ' this is the project description '),
 ('314', 'field', '46', 'en_us', ' athletics '),
 ('132', 'field', '92', 'en_us', ' static1 squarespace '),
 ('109', 'field', '94', 'en_us', ' who your users are and what they are looking for in your product user interviews user interviews surveys surveys competitive analysis competitive analysis persona development persona development discover our targeted user research methods empower you to more effectively address your users needs discover idea base svgicons glass 01 idea base svgicons map 01 idea base svgicons compass lightbulb a product that will deliver on user and business needs visual graphic design visual graphic design video production video production web development web development content strategy information architecture content strategy information architecture prototyping product development prototyping product development environmental design environmental design brand identity brand identity social media public relations social media public relations design our design strategies whether through print video or web deliver custom solutions that promote both business and customer needs design idea base svgicons desktop 01 idea base svgicons pencil 01 idea base svgicons square 01 idea base svgicons bolt 01 an existing product with our advanced usability testing in person usability testing in person usability testing remote usability testing remote usability testing device performance testing device performance testing tobii eyetracking tobii eyetracking refine our advanced usability testing tools including eye tracking allow you to evaluate the effectiveness of design solutions refine idea base svgicons cam 01 idea base svgicons devices 01 idea base svgicons eye 01 idea base svgicons speech 01 '),
 ('183', 'field', '95', 'en_us', ' discover '),
 ('183', 'field', '96', 'en_us', ' who your users are and what they are looking for in your product '),
 ('183', 'field', '97', 'en_us', ' user interviews user interviews surveys surveys competitive analysis competitive analysis persona development persona development '),
 ('183', 'field', '98', 'en_us', ' idea base svgicons glass 01 '),
 ('183', 'field', '99', 'en_us', ' idea base svgicons map 01 '),
 ('183', 'field', '100', 'en_us', ' idea base svgicons compass '),
 ('183', 'field', '101', 'en_us', ' lightbulb '),
 ('183', 'field', '102', 'en_us', ' discover '),
 ('183', 'field', '103', 'en_us', ' our targeted user research methods empower you to more effectively address your users needs '),
 ('183', 'slug', '0', 'en_us', ''),
 ('184', 'field', '95', 'en_us', ' design '),
 ('184', 'field', '96', 'en_us', ' a product that will deliver on user and business needs '),
 ('184', 'field', '97', 'en_us', ' visual graphic design visual graphic design video production video production web development web development content strategy information architecture content strategy information architecture prototyping product development prototyping product development environmental design environmental design brand identity brand identity social media public relations social media public relations '),
 ('184', 'field', '98', 'en_us', ' idea base svgicons desktop 01 '),
 ('184', 'field', '99', 'en_us', ' idea base svgicons pencil 01 '),
 ('184', 'field', '100', 'en_us', ' idea base svgicons square 01 '),
 ('184', 'field', '101', 'en_us', ' idea base svgicons bolt 01 '),
 ('184', 'field', '102', 'en_us', ' design '),
 ('184', 'field', '103', 'en_us', ' our design strategies whether through print video or web deliver custom solutions that promote both business and customer needs '),
 ('184', 'slug', '0', 'en_us', ''),
 ('185', 'field', '95', 'en_us', ' refine '),
 ('185', 'field', '96', 'en_us', ' an existing product with our advanced usability testing '),
 ('185', 'field', '97', 'en_us', ' in person usability testing in person usability testing remote usability testing remote usability testing device performance testing device performance testing tobii eyetracking tobii eyetracking '),
 ('185', 'field', '98', 'en_us', ' idea base svgicons cam 01 '),
 ('185', 'field', '99', 'en_us', ' idea base svgicons devices 01 '),
 ('185', 'field', '100', 'en_us', ' idea base svgicons eye 01 '),
 ('185', 'field', '101', 'en_us', ' idea base svgicons speech 01 '),
 ('185', 'field', '102', 'en_us', ' refine '),
 ('185', 'field', '103', 'en_us', ' our advanced usability testing tools including eye tracking allow you to evaluate the effectiveness of design solutions '),
 ('185', 'slug', '0', 'en_us', ''),
 ('254', 'filename', '0', 'en_us', ' ideabase_svgicons_pencil 01 svg '),
 ('253', 'title', '0', 'en_us', ' idea base svgicons map 01 '),
 ('309', 'extension', '0', 'en_us', ' jpg '),
 ('309', 'kind', '0', 'en_us', ' image '),
 ('309', 'filename', '0', 'en_us', ' 22210955613_4359e58c13_o jpg '),
 ('308', 'title', '0', 'en_us', ' 22209357844 e890653102 o '),
 ('308', 'slug', '0', 'en_us', ' 22209357844 e890653102 o '),
 ('308', 'kind', '0', 'en_us', ' image '),
 ('308', 'extension', '0', 'en_us', ' jpg '),
 ('308', 'filename', '0', 'en_us', ' 22209357844_e890653102_o jpg '),
 ('90', 'field', '105', 'en_us', ' 138 e main street suite 203 '),
 ('148', 'field', '109', 'en_us', ' learn about our transformative classroom experiences '),
 ('148', 'field', '110', 'en_us', ' more projects '),
 ('252', 'extension', '0', 'en_us', ' svg '),
 ('252', 'filename', '0', 'en_us', ' ideabase_svgicons_glass 01 svg '),
 ('109', 'field', '107', 'en_us', ' sounds great how much does it cost '),
 ('109', 'field', '106', 'en_us', ' this is a test '),
 ('190', 'field', '76', 'en_us', ' project title 1 '),
 ('190', 'slug', '0', 'en_us', ' sample testimonail '),
 ('190', 'title', '0', 'en_us', ' sample testimonail '),
 ('251', 'filename', '0', 'en_us', ' ideabase_svgicons_eye 01 svg '),
 ('108', 'field', '37', 'en_us', ' practice '),
 ('148', 'field', '37', 'en_us', ' practice '),
 ('109', 'field', '37', 'en_us', ' practice '),
 ('251', 'slug', '0', 'en_us', ' idea base svgicons eye 01 '),
 ('251', 'title', '0', 'en_us', ' idea base svgicons eye 01 '),
 ('251', 'kind', '0', 'en_us', ' image '),
 ('251', 'extension', '0', 'en_us', ' svg '),
 ('250', 'title', '0', 'en_us', ' idea base svgicons devices 01 '),
 ('250', 'slug', '0', 'en_us', ' idea base svgicons devices 01 '),
 ('250', 'extension', '0', 'en_us', ' svg '),
 ('250', 'kind', '0', 'en_us', ' image '),
 ('250', 'filename', '0', 'en_us', ' ideabase_svgicons_devices 01 svg '),
 ('249', 'slug', '0', 'en_us', ' idea base svgicons desktop 01 '),
 ('249', 'title', '0', 'en_us', ' idea base svgicons desktop 01 '),
 ('249', 'kind', '0', 'en_us', ' image '),
 ('249', 'extension', '0', 'en_us', ' svg '),
 ('249', 'filename', '0', 'en_us', ' ideabase_svgicons_desktop 01 svg '),
 ('248', 'slug', '0', 'en_us', ' idea base svgicons compass '),
 ('248', 'title', '0', 'en_us', ' idea base svgicons compass '),
 ('248', 'kind', '0', 'en_us', ' image '),
 ('248', 'extension', '0', 'en_us', ' svg '),
 ('2', 'field', '111', 'en_us', ' bricks '),
 ('375', 'field', '11', 'en_us', ' a website is only as good and useful as the user s ability to easily find and comprehend its content and features when the state library of ohio a library in columbus oh that serves ohio libraries state government employees and patrons came to ideabase to discuss a website redesign we immediately understood that while the current website offered great content and services the challenge would be framing that content within a visual design and architecture that met the goals of its primary audiences an ideabase team made up of students from visual communication design journalism communication studies user experience design and computer information systems at kent state set out to familiarize themselves with the goals website the year long redesign project that would involve content strategy usability testing web development and visual design i had the opportunity to work on and oversee this project from the beginning and i am thrilled that we could design a great end product while bringing together a talented group of students from multiple disciplines research discovery we started out nearly a year ago with an intense research and discovery phase during which we worked to learn who used the state library of ohio website and what their goals and motivations were we did this through a business needs analysis survey user interviews competitive analysis content audit and heuristic evaluation we found that perhaps unsurprisingly users come to the website primarily to search the library catalog search their digital collections and access their account this played a major in our design decisions later it was also important to users that library contact information and hours be prominently displayed on the site finally we were able to narrow down the site s primary audiences to state employees ohio residents patrons and library employees which drove decision making around our content laura king a user experience design graduate student who worked closely on this phase of the project before graduating in fall 2014 told me that redesigning the slo site was definitely a challenge the existing site had a lot of information with no clear organizational structure and several distinct user groups with very different needs and reasons for accessing the site laura went on to explain the importance of research in the redesign process conducting user research was pivotal in the creation of the new website the team and i interviewed users sent out surveys and created personas all of which served as the foundation for site redesign our user centered approach allowed us to create a much simpler structure and interface that would better serve the needs of the library s diverse groups of users i m so proud of the work that our team has done to create this product user focused content and architecture with over 500 pieces of content discovered in our content audit it was time to get to work on the information architecture and content laura developed a proposed site map and information hierarchy and we worked with the client to identify missing content as well content that was no longer needed we used a tool called jumpchart to map out and rewrite the content jumpchart allowed us to visualize the content within the context of the sitemap and collaborate with the clients on edits along the way the state library team also began building a repository of photos that would later be integrated into the site in flickr callie sullivan our information architect who worked remotely from a different timezone on the site content noted that by removing redundancies and re categorizing content we were able to create more intuitive information pathways and reduce total content by over 50 percent the slo site is now easily traversable and offers library patrons a natural browsing experience iterative design and prototyping while we worked with the client to perfect and structure the site content our visual designer nico ciani and creative director quintin steele worked on developing the visual look and feel of the site they started with the established brand standards and logos already in existence and developed a set of style tiles and patterns that invoked a professional but modern design to the site after each element was developed in sketch a visual layout tool we quickly marked up the element in html css and added it to an ongoing prototype website website pattern library on our staging server every friday we received feedback from the client on the design progress thus far and iterated upon it until we had a working responsive prototype of the home page and main templates nico said the introduction of the sketch software early in the design process really improved our workflow our weekly meetings were nice as we received valuable feedback about what users of the site would most likely be looking for this allowed us to stay on top of any design changes that needed to happen and get an earlier sign off on our design concept so we could begin building the site having such an active relationship with the client was ideal because we were able to present changes each week and continue the cyclical process of creating testing ideabase creative director quintin steele said of the process by working so closely with the client we were constantly able to make sure their needs were met a modern content management system as the prototype began taking shape we started defining our main content types and developing the site s content management system content types were derived directly from our content in jumpchart as well as from the content audit content types for this site were extensive ranging from books and news articles to promotional posters newsletters events and staff members we took time to break the content into individual chunks which we mapped out in a google doc our client had previously expressed an interest in developing the site in wordpress moving away from drupal due to their familiarity with the platform we agreed that wordpress was a good fit and got to work setting up custom post types as well as a custom wordpress theme built from automattic s underscores starter theme as elements were finalized in the prototype we began integrating them into the wordpress theme using git tower and beanstalk for version control and sublimetext mamp pro and codekit for local development and preprocessing we also utilized wp db migrate pro for keeping our local development environments in sync with staging and production we also integrated a number of custom elements into the site such as custom post types using the advanced custom fields plugin for wordpressan events calendar that pulled from an existing xml feed usingthe events calendar and wp all importcontact forms using gravity formsintegration with the ebsco discovery service for catalog searchingtying in to the google custom search platformmedia galleries that pulled from flickr using the slickr flickr pluginin site viewing of pdf word and excel files using the google doc embedder pluginas content was finalized we moved it into wordpress over a 2 month period reilly hawkins the ideabase web developer designer from kent state s computer information systems program in the college of business said the state library was my first in depth project working with wordpress and developing custom code i was amazed to see how much progress we all made on the project in just a few short months it was very exciting to see the state library website go from a few basic wireframes to the full service website that it is now throughout the entire process we had usability and site performance in mind in addition to our upfront research we partnered with the state library team to run a week of usability testing on the site during the testing we had participants come to ideabase in person to run through key tasks on the beta website using multiple devices because of the testing we were able to identify and correct a number of issues before launching the site ranging from users missing the site search button to confusing navigation labels and unclear information hierarchy i was also able to identify accessibility issues using google s accessibility developer tools as well as with the fantastic accessibility tools built into os x performance and device testing were also a personal goal of mine throughout the project i used codekit s auto reload feature to test design changes live on multiple mobile devices and tablets reilly also ran through a testing plan prior to launch to ensure the site displayed correctly on older laptops as well as android and windows phone devices finally i was able to use a combination of minified javascript responsive images asynchronous css and caching via cloudflare to improve performance and decrease load time managing the project the project wouldn t have gone anywhere without great management attention to client feedback and collaboration within the team a few things really helped us out during this redesign our account manager brendan bennett communicated with the client summarized notes from our meetings and migrated much of the site s content to wordpress our project management system basecamp allowed us to keep track of todo s emails project files and timelinesa weekly friday phone meeting via webex with the client helped everyone stay on track we were able to discuss design decisions on a regular basis ensuring the project kept moving forward and remained transparent on both ends brendan had this to say about his work on the project it was a pleasure working with everyone at the state library of ohio progress moved at an exceptionally smooth pace and i think everyone s persistence and hard work can easily be identified in the end result i m very proud of how everything turned out looking back for a staff comprised mostly of students who had for the most part never worked on a redesign of this scale before with such a diverse team we were able to accomplish a massive feat the website launched on may 27 2015 replacing the prior version of the website at http library ohio gov with all of our success we also learned a few valuable lessons along the way it s important to scope in detail a large web design project during the discovery phase so that the team knows the breadth of the project and can budget accordingly involve all team members in the discovery phase so that everyone can give their input on project scope map out content types early and understand how content will be structured and ultimately displayed accounting for all of your pages is not enough it s the types of content that matters work in parallel while in the research phase start putting together your staging environment and exploring visual design patterns parallel work allows for better collaboration and faster iterative adjustmentsdesign and content are never finished while developing your content design pattern needs will naturally develop along the way it s better to when possible develop your design around existing content rather than retrofitting content into a design don t underestimate the amount of effort required to build a custom cms the cms user experience is just as important as the external site s user experience don t cut corners in order to meet a deadline kristin dowling ideabase business development manager who worked with the state library of ohio to foster the project from its inception and ensure that it met our client s expectations said working with the team at the state library of ohio was a wonderful experience and a true collaborative effort this client was committed to redesigning their website with the end user in mind and we were fortunate to have been a part of this project our success was aided by the fact that our counterparts on the state library of ohio team were able to work with us closely as experts on marketing and communications marsha mcdevitt stredney and technical integration eric maynard these team members were able to work with the state librarian beverly cain as well as the staff at the state library of ohio to get approval along the way and ensure the project progressed smoothly marsha from the state library team said i really enjoyed working with the ideabase team their approach to research design and development brought together a multitude of skills talent and expertise to develop a website that best meets the needs of the individuals and groups we serve she went on to describe the design process saying as a state library we have collections programs and services available to all ohioans and others that are unique to state employees libraries and residents it s a challenge to bring all of it together into one easy to use website their process helped us stay focused on our users the result is a clean design that is easy to navigate as a team we re proud to have completed a project that not only performs well and looks great but also is backed in research this project resulted in a unique collaboration between kent state students who now have the experience of working on a live high impact website providing a great student experience by far is our most important accomplishment on the state library of ohio project and is what makes ideabase such a great asset to kent state university you can view the new state library of ohio website at http library ohio gov you can also see the site in action by viewing the state library of ohio redesign video below edited and produced by ideabase videographer todd thompson '),
 ('375', 'field', '92', 'en_us', ' state library screenshots 1500x786 '),
 ('375', 'field', '60', 'en_us', ' christopher hallahan '),
 ('374', 'title', '0', 'en_us', ' state library screenshots 1500x786 '),
 ('374', 'slug', '0', 'en_us', ''),
 ('90', 'field', '112', 'en_us', ''),
 ('248', 'filename', '0', 'en_us', ' ideabase_svgicons_compass svg '),
 ('247', 'title', '0', 'en_us', ' idea base svgicons cam 01 '),
 ('90', 'field', '116', 'en_us', ' ksu logo gray '),
 ('202', 'slug', '0', 'en_us', ''),
 ('202', 'field', '111', 'en_us', ' bricks 22209357844 e890653102 o 22210955613 4359e58c13 o 22818609742 e0a0c83d14 o '),
 ('149', 'field', '89', 'en_us', ''),
 ('67', 'field', '89', 'en_us', ' http www twitter com reillyhawkins twitter https www linkedin com profile view id=aaiaabtgifwbrklv68_mivowyvo8djynsdmrhx4 trk=nav_responsive_tab_profile_pic linkedin '),
 ('247', 'slug', '0', 'en_us', ' idea base svgicons cam 01 '),
 ('243', 'title', '0', 'en_us', ' project sample '),
 ('243', 'slug', '0', 'en_us', ' project sample '),
 ('243', 'kind', '0', 'en_us', ' image ');
INSERT INTO `craft_searchindex` (`elementId`, `attribute`, `fieldId`, `locale`, `keywords`) VALUES
 ('204', 'username', '0', 'en_us', ' cuhler '),
 ('204', 'firstname', '0', 'en_us', ' christopher '),
 ('204', 'lastname', '0', 'en_us', ' uhler '),
 ('204', 'fullname', '0', 'en_us', ' christopher uhler '),
 ('204', 'email', '0', 'en_us', ' cuhler ideabasekent com '),
 ('204', 'slug', '0', 'en_us', ''),
 ('205', 'username', '0', 'en_us', ' jvrhovnik '),
 ('205', 'firstname', '0', 'en_us', ' john '),
 ('205', 'lastname', '0', 'en_us', ' vrhovnik '),
 ('205', 'fullname', '0', 'en_us', ' john vrhovnik '),
 ('205', 'email', '0', 'en_us', ' jvrhovnik ideabasekent com '),
 ('205', 'slug', '0', 'en_us', ''),
 ('206', 'field', '92', 'en_us', ' camera '),
 ('206', 'field', '11', 'en_us', ' ideabase management had a goal raise awareness about kent state s student run agency with prospective clients while telling the stories of the students and staff who work there two talented ideabase students came together to make that goal a reality with a 4 minute promotional video compiled from interviews with ideabase employees todd thompson and john vrhovnik are the two students behind the new video todd is an electronic media production major in the school of journalism and mass communication and john is majoring in visual communication design todd was originally hired specifically to work on the promotional video but he has now joined ideabase as an account manager and videographer john works as a graphic designer john and todd explained what it was like working on the video project when asked about their inspiration for the video both todd and john looked to a number of existing online videos for ideas todd says i already had a vision for the pace and feel i wanted it to have but john and i looked to designspiration and vimeo just for some ideas to move passed any creative walls we hit on the way to completion todd worked specifically on filming editing audio production and directing john worked on the layout and flow of the graphical content john was also featured in the video displaying some of his hand drawn lettering the hardest part of working on the video for john was just getting the project going while todd said he struggled at first working with someone from a different major he also had to change his design process to match john s expertise and style of thinking but in the end john taught me so much and he was right all along his designer s mindset has taught me a lot about taking my time with a piece and really mapping things out before making a final decision john showed me it s best to exhaust all options before making a decision and it truly creates a beautiful product in the end says todd john went on to explain we both had never made something quite like this and i am incredibly new to video so at the beginning we were just sort of gathering inspiration building the concepts on paper and mapping out all the content as soon as we got all the video in todd made all the edits we picked music started adding type and it all really just came together quite naturally overall john and todd felt they learned a lot from each other above all both students think the new video will be a great tool for ideabase this video will benefit ideabase by not only improving awareness of what the agency has to offer to students and clients but it will also help show the types of students that work here and how passionate they are about their careers and how much effort is put into their work here at ideabase says todd '),
 ('206', 'field', '60', 'en_us', ' todd thompson john vrhovnik '),
 ('206', 'field', '49', 'en_us', ' blog '),
 ('206', 'slug', '0', 'en_us', ' test blog '),
 ('206', 'title', '0', 'en_us', ' behind the scenes making the ideabase promotional video todd thomson john vrhovnik '),
 ('146', 'field', '89', 'en_us', ''),
 ('119', 'field', '89', 'en_us', ''),
 ('120', 'field', '89', 'en_us', ''),
 ('147', 'field', '89', 'en_us', ''),
 ('207', 'filename', '0', 'en_us', ' reillyhawkins1 350x500 jpg '),
 ('207', 'extension', '0', 'en_us', ' jpg '),
 ('207', 'kind', '0', 'en_us', ' image '),
 ('207', 'slug', '0', 'en_us', ' reilly hawkins1 350x500 '),
 ('207', 'title', '0', 'en_us', ' reilly hawkins1 350x500 '),
 ('242', 'filename', '0', 'en_us', ' profile sample jpg '),
 ('241', 'title', '0', 'en_us', ' profile example2 '),
 ('67', 'field', '114', 'en_us', ' hawkins '),
 ('119', 'field', '114', 'en_us', ' dowling '),
 ('120', 'field', '114', 'en_us', ' hallahan '),
 ('146', 'field', '114', 'en_us', ' steele '),
 ('241', 'kind', '0', 'en_us', ' image '),
 ('241', 'slug', '0', 'en_us', ' profile example2 '),
 ('241', 'extension', '0', 'en_us', ' jpg '),
 ('241', 'filename', '0', 'en_us', ' profile example2 jpg '),
 ('146', 'field', '115', 'en_us', ' quintin '),
 ('240', 'slug', '0', 'en_us', ' ksu logo gray '),
 ('240', 'title', '0', 'en_us', ' ksu logo gray '),
 ('240', 'kind', '0', 'en_us', ' image '),
 ('240', 'extension', '0', 'en_us', ' svg '),
 ('147', 'field', '115', 'en_us', ' victoria '),
 ('147', 'field', '114', 'en_us', ' ripepi '),
 ('67', 'field', '115', 'en_us', ' reilly '),
 ('119', 'field', '115', 'en_us', ' kristin '),
 ('120', 'field', '115', 'en_us', ' christopher '),
 ('240', 'filename', '0', 'en_us', ' ksu_logo_gray svg '),
 ('239', 'title', '0', 'en_us', ' idea base trophy 03 '),
 ('239', 'slug', '0', 'en_us', ' idea base trophy 03 '),
 ('149', 'field', '115', 'en_us', ' larrie '),
 ('149', 'field', '114', 'en_us', ' king '),
 ('255', 'kind', '0', 'en_us', ' image '),
 ('213', 'field', '115', 'en_us', ' rachel '),
 ('213', 'field', '114', 'en_us', ' kozy '),
 ('213', 'field', '27', 'en_us', ' rachel1 350x500 '),
 ('213', 'field', '6', 'en_us', ' rachel kozy is one of the new designers at ideabase she is a senior vcd major who has interned for mtv and go media rachel enjoys video games a hobby she acquired from growing up with an older brother after graduating rachel would love to work as a designer at an agency or design firm '),
 ('213', 'field', '4', 'en_us', ' rkozy ideabasekent com '),
 ('213', 'field', '7', 'en_us', ' i play video games '),
 ('213', 'field', '26', 'en_us', ' student '),
 ('213', 'field', '3', 'en_us', ' designer '),
 ('213', 'field', '77', 'en_us', ' visual communication design '),
 ('213', 'field', '5', 'en_us', ''),
 ('213', 'field', '89', 'en_us', ''),
 ('213', 'slug', '0', 'en_us', ' rachel kozy '),
 ('213', 'title', '0', 'en_us', ' rachel kozy '),
 ('239', 'extension', '0', 'en_us', ' svg '),
 ('239', 'kind', '0', 'en_us', ' image '),
 ('239', 'filename', '0', 'en_us', ' ideabase_trophy 03 svg '),
 ('215', 'filename', '0', 'en_us', ' profile example2 jpg '),
 ('215', 'extension', '0', 'en_us', ' jpg '),
 ('215', 'kind', '0', 'en_us', ' image '),
 ('215', 'slug', '0', 'en_us', ' profile example2 '),
 ('215', 'title', '0', 'en_us', ' profile example2 '),
 ('266', 'slug', '0', 'en_us', ' test '),
 ('266', 'extension', '0', 'en_us', ' html '),
 ('266', 'kind', '0', 'en_us', ' html '),
 ('247', 'extension', '0', 'en_us', ' svg '),
 ('244', 'filename', '0', 'en_us', ' design svg '),
 ('244', 'extension', '0', 'en_us', ' svg '),
 ('244', 'kind', '0', 'en_us', ' image '),
 ('244', 'slug', '0', 'en_us', ' design '),
 ('244', 'title', '0', 'en_us', ' design '),
 ('245', 'filename', '0', 'en_us', ' discover svg '),
 ('245', 'extension', '0', 'en_us', ' svg '),
 ('245', 'kind', '0', 'en_us', ' image '),
 ('245', 'slug', '0', 'en_us', ' discover '),
 ('245', 'title', '0', 'en_us', ' discover '),
 ('246', 'filename', '0', 'en_us', ' ideabase_svgicons_bolt 01 svg '),
 ('246', 'extension', '0', 'en_us', ' svg '),
 ('246', 'kind', '0', 'en_us', ' image '),
 ('246', 'slug', '0', 'en_us', ' idea base svgicons bolt 01 '),
 ('246', 'title', '0', 'en_us', ' idea base svgicons bolt 01 '),
 ('247', 'filename', '0', 'en_us', ' ideabase_svgicons_cam 01 svg '),
 ('254', 'extension', '0', 'en_us', ' svg '),
 ('254', 'kind', '0', 'en_us', ' image '),
 ('254', 'slug', '0', 'en_us', ' idea base svgicons pencil 01 '),
 ('254', 'title', '0', 'en_us', ' idea base svgicons pencil 01 '),
 ('234', 'field', '115', 'en_us', ' martha '),
 ('234', 'field', '114', 'en_us', ' arbogast ');
INSERT INTO `craft_searchindex` (`elementId`, `attribute`, `fieldId`, `locale`, `keywords`) VALUES
 ('234', 'field', '27', 'en_us', ' martha head shot1 350x500 '),
 ('234', 'field', '6', 'en_us', ' martha arbogast is a senior vcd major she will be graduating this may after graduation martha is getting married and hopes to work at design firm around cleveland beyond design martha loves her dog ursa and hiking '),
 ('234', 'field', '4', 'en_us', ' marbogast ideabasekent com '),
 ('234', 'field', '7', 'en_us', ''),
 ('234', 'field', '26', 'en_us', ' student '),
 ('234', 'field', '3', 'en_us', ' designer '),
 ('234', 'field', '77', 'en_us', ' visual communication design '),
 ('234', 'field', '5', 'en_us', ''),
 ('234', 'field', '89', 'en_us', ''),
 ('234', 'slug', '0', 'en_us', ' martha arbogast '),
 ('234', 'title', '0', 'en_us', ' martha arbogast '),
 ('255', 'filename', '0', 'en_us', ' ideabase_svgicons_speech 01 svg '),
 ('255', 'extension', '0', 'en_us', ' svg '),
 ('247', 'kind', '0', 'en_us', ' image '),
 ('236', 'field', '115', 'en_us', ' sarah '),
 ('236', 'field', '114', 'en_us', ' holzer '),
 ('236', 'field', '27', 'en_us', ' sarah holzer 350x500 '),
 ('236', 'field', '6', 'en_us', ' sarah holzer is a senior in the vcd program she is a graphic designer at ideabase who started interning in the summer her favorite hobby is gardening and she loves puppies after graduation sarah hopes to obtain a career at a design firm or agency in new york city '),
 ('236', 'field', '4', 'en_us', ' sholzer ideabasekent com '),
 ('236', 'field', '7', 'en_us', ''),
 ('236', 'field', '26', 'en_us', ' student '),
 ('236', 'field', '3', 'en_us', ' designer '),
 ('236', 'field', '77', 'en_us', ' visual communication design '),
 ('236', 'field', '5', 'en_us', ''),
 ('236', 'field', '89', 'en_us', ''),
 ('236', 'slug', '0', 'en_us', ' sarah holzer '),
 ('236', 'title', '0', 'en_us', ' sarah holzer '),
 ('266', 'title', '0', 'en_us', ' test '),
 ('267', 'filename', '0', 'en_us', ' 16447262348_7476080e8c_o 350x500 jpg '),
 ('267', 'extension', '0', 'en_us', ' jpg '),
 ('267', 'kind', '0', 'en_us', ' image '),
 ('267', 'slug', '0', 'en_us', ' 16447262348 7476080e8c o 350x500 '),
 ('267', 'title', '0', 'en_us', ' 16447262348 7476080e8c o 350x500 '),
 ('268', 'filename', '0', 'en_us', ' chris edit 350x500 jpg '),
 ('268', 'extension', '0', 'en_us', ' jpg '),
 ('268', 'kind', '0', 'en_us', ' image '),
 ('268', 'slug', '0', 'en_us', ' chris edit 350x500 '),
 ('268', 'title', '0', 'en_us', ' chris edit 350x500 '),
 ('269', 'filename', '0', 'en_us', ' dowlingkristin 350x500 jpg '),
 ('269', 'extension', '0', 'en_us', ' jpg '),
 ('269', 'kind', '0', 'en_us', ' image '),
 ('269', 'slug', '0', 'en_us', ' dowling kristin 350x500 '),
 ('269', 'title', '0', 'en_us', ' dowling kristin 350x500 '),
 ('270', 'filename', '0', 'en_us', ' quintinsteele 350x500 jpg '),
 ('270', 'extension', '0', 'en_us', ' jpg '),
 ('270', 'kind', '0', 'en_us', ' image '),
 ('270', 'slug', '0', 'en_us', ' quintin steele 350x500 '),
 ('270', 'title', '0', 'en_us', ' quintin steele 350x500 '),
 ('271', 'filename', '0', 'en_us', ' arrow down white svg '),
 ('271', 'extension', '0', 'en_us', ' svg '),
 ('271', 'kind', '0', 'en_us', ' image '),
 ('271', 'slug', '0', 'en_us', ' arrow down white '),
 ('271', 'title', '0', 'en_us', ' arrow down white '),
 ('272', 'filename', '0', 'en_us', ' victoria1 350x500 jpg '),
 ('272', 'extension', '0', 'en_us', ' jpg '),
 ('272', 'kind', '0', 'en_us', ' image '),
 ('272', 'slug', '0', 'en_us', ' victoria1 350x500 '),
 ('272', 'title', '0', 'en_us', ' victoria1 350x500 '),
 ('273', 'filename', '0', 'en_us', ' arrow down white_151214_170627 svg '),
 ('273', 'extension', '0', 'en_us', ' svg '),
 ('273', 'kind', '0', 'en_us', ' image '),
 ('273', 'slug', '0', 'en_us', ' arrow down white 151214 170627 '),
 ('273', 'title', '0', 'en_us', ' arrow down white 151214 170627 '),
 ('274', 'filename', '0', 'en_us', ' arrow right blue svg '),
 ('274', 'extension', '0', 'en_us', ' svg '),
 ('274', 'kind', '0', 'en_us', ' image '),
 ('274', 'slug', '0', 'en_us', ' arrow right blue '),
 ('274', 'title', '0', 'en_us', ' arrow right blue '),
 ('275', 'filename', '0', 'en_us', ' arrow right blue_151214_170628 svg '),
 ('275', 'extension', '0', 'en_us', ' svg '),
 ('275', 'kind', '0', 'en_us', ' image '),
 ('275', 'slug', '0', 'en_us', ' arrow right blue 151214 170628 '),
 ('275', 'title', '0', 'en_us', ' arrow right blue 151214 170628 '),
 ('276', 'filename', '0', 'en_us', ' arrow right white svg '),
 ('276', 'extension', '0', 'en_us', ' svg '),
 ('276', 'kind', '0', 'en_us', ' image '),
 ('276', 'slug', '0', 'en_us', ' arrow right white '),
 ('276', 'title', '0', 'en_us', ' arrow right white '),
 ('277', 'filename', '0', 'en_us', ' arrow right white_151214_170629 svg '),
 ('277', 'extension', '0', 'en_us', ' svg '),
 ('277', 'kind', '0', 'en_us', ' image '),
 ('277', 'slug', '0', 'en_us', ' arrow right white 151214 170629 '),
 ('277', 'title', '0', 'en_us', ' arrow right white 151214 170629 '),
 ('278', 'filename', '0', 'en_us', ' bricks jpg '),
 ('278', 'extension', '0', 'en_us', ' jpg '),
 ('278', 'kind', '0', 'en_us', ' image '),
 ('278', 'slug', '0', 'en_us', ' bricks '),
 ('278', 'title', '0', 'en_us', ' bricks '),
 ('279', 'filename', '0', 'en_us', ' envelopeicon svg '),
 ('279', 'extension', '0', 'en_us', ' svg '),
 ('279', 'kind', '0', 'en_us', ' image '),
 ('279', 'slug', '0', 'en_us', ' envelopeicon '),
 ('279', 'title', '0', 'en_us', ' envelopeicon '),
 ('280', 'filename', '0', 'en_us', ' lightbulb sample png '),
 ('280', 'extension', '0', 'en_us', ' png '),
 ('280', 'kind', '0', 'en_us', ' image '),
 ('280', 'slug', '0', 'en_us', ' lightbulb sample '),
 ('280', 'title', '0', 'en_us', ' lightbulb sample '),
 ('281', 'filename', '0', 'en_us', ' practice jpg '),
 ('281', 'extension', '0', 'en_us', ' jpg ');
INSERT INTO `craft_searchindex` (`elementId`, `attribute`, `fieldId`, `locale`, `keywords`) VALUES
 ('281', 'kind', '0', 'en_us', ' image '),
 ('281', 'slug', '0', 'en_us', ' practice '),
 ('281', 'title', '0', 'en_us', ' practice '),
 ('282', 'filename', '0', 'en_us', ' profile example2 jpg '),
 ('282', 'extension', '0', 'en_us', ' jpg '),
 ('282', 'kind', '0', 'en_us', ' image '),
 ('282', 'slug', '0', 'en_us', ' profile example2 '),
 ('282', 'title', '0', 'en_us', ' profile example2 '),
 ('283', 'filename', '0', 'en_us', ' x svg '),
 ('283', 'extension', '0', 'en_us', ' svg '),
 ('283', 'kind', '0', 'en_us', ' image '),
 ('283', 'slug', '0', 'en_us', ' x '),
 ('283', 'title', '0', 'en_us', ' x '),
 ('284', 'filename', '0', 'en_us', ' x_151214_170629 svg '),
 ('284', 'extension', '0', 'en_us', ' svg '),
 ('284', 'kind', '0', 'en_us', ' image '),
 ('284', 'slug', '0', 'en_us', ' x 151214 170629 '),
 ('284', 'title', '0', 'en_us', ' x 151214 170629 '),
 ('285', 'filename', '0', 'en_us', ' profile sample jpg '),
 ('285', 'extension', '0', 'en_us', ' jpg '),
 ('285', 'kind', '0', 'en_us', ' image '),
 ('285', 'slug', '0', 'en_us', ' profile sample '),
 ('285', 'title', '0', 'en_us', ' profile sample '),
 ('286', 'filename', '0', 'en_us', ' test txt '),
 ('286', 'extension', '0', 'en_us', ' txt '),
 ('286', 'kind', '0', 'en_us', ' text '),
 ('286', 'slug', '0', 'en_us', ' test '),
 ('286', 'title', '0', 'en_us', ' test '),
 ('287', 'filename', '0', 'en_us', ' 16447262348_7476080e8c_o 350x500 jpg '),
 ('287', 'extension', '0', 'en_us', ' jpg '),
 ('287', 'kind', '0', 'en_us', ' image '),
 ('287', 'slug', '0', 'en_us', ' 16447262348 7476080e8c o 350x500 '),
 ('287', 'title', '0', 'en_us', ' 16447262348 7476080e8c o 350x500 '),
 ('288', 'filename', '0', 'en_us', ' brendanbennett 350x500 jpg '),
 ('288', 'extension', '0', 'en_us', ' jpg '),
 ('288', 'kind', '0', 'en_us', ' image '),
 ('288', 'slug', '0', 'en_us', ' brendan bennett 350x500 '),
 ('288', 'title', '0', 'en_us', ' brendan bennett 350x500 '),
 ('289', 'filename', '0', 'en_us', ' caitlinsmith 350x500 jpg '),
 ('289', 'extension', '0', 'en_us', ' jpg '),
 ('289', 'kind', '0', 'en_us', ' image '),
 ('289', 'slug', '0', 'en_us', ' caitlin smith 350x500 '),
 ('289', 'title', '0', 'en_us', ' caitlin smith 350x500 '),
 ('290', 'filename', '0', 'en_us', ' chris 350x500 jpg '),
 ('290', 'extension', '0', 'en_us', ' jpg '),
 ('290', 'kind', '0', 'en_us', ' image '),
 ('290', 'slug', '0', 'en_us', ' chris 350x500 '),
 ('290', 'title', '0', 'en_us', ' chris 350x500 '),
 ('291', 'filename', '0', 'en_us', ' chris edit 350x500 jpg '),
 ('291', 'extension', '0', 'en_us', ' jpg '),
 ('291', 'kind', '0', 'en_us', ' image '),
 ('291', 'slug', '0', 'en_us', ' chris edit 350x500 '),
 ('291', 'title', '0', 'en_us', ' chris edit 350x500 '),
 ('292', 'filename', '0', 'en_us', ' courtneyk 350x500 jpg '),
 ('292', 'extension', '0', 'en_us', ' jpg '),
 ('292', 'kind', '0', 'en_us', ' image '),
 ('292', 'slug', '0', 'en_us', ' courtney k 350x500 '),
 ('292', 'title', '0', 'en_us', ' courtney k 350x500 '),
 ('293', 'filename', '0', 'en_us', ' dowlingkristin 350x500 jpg '),
 ('293', 'extension', '0', 'en_us', ' jpg '),
 ('293', 'kind', '0', 'en_us', ' image '),
 ('293', 'slug', '0', 'en_us', ' dowling kristin 350x500 '),
 ('293', 'title', '0', 'en_us', ' dowling kristin 350x500 '),
 ('294', 'filename', '0', 'en_us', ' john headshot 350x500 jpg '),
 ('294', 'extension', '0', 'en_us', ' jpg '),
 ('294', 'kind', '0', 'en_us', ' image '),
 ('294', 'slug', '0', 'en_us', ' john headshot 350x500 '),
 ('294', 'title', '0', 'en_us', ' john headshot 350x500 '),
 ('295', 'filename', '0', 'en_us', ' mariofasolo 350x500 jpg '),
 ('295', 'extension', '0', 'en_us', ' jpg '),
 ('295', 'kind', '0', 'en_us', ' image '),
 ('295', 'slug', '0', 'en_us', ' mario fasolo 350x500 '),
 ('295', 'title', '0', 'en_us', ' mario fasolo 350x500 '),
 ('296', 'filename', '0', 'en_us', ' martha head shot1 350x500 jpg '),
 ('296', 'extension', '0', 'en_us', ' jpg '),
 ('296', 'kind', '0', 'en_us', ' image '),
 ('296', 'slug', '0', 'en_us', ' martha head shot1 350x500 '),
 ('296', 'title', '0', 'en_us', ' martha head shot1 350x500 '),
 ('297', 'filename', '0', 'en_us', ' nicociani 350x500 jpg '),
 ('297', 'extension', '0', 'en_us', ' jpg '),
 ('297', 'kind', '0', 'en_us', ' image '),
 ('297', 'slug', '0', 'en_us', ' nico ciani 350x500 '),
 ('297', 'title', '0', 'en_us', ' nico ciani 350x500 '),
 ('298', 'filename', '0', 'en_us', ' quintinsteele 350x500 jpg '),
 ('298', 'extension', '0', 'en_us', ' jpg '),
 ('298', 'kind', '0', 'en_us', ' image '),
 ('298', 'slug', '0', 'en_us', ' quintin steele 350x500 '),
 ('298', 'title', '0', 'en_us', ' quintin steele 350x500 '),
 ('299', 'filename', '0', 'en_us', ' rachel1 350x500 jpg '),
 ('299', 'extension', '0', 'en_us', ' jpg '),
 ('299', 'kind', '0', 'en_us', ' image '),
 ('299', 'slug', '0', 'en_us', ' rachel1 350x500 '),
 ('299', 'title', '0', 'en_us', ' rachel1 350x500 '),
 ('300', 'filename', '0', 'en_us', ' reillyhawkins1 350x500 jpg '),
 ('300', 'extension', '0', 'en_us', ' jpg '),
 ('300', 'kind', '0', 'en_us', ' image '),
 ('300', 'slug', '0', 'en_us', ' reilly hawkins1 350x500 '),
 ('300', 'title', '0', 'en_us', ' reilly hawkins1 350x500 '),
 ('301', 'filename', '0', 'en_us', ' robintucker 1 350x500 jpg '),
 ('301', 'extension', '0', 'en_us', ' jpg ');
INSERT INTO `craft_searchindex` (`elementId`, `attribute`, `fieldId`, `locale`, `keywords`) VALUES
 ('301', 'kind', '0', 'en_us', ' image '),
 ('301', 'slug', '0', 'en_us', ' robin tucker 1 350x500 '),
 ('301', 'title', '0', 'en_us', ' robin tucker 1 350x500 '),
 ('302', 'filename', '0', 'en_us', ' sarahholzer 350x500 jpg '),
 ('302', 'extension', '0', 'en_us', ' jpg '),
 ('302', 'kind', '0', 'en_us', ' image '),
 ('302', 'slug', '0', 'en_us', ' sarah holzer 350x500 '),
 ('302', 'title', '0', 'en_us', ' sarah holzer 350x500 '),
 ('303', 'filename', '0', 'en_us', ' smaurer 350x500 jpg '),
 ('303', 'extension', '0', 'en_us', ' jpg '),
 ('303', 'kind', '0', 'en_us', ' image '),
 ('303', 'slug', '0', 'en_us', ' smaurer 350x500 '),
 ('303', 'title', '0', 'en_us', ' smaurer 350x500 '),
 ('304', 'filename', '0', 'en_us', ' soft smile w scarf headshot_callie sullivan 350x500 jpg '),
 ('304', 'extension', '0', 'en_us', ' jpg '),
 ('304', 'kind', '0', 'en_us', ' image '),
 ('304', 'slug', '0', 'en_us', ' soft smile w scarf headshot callie sullivan 350x500 '),
 ('304', 'title', '0', 'en_us', ' soft smile w scarf headshot callie sullivan 350x500 '),
 ('305', 'filename', '0', 'en_us', ' todd thompson headshot1 350x500 jpg '),
 ('305', 'extension', '0', 'en_us', ' jpg '),
 ('305', 'kind', '0', 'en_us', ' image '),
 ('305', 'slug', '0', 'en_us', ' todd thompson headshot1 350x500 '),
 ('305', 'title', '0', 'en_us', ' todd thompson headshot1 350x500 '),
 ('306', 'filename', '0', 'en_us', ' trang 350x500 jpg '),
 ('306', 'extension', '0', 'en_us', ' jpg '),
 ('306', 'kind', '0', 'en_us', ' image '),
 ('306', 'slug', '0', 'en_us', ' trang 350x500 '),
 ('306', 'title', '0', 'en_us', ' trang 350x500 '),
 ('307', 'filename', '0', 'en_us', ' victoria1 350x500 jpg '),
 ('307', 'extension', '0', 'en_us', ' jpg '),
 ('307', 'kind', '0', 'en_us', ' image '),
 ('307', 'slug', '0', 'en_us', ' victoria1 350x500 '),
 ('307', 'title', '0', 'en_us', ' victoria1 350x500 '),
 ('309', 'slug', '0', 'en_us', ' 22210955613 4359e58c13 o '),
 ('309', 'title', '0', 'en_us', ' 22210955613 4359e58c13 o '),
 ('310', 'filename', '0', 'en_us', ' 22818609742_e0a0c83d14_o jpg '),
 ('310', 'extension', '0', 'en_us', ' jpg '),
 ('310', 'kind', '0', 'en_us', ' image '),
 ('310', 'slug', '0', 'en_us', ' 22818609742 e0a0c83d14 o '),
 ('310', 'title', '0', 'en_us', ' 22818609742 e0a0c83d14 o '),
 ('314', 'field', '48', 'en_us', ''),
 ('314', 'field', '88', 'en_us', ' web design '),
 ('314', 'field', '104', 'en_us', ' http www supportgoldenflashes com 2015_annual_report '),
 ('314', 'slug', '0', 'en_us', ' kent state athletics annual report 2015 '),
 ('314', 'title', '0', 'en_us', ' kent state athletics annual report 2015 '),
 ('315', 'field', '115', 'en_us', ' caitlin '),
 ('315', 'field', '114', 'en_us', ' smith '),
 ('315', 'field', '27', 'en_us', ' caitlin smith 350x500 '),
 ('315', 'field', '6', 'en_us', ''),
 ('315', 'field', '4', 'en_us', ' csmith ideabasekent com '),
 ('315', 'field', '7', 'en_us', ''),
 ('315', 'field', '26', 'en_us', ' student '),
 ('315', 'field', '3', 'en_us', ' account manager '),
 ('315', 'field', '77', 'en_us', ' marketing photo illustration '),
 ('315', 'field', '5', 'en_us', ''),
 ('315', 'field', '89', 'en_us', ''),
 ('315', 'slug', '0', 'en_us', ' caitlin smith '),
 ('315', 'title', '0', 'en_us', ' caitlin smith '),
 ('316', 'field', '115', 'en_us', ' callie '),
 ('316', 'field', '114', 'en_us', ' sullivan '),
 ('316', 'field', '27', 'en_us', ' soft smile w scarf headshot callie sullivan 350x500 '),
 ('316', 'field', '6', 'en_us', ' callie received her bachelor s degree in english from uw madison and is currently pursuing her master s degree in user experience design through kent state university where she will graduate in august of 2016 she is dually employed by ideabase as well as a pharmacy benefit management company called navitus based out of madison wisconsin at navitus callie works as a marketing analyst and is part of the organization s web team assisting primarily on content creation and organization for both the company s internal and external sites works in the marketing department of a pharmacy benefit management company called navitus based out of madison wisconsin at ideabase callie has worked on several projectsincluding the state library of ohio redesign the design of the ice consulting website and the redesign of the ideabase websiteas the lead content strategist and information architect when callie s not eating sleeping and breathing ux she s pursuing her other passions which include music the french language travel and cheese plates '),
 ('316', 'field', '4', 'en_us', ' csullivan ideabasekent com '),
 ('316', 'field', '7', 'en_us', ''),
 ('316', 'field', '26', 'en_us', ' student '),
 ('316', 'field', '3', 'en_us', ' ux designer '),
 ('316', 'field', '77', 'en_us', ' b a english m s user experience design graduate student '),
 ('316', 'field', '5', 'en_us', ''),
 ('316', 'field', '89', 'en_us', ' https www facebook com calliesheasullivan facebook https twitter com colormelucky_ twitter https www linkedin com in callie sullivan 4a53ab45 linkedin http www callie sullivan squarespace com callie s portfolio '),
 ('316', 'slug', '0', 'en_us', ' callie sullivan '),
 ('316', 'title', '0', 'en_us', ' callie sullivan '),
 ('317', 'field', '115', 'en_us', ' christopher '),
 ('317', 'field', '114', 'en_us', ' uhler '),
 ('317', 'field', '27', 'en_us', ' chris 350x500 '),
 ('317', 'field', '6', 'en_us', ' christopher is a graduate student studying user experience design he is in his second year he has a b a in film studies from the ohio state university beyond ideabase chris also works as a production manager at bent tree coffee roasters in his spare time chris enjoys riding around on his motorcycle backpacking and photography '),
 ('317', 'field', '4', 'en_us', ' cuhler ideabasekent com '),
 ('317', 'field', '7', 'en_us', ' he has been a photographer for over 15 years '),
 ('317', 'field', '26', 'en_us', ' student '),
 ('317', 'field', '3', 'en_us', ' ux designer '),
 ('317', 'field', '77', 'en_us', ' user experience design '),
 ('317', 'field', '5', 'en_us', ''),
 ('317', 'field', '89', 'en_us', ''),
 ('317', 'slug', '0', 'en_us', ' christopher uhler '),
 ('317', 'title', '0', 'en_us', ' christopher uhler '),
 ('318', 'field', '115', 'en_us', ' courtney '),
 ('318', 'field', '114', 'en_us', ' kaminski '),
 ('318', 'field', '27', 'en_us', ' courtney k 350x500 '),
 ('318', 'field', '6', 'en_us', ''),
 ('318', 'field', '4', 'en_us', ' ckaminski ideabasekent com '),
 ('318', 'field', '7', 'en_us', ''),
 ('318', 'field', '26', 'en_us', ' student '),
 ('318', 'field', '3', 'en_us', ' account manager '),
 ('318', 'field', '77', 'en_us', ' advertising '),
 ('318', 'field', '5', 'en_us', ''),
 ('318', 'field', '89', 'en_us', ''),
 ('318', 'slug', '0', 'en_us', ' courtney kaminski '),
 ('318', 'title', '0', 'en_us', ' courtney kaminski '),
 ('319', 'field', '115', 'en_us', ' grace '),
 ('319', 'field', '114', 'en_us', ' jacobsen '),
 ('319', 'field', '27', 'en_us', '');
INSERT INTO `craft_searchindex` (`elementId`, `attribute`, `fieldId`, `locale`, `keywords`) VALUES
 ('319', 'field', '6', 'en_us', ''),
 ('319', 'field', '4', 'en_us', ' gjacobsen ideabasekent com '),
 ('319', 'field', '7', 'en_us', ''),
 ('319', 'field', '26', 'en_us', ' student '),
 ('319', 'field', '3', 'en_us', ' designer '),
 ('319', 'field', '77', 'en_us', ''),
 ('319', 'field', '5', 'en_us', ''),
 ('319', 'field', '89', 'en_us', ''),
 ('319', 'slug', '0', 'en_us', ' grace jacobsen '),
 ('319', 'title', '0', 'en_us', ' grace jacobsen '),
 ('320', 'field', '115', 'en_us', ' john '),
 ('320', 'field', '114', 'en_us', ' vrhovnik '),
 ('320', 'field', '27', 'en_us', ' john headshot 350x500 '),
 ('320', 'field', '6', 'en_us', ' john vrhovnik is a bachelor of fine arts in visual communication design major and digital sciences minor graduating in spring of 2016 he works as a graphic designer at ideabase john enjoys making hand drawn lettering working out cooking hiking kayaking and making friends '),
 ('320', 'field', '4', 'en_us', ' jvrhovnik ideabasekent com '),
 ('320', 'field', '7', 'en_us', ' i can draw nice letters but my actual hand writing is worse than a first graders '),
 ('320', 'field', '26', 'en_us', ' student '),
 ('320', 'field', '3', 'en_us', ' designer '),
 ('320', 'field', '77', 'en_us', ' visual communication design '),
 ('320', 'field', '5', 'en_us', ''),
 ('320', 'field', '89', 'en_us', ''),
 ('320', 'slug', '0', 'en_us', ' john vrhovnik '),
 ('320', 'title', '0', 'en_us', ' john vrhovnik '),
 ('321', 'filename', '0', 'en_us', ' placeholder 01 350x5001 jpg '),
 ('321', 'extension', '0', 'en_us', ' jpg '),
 ('321', 'kind', '0', 'en_us', ' image '),
 ('321', 'slug', '0', 'en_us', ' placeholder 01 350x5001 '),
 ('321', 'title', '0', 'en_us', ' placeholder 01 350x5001 '),
 ('395', 'field', '22', 'en_us', ''),
 ('322', 'field', '115', 'en_us', ' mario '),
 ('322', 'field', '114', 'en_us', ' fasolo '),
 ('322', 'field', '27', 'en_us', ' mario fasolo 350x500 '),
 ('322', 'field', '6', 'en_us', ' mario is a senior visual communication design major at kent state he works at ideabase as a graphic designer and as a barista at tree city '),
 ('322', 'field', '4', 'en_us', ' mfasolo ideabasekent com '),
 ('322', 'field', '7', 'en_us', ''),
 ('322', 'field', '26', 'en_us', ' student '),
 ('322', 'field', '3', 'en_us', ' designer '),
 ('322', 'field', '77', 'en_us', ' visual communication design '),
 ('322', 'field', '5', 'en_us', ''),
 ('322', 'field', '89', 'en_us', ''),
 ('322', 'slug', '0', 'en_us', ' mario fasolo '),
 ('322', 'title', '0', 'en_us', ' mario fasolo '),
 ('323', 'field', '115', 'en_us', ' nico '),
 ('323', 'field', '114', 'en_us', ' ciani '),
 ('323', 'field', '27', 'en_us', ' nico ciani 350x500 '),
 ('323', 'field', '6', 'en_us', ''),
 ('323', 'field', '4', 'en_us', ' nciani ideabasekent com '),
 ('323', 'field', '7', 'en_us', ''),
 ('323', 'field', '26', 'en_us', ' student '),
 ('323', 'field', '3', 'en_us', ' designer '),
 ('323', 'field', '77', 'en_us', ' visual communication design '),
 ('323', 'field', '5', 'en_us', ''),
 ('323', 'field', '89', 'en_us', ''),
 ('323', 'slug', '0', 'en_us', ' nico ciani '),
 ('323', 'title', '0', 'en_us', ' nico ciani '),
 ('324', 'field', '115', 'en_us', ' robin '),
 ('324', 'field', '114', 'en_us', ' tucker '),
 ('324', 'field', '27', 'en_us', ' robin tucker 1 350x500 '),
 ('324', 'field', '6', 'en_us', ' robin tucker is majoring in advertising with a minor in marketing she is involved in advertising club and flash a thon on campus at ideabase robin works as an account manager along with her studies she is currently interning for cincy event planning robin likes to blog and do yoga she absolutely loves dogs and hopes to own a corgi one day '),
 ('324', 'field', '4', 'en_us', ' rtucker ideabasekent com '),
 ('324', 'field', '7', 'en_us', ''),
 ('324', 'field', '26', 'en_us', ' student '),
 ('324', 'field', '3', 'en_us', ' account manager '),
 ('324', 'field', '77', 'en_us', ' advertising '),
 ('324', 'field', '5', 'en_us', ''),
 ('324', 'field', '89', 'en_us', ''),
 ('324', 'slug', '0', 'en_us', ' robin tucker '),
 ('324', 'title', '0', 'en_us', ' robin tucker '),
 ('325', 'field', '115', 'en_us', ' shauna '),
 ('325', 'field', '114', 'en_us', ' maurer '),
 ('325', 'field', '27', 'en_us', ' smaurer 350x500 '),
 ('325', 'field', '6', 'en_us', ' shauna is a visual communication design major and nonprofit studies minor graduating in spring 2016 she eventually plans to combine both fields and design for a cause currently she works as a graphic designer at ideabase '),
 ('325', 'field', '4', 'en_us', ' smaurer ideabasekent com '),
 ('325', 'field', '7', 'en_us', ''),
 ('325', 'field', '26', 'en_us', ' student '),
 ('325', 'field', '3', 'en_us', ' designer '),
 ('325', 'field', '77', 'en_us', ' visual communication design '),
 ('325', 'field', '5', 'en_us', ''),
 ('325', 'field', '89', 'en_us', ''),
 ('325', 'slug', '0', 'en_us', ' shauna maurer '),
 ('325', 'title', '0', 'en_us', ' shauna maurer '),
 ('326', 'field', '115', 'en_us', ' todd '),
 ('326', 'field', '114', 'en_us', ' thompson '),
 ('326', 'field', '27', 'en_us', ' todd thompson headshot1 350x500 '),
 ('326', 'field', '6', 'en_us', ' todd thompson has an immense passion for anything involving cameras since todd was 13 years old he could always be seen with a camera in his hands now pursuing a life long career in video journalism starting at kent state and ideabase he hopes to work in the field and lend a hand in the current media transition from physical to digital format following his positions in kent ohio '),
 ('326', 'field', '4', 'en_us', ' tthompson ideabasekent com '),
 ('326', 'field', '7', 'en_us', ' i play in two different bands and enjoy working in ceramics '),
 ('326', 'field', '26', 'en_us', ' student '),
 ('326', 'field', '3', 'en_us', ' videographer '),
 ('326', 'field', '77', 'en_us', ' electronic media production '),
 ('326', 'field', '5', 'en_us', ''),
 ('326', 'field', '89', 'en_us', ''),
 ('326', 'slug', '0', 'en_us', ' todd thompson '),
 ('326', 'title', '0', 'en_us', ' todd thompson '),
 ('327', 'field', '115', 'en_us', ' trang '),
 ('327', 'field', '114', 'en_us', ' vu '),
 ('327', 'field', '27', 'en_us', ' trang 350x500 '),
 ('327', 'field', '6', 'en_us', ''),
 ('327', 'field', '4', 'en_us', ' tvu ideabasekent com '),
 ('327', 'field', '7', 'en_us', '');
INSERT INTO `craft_searchindex` (`elementId`, `attribute`, `fieldId`, `locale`, `keywords`) VALUES
 ('327', 'field', '26', 'en_us', ' student '),
 ('327', 'field', '3', 'en_us', ' accountant '),
 ('327', 'field', '77', 'en_us', ' accounting '),
 ('327', 'field', '5', 'en_us', ''),
 ('327', 'field', '89', 'en_us', ''),
 ('327', 'slug', '0', 'en_us', ' trang vu '),
 ('327', 'title', '0', 'en_us', ' trang vu '),
 ('328', 'filename', '0', 'en_us', ' static1 squarespace jpg '),
 ('328', 'extension', '0', 'en_us', ' jpg '),
 ('328', 'kind', '0', 'en_us', ' image '),
 ('328', 'slug', '0', 'en_us', ' static1 squarespace '),
 ('328', 'title', '0', 'en_us', ' static1 squarespace '),
 ('329', 'filename', '0', 'en_us', ' 1409156187 this one word will always stifle creativity jpg '),
 ('329', 'extension', '0', 'en_us', ' jpg '),
 ('329', 'kind', '0', 'en_us', ' image '),
 ('329', 'slug', '0', 'en_us', ' 1409156187 this one word will always stifle creativity '),
 ('329', 'title', '0', 'en_us', ' 1409156187 this one word will always stifle creativity '),
 ('131', 'field', '92', 'en_us', ' 1409156187 this one word will always stifle creativity '),
 ('131', 'field', '60', 'en_us', ' rachel kozy '),
 ('330', 'filename', '0', 'en_us', ' slis screenshots 1500x786 jpg '),
 ('330', 'extension', '0', 'en_us', ' jpg '),
 ('330', 'kind', '0', 'en_us', ' image '),
 ('330', 'slug', '0', 'en_us', ' slis screenshots 1500x786 '),
 ('330', 'title', '0', 'en_us', ' slis screenshots 1500x786 '),
 ('125', 'field', '92', 'en_us', ' slis screenshots 1500x786 '),
 ('125', 'field', '60', 'en_us', ' ashley kozak '),
 ('331', 'filename', '0', 'en_us', ' 637255612 1 1500x938 jpg '),
 ('331', 'extension', '0', 'en_us', ' jpg '),
 ('331', 'kind', '0', 'en_us', ' image '),
 ('331', 'slug', '0', 'en_us', ' 637255612 1 1500x938 '),
 ('331', 'title', '0', 'en_us', ' 637255612 1 1500x938 '),
 ('80', 'field', '92', 'en_us', ' 637255612 1 1500x938 '),
 ('80', 'field', '60', 'en_us', ' megan johnson '),
 ('332', 'filename', '0', 'en_us', ' ivy lane pic jpg '),
 ('332', 'extension', '0', 'en_us', ' jpg '),
 ('332', 'kind', '0', 'en_us', ' image '),
 ('332', 'slug', '0', 'en_us', ' ivy lane pic '),
 ('332', 'title', '0', 'en_us', ' ivy lane pic '),
 ('73', 'field', '92', 'en_us', ' ivy lane pic '),
 ('73', 'field', '60', 'en_us', ' robin tucker '),
 ('333', 'filename', '0', 'en_us', ' camera jpg '),
 ('333', 'extension', '0', 'en_us', ' jpg '),
 ('333', 'kind', '0', 'en_us', ' image '),
 ('333', 'slug', '0', 'en_us', ' camera '),
 ('333', 'title', '0', 'en_us', ' camera '),
 ('334', 'filename', '0', 'en_us', ' older intern 1500x715 jpg '),
 ('334', 'extension', '0', 'en_us', ' jpg '),
 ('334', 'kind', '0', 'en_us', ' image '),
 ('334', 'slug', '0', 'en_us', ' older intern 1500x715 '),
 ('334', 'title', '0', 'en_us', ' older intern 1500x715 '),
 ('335', 'field', '92', 'en_us', ' older intern 1500x715 '),
 ('335', 'field', '11', 'en_us', ' students can gain a lot of valuable real life work skills from interning at ideabase i learned how to communicate with clients more efficiently stay on top of my projects and fill out client information forms i also learned how to do some visual design work my name is elena rounsley and i am an account management intern at ideabase my major is in applied communications and i have a minor in advertising i first heard about ideabase from a former employee evan bailey at ideabase i get real life work experience i get to work with clients and a creative team i plan on working in an agency after gradation so this experience is great before graduation working at ideabase compared to other student jobs is quite different i am a bartender at mikes place and the money i make as a bartender is great i don t receive life experience like i do at ideabase though i don t plan on staying a bartender my entire life so i m glad ideabase has given me work experience directly related to my major the work environment at ideabase is friendly everyone who works at ideabase is open to help anyone and answer any questions it s the type of environment where you feel welcomed right when you walk in the door working at ideabase has prepared me for working in an agency after graduation in many ways it has taught me how to work with others and connect with people on different levels i have gained experience in areas i previously knew little about i have also gotten a taste of what it will be like working in an agency and with a creative team after graduation i will be looking for account management positions at different agencies in charlotte north carolina i will also be applying for sales positions and broadcasting positions i really want to work in account management but after graduation i am willing to work any position in order to gain more experience i don t necessarily have a dream job but i will say that my dream is to work somewhere i enjoy going to every day i want to be able to wake up and get excited to go to work i also want to be able to take of care of myself and not struggle lastly i want to thank ideabase for giving me the opportunity to work and gain experience at their agency i appreciate all that they have done for me written by elena rounsley '),
 ('335', 'field', '60', 'en_us', ' elena rounsley '),
 ('335', 'field', '49', 'en_us', ' blog '),
 ('335', 'slug', '0', 'en_us', ' interning at ideabase elena rounsley '),
 ('335', 'title', '0', 'en_us', ' interning at ideabase elena rounsley '),
 ('336', 'filename', '0', 'en_us', ' 11034893_10153643608919622_1993049094911321176_n png '),
 ('336', 'extension', '0', 'en_us', ' png '),
 ('336', 'kind', '0', 'en_us', ' image '),
 ('336', 'slug', '0', 'en_us', ' 11034893 10153643608919622 1993049094911321176 n '),
 ('336', 'title', '0', 'en_us', ' 11034893 10153643608919622 1993049094911321176 n '),
 ('337', 'field', '92', 'en_us', ' 11034893 10153643608919622 1993049094911321176 n '),
 ('337', 'field', '11', 'en_us', ' baseball and computers are not necessarily related to each other but they are my two biggest passions my name is reilly hawkins i am a baseball player for kent state and i am also computer systems information major i work as a web developer for ideabase i chose computer information systems as my major because computers have always interested me i was always playing on them growing up finding out how they worked and trying to improve the one that i had i also like to be presented with problems it s satisfying figuring out a solution to a tough problem when it comes to baseball i ve been playing for as long as i can remember i loved the thrill of getting the opportunity each game to make an outstanding play or get a big hit and it just stuck with me even now the atmosphere of the sport is awesome baseball is a more laid back sport there is still a lot of hard work put into a win but it s not high tension like some other sports with baseball you just have to go with the flow baseball has taught me most about facing adversity and coming together as a team it s a game of failure and it takes a mentally tough person to stick with the game even when nothing seems to go the right way also baseball is unique in the sense that anything can happen on any day with some other sports it s rare to see a nationally large team get beaten by a small school that no one has heard of however with baseball if one guy has a great day and the other team is not having a good day the small school is always in the hunt to win some games as for my work at ideabase i am currently working on designing and creating a new website for the state library of ohio it is a tremendous task that we have been working hard on for a few months now it s a really great experience getting to work in a team with other majors each person brings their own talents to the table it also gives me real life experience which will be applicable after graduation i enjoy working at ideabase because of the atmosphere everyone is a student and the expectations for us are realistic each person has to learn new information and apply it to each new project we work with real clients on real websites so it s not just working on a project and turning it in for a grade everything that ideabase makes is out there for everyone to see it s a cool feeling knowing that you ve left an impression on someone through your work '),
 ('337', 'field', '60', 'en_us', ' reilly hawkins '),
 ('337', 'field', '49', 'en_us', ' blog '),
 ('337', 'slug', '0', 'en_us', ' from the field to the web reilly hawkins '),
 ('337', 'title', '0', 'en_us', ' from the field to the web reilly hawkins '),
 ('338', 'filename', '0', 'en_us', ' coffee 1500x1125 jpeg '),
 ('338', 'extension', '0', 'en_us', ' jpeg '),
 ('338', 'kind', '0', 'en_us', ' image '),
 ('338', 'slug', '0', 'en_us', ' coffee 1500x1125 '),
 ('338', 'title', '0', 'en_us', ' coffee 1500x1125 '),
 ('339', 'field', '92', 'en_us', ' coffee 1500x1125 '),
 ('339', 'field', '11', 'en_us', ' my name is chris uhler and i m a user experience designer at ideabase i m also a graduate student in kent state s user experience design program ideabase has been a great opportunity for gaining real world experience personally i ve been learning a ton from my manager chris hallahan he is a super awesome resource and it s truly rewarding to be able to work on a project the whole way through before i started at ideabase in march i actually had no idea this place even existed until my co worker at bent tree coffee roasters told me about it i ve been working at bent tree also here in kent for two years as a production manager but i m glad i found out about ideabase because it s a great starting point for my future in the user experience design field my main client right now is northeast ohio medical university i am working on a competitive analysis for them in support of their future website redesign a competitive analysis is basically the process of looking at similar websites and analyzing their strengths and weaknesses i ve also created and sent out a survey to get feedback on the current site and i ll be analyzing the data when the survey closes i stay super busy with work and school but in my spare time i enjoy photography home brewing and my motorcycle recently i made a kolsch brew which is a light sweet beer i think it turned out pretty well i needed a break from the heavy stuff and this was a nice alternative right now i m just super excited to get married in the fall my fiance and i have been together about 5 years we actually met at kent state and have been together ever since overall i am just excited for the experience at ideabase i know i will be able to learn a lot here and can use this experience as a good foundation for my future '),
 ('339', 'field', '60', 'en_us', ' christopher uhler '),
 ('339', 'field', '49', 'en_us', ' blog '),
 ('339', 'slug', '0', 'en_us', ' beyond the beans life of a coffee roaster and user experience designer christopher uhler '),
 ('339', 'title', '0', 'en_us', ' beyond the beans life of a coffee roaster and user experience designer christopher uhler '),
 ('340', 'filename', '0', 'en_us', ' istock_000038782704_double 1500x1000 jpg '),
 ('340', 'extension', '0', 'en_us', ' jpg '),
 ('340', 'kind', '0', 'en_us', ' image '),
 ('340', 'slug', '0', 'en_us', ' i stock 000038782704 double 1500x1000 '),
 ('340', 'title', '0', 'en_us', ' i stock 000038782704 double 1500x1000 '),
 ('341', 'field', '92', 'en_us', ' i stock 000038782704 double 1500x1000 '),
 ('341', 'field', '11', 'en_us', ' to say i ve learned a lot at ideabase would be an understatement not only have i had the chance to design materials for clients but i also have had the opportunity to work with a team that aligns with the high standards of ksu s graphic design program even if i m having a bad day before work the atmosphere at ideabase cheers me up it is a place where everyone can feel welcome to provide ideas to each project as well as assist each other in the process i am a senior graphic design major with a minor in nonprofit studies i m excited to use both of these fields combined designing for a philanthropic cause in the future i am interested in bringing people together to make a difference in others lives i ve been working with clients at ideabase that are in the business of helping people or informing customers about boating safety in addition to selling boats these clients are summa health systems industry consulting enterprise and boat house marine working with these clients has expanded my knowledge about their business initiatives as well as their preferences for the materials i design in addition to the graphic design and philanthropic fields i also enjoy writing which comes in handy when writing content for the future nonprofit initiatives in addition i enjoy dancing freestyle of course photography and exploring new places and learning about new cultures '),
 ('341', 'field', '60', 'en_us', ' shauna maurer '),
 ('341', 'field', '49', 'en_us', ' blog '),
 ('341', 'slug', '0', 'en_us', ' design that makes a difference shauna maurer '),
 ('341', 'title', '0', 'en_us', ' design that makes a difference shauna maurer '),
 ('342', 'filename', '0', 'en_us', ' istock_000033525494_full 1500x1000 jpg '),
 ('342', 'extension', '0', 'en_us', ' jpg '),
 ('342', 'kind', '0', 'en_us', ' image '),
 ('342', 'slug', '0', 'en_us', ' i stock 000033525494 full 1500x1000 '),
 ('342', 'title', '0', 'en_us', ' i stock 000033525494 full 1500x1000 '),
 ('343', 'filename', '0', 'en_us', ' mario_image jpg '),
 ('343', 'extension', '0', 'en_us', ' jpg '),
 ('343', 'kind', '0', 'en_us', ' image '),
 ('343', 'slug', '0', 'en_us', ' mario image '),
 ('343', 'title', '0', 'en_us', ' mario image '),
 ('344', 'field', '92', 'en_us', ' i stock 000033525494 full 1500x1000 ');
INSERT INTO `craft_searchindex` (`elementId`, `attribute`, `fieldId`, `locale`, `keywords`) VALUES
 ('344', 'field', '11', 'en_us', ' hi my name is mario fasolo and i have been a designer at ideabase for about one year i am going to be entering my fifth and final year of the visual communication design program this upcoming fall i am set to graduate in spring 2015 with a bachelor of fine arts with a concentration in 2 d design between working at ideabase and attending school full time i create coffee drinks as a barista at the nearby coffee shop tree city and post daily design creations on my instagram basically i believe that i was created to create and feel that it s my responsibility to do so i would like to be able to easily sum up the kind of work i do at ideabase but i don t really think it s possible i ve worked on designing websites for kent state professors identities for small businesses libraries industrial motors and most recently kent state athletics but no biography would be complete without the most important stepping stone in my career so far wwe wrestling at the mere age of 9 i purchased my first design program that was a cheap version of photoshop to create small graphics and websites for wrestling message boards my first official website design created over 11 years ago on my first computer in fifth grade is featured above along with my first attempts in life to create things digitally they help to serve as a reminder that with practice anything is possible i don t actually know if i would have gotten into graphic design if i hadn t spent so many childhood days at the computer because of my short lived obsession with wrestling that turned into graphic design years later i had always enjoyed art to an extent but could never really draw so the computer was an absolute blessing to me i knew from fifth grade on that i wanted to be a graphic designer but in reality i had no idea what that actually meant fast forward four years through ksu s brutal vcd program filled with broken spirits and countless revisions and i think i actually have some idea of what i m doing now the most helpful experiences at ideabase would have to be the sheer number of diverse clients i ve worked with i can t specialize in one single style because every client has a different goal and aesthetic that you have to be able to adapt i wouldn t seek out designing a really detailed flyer of a vacuum cleaner motor but i have now done so and ended up absolutely loving it ideabase has provided me with an array of interesting projects and i m excited to work on as many of them as i can in the future '),
 ('344', 'field', '60', 'en_us', ' mario fasolo '),
 ('344', 'field', '49', 'en_us', ' blog '),
 ('344', 'slug', '0', 'en_us', ' from wrestling to the workforce mario fasolo '),
 ('344', 'title', '0', 'en_us', ' from wrestling to the workforce mario fasolo '),
 ('345', 'filename', '0', 'en_us', ' 5319f4c2dbfa3f44830041bd _w 540_s fit jpg '),
 ('345', 'extension', '0', 'en_us', ' jpg '),
 ('345', 'kind', '0', 'en_us', ' image '),
 ('345', 'slug', '0', 'en_us', ' 5319f4c2dbfa3f44830041bd w 540 s fit '),
 ('345', 'title', '0', 'en_us', ' 5319f4c2dbfa3f44830041bd w 540 s fit '),
 ('346', 'field', '92', 'en_us', ' 5319f4c2dbfa3f44830041bd w 540 s fit '),
 ('346', 'field', '11', 'en_us', ' hi my name is sarah holzer and i m a senior visual communications design major i started working at ideabase in the summer of 2015 it counted as my internship but i will be continuing to work here throughout the fall i m lucky to have a lot of friends that work at ideabase which is how i heard they were hiring for the summer there are a lot of things i like about vcd the main one being that i obviously get to be creative and i get to study a hobby of mine and make it a career i also really like the community within vcd the students in the program have become some of my best friends and it s awesome to have classes with them ideabase has definitely helped prepare me for my future career in graphic design my main takeaway so far is learning how to work directly with clients my first week here i had to present logo concepts to a client and that isn t an experience i would have learned in a classroom if i had to choose a favorite thing about ideabase it would have be the sense of community i feel pretty lucky to honestly be able to say i like every single person that i work with and it s nice to feel comfortable enough to ask for help if you need it a lot of places can be competitive and people may be scared to ask questions but ideabase is never like that it s a very collaborative and helpful environment beyond ideabase and my studies i love gardening i m currently growing a lemon tree and an apple tree my apartment is also filled with lots of plants i think that s one of the best ways to make a house a home i also really like yoga and puppies but who doesn t love puppies after graduation i plan on working at an advertising agency or design firm in pittsburgh i want to save some money and move to new york city as soon as i can afford it so i can further my career there hopefully soon i ll be happily working in new york with a new puppy and lots of plants '),
 ('346', 'field', '60', 'en_us', ' sarah holzer '),
 ('346', 'field', '49', 'en_us', ' blog '),
 ('346', 'slug', '0', 'en_us', ' the atmosphere of ideabase sarah holzers story '),
 ('346', 'title', '0', 'en_us', ' the atmosphere of ideabase sarah holzer s story '),
 ('347', 'filename', '0', 'en_us', ' computer science2 jpg '),
 ('347', 'extension', '0', 'en_us', ' jpg '),
 ('347', 'kind', '0', 'en_us', ' image '),
 ('347', 'slug', '0', 'en_us', ' computer science2 '),
 ('347', 'title', '0', 'en_us', ' computer science2 '),
 ('348', 'field', '92', 'en_us', ' computer science2 '),
 ('348', 'field', '11', 'en_us', ' hello my name is trista finch and i m currently a senior at bio med science academy the high school that s in northeast ohio medical university i first heard about ideabase when i was a junior i was preparing for my senior experience and i was looking for a local creative agency that i could intern for every day of my senior year after my classes i was nervous and hopeful when i first contacted ideabase but looking back this place is better than i could ve ever imagined the things i love most about being here would have to be the environment and the people it s great to be surrounded by amazing designers who are passionate about what they do and are willing to critique my work and help me become a better designer ideabase is relaxed and fun while still productive of course from the music that s always playing to messing around with the other students that work here they ve never had a high school student be a part of the company so this is a new experience for everyone my time here normally consists of working on the branding project that i m currently in the middle of and getting feedback from the other designers sitting in on meetings so i can learn more about the business side of the profession and attending the responsive web design and glyphix classes i ve learned so much from the people here everything from programs like illustrator and indesign to social skills from being at the meetings and events that are held there at the moment i m focusing on design but i will be shifting to programming later in the year and am eager to broaden my skills there too i m ecstatic for college next year and am planning to pursue a combined degree in design and computer science i am considering kent especially because of the opportunities like ideabase that i would have there outside of school and my internship i lead the youth group and volunteer at passion community church read as many books from as many genres as i can poetry horror fiction nonfiction anything i can get my hands on and in turn i love writing poetry and short stories of my own also in the winter i m in the ski club at my school and go snowmobiling with my family '),
 ('348', 'field', '60', 'en_us', ' trista finch '),
 ('348', 'field', '49', 'en_us', ' blog '),
 ('348', 'slug', '0', 'en_us', ' meet our first high school intern trista finch '),
 ('348', 'title', '0', 'en_us', ' meet our first high school intern trista finch '),
 ('349', 'filename', '0', 'en_us', ' national_air_and_space_museum_entrance 1500x998 jpg '),
 ('349', 'extension', '0', 'en_us', ' jpg '),
 ('349', 'kind', '0', 'en_us', ' image '),
 ('349', 'slug', '0', 'en_us', ' national air and space museum entrance 1500x998 '),
 ('349', 'title', '0', 'en_us', ' national air and space museum entrance 1500x998 '),
 ('350', 'field', '92', 'en_us', ' national air and space museum entrance 1500x998 '),
 ('350', 'field', '11', 'en_us', ' my name is martha arbogast and i m a senior visual communication design graduating in may my position at ideabase is a designer i heard about ideabase from the creative director quintin steele who was in one of my design classes with me during the spring semester he talked to me about interning at ideabase and encouraged me to apply so i did before working for ideabase i interned at the smithsonian national air and space museum this past summer in washington d c my position involved participating in the intern experiences with all of the other interns working there over the summer meeting with the in house clients from different departments and designing different types of materials i worked on a multitude of projects from event branding to signage during the ten weeks that i was interning a lot of the projects had a waiting period where i d have to see what the client or his or her superior thought of my work before i could continue so i d just continue to ask for more to work on all of the projects were for the museum and i worked with different departments in the museum from visitor services to education i learned the importance of working in a positive work environment as an intern i was encouraged to seek out any opportunity where i could to learn more i attended an eye opening workshop about interaction design which i was able to apply to my studies this semester i watched the imax films that museum was featuring and i would venture downstairs to view the exhibits before the museum opened to the public the people i worked with were collaborative and kind i received helpful direct critiques from my superior jennifer carlton and she always was encouraging ideabase has the same positive work environment that the national air and space museum had every one of the staff members at ideabase is supportive and helpful they encourage us to utilize resources that are available to us we all work in a single space clustered around computers and tables so it just feeds into the idea of collaboration i also had a similar experience at the national air and space museum the other interns in the department about 7 of us all worked in one room surrounded by the offices of our superiors we called it the fishbowl ideabase is of course different in the structure since it s a business while the museum environment is not my goal is to one day work at a design firm i d love to work at a place where i d have the opportunity to work with different clients and be inspired by working with other design professionals something i m really passionate about besides design is my dog i have a six year old german shepherd named ursa i grew up around dogs and horses living out in the country in central ohio so being around animals is something that always stuck with me my mom is a dog trainer and breeder i got ursa when i was in high school and trained her in obedience work along with becoming a certified therapy dog my mom and i would visit nursing homes and take ursa and ursa s dad bosko with us it s the best to have a dog because she encourages me to go on walks outside even after a long day of classes my other favorite activity is hiking in the cuyahoga valley national park my fiance and i go there regularly during each season it just really helps to unwind from all the chaos of school and work after graduation i m getting married at the end of september so currently i m planning to stay around cleveland once i graduate in may and work at a design firm '),
 ('350', 'field', '60', 'en_us', ' martha arbogast '),
 ('350', 'field', '49', 'en_us', ' blog '),
 ('350', 'slug', '0', 'en_us', ' designing in d c martha arbogast '),
 ('350', 'title', '0', 'en_us', ' designing in d c martha arbogast '),
 ('351', 'filename', '0', 'en_us', ' screenshot 2015 07 06 10 02 192 710x492 png '),
 ('351', 'extension', '0', 'en_us', ' png '),
 ('351', 'kind', '0', 'en_us', ' image '),
 ('351', 'slug', '0', 'en_us', ' screenshot 2015 07 06 10 02 192 710x492 '),
 ('351', 'title', '0', 'en_us', ' screenshot 2015 07 06 10 02 192 710x492 '),
 ('352', 'filename', '0', 'en_us', ' ice screenshots2 710x372 png '),
 ('352', 'extension', '0', 'en_us', ' png '),
 ('352', 'kind', '0', 'en_us', ' image '),
 ('352', 'slug', '0', 'en_us', ' ice screenshots2 710x372 '),
 ('352', 'title', '0', 'en_us', ' ice screenshots2 710x372 '),
 ('353', 'field', '46', 'en_us', ' screenshot 2015 07 06 10 02 192 710x492 ice screenshots2 710x372 '),
 ('353', 'field', '61', 'en_us', ' john vrhovnik callie sullivan christopher hallahan kristin dowling quintin steele '),
 ('353', 'field', '9', 'en_us', ' ideabase redesigned the ice consulting website and glyphix kentglyphix org created a new brand identity and logo for ice consulting in july 2015 the website uses a customized template from squarespace com with colors type and custom designed iconography that matches the new ice identity and the content was written and positioned to match the ice business goals and increase search optimization the website was also designed to be responsive and scale across multiple devices '),
 ('353', 'field', '48', 'en_us', ''),
 ('353', 'field', '88', 'en_us', ' branding illustration web design '),
 ('353', 'field', '104', 'en_us', ' http iceconsulting org '),
 ('353', 'slug', '0', 'en_us', ' ice consulting '),
 ('353', 'title', '0', 'en_us', ' ice consulting '),
 ('354', 'filename', '0', 'en_us', ' slis screenshots 710x372 jpg '),
 ('354', 'extension', '0', 'en_us', ' jpg '),
 ('354', 'kind', '0', 'en_us', ' image '),
 ('354', 'slug', '0', 'en_us', ' slis screenshots 710x372 '),
 ('354', 'title', '0', 'en_us', ' slis screenshots 710x372 '),
 ('355', 'field', '46', 'en_us', ' slis screenshots 710x372 '),
 ('355', 'field', '61', 'en_us', ' christopher hallahan quintin steele nico ciani brendan bennett ashley kozak laura king '),
 ('355', 'field', '9', 'en_us', ' ideabase took on the research design and development for the school of library information science over a 9 month period launching in january 2015 the website features a custom responsive design template research backed content and navigation and was built in drupal according to kent state university s web standards '),
 ('355', 'field', '48', 'en_us', ''),
 ('355', 'field', '88', 'en_us', ' branding print web design '),
 ('355', 'field', '104', 'en_us', ' http www kent edu slis '),
 ('355', 'slug', '0', 'en_us', ' school of library information science '),
 ('355', 'title', '0', 'en_us', ' school of library information science '),
 ('356', 'filename', '0', 'en_us', ' state library screenshots 1500x786 png '),
 ('356', 'extension', '0', 'en_us', ' png '),
 ('356', 'kind', '0', 'en_us', ' image '),
 ('356', 'slug', '0', 'en_us', ' state library screenshots 1500x786 '),
 ('356', 'title', '0', 'en_us', ' state library screenshots 1500x786 '),
 ('357', 'field', '46', 'en_us', ' state library screenshots 1500x786 '),
 ('357', 'field', '61', 'en_us', ' christopher hallahan callie sullivan nico ciani reilly hawkins brendan bennett '),
 ('357', 'field', '9', 'en_us', ' ideabase redesigned the state library of ohio website in may 2015 the site features a new interface improved site navigation and enhanced search functionality view the video to see the site in action or visit the site to learn more '),
 ('357', 'field', '48', 'en_us', ''),
 ('357', 'field', '88', 'en_us', ' web design '),
 ('357', 'field', '104', 'en_us', ' https library ohio gov '),
 ('357', 'slug', '0', 'en_us', ' state library of ohio '),
 ('357', 'title', '0', 'en_us', ' state library of ohio '),
 ('358', 'filename', '0', 'en_us', ' img_7279_web 710x450 jpg '),
 ('358', 'extension', '0', 'en_us', ' jpg '),
 ('358', 'kind', '0', 'en_us', ' image '),
 ('358', 'slug', '0', 'en_us', ' img 7279 web 710x450 '),
 ('358', 'title', '0', 'en_us', ' img 7279 web 710x450 '),
 ('359', 'filename', '0', 'en_us', ' img_7283_web 710x450 jpg '),
 ('359', 'extension', '0', 'en_us', ' jpg '),
 ('359', 'kind', '0', 'en_us', ' image '),
 ('359', 'slug', '0', 'en_us', ' img 7283 web 710x450 '),
 ('359', 'title', '0', 'en_us', ' img 7283 web 710x450 '),
 ('360', 'filename', '0', 'en_us', ' img_7314_web jpg '),
 ('360', 'extension', '0', 'en_us', ' jpg '),
 ('360', 'kind', '0', 'en_us', ' image '),
 ('360', 'slug', '0', 'en_us', ' img 7314 web '),
 ('360', 'title', '0', 'en_us', ' img 7314 web '),
 ('361', 'filename', '0', 'en_us', ' img_7315_web 710x450 jpg '),
 ('361', 'extension', '0', 'en_us', ' jpg '),
 ('361', 'kind', '0', 'en_us', ' image ');
INSERT INTO `craft_searchindex` (`elementId`, `attribute`, `fieldId`, `locale`, `keywords`) VALUES
 ('361', 'slug', '0', 'en_us', ' img 7315 web 710x450 '),
 ('361', 'title', '0', 'en_us', ' img 7315 web 710x450 '),
 ('362', 'filename', '0', 'en_us', ' img_7318_web jpg '),
 ('362', 'extension', '0', 'en_us', ' jpg '),
 ('362', 'kind', '0', 'en_us', ' image '),
 ('362', 'slug', '0', 'en_us', ' img 7318 web '),
 ('362', 'title', '0', 'en_us', ' img 7318 web '),
 ('363', 'field', '46', 'en_us', ' img 7314 web '),
 ('363', 'field', '61', 'en_us', ' john vrhovnik rachel kozy '),
 ('363', 'field', '9', 'en_us', ' designed and photographed entirely by ideabase and glyphix students this printed brochure is given to prospective clients as an introduction to the agency s services and student staff members '),
 ('363', 'field', '48', 'en_us', ' img 7279 web 710x450 img 7283 web 710x450 img 7314 web img 7315 web 710x450 img 7318 web '),
 ('363', 'field', '88', 'en_us', ' branding photography print '),
 ('363', 'field', '104', 'en_us', ' http ideabasekent com production new wp content uploads 2015 04 ideabase_brochure_web_pdf pdf '),
 ('363', 'slug', '0', 'en_us', ' ideabase and glyphix printed brochure '),
 ('363', 'title', '0', 'en_us', ' ideabase and glyphix printed brochure '),
 ('364', 'filename', '0', 'en_us', ' florence jpg '),
 ('364', 'extension', '0', 'en_us', ' jpg '),
 ('364', 'kind', '0', 'en_us', ' image '),
 ('364', 'slug', '0', 'en_us', ' florence '),
 ('364', 'title', '0', 'en_us', ' florence '),
 ('365', 'field', '46', 'en_us', ' florence '),
 ('365', 'field', '61', 'en_us', ' larrie king '),
 ('365', 'field', '9', 'en_us', ' the florence alumni friends tour campaign was developed for kent state s college of communication and information with the goal of promoting an exclusive trip to florence italy for alumni of the college ideabase designers created a custom design system that was used across many different printed and digital pieces the campaign included a printed book explaining the benefits of attending the tripa folded invitation mailed to cci alumnia website to which those interested were directed for more information the florence tour campaign won a solver addy from the akron advertising federation in february 2015 as part of the professional campaign category '),
 ('365', 'field', '48', 'en_us', ''),
 ('365', 'field', '88', 'en_us', ' branding illustration print '),
 ('365', 'field', '104', 'en_us', ''),
 ('365', 'slug', '0', 'en_us', ' florence tour kent state college of communication and information '),
 ('365', 'title', '0', 'en_us', ' florence tour kent state college of communication and information '),
 ('366', 'filename', '0', 'en_us', ' screenshot 2015 05 01 15 55 32 219x300 png '),
 ('366', 'extension', '0', 'en_us', ' png '),
 ('366', 'kind', '0', 'en_us', ' image '),
 ('366', 'slug', '0', 'en_us', ' screenshot 2015 05 01 15 55 32 219x300 '),
 ('366', 'title', '0', 'en_us', ' screenshot 2015 05 01 15 55 32 219x300 '),
 ('367', 'filename', '0', 'en_us', ' screen shot 2015 12 31 at 12 15 29 pm png '),
 ('367', 'extension', '0', 'en_us', ' png '),
 ('367', 'kind', '0', 'en_us', ' image '),
 ('367', 'slug', '0', 'en_us', ' screen shot 2015 12 31 at 12 15 29 pm '),
 ('367', 'title', '0', 'en_us', ' screen shot 2015 12 31 at 12 15 29 pm '),
 ('368', 'field', '46', 'en_us', ' screenshot 2015 05 01 15 55 32 219x300 '),
 ('368', 'field', '61', 'en_us', ' martha arbogast sarah holzer quintin steele '),
 ('368', 'field', '9', 'en_us', ' this 2014 akron addy award winning brochure illustrates the schools and programs within the college of communication and information at kent state university the brochure is now a key collateral piece for recruiting new students within the school '),
 ('368', 'field', '48', 'en_us', ' screen shot 2015 12 31 at 12 15 29 pm '),
 ('368', 'field', '88', 'en_us', ' print '),
 ('368', 'field', '104', 'en_us', ''),
 ('368', 'slug', '0', 'en_us', ' brochure college of communication and information '),
 ('368', 'title', '0', 'en_us', ' brochure college of communication and information '),
 ('369', 'filename', '0', 'en_us', ' screen shot 2015 12 31 at 12 17 35 pm png '),
 ('369', 'extension', '0', 'en_us', ' png '),
 ('369', 'kind', '0', 'en_us', ' image '),
 ('369', 'slug', '0', 'en_us', ' screen shot 2015 12 31 at 12 17 35 pm '),
 ('369', 'title', '0', 'en_us', ' screen shot 2015 12 31 at 12 17 35 pm '),
 ('370', 'field', '46', 'en_us', ' screen shot 2015 12 31 at 12 17 35 pm '),
 ('370', 'field', '61', 'en_us', ' tyler shaw nico ciani christopher hallahan larrie king brendan bennett '),
 ('370', 'field', '9', 'en_us', ''),
 ('370', 'field', '48', 'en_us', ''),
 ('370', 'field', '88', 'en_us', ' branding web design '),
 ('370', 'field', '104', 'en_us', ' http mayconsultingpartners com '),
 ('370', 'slug', '0', 'en_us', ' may consulting partners '),
 ('370', 'title', '0', 'en_us', ' may consulting partners '),
 ('372', 'field', '23', 'en_us', ''),
 ('372', 'slug', '0', 'en_us', ''),
 ('372', 'field', '22', 'en_us', ''),
 ('372', 'title', '0', 'en_us', ' may consulting partners '),
 ('370', 'field', '117', 'en_us', ' may consulting partners '),
 ('373', 'field', '22', 'en_us', ' college of communication and information '),
 ('373', 'field', '23', 'en_us', ''),
 ('373', 'slug', '0', 'en_us', ''),
 ('373', 'title', '0', 'en_us', ' college of communication and information '),
 ('368', 'field', '117', 'en_us', ' college of communication and information '),
 ('365', 'field', '117', 'en_us', ' college of communication and information '),
 ('375', 'slug', '0', 'en_us', ' designing and developing a responsive library website '),
 ('375', 'title', '0', 'en_us', ' designing and developing a responsive library website '),
 ('376', 'field', '60', 'en_us', ''),
 ('376', 'field', '92', 'en_us', ''),
 ('376', 'field', '11', 'en_us', ''),
 ('376', 'slug', '0', 'en_us', ' test case study '),
 ('376', 'title', '0', 'en_us', ' test case study '),
 ('377', 'filename', '0', 'en_us', ' istnick jpg '),
 ('377', 'extension', '0', 'en_us', ' jpg '),
 ('377', 'kind', '0', 'en_us', ' image '),
 ('377', 'slug', '0', 'en_us', ''),
 ('377', 'title', '0', 'en_us', ' istnick '),
 ('378', 'field', '115', 'en_us', ' brad '),
 ('378', 'field', '114', 'en_us', ' istnick '),
 ('378', 'field', '27', 'en_us', ' istnick '),
 ('378', 'field', '6', 'en_us', ''),
 ('378', 'field', '4', 'en_us', ''),
 ('378', 'field', '7', 'en_us', ''),
 ('378', 'field', '26', 'en_us', ' professional advisory board '),
 ('378', 'field', '3', 'en_us', ' creative director hitchcock fleming associates inc '),
 ('378', 'field', '77', 'en_us', ''),
 ('378', 'field', '5', 'en_us', ''),
 ('378', 'field', '89', 'en_us', ''),
 ('378', 'slug', '0', 'en_us', ''),
 ('378', 'title', '0', 'en_us', ' brad istnick '),
 ('379', 'filename', '0', 'en_us', ' kiskadden jpg '),
 ('379', 'extension', '0', 'en_us', ' jpg '),
 ('379', 'kind', '0', 'en_us', ' image '),
 ('379', 'slug', '0', 'en_us', ''),
 ('379', 'title', '0', 'en_us', ' kiskadden ');
INSERT INTO `craft_searchindex` (`elementId`, `attribute`, `fieldId`, `locale`, `keywords`) VALUES
 ('380', 'field', '115', 'en_us', ' greg '),
 ('380', 'field', '114', 'en_us', ' kiskadden '),
 ('380', 'field', '27', 'en_us', ' kiskadden '),
 ('380', 'field', '6', 'en_us', ' executive vice president greg kiskadden oversees whitespace creative new business development he draws from his rich leadership background to foster key relationships with prospective clients from a diverse body of industries such as service manufacturing logistics healthcare and higher education he also supports comprehensive agency operations including spearheading workflow and scheduling improvements and assisting in overall agency integration a member of whitespace since 1996 greg has transitioned from a designer and developer to account supervisor and agency executive vice president experience in these varied roles has enabled greg to combine his talents in developing integrated communication programs with extensive client service and sales expertise it also has allowed him to view projects from a unique perspective one that blends strategic marketing and tactical execution to support business goals prior to whitespace greg worked at the little tikes company a division of rubbermaid in hudson ohio where he helped develop product literature for domestic and international sales print collateral and advertising material a kent state graduate he earned a ba in visual communications with a concentration in illustration and art history greg currently serves on the habitat for humanity public relations and communications board as well as on the professional advisory board of ideabase a kent state university student run marketing communications firm in kent ohio greg is an avid runner and in addition to competing in the akron and nashville half marathons he coaches cross country for st patrick school in kent ohio he enjoys travel and has journeyed to italy belize trinidad tobago and puerto rico greg lives in kent with his wife and two daughters '),
 ('380', 'field', '4', 'en_us', ''),
 ('380', 'field', '7', 'en_us', ''),
 ('380', 'field', '26', 'en_us', ' professional advisory board '),
 ('380', 'field', '3', 'en_us', ' executive vice president whitespace creative '),
 ('380', 'field', '77', 'en_us', ''),
 ('380', 'field', '5', 'en_us', ''),
 ('380', 'field', '89', 'en_us', ''),
 ('380', 'slug', '0', 'en_us', ''),
 ('380', 'title', '0', 'en_us', ' greg kiskadden '),
 ('381', 'field', '115', 'en_us', ' greg '),
 ('381', 'field', '114', 'en_us', ' thomas '),
 ('381', 'field', '27', 'en_us', ''),
 ('381', 'field', '6', 'en_us', ' greg has spent more than 25 years managing the creative process and coaching creative teams to help businesses be more successful as a writer creative director account director and advertising agency manager greg has helped clients such as ameritech mcdonald s goodyear sherwin williams firstenergy parker hannifin white castle and many others manage their brands successfully the work produced by the teams and agencies he has led has been showcased in numerous national and international competitions and trade journals as partner creative director at point to point greg guides the creative thinking of the agency and its clients and manages the agency s creative staff greg has been very involved in education as well as an adjunct faculty member and practitioner in residence at kent state university he helped develop a creative curriculum in the advertising program and guided the launch and first year of ideabase the student run integrated marketing communications firm he has also guest lectured on the topic of creativity in the executive mba program at cleveland state s nance college of business greg holds bachelor s degrees in english and education from kent state '),
 ('381', 'field', '4', 'en_us', ''),
 ('381', 'field', '7', 'en_us', ''),
 ('381', 'field', '26', 'en_us', ' professional advisory board '),
 ('381', 'field', '3', 'en_us', ' creative director point to point '),
 ('381', 'field', '77', 'en_us', ''),
 ('381', 'field', '5', 'en_us', ''),
 ('381', 'field', '89', 'en_us', ''),
 ('381', 'slug', '0', 'en_us', ''),
 ('381', 'title', '0', 'en_us', ' greg thomas '),
 ('382', 'field', '115', 'en_us', ' steve '),
 ('382', 'field', '114', 'en_us', ' lageson '),
 ('382', 'field', '27', 'en_us', ''),
 ('382', 'field', '6', 'en_us', ''),
 ('382', 'field', '4', 'en_us', ''),
 ('382', 'field', '7', 'en_us', ''),
 ('382', 'field', '26', 'en_us', ' professional advisory board '),
 ('382', 'field', '3', 'en_us', ' associate creative director wyse advertising '),
 ('382', 'field', '77', 'en_us', ''),
 ('382', 'field', '5', 'en_us', ''),
 ('382', 'field', '89', 'en_us', ''),
 ('382', 'slug', '0', 'en_us', ''),
 ('382', 'title', '0', 'en_us', ' steve lageson '),
 ('383', 'filename', '0', 'en_us', ' coombsdanielle 350x500 jpg '),
 ('383', 'extension', '0', 'en_us', ' jpg '),
 ('383', 'kind', '0', 'en_us', ' image '),
 ('383', 'slug', '0', 'en_us', ''),
 ('383', 'title', '0', 'en_us', ' coombs danielle 350x500 '),
 ('384', 'field', '115', 'en_us', ' danielle '),
 ('384', 'field', '114', 'en_us', ' coombs ph d '),
 ('384', 'field', '27', 'en_us', ' coombs danielle 350x500 '),
 ('384', 'field', '6', 'en_us', ' dr coombs is an assistant professor in the school of journalism and mass communication at kent state university in addition to this position she is the founder and principal of sarver research a cleveland based market research firm prior to returning to northeastern ohio dr coombs served as a senior research manager for insight research group in new york city while at insight she specialized in uncovering consumer insights in order to inform advertising campaigns product design and brand strategies for numerous prominent brands from a variety of industries including television retail non profits and consumer packaged goods in 2007 she completed her ph d in mass communication and public affairs from the manship school of communication at louisiana state university her dissertation examined the political effects of late night television comedy she also holds a master s degree in international mass communication and a bachelor s degree in media studies both from the school of telecommunications at ohio university '),
 ('384', 'field', '4', 'en_us', ''),
 ('384', 'field', '7', 'en_us', ''),
 ('384', 'field', '26', 'en_us', ' faculty advisory board '),
 ('384', 'field', '3', 'en_us', ' assistant professor journalism mass communication '),
 ('384', 'field', '77', 'en_us', ''),
 ('384', 'field', '5', 'en_us', ''),
 ('384', 'field', '89', 'en_us', ''),
 ('384', 'slug', '0', 'en_us', ''),
 ('384', 'title', '0', 'en_us', ' danielle coombs ph d '),
 ('385', 'field', '115', 'en_us', ' david '),
 ('385', 'field', '114', 'en_us', ' robins ph d '),
 ('385', 'field', '27', 'en_us', ' robins david 350x500 '),
 ('385', 'field', '6', 'en_us', ' dr robins is an associate professor at kent state university and holds a ph d in information science from the university of north texas his research foci are information architecture visual explanations of complex constructs and user interaction with information systems much of his published work concerns users interaction with information seeking structures he has developed courses in information technologies information architecture and knowledge management which integrate theory with real world application dr robins has conducted presentations in the us mexico and denmark '),
 ('385', 'field', '4', 'en_us', ''),
 ('385', 'field', '7', 'en_us', ''),
 ('385', 'field', '26', 'en_us', ' faculty advisory board '),
 ('385', 'field', '3', 'en_us', ' full professor information and knowledge management '),
 ('385', 'field', '77', 'en_us', ''),
 ('385', 'field', '5', 'en_us', ''),
 ('385', 'field', '89', 'en_us', ''),
 ('385', 'slug', '0', 'en_us', ' david robins ph d '),
 ('385', 'title', '0', 'en_us', ' david robins ph d '),
 ('386', 'filename', '0', 'en_us', ' robinsdavid 350x500 jpg '),
 ('386', 'extension', '0', 'en_us', ' jpg '),
 ('386', 'kind', '0', 'en_us', ' image '),
 ('386', 'slug', '0', 'en_us', ''),
 ('386', 'title', '0', 'en_us', ' robins david 350x500 '),
 ('387', 'filename', '0', 'en_us', ' cooreyjillianweb_1 350x500 gif '),
 ('387', 'extension', '0', 'en_us', ' gif '),
 ('387', 'kind', '0', 'en_us', ' image '),
 ('387', 'slug', '0', 'en_us', ''),
 ('387', 'title', '0', 'en_us', ' coorey jillianweb 1 350x500 '),
 ('388', 'field', '115', 'en_us', ' jillian '),
 ('388', 'field', '114', 'en_us', ' coorey '),
 ('388', 'field', '27', 'en_us', ' coorey jillianweb 1 350x500 '),
 ('388', 'field', '6', 'en_us', ' jillian coorey is an assistant professor in the school of visual communication design at kent state university prior to coming to kent jillian spent five years working in chicago as a designer for various companies in addition to managing freelance clientele as a designer she strives to create thoughtful and innovative solutions that combine conceptual and creative thinking jillian received her mfa in graphic design from the university of illinois at chicago and her bfa in graphic design from the state university of new york at fredonia she has also studied in basel switzerland at the basel school of design her thesis research involved dance and design creating work that challenges and informs the dimensional experience of movement time and space '),
 ('388', 'field', '4', 'en_us', ''),
 ('388', 'field', '7', 'en_us', ''),
 ('388', 'field', '26', 'en_us', ' faculty advisory board '),
 ('388', 'field', '3', 'en_us', ' assistant professor visual communication design '),
 ('388', 'field', '77', 'en_us', ''),
 ('388', 'field', '5', 'en_us', ''),
 ('388', 'field', '89', 'en_us', ''),
 ('388', 'slug', '0', 'en_us', ''),
 ('388', 'title', '0', 'en_us', ' jillian coorey '),
 ('389', 'filename', '0', 'en_us', ' grimmpam 350x500 jpg '),
 ('389', 'extension', '0', 'en_us', ' jpg '),
 ('389', 'kind', '0', 'en_us', ' image '),
 ('389', 'slug', '0', 'en_us', ''),
 ('389', 'title', '0', 'en_us', ' grimm pam 350x500 '),
 ('390', 'field', '115', 'en_us', ' pamela '),
 ('390', 'field', '114', 'en_us', ' grimm ph d ');
INSERT INTO `craft_searchindex` (`elementId`, `attribute`, `fieldId`, `locale`, `keywords`) VALUES
 ('390', 'field', '27', 'en_us', ' grimm pam 350x500 '),
 ('390', 'field', '6', 'en_us', ' dr grimm joined kent state university in 1992 as an associate professor she is currently an associate professor and chair of the department of marketing and entrepreneurship she worked in advertising before pursuing and completing her doctorate in marketing at the state university of new york at buffalo her research interests are in consumer behavior specifically motivation and information search advertising and celebrity endorsements dr grimm has been a participant in the advertising education foundation s faculty internship program and has received several teaching awards courses she has taught include marketing consumer behavior advertising and internet marketing at the undergraduate level and marketing management at the graduate level dr grimm has also been a faculty member in the executive mba program teaching the international business experience '),
 ('390', 'field', '4', 'en_us', ''),
 ('390', 'field', '7', 'en_us', ''),
 ('390', 'field', '26', 'en_us', ' faculty advisory board '),
 ('390', 'field', '3', 'en_us', ' associate professor marketing chair '),
 ('390', 'field', '77', 'en_us', ''),
 ('390', 'field', '5', 'en_us', ''),
 ('390', 'field', '89', 'en_us', ''),
 ('390', 'slug', '0', 'en_us', ''),
 ('390', 'title', '0', 'en_us', ' pamela grimm ph d '),
 ('391', 'filename', '0', 'en_us', ' ph optimized_1 350x500 jpg '),
 ('391', 'extension', '0', 'en_us', ' jpg '),
 ('391', 'kind', '0', 'en_us', ' image '),
 ('391', 'slug', '0', 'en_us', ''),
 ('391', 'title', '0', 'en_us', ' ph optimized 1 350x500 '),
 ('392', 'field', '115', 'en_us', ' paul '),
 ('392', 'field', '114', 'en_us', ' haridakis ph d '),
 ('392', 'field', '27', 'en_us', ' ph optimized 1 350x500 '),
 ('392', 'field', '6', 'en_us', ' dr haridakis is a full professor at kent state university he completed his doctorate at kent state university and holds a j d and bachelor of the arts from the university of akron he conducts research in media uses and effects law public policy new communication technologies and media ethics his recent work has focused on first amendment issues related to the regulation of content in various media such as the internet and television he teaches courses in free speech research methods communication process and senior seminar he also is a practicing lawyer '),
 ('392', 'field', '4', 'en_us', ''),
 ('392', 'field', '7', 'en_us', ''),
 ('392', 'field', '26', 'en_us', ' faculty advisory board '),
 ('392', 'field', '3', 'en_us', ' full professor director of communication studies '),
 ('392', 'field', '77', 'en_us', ''),
 ('392', 'field', '5', 'en_us', ''),
 ('392', 'field', '89', 'en_us', ''),
 ('392', 'slug', '0', 'en_us', ''),
 ('392', 'title', '0', 'en_us', ' paul haridakis ph d '),
 ('393', 'filename', '0', 'en_us', ' renicker_webready 1_11 350x500 png '),
 ('393', 'extension', '0', 'en_us', ' png '),
 ('393', 'kind', '0', 'en_us', ' image '),
 ('393', 'slug', '0', 'en_us', ''),
 ('393', 'title', '0', 'en_us', ' renicker web ready 1 11 350x500 '),
 ('394', 'field', '115', 'en_us', ' valora '),
 ('394', 'field', '114', 'en_us', ' renicker '),
 ('394', 'field', '27', 'en_us', ' renicker web ready 1 11 350x500 '),
 ('394', 'field', '6', 'en_us', ' valora received her mfa in graphic design from kent state university and a bfa in graphic design and art education from the university of akron her background includes experience in the design field and teaching art in the public schools valora is an assistant professor in the school of visual communication design vcd at kent state university where she has taught course in typography formal and conceptual design development 3d graphic design and computer software she is the creative director of glyphix an award winning student staffed design studio within the school of vcd where she instructs both undergraduate and graduate level students in the real world implementation of design practices and production '),
 ('394', 'field', '4', 'en_us', ''),
 ('394', 'field', '7', 'en_us', ''),
 ('394', 'field', '26', 'en_us', ' faculty advisory board '),
 ('394', 'field', '3', 'en_us', ' assistant professor visual communication design and creative director glyphix design studio '),
 ('394', 'field', '77', 'en_us', ''),
 ('394', 'field', '5', 'en_us', ''),
 ('394', 'field', '89', 'en_us', ''),
 ('394', 'slug', '0', 'en_us', ''),
 ('394', 'title', '0', 'en_us', ' valora renicker '),
 ('395', 'field', '23', 'en_us', ''),
 ('395', 'slug', '0', 'en_us', ''),
 ('395', 'title', '0', 'en_us', ' kent state athletics '),
 ('314', 'field', '117', 'en_us', ' kent state athletics '),
 ('396', 'field', '22', 'en_us', ''),
 ('396', 'field', '23', 'en_us', ''),
 ('396', 'slug', '0', 'en_us', ''),
 ('396', 'title', '0', 'en_us', ' state library of ohio '),
 ('357', 'field', '117', 'en_us', ' state library of ohio '),
 ('397', 'field', '22', 'en_us', ''),
 ('397', 'field', '23', 'en_us', ''),
 ('397', 'slug', '0', 'en_us', ''),
 ('397', 'title', '0', 'en_us', ' schneller '),
 ('398', 'field', '46', 'en_us', ''),
 ('398', 'field', '61', 'en_us', ' todd thompson '),
 ('398', 'field', '117', 'en_us', ' schneller '),
 ('398', 'field', '9', 'en_us', ' ideabase filmed and edited this product demonstration video for use in tradeshows by schneller a manufacturer of custom specialty laminates and coated fabrics for transportation interiors in kent oh aerfilm flex is schneller s newest decorative laminate designed to provide superior formability compared to established decorative laminates engineered to cover complex compound curve 3 dimensional parts aerfilm flex is lightweight and provides superior texture retention while providing the design freedom needed to create premium cabin designs '),
 ('398', 'field', '48', 'en_us', ''),
 ('398', 'field', '88', 'en_us', ' video '),
 ('398', 'field', '104', 'en_us', ' https www youtube com watch v=5gqs1saryro '),
 ('398', 'slug', '0', 'en_us', ' schneller aerfilm flex product demonstration video '),
 ('398', 'title', '0', 'en_us', ' schneller aerfilm flex product demonstration video '),
 ('399', 'field', '22', 'en_us', ''),
 ('399', 'field', '23', 'en_us', ''),
 ('399', 'slug', '0', 'en_us', ''),
 ('399', 'title', '0', 'en_us', ' dan nicol of ice consulting '),
 ('353', 'field', '117', 'en_us', ' dan nicol of ice consulting '),
 ('400', 'field', '22', 'en_us', ''),
 ('400', 'field', '23', 'en_us', ''),
 ('400', 'slug', '0', 'en_us', ''),
 ('400', 'title', '0', 'en_us', ' kent state university school of library information science '),
 ('355', 'field', '117', 'en_us', ' kent state university school of library information science '),
 ('401', 'filename', '0', 'en_us', ' ideabase powered by kent state students 1 mp4 '),
 ('401', 'extension', '0', 'en_us', ' mp4 '),
 ('401', 'kind', '0', 'en_us', ' video '),
 ('401', 'slug', '0', 'en_us', ''),
 ('401', 'title', '0', 'en_us', ' idea base powered by kent state students 1 '),
 ('402', 'field', '22', 'en_us', ''),
 ('402', 'field', '23', 'en_us', ''),
 ('402', 'slug', '0', 'en_us', ''),
 ('402', 'title', '0', 'en_us', ' ideabase internal '),
 ('403', 'field', '46', 'en_us', ''),
 ('404', 'field', '22', 'en_us', ''),
 ('403', 'field', '61', 'en_us', ' john vrhovnik todd thompson quintin steele '),
 ('403', 'field', '117', 'en_us', ' ideabase internal '),
 ('403', 'field', '9', 'en_us', ' students and staff at ideabase speak about their experiences working on real world client projects directed edited and filmed exclusively by students at ideabase the video shows how students from various backgrounds put into action what they ve learned in their kent state university classes ideabase is a student run creative agency in downtown kent and is a service of the college of communication and information '),
 ('403', 'field', '48', 'en_us', ''),
 ('403', 'field', '88', 'en_us', ' video '),
 ('403', 'field', '104', 'en_us', ' https www youtube com watch v=vqqzbh8p8ai '),
 ('403', 'slug', '0', 'en_us', ' ideabase powered by kent state students '),
 ('403', 'title', '0', 'en_us', ' ideabase powered by kent state students '),
 ('404', 'field', '23', 'en_us', ''),
 ('404', 'slug', '0', 'en_us', '');
INSERT INTO `craft_searchindex` (`elementId`, `attribute`, `fieldId`, `locale`, `keywords`) VALUES
 ('404', 'title', '0', 'en_us', ' kent state university academic affairs office '),
 ('405', 'field', '46', 'en_us', ''),
 ('405', 'field', '61', 'en_us', ' todd thompson '),
 ('405', 'field', '117', 'en_us', ' kent state university academic affairs office '),
 ('405', 'field', '9', 'en_us', ''),
 ('405', 'field', '48', 'en_us', ''),
 ('405', 'field', '88', 'en_us', ' video '),
 ('405', 'field', '104', 'en_us', ''),
 ('405', 'slug', '0', 'en_us', ' iplan graduation planning system video '),
 ('405', 'title', '0', 'en_us', ' iplan graduation planning system video '),
 ('406', 'filename', '0', 'en_us', ' viewbook1 jpg '),
 ('406', 'extension', '0', 'en_us', ' jpg '),
 ('406', 'kind', '0', 'en_us', ' image '),
 ('406', 'slug', '0', 'en_us', ''),
 ('406', 'title', '0', 'en_us', ' viewbook1 '),
 ('407', 'field', '22', 'en_us', ''),
 ('407', 'field', '23', 'en_us', ''),
 ('407', 'slug', '0', 'en_us', ''),
 ('407', 'title', '0', 'en_us', ' kent state university college of architecture and environmental design '),
 ('408', 'filename', '0', 'en_us', ' caed view 002 jpg '),
 ('408', 'extension', '0', 'en_us', ' jpg '),
 ('408', 'kind', '0', 'en_us', ' image '),
 ('408', 'slug', '0', 'en_us', ''),
 ('408', 'title', '0', 'en_us', ' caed view 002 '),
 ('409', 'filename', '0', 'en_us', ' caed view 003 jpg '),
 ('409', 'extension', '0', 'en_us', ' jpg '),
 ('409', 'kind', '0', 'en_us', ' image '),
 ('409', 'slug', '0', 'en_us', ''),
 ('409', 'title', '0', 'en_us', ' caed view 003 '),
 ('410', 'filename', '0', 'en_us', ' caed view 004 jpg '),
 ('410', 'extension', '0', 'en_us', ' jpg '),
 ('410', 'kind', '0', 'en_us', ' image '),
 ('410', 'slug', '0', 'en_us', ''),
 ('410', 'title', '0', 'en_us', ' caed view 004 '),
 ('411', 'filename', '0', 'en_us', ' caed view 005 jpg '),
 ('411', 'extension', '0', 'en_us', ' jpg '),
 ('411', 'kind', '0', 'en_us', ' image '),
 ('411', 'slug', '0', 'en_us', ''),
 ('411', 'title', '0', 'en_us', ' caed view 005 '),
 ('412', 'field', '46', 'en_us', ' viewbook1 '),
 ('412', 'field', '61', 'en_us', ''),
 ('412', 'field', '117', 'en_us', ' kent state university college of architecture and environmental design '),
 ('412', 'field', '9', 'en_us', ''),
 ('412', 'field', '48', 'en_us', ' caed view 002 caed view 003 caed view 004 caed view 005 '),
 ('412', 'field', '88', 'en_us', ' branding photography print '),
 ('412', 'field', '104', 'en_us', ''),
 ('412', 'slug', '0', 'en_us', ' viewbook college of architecture and environmental design '),
 ('412', 'title', '0', 'en_us', ' viewbook college of architecture and environmental design '),
 ('413', 'field', '46', 'en_us', ''),
 ('413', 'field', '61', 'en_us', ' quintin steele martha arbogast sarah holzer '),
 ('413', 'field', '117', 'en_us', ' college of communication and information '),
 ('413', 'field', '9', 'en_us', ''),
 ('413', 'field', '48', 'en_us', ''),
 ('413', 'field', '88', 'en_us', ' print '),
 ('413', 'field', '104', 'en_us', ''),
 ('413', 'slug', '0', 'en_us', ' school of communication studies brochure '),
 ('413', 'title', '0', 'en_us', ' school of communication studies brochure '),
 ('414', 'field', '46', 'en_us', ''),
 ('414', 'field', '61', 'en_us', ' quintin steele rachel kozy shauna maurer andrew keller '),
 ('414', 'field', '117', 'en_us', ' summa health '),
 ('414', 'field', '9', 'en_us', ''),
 ('414', 'field', '48', 'en_us', ''),
 ('414', 'field', '88', 'en_us', ' print '),
 ('414', 'field', '104', 'en_us', ''),
 ('414', 'slug', '0', 'en_us', ' summa diversity report '),
 ('414', 'title', '0', 'en_us', ' summa diversity report '),
 ('415', 'field', '46', 'en_us', ''),
 ('415', 'field', '61', 'en_us', ' quintin steele john vrhovnik sarah holzer '),
 ('415', 'field', '117', 'en_us', ' ametek '),
 ('415', 'field', '9', 'en_us', ''),
 ('415', 'field', '48', 'en_us', ''),
 ('415', 'field', '88', 'en_us', ' illustration print '),
 ('415', 'field', '104', 'en_us', ''),
 ('415', 'slug', '0', 'en_us', ' ametek print pieces '),
 ('415', 'title', '0', 'en_us', ' ametek print pieces '),
 ('416', 'field', '46', 'en_us', ''),
 ('416', 'field', '61', 'en_us', ' mario fasolo '),
 ('416', 'field', '117', 'en_us', ' kent state athletics '),
 ('416', 'field', '9', 'en_us', ''),
 ('416', 'field', '48', 'en_us', ''),
 ('416', 'field', '88', 'en_us', ' branding print '),
 ('416', 'field', '104', 'en_us', ''),
 ('416', 'slug', '0', 'en_us', ' athletics posters billboards schedules '),
 ('416', 'title', '0', 'en_us', ' athletics posters billboards schedules '),
 ('417', 'field', '46', 'en_us', ''),
 ('417', 'field', '61', 'en_us', ' grace jacobsen '),
 ('417', 'field', '117', 'en_us', ' boathouse '),
 ('417', 'field', '9', 'en_us', ''),
 ('417', 'field', '48', 'en_us', ''),
 ('417', 'field', '88', 'en_us', ' print web design '),
 ('417', 'field', '104', 'en_us', ''),
 ('417', 'slug', '0', 'en_us', ' boathouse postcards email newsletters '),
 ('417', 'title', '0', 'en_us', ' boathouse postcards email newsletters '),
 ('418', 'field', '46', 'en_us', ''),
 ('418', 'field', '61', 'en_us', ' quintin steele todd thompson '),
 ('418', 'field', '117', 'en_us', ' consumer s national bank '),
 ('418', 'field', '9', 'en_us', ''),
 ('418', 'field', '48', 'en_us', ''),
 ('418', 'field', '88', 'en_us', ' video '),
 ('418', 'field', '104', 'en_us', '');
INSERT INTO `craft_searchindex` (`elementId`, `attribute`, `fieldId`, `locale`, `keywords`) VALUES
 ('418', 'slug', '0', 'en_us', ' consumers national bank '),
 ('418', 'title', '0', 'en_us', ' consumer s national bank '),
 ('419', 'field', '46', 'en_us', ''),
 ('419', 'field', '61', 'en_us', ' martha arbogast '),
 ('419', 'field', '117', 'en_us', ' college of communication and information '),
 ('419', 'field', '9', 'en_us', ''),
 ('419', 'field', '48', 'en_us', ''),
 ('419', 'field', '88', 'en_us', ' branding print web design '),
 ('419', 'field', '104', 'en_us', ''),
 ('419', 'slug', '0', 'en_us', ' career expo '),
 ('419', 'title', '0', 'en_us', ' career expo '),
 ('420', 'field', '46', 'en_us', ''),
 ('420', 'field', '61', 'en_us', ''),
 ('420', 'field', '117', 'en_us', ' schneller '),
 ('420', 'field', '9', 'en_us', ''),
 ('420', 'field', '48', 'en_us', ''),
 ('420', 'field', '88', 'en_us', ' environmental '),
 ('420', 'field', '104', 'en_us', ''),
 ('420', 'slug', '0', 'en_us', ' schneller environmental design '),
 ('420', 'title', '0', 'en_us', ' schneller environmental design '),
 ('421', 'field', '46', 'en_us', ''),
 ('421', 'field', '61', 'en_us', ' john vrhovnik '),
 ('421', 'field', '117', 'en_us', ' teleproduction '),
 ('421', 'field', '9', 'en_us', ''),
 ('421', 'field', '48', 'en_us', ''),
 ('421', 'field', '88', 'en_us', ' print '),
 ('421', 'field', '104', 'en_us', ''),
 ('421', 'slug', '0', 'en_us', ' teleproductions promotional items '),
 ('421', 'title', '0', 'en_us', ' teleproductions promotional items '),
 ('422', 'field', '46', 'en_us', ''),
 ('422', 'field', '61', 'en_us', ' todd thompson '),
 ('422', 'field', '117', 'en_us', ' kent state university academic affairs office '),
 ('422', 'field', '9', 'en_us', ''),
 ('422', 'field', '48', 'en_us', ''),
 ('422', 'field', '88', 'en_us', ' video '),
 ('422', 'field', '104', 'en_us', ''),
 ('422', 'slug', '0', 'en_us', ' orientation video '),
 ('422', 'title', '0', 'en_us', ' orientation video '),
 ('423', 'field', '115', 'en_us', ' brendan '),
 ('423', 'field', '114', 'en_us', ' bennett '),
 ('423', 'field', '27', 'en_us', ' brendan bennett 350x500 '),
 ('423', 'field', '6', 'en_us', ''),
 ('423', 'field', '4', 'en_us', ''),
 ('423', 'field', '7', 'en_us', ''),
 ('423', 'field', '26', 'en_us', ' student '),
 ('423', 'field', '3', 'en_us', ' account manger copywriter '),
 ('423', 'field', '77', 'en_us', ' advertising '),
 ('423', 'field', '5', 'en_us', ''),
 ('423', 'field', '89', 'en_us', ''),
 ('423', 'slug', '0', 'en_us', ' brendan bennett '),
 ('423', 'title', '0', 'en_us', ' brendan bennett '),
 ('67', 'field', '118', 'en_us', ' 0 '),
 ('424', 'field', '115', 'en_us', ' andrew '),
 ('424', 'field', '114', 'en_us', ' keller '),
 ('424', 'field', '27', 'en_us', ''),
 ('424', 'field', '118', 'en_us', ' 1 '),
 ('424', 'field', '6', 'en_us', ''),
 ('424', 'field', '4', 'en_us', ' akeller ideabasekent com '),
 ('424', 'field', '7', 'en_us', ''),
 ('424', 'field', '26', 'en_us', ' student '),
 ('424', 'field', '3', 'en_us', ' photographer '),
 ('424', 'field', '77', 'en_us', ' journalism and mass communication '),
 ('424', 'field', '5', 'en_us', ''),
 ('424', 'field', '89', 'en_us', ''),
 ('424', 'slug', '0', 'en_us', ' andrew keller '),
 ('424', 'title', '0', 'en_us', ' andrew keller '),
 ('423', 'field', '118', 'en_us', ' 1 '),
 ('425', 'field', '115', 'en_us', ' chelsea '),
 ('425', 'field', '114', 'en_us', ' graff '),
 ('425', 'field', '27', 'en_us', ''),
 ('425', 'field', '118', 'en_us', ' 1 '),
 ('425', 'field', '6', 'en_us', ''),
 ('425', 'field', '4', 'en_us', ''),
 ('425', 'field', '7', 'en_us', ''),
 ('425', 'field', '26', 'en_us', ' student '),
 ('425', 'field', '3', 'en_us', ''),
 ('425', 'field', '77', 'en_us', ''),
 ('425', 'field', '5', 'en_us', ''),
 ('425', 'field', '89', 'en_us', ''),
 ('425', 'slug', '0', 'en_us', ' chelsea graff '),
 ('425', 'title', '0', 'en_us', ' chelsea graff '),
 ('317', 'field', '118', 'en_us', ' 0 '),
 ('318', 'field', '118', 'en_us', ' 0 '),
 ('426', 'field', '115', 'en_us', ' francesca '),
 ('426', 'field', '114', 'en_us', ' demming '),
 ('426', 'field', '27', 'en_us', ''),
 ('426', 'field', '118', 'en_us', ' 1 '),
 ('426', 'field', '6', 'en_us', ''),
 ('426', 'field', '4', 'en_us', ''),
 ('426', 'field', '7', 'en_us', ''),
 ('426', 'field', '26', 'en_us', ' student '),
 ('426', 'field', '3', 'en_us', ''),
 ('426', 'field', '77', 'en_us', ''),
 ('426', 'field', '5', 'en_us', ''),
 ('426', 'field', '89', 'en_us', ''),
 ('426', 'slug', '0', 'en_us', ' francesca demming '),
 ('426', 'title', '0', 'en_us', ' francesca demming '),
 ('427', 'field', '115', 'en_us', ' joe '),
 ('427', 'field', '114', 'en_us', ' dister '),
 ('427', 'field', '27', 'en_us', '');
INSERT INTO `craft_searchindex` (`elementId`, `attribute`, `fieldId`, `locale`, `keywords`) VALUES
 ('427', 'field', '118', 'en_us', ' 1 '),
 ('427', 'field', '6', 'en_us', ''),
 ('427', 'field', '4', 'en_us', ''),
 ('427', 'field', '7', 'en_us', ''),
 ('427', 'field', '26', 'en_us', ' student '),
 ('427', 'field', '3', 'en_us', ' web developer '),
 ('427', 'field', '77', 'en_us', ' computer information systems computer science '),
 ('427', 'field', '5', 'en_us', ''),
 ('427', 'field', '89', 'en_us', ''),
 ('427', 'slug', '0', 'en_us', ' joe dister '),
 ('427', 'title', '0', 'en_us', ' joe dister '),
 ('363', 'field', '117', 'en_us', ' ideabase internal '),
 ('428', 'field', '22', 'en_us', ''),
 ('428', 'field', '23', 'en_us', ''),
 ('428', 'slug', '0', 'en_us', ''),
 ('428', 'title', '0', 'en_us', ' summa health '),
 ('429', 'field', '22', 'en_us', ''),
 ('429', 'field', '23', 'en_us', ''),
 ('429', 'slug', '0', 'en_us', ''),
 ('429', 'title', '0', 'en_us', ' ametek '),
 ('430', 'field', '22', 'en_us', ''),
 ('430', 'field', '23', 'en_us', ''),
 ('430', 'slug', '0', 'en_us', ''),
 ('430', 'title', '0', 'en_us', ' boathouse '),
 ('431', 'field', '22', 'en_us', ''),
 ('431', 'field', '23', 'en_us', ''),
 ('431', 'slug', '0', 'en_us', ''),
 ('431', 'title', '0', 'en_us', ' consumer s national bank '),
 ('432', 'field', '22', 'en_us', ''),
 ('432', 'field', '23', 'en_us', ''),
 ('432', 'slug', '0', 'en_us', ''),
 ('432', 'title', '0', 'en_us', ' teleproduction '),
 ('433', 'slug', '0', 'en_us', ''),
 ('433', 'title', '0', 'en_us', ' environmental '),
 ('434', 'field', '115', 'en_us', ' ashley '),
 ('434', 'field', '114', 'en_us', ' kozak '),
 ('434', 'field', '27', 'en_us', ''),
 ('434', 'field', '118', 'en_us', ' 1 '),
 ('434', 'field', '6', 'en_us', ''),
 ('434', 'field', '4', 'en_us', ''),
 ('434', 'field', '7', 'en_us', ''),
 ('434', 'field', '26', 'en_us', ' student '),
 ('434', 'field', '3', 'en_us', ' designer '),
 ('434', 'field', '77', 'en_us', ''),
 ('434', 'field', '5', 'en_us', ''),
 ('434', 'field', '89', 'en_us', ''),
 ('434', 'slug', '0', 'en_us', ''),
 ('434', 'title', '0', 'en_us', ' ashley kozak '),
 ('435', 'field', '115', 'en_us', ' laura '),
 ('435', 'field', '114', 'en_us', ' king '),
 ('435', 'field', '27', 'en_us', ''),
 ('435', 'field', '118', 'en_us', ' 1 '),
 ('435', 'field', '6', 'en_us', ''),
 ('435', 'field', '4', 'en_us', ''),
 ('435', 'field', '7', 'en_us', ''),
 ('435', 'field', '26', 'en_us', ' student '),
 ('435', 'field', '3', 'en_us', ' ux designer '),
 ('435', 'field', '77', 'en_us', ''),
 ('435', 'field', '5', 'en_us', ''),
 ('435', 'field', '89', 'en_us', ''),
 ('435', 'slug', '0', 'en_us', ''),
 ('435', 'title', '0', 'en_us', ' laura king '),
 ('436', 'field', '115', 'en_us', ' tyler '),
 ('436', 'field', '114', 'en_us', ' shaw '),
 ('436', 'field', '27', 'en_us', ''),
 ('436', 'field', '118', 'en_us', ' 1 '),
 ('436', 'field', '6', 'en_us', ''),
 ('436', 'field', '4', 'en_us', ''),
 ('436', 'field', '7', 'en_us', ''),
 ('436', 'field', '26', 'en_us', ''),
 ('436', 'field', '3', 'en_us', ''),
 ('436', 'field', '77', 'en_us', ''),
 ('436', 'field', '5', 'en_us', ''),
 ('436', 'field', '89', 'en_us', ''),
 ('436', 'slug', '0', 'en_us', ''),
 ('436', 'title', '0', 'en_us', ' tyler shaw '),
 ('437', 'field', '90', 'en_us', ' twitter '),
 ('437', 'field', '91', 'en_us', ' http www twitter com reillyhawkins '),
 ('437', 'slug', '0', 'en_us', ''),
 ('438', 'field', '90', 'en_us', ' linkedin '),
 ('438', 'field', '91', 'en_us', ' https www linkedin com profile view id=aaiaabtgifwbrklv68_mivowyvo8djynsdmrhx4 trk=nav_responsive_tab_profile_pic '),
 ('438', 'slug', '0', 'en_us', ''),
 ('439', 'field', '115', 'en_us', ' megan '),
 ('439', 'field', '114', 'en_us', ' megan johnson '),
 ('439', 'field', '27', 'en_us', ''),
 ('439', 'field', '118', 'en_us', ' 1 '),
 ('439', 'field', '6', 'en_us', ''),
 ('439', 'field', '4', 'en_us', ''),
 ('439', 'field', '7', 'en_us', ''),
 ('439', 'field', '26', 'en_us', ' student '),
 ('439', 'field', '3', 'en_us', ' designer '),
 ('439', 'field', '77', 'en_us', ' visual communication design '),
 ('439', 'field', '5', 'en_us', ''),
 ('439', 'field', '89', 'en_us', ''),
 ('439', 'slug', '0', 'en_us', ''),
 ('439', 'title', '0', 'en_us', ' megan johnson '),
 ('440', 'field', '115', 'en_us', ' trista '),
 ('440', 'field', '114', 'en_us', ' finch '),
 ('440', 'field', '27', 'en_us', ''),
 ('440', 'field', '118', 'en_us', ' 0 ');
INSERT INTO `craft_searchindex` (`elementId`, `attribute`, `fieldId`, `locale`, `keywords`) VALUES
 ('440', 'field', '6', 'en_us', ''),
 ('440', 'field', '4', 'en_us', ''),
 ('440', 'field', '7', 'en_us', ''),
 ('440', 'field', '26', 'en_us', ''),
 ('440', 'field', '3', 'en_us', ' high school intern '),
 ('440', 'field', '77', 'en_us', ''),
 ('440', 'field', '5', 'en_us', ''),
 ('440', 'field', '89', 'en_us', ''),
 ('440', 'slug', '0', 'en_us', ''),
 ('440', 'title', '0', 'en_us', ' trista finch '),
 ('441', 'field', '115', 'en_us', ' elena '),
 ('441', 'field', '114', 'en_us', ' rounsley '),
 ('441', 'field', '27', 'en_us', ''),
 ('441', 'field', '118', 'en_us', ' 1 '),
 ('441', 'field', '6', 'en_us', ''),
 ('441', 'field', '4', 'en_us', ''),
 ('441', 'field', '7', 'en_us', ''),
 ('441', 'field', '26', 'en_us', ''),
 ('441', 'field', '3', 'en_us', ' student intern '),
 ('441', 'field', '77', 'en_us', ''),
 ('441', 'field', '5', 'en_us', ''),
 ('441', 'field', '89', 'en_us', ''),
 ('441', 'slug', '0', 'en_us', ''),
 ('441', 'title', '0', 'en_us', ' elena rounsley '),
 ('442', 'field', '115', 'en_us', ' ashley '),
 ('442', 'field', '114', 'en_us', ' kozak '),
 ('442', 'field', '27', 'en_us', ''),
 ('442', 'field', '118', 'en_us', ' 1 '),
 ('442', 'field', '6', 'en_us', ''),
 ('442', 'field', '4', 'en_us', ''),
 ('442', 'field', '7', 'en_us', ''),
 ('442', 'field', '26', 'en_us', ' student '),
 ('442', 'field', '3', 'en_us', ''),
 ('442', 'field', '77', 'en_us', ''),
 ('442', 'field', '5', 'en_us', ''),
 ('442', 'field', '89', 'en_us', ''),
 ('442', 'slug', '0', 'en_us', ''),
 ('442', 'title', '0', 'en_us', ' ashley kozak '),
 ('146', 'field', '118', 'en_us', ' 0 '),
 ('316', 'field', '118', 'en_us', ' 0 '),
 ('443', 'field', '90', 'en_us', ' facebook '),
 ('443', 'field', '91', 'en_us', ' https www facebook com calliesheasullivan '),
 ('443', 'slug', '0', 'en_us', ''),
 ('444', 'field', '90', 'en_us', ' twitter '),
 ('444', 'field', '91', 'en_us', ' https twitter com colormelucky_ '),
 ('444', 'slug', '0', 'en_us', ''),
 ('445', 'field', '90', 'en_us', ' linkedin '),
 ('445', 'field', '91', 'en_us', ' https www linkedin com in callie sullivan 4a53ab45 '),
 ('445', 'slug', '0', 'en_us', ''),
 ('446', 'field', '90', 'en_us', ' callie s portfolio '),
 ('446', 'field', '91', 'en_us', ' http www callie sullivan squarespace com '),
 ('446', 'slug', '0', 'en_us', ''),
 ('448', 'kind', '0', 'en_us', ' image '),
 ('448', 'slug', '0', 'en_us', ' ux '),
 ('448', 'extension', '0', 'en_us', ' jpg '),
 ('448', 'filename', '0', 'en_us', ' ux jpg '),
 ('448', 'title', '0', 'en_us', ' ux '),
 ('449', 'field', '120', 'en_us', ' ux '),
 ('449', 'field', '121', 'en_us', ' we proudly manage our own in house user experience testing lab this on site lab complements our design services by offering clients the ability to test their products using our advanced research equipment the lab is operated by an experienced user experience designer and a team of graduate students from kent state s renowned user experience design master s program '),
 ('449', 'slug', '0', 'en_us', ' ux '),
 ('449', 'title', '0', 'en_us', ' user experience testing lab '),
 ('449', 'field', '37', 'en_us', ' ux ');



DROP TABLE IF EXISTS `craft_sections`;


--
-- Schema for table `craft_sections`
--
CREATE TABLE `craft_sections` (
  `id` int(11) NOT NULL AUTO_INCREMENT,
  `structureId` int(11) DEFAULT NULL,
  `name` varchar(255) COLLATE utf8_unicode_ci NOT NULL,
  `handle` varchar(255) COLLATE utf8_unicode_ci NOT NULL,
  `type` enum('single','channel','structure') COLLATE utf8_unicode_ci NOT NULL DEFAULT 'channel',
  `hasUrls` tinyint(1) unsigned NOT NULL DEFAULT '1',
  `template` varchar(500) COLLATE utf8_unicode_ci DEFAULT NULL,
  `enableVersioning` tinyint(1) unsigned NOT NULL DEFAULT '0',
  `dateCreated` datetime NOT NULL,
  `dateUpdated` datetime NOT NULL,
  `uid` char(36) COLLATE utf8_unicode_ci NOT NULL DEFAULT '0',
  PRIMARY KEY (`id`),
  UNIQUE KEY `craft_sections_name_unq_idx` (`name`),
  UNIQUE KEY `craft_sections_handle_unq_idx` (`handle`),
  KEY `craft_sections_structureId_fk` (`structureId`)
) ENGINE=InnoDB AUTO_INCREMENT=17 DEFAULT CHARSET=utf8 COLLATE=utf8_unicode_ci;

--
-- Data for table `craft_sections`
--

INSERT INTO `craft_sections` (`id`, `structureId`, `name`, `handle`, `type`, `hasUrls`, `template`, `enableVersioning`, `dateCreated`, `dateUpdated`, `uid`) VALUES
 ('1', NULL, 'Homepage', 'homepage', 'single', '1', 'index', '1', '2015-09-18 13:02:12', '2015-09-18 13:02:12', 'fd54f482-b429-4837-9d1a-536971debb0d'),
 ('2', NULL, 'News', 'news', 'channel', '1', 'news/_entry', '1', '2015-09-18 13:02:13', '2015-09-18 13:02:13', 'b3974c94-241f-4fde-bfc6-c09238349965'),
 ('3', '1', 'Staff Profiles', 'People', 'structure', '1', 'staffprofiles/_entry', '1', '2015-09-18 13:12:21', '2015-12-17 16:17:52', '92108388-8ac6-45ff-a877-a41386c6294c'),
 ('4', NULL, 'Projects', 'ideabaseProjects', 'channel', '1', 'projects/_entry', '1', '2015-09-18 13:12:40', '2015-09-18 13:14:18', '5f5dff3b-17e4-4771-8abe-e6f505319f18'),
 ('5', NULL, 'Blog Post', 'blogPost', 'channel', '1', 'blogs/_entry', '1', '2015-09-18 13:13:03', '2015-10-30 15:28:21', 'bfd6556e-dbc2-481d-be30-91cb9ef0beea'),
 ('6', NULL, 'Awards', 'ideabaseAwards', 'channel', '1', 'awards/_entry', '1', '2015-09-18 13:13:17', '2015-09-18 13:13:17', 'ab35bd74-3b2d-4a67-a9af-720b7b7090b7'),
 ('7', NULL, 'Testimonials', 'testimonials', 'channel', '1', 'testimonials/_entry', '1', '2015-09-18 13:13:27', '2015-09-18 13:13:27', 'e86c6393-e343-4c7c-b6f8-11c7fbb9bfd9'),
 ('8', NULL, 'Clients', 'clients', 'channel', '1', 'clients/_entry', '1', '2015-09-18 13:13:40', '2015-09-18 13:13:40', '9ef87945-6823-4589-acf4-57360d62145e'),
 ('10', NULL, 'Services', 'services', 'channel', '1', 'services/_entry', '1', '2015-10-02 22:46:16', '2015-10-02 22:46:16', '7e398e88-a693-4369-932f-aaae8af3aa63'),
 ('11', NULL, 'Staff Profile Index', 'staffPeople', 'single', '1', '/staffprofiles/index.html', '1', '2015-10-06 14:08:01', '2015-10-23 14:23:48', 'e9ae4152-ae08-479d-af66-4cc4d7423790'),
 ('12', NULL, 'Process Index', 'processIndex', 'single', '1', '/services/index.html', '1', '2015-10-06 14:37:07', '2015-10-23 14:25:09', '6e0274ea-f4b9-4560-9d8e-623ffc56ada2'),
 ('13', NULL, 'Case Study', 'caseStudy', 'channel', '1', 'casestudies/_entry', '1', '2015-10-30 15:28:15', '2015-10-30 15:31:55', '124afb43-5279-497c-aed9-a2da0270109d'),
 ('14', '8', 'Basic Pages', 'basicPages', 'structure', '1', 'basicpage/_entry', '1', '2015-11-03 17:20:01', '2016-01-15 15:53:36', 'c24c0a92-3aca-4f0f-804d-2d9bd5dcafde'),
 ('15', NULL, 'Projects Homepage', 'projectsHomepage', 'single', '1', '/projects/index.html', '1', '2015-11-06 14:19:01', '2015-11-06 14:34:28', 'f98718e7-4394-493f-9eca-6b63554bf5d1'),
 ('16', NULL, 'Projects List', 'projectsList', 'single', '1', '/projects/projectList.html', '1', '2015-11-24 15:27:14', '2015-11-24 15:27:14', '37e62f79-e151-4276-b6cd-b11d37b46c0a');



DROP TABLE IF EXISTS `craft_sections_i18n`;


--
-- Schema for table `craft_sections_i18n`
--
CREATE TABLE `craft_sections_i18n` (
  `id` int(11) NOT NULL AUTO_INCREMENT,
  `sectionId` int(11) NOT NULL,
  `locale` char(12) COLLATE utf8_unicode_ci NOT NULL,
  `enabledByDefault` tinyint(1) unsigned NOT NULL DEFAULT '1',
  `urlFormat` text COLLATE utf8_unicode_ci,
  `nestedUrlFormat` text COLLATE utf8_unicode_ci,
  `dateCreated` datetime NOT NULL,
  `dateUpdated` datetime NOT NULL,
  `uid` char(36) COLLATE utf8_unicode_ci NOT NULL DEFAULT '0',
  PRIMARY KEY (`id`),
  UNIQUE KEY `craft_sections_i18n_sectionId_locale_unq_idx` (`sectionId`,`locale`),
  KEY `craft_sections_i18n_locale_fk` (`locale`)
) ENGINE=InnoDB AUTO_INCREMENT=17 DEFAULT CHARSET=utf8 COLLATE=utf8_unicode_ci;

--
-- Data for table `craft_sections_i18n`
--

INSERT INTO `craft_sections_i18n` (`id`, `sectionId`, `locale`, `enabledByDefault`, `urlFormat`, `nestedUrlFormat`, `dateCreated`, `dateUpdated`, `uid`) VALUES
 ('1', '1', 'en_us', '1', '__home__', NULL, '2015-09-18 13:02:12', '2015-09-18 13:02:12', '7ae25395-f357-420b-87ee-992cac000eb0'),
 ('2', '2', 'en_us', '1', 'news/{postDate.year}/{slug}', NULL, '2015-09-18 13:02:13', '2015-09-18 13:02:13', '5b477268-a7f3-4943-a147-1e4cd9c66db8'),
 ('3', '3', 'en_us', '0', 'people-profile/{slug}', '{parent.uri}/{slug}', '2015-09-18 13:12:21', '2015-09-18 13:57:10', '8befe6bc-0a26-4a06-8e55-ad85c4d8de56'),
 ('4', '4', 'en_us', '0', 'projects/{postDate.year}/{slug}', NULL, '2015-09-18 13:12:40', '2015-09-18 13:14:18', 'd8161c6b-5ccc-4f8f-816a-136fc3f414f9'),
 ('5', '5', 'en_us', '0', 'blog-post/{postDate.year}/{slug}', NULL, '2015-09-18 13:13:03', '2015-09-18 13:14:03', '55f66e71-639f-462a-9808-7c4898a3eb6b'),
 ('6', '6', 'en_us', '0', 'awards/{slug}', NULL, '2015-09-18 13:13:17', '2015-09-18 13:13:17', 'a7d1b8f7-e72a-4207-bcec-f50ed98ae284'),
 ('7', '7', 'en_us', '0', 'testimonials/{slug}', NULL, '2015-09-18 13:13:27', '2015-09-18 13:13:27', 'bfbac423-7bc0-43b0-9682-bad8f4f51bf0'),
 ('8', '8', 'en_us', '0', 'clients/{slug}', NULL, '2015-09-18 13:13:40', '2015-09-18 13:13:40', '32a2150a-0f7c-4e9f-a1ac-7761c93ec9a8'),
 ('10', '10', 'en_us', '0', 'services/{slug}', NULL, '2015-10-02 22:46:16', '2015-10-02 22:46:16', '95e2f8c2-ffaa-4032-b61c-b961519cc56d'),
 ('11', '11', 'en_us', '0', 'people', NULL, '2015-10-06 14:08:01', '2015-10-23 14:23:48', '12185c1e-d70d-4847-8886-0e2b011f4e19'),
 ('12', '12', 'en_us', '0', 'process', NULL, '2015-10-06 14:37:07', '2015-10-23 14:25:09', '0e779556-9723-4ef7-8627-1b25994667fe'),
 ('13', '13', 'en_us', '0', 'case-study/{slug}', NULL, '2015-10-30 15:28:15', '2015-10-30 15:28:15', '2c0464a7-f149-444d-b09a-4d8e59f6cbe6'),
 ('14', '14', 'en_us', '0', '{slug}', '{parent.uri}/{slug}', '2015-11-03 17:20:01', '2016-01-15 15:43:12', '34f3a5c3-9ce3-4a0d-83d8-128aeede326c'),
 ('15', '15', 'en_us', '0', 'projects', NULL, '2015-11-06 14:19:01', '2015-11-06 14:34:28', '2bdf2c57-1be6-4346-af4f-a9636d157077'),
 ('16', '16', 'en_us', '0', 'projects-list', NULL, '2015-11-24 15:27:14', '2015-11-24 15:27:14', '9b1773f9-76f5-40b7-a8e4-d23ee48f2d54');



DROP TABLE IF EXISTS `craft_sessions`;


--
-- Schema for table `craft_sessions`
--
CREATE TABLE `craft_sessions` (
  `id` int(11) NOT NULL AUTO_INCREMENT,
  `userId` int(11) NOT NULL,
  `token` char(100) COLLATE utf8_unicode_ci NOT NULL,
  `dateCreated` datetime NOT NULL,
  `dateUpdated` datetime NOT NULL,
  `uid` char(36) COLLATE utf8_unicode_ci NOT NULL DEFAULT '0',
  PRIMARY KEY (`id`),
  KEY `craft_sessions_uid_idx` (`uid`),
  KEY `craft_sessions_token_idx` (`token`),
  KEY `craft_sessions_dateUpdated_idx` (`dateUpdated`),
  KEY `craft_sessions_userId_fk` (`userId`)
) ENGINE=InnoDB AUTO_INCREMENT=80 DEFAULT CHARSET=utf8 COLLATE=utf8_unicode_ci;

DROP TABLE IF EXISTS `craft_shunnedmessages`;


--
-- Schema for table `craft_shunnedmessages`
--
CREATE TABLE `craft_shunnedmessages` (
  `id` int(11) NOT NULL AUTO_INCREMENT,
  `userId` int(11) NOT NULL,
  `message` varchar(255) COLLATE utf8_unicode_ci NOT NULL,
  `expiryDate` datetime DEFAULT NULL,
  `dateCreated` datetime NOT NULL,
  `dateUpdated` datetime NOT NULL,
  `uid` char(36) COLLATE utf8_unicode_ci NOT NULL DEFAULT '0',
  PRIMARY KEY (`id`),
  UNIQUE KEY `craft_shunnedmessages_userId_message_unq_idx` (`userId`,`message`)
) ENGINE=InnoDB DEFAULT CHARSET=utf8 COLLATE=utf8_unicode_ci;

DROP TABLE IF EXISTS `craft_structureelements`;


--
-- Schema for table `craft_structureelements`
--
CREATE TABLE `craft_structureelements` (
  `id` int(11) NOT NULL AUTO_INCREMENT,
  `structureId` int(11) NOT NULL,
  `elementId` int(11) DEFAULT NULL,
  `root` int(11) unsigned DEFAULT NULL,
  `lft` int(11) unsigned NOT NULL,
  `rgt` int(11) unsigned NOT NULL,
  `level` smallint(6) unsigned NOT NULL,
  `dateCreated` datetime NOT NULL,
  `dateUpdated` datetime NOT NULL,
  `uid` char(36) COLLATE utf8_unicode_ci NOT NULL DEFAULT '0',
  PRIMARY KEY (`id`),
  UNIQUE KEY `craft_structureelements_structureId_elementId_unq_idx` (`structureId`,`elementId`),
  KEY `craft_structureelements_root_idx` (`root`),
  KEY `craft_structureelements_lft_idx` (`lft`),
  KEY `craft_structureelements_rgt_idx` (`rgt`),
  KEY `craft_structureelements_level_idx` (`level`),
  KEY `craft_structureelements_elementId_fk` (`elementId`)
) ENGINE=InnoDB AUTO_INCREMENT=131 DEFAULT CHARSET=utf8 COLLATE=utf8_unicode_ci;

--
-- Data for table `craft_structureelements`
--

INSERT INTO `craft_structureelements` (`id`, `structureId`, `elementId`, `root`, `lft`, `rgt`, `level`, `dateCreated`, `dateUpdated`, `uid`) VALUES
 ('1', '2', NULL, '1', '1', '10', '0', '2015-09-18 13:27:24', '2015-09-18 13:27:24', 'e11ddc46-f575-4a90-9e09-c1a5ab0b9681'),
 ('3', '2', '5', '1', '6', '7', '1', '2015-09-18 13:28:28', '2015-09-18 13:28:28', '26551d84-5695-4afd-9d78-6152f532147e'),
 ('4', '2', '6', '1', '8', '9', '1', '2015-09-18 13:28:41', '2015-09-18 13:28:41', '097becb1-5dcf-46c8-b83c-cbee3d25f811'),
 ('5', '2', '7', '1', '2', '3', '1', '2015-09-18 13:28:57', '2015-09-18 13:28:57', '26b158d8-6902-43e6-9256-5edc50d12dd3'),
 ('6', '2', '8', '1', '4', '5', '1', '2015-09-18 13:29:09', '2015-09-18 13:29:09', '4617b739-4a06-4424-a6da-9f26e694e153'),
 ('7', '4', NULL, '7', '1', '2', '0', '2015-09-18 13:33:56', '2015-09-18 13:33:56', '80c0c0b2-0892-4144-93a5-ff789a99d348'),
 ('34', '3', NULL, '34', '1', '2', '0', '2015-09-18 13:41:52', '2015-09-18 13:41:52', '23d4f1b0-4433-48cd-8d99-402f40b68123'),
 ('53', '5', NULL, '53', '1', '2', '0', '2015-09-18 13:48:12', '2015-09-18 13:48:12', '644eab15-be37-4707-9cfe-5053401f7cf7'),
 ('68', '1', NULL, '68', '1', '88', '0', '2015-09-18 14:03:06', '2015-09-18 14:03:06', '546da008-bb22-4fac-b2d4-67a1f97e267b'),
 ('69', '1', '67', '68', '30', '31', '1', '2015-09-18 14:03:06', '2015-09-18 14:03:06', 'b028ecb9-c07b-4459-9403-dd167f4037e1'),
 ('74', '1', '119', '68', '2', '3', '1', '2015-10-22 17:54:18', '2015-10-22 17:54:18', '3a9d992a-cbb4-4cf4-a548-d71cfef4ac23'),
 ('75', '1', '120', '68', '4', '5', '1', '2015-10-22 17:54:56', '2015-10-22 17:54:56', '873fb394-ba1a-4c98-b57f-f80122fc61fb'),
 ('77', '6', NULL, '77', '1', '6', '0', '2015-10-30 14:05:26', '2015-10-30 14:05:26', 'ee92bc24-dd62-4651-804d-d1e60ec6a69f'),
 ('78', '6', '122', '77', '4', '5', '1', '2015-10-30 14:05:26', '2015-10-30 14:05:26', '81bd170d-e56f-4bdd-b697-60e212d1f8c3'),
 ('79', '6', '123', '77', '2', '3', '1', '2015-10-30 14:05:39', '2015-10-30 14:05:39', '71c3e62f-e3b3-47f8-a4a4-8f7bb48d1e64'),
 ('80', '1', '146', '68', '8', '9', '1', '2015-11-05 16:19:13', '2015-11-05 16:19:13', 'b88d15ca-2555-45f9-8054-ad2fad4f1b57'),
 ('81', '1', '147', '68', '42', '43', '1', '2015-11-05 22:26:27', '2015-11-05 22:26:27', '981c0a80-7677-4b52-af1b-2b7b4ddb385a'),
 ('82', '1', '149', '68', '6', '7', '1', '2015-11-10 17:15:08', '2015-11-10 17:15:08', '5d4b7f16-2d8f-41db-98f3-5f66d509fb48'),
 ('83', '7', NULL, '83', '1', '18', '0', '2015-11-24 15:14:45', '2015-11-24 15:14:45', '7170ef79-fb9b-42f2-b1f8-0460029228e2'),
 ('84', '7', '175', '83', '14', '15', '1', '2015-11-24 15:14:45', '2015-11-24 15:14:45', '1351dfb7-fa65-411e-b09b-6b089e9c4f75'),
 ('85', '7', '176', '83', '4', '5', '1', '2015-11-24 15:14:53', '2015-11-24 15:14:53', 'c5042492-6e13-41be-81b9-7403835b323a'),
 ('86', '7', '177', '83', '2', '3', '1', '2015-11-24 15:14:58', '2015-11-24 15:14:58', '13a1871b-b356-4e25-a1c1-197499f9cf29'),
 ('87', '7', '178', '83', '6', '7', '1', '2015-11-24 15:15:09', '2015-11-24 15:15:09', '72774c14-9e22-4c12-a8f1-177bd0d82f08'),
 ('88', '7', '179', '83', '10', '11', '1', '2015-11-24 15:15:17', '2015-11-24 15:15:17', 'b4bfc3f5-9b4e-464c-9994-186dc6ffcc23'),
 ('89', '7', '180', '83', '12', '13', '1', '2015-11-24 15:15:27', '2015-11-24 15:15:27', '97595591-dc9d-42a3-b37b-2abd7fe261f4'),
 ('90', '7', '181', '83', '8', '9', '1', '2015-11-24 15:15:36', '2015-11-24 15:15:36', '817c82a8-e94e-45c9-88c2-bc265d105a68'),
 ('91', '1', '213', '68', '28', '29', '1', '2015-12-17 18:22:57', '2015-12-17 18:22:57', '5f1eda67-5e3c-4380-ac1f-68a51fb8afc6'),
 ('92', '1', '234', '68', '24', '25', '1', '2015-12-17 18:59:04', '2015-12-17 18:59:04', 'da5408e3-0d1f-4d2b-983f-a598661af1fc'),
 ('93', '1', '236', '68', '34', '35', '1', '2015-12-17 18:59:45', '2015-12-17 18:59:45', 'b694d366-eca5-4565-bd2c-58ed04e7627f'),
 ('94', '1', '315', '68', '10', '11', '1', '2015-12-29 15:37:37', '2015-12-29 15:37:37', 'b99cd869-3688-430b-9485-10cf18a40b4d'),
 ('95', '1', '316', '68', '12', '13', '1', '2015-12-29 15:39:30', '2015-12-29 15:39:30', '7ffee9c4-fad9-4cb3-bd21-abbae0ac97ce'),
 ('96', '1', '317', '68', '14', '15', '1', '2015-12-29 15:45:43', '2015-12-29 15:45:43', 'acc7efb3-0e25-4977-908e-3f3874479fc1'),
 ('97', '1', '318', '68', '16', '17', '1', '2015-12-29 15:47:49', '2015-12-29 15:47:49', '5bd609ad-ead8-42bd-95c2-da331113b27e'),
 ('98', '1', '319', '68', '18', '19', '1', '2015-12-29 15:51:28', '2015-12-29 15:51:28', 'ad84e4bc-d256-45d7-98dc-84d33f182038'),
 ('99', '1', '320', '68', '20', '21', '1', '2015-12-29 15:54:33', '2015-12-29 15:54:33', '6bf6305a-15a3-47a9-bd7b-1b6fe8ed0190'),
 ('100', '1', '322', '68', '22', '23', '1', '2015-12-29 16:05:57', '2015-12-29 16:05:57', '654bfcc4-5d32-44c7-81fc-373dde1c1e84'),
 ('101', '1', '323', '68', '26', '27', '1', '2015-12-29 16:08:20', '2015-12-29 16:08:20', 'fd22ef44-1161-458d-9cbe-3a635f23b553'),
 ('102', '1', '324', '68', '32', '33', '1', '2015-12-29 16:12:09', '2015-12-29 16:12:09', 'db35cfd2-8b65-4f2e-9389-a7f83bb90b33'),
 ('103', '1', '325', '68', '36', '37', '1', '2015-12-29 16:15:15', '2015-12-29 16:15:15', '702b7c99-a2f9-4907-a54b-92b2acd4d938'),
 ('104', '1', '326', '68', '38', '39', '1', '2015-12-29 16:18:46', '2015-12-29 16:18:46', '1952904b-1d41-4ee7-96b2-545b8090d491'),
 ('105', '1', '327', '68', '40', '41', '1', '2015-12-29 16:20:50', '2015-12-29 16:20:50', '083fbb7f-6282-49fa-a1d5-1def51e77966'),
 ('106', '1', '378', '68', '44', '45', '1', '2016-01-05 18:21:56', '2016-01-05 18:21:56', '4ddf2b19-3013-4a4c-b9dd-d66a5d41d0bf'),
 ('107', '1', '380', '68', '46', '47', '1', '2016-01-05 18:30:52', '2016-01-05 18:30:52', '795f389c-275f-47ef-b137-1b30b157a073'),
 ('108', '1', '381', '68', '48', '49', '1', '2016-01-05 18:33:08', '2016-01-05 18:33:08', 'e9be87ab-d509-45e5-b664-b7e3fb20aeb9'),
 ('109', '1', '382', '68', '50', '51', '1', '2016-01-05 18:37:34', '2016-01-05 18:37:34', '3fa1771e-7b71-4672-b8ee-fa674a156c40'),
 ('110', '1', '384', '68', '52', '53', '1', '2016-01-05 18:50:48', '2016-01-05 18:50:48', 'e6999400-cb24-4f94-a0bd-70ae11491eeb'),
 ('111', '1', '385', '68', '54', '55', '1', '2016-01-05 18:51:38', '2016-01-05 18:51:38', '9865e8b6-e85a-444d-bc6a-f858a84c5d67'),
 ('112', '1', '388', '68', '56', '57', '1', '2016-01-05 18:59:13', '2016-01-05 18:59:13', '7c7b9895-5c41-4379-96b9-c8699254ec48'),
 ('113', '1', '390', '68', '58', '59', '1', '2016-01-05 19:09:07', '2016-01-05 19:09:07', '938b7919-dbe2-409b-807c-f4c904261176'),
 ('114', '1', '392', '68', '60', '61', '1', '2016-01-05 19:11:16', '2016-01-05 19:11:16', 'b687c146-a8d7-48a6-bb17-420e559527d8'),
 ('115', '1', '394', '68', '62', '63', '1', '2016-01-05 19:15:35', '2016-01-05 19:15:35', 'ab49cb25-f144-4422-b6f4-7c87e1c84cb7'),
 ('116', '1', '423', '68', '64', '65', '1', '2016-01-05 21:25:15', '2016-01-05 21:25:15', '795a0224-fc4c-48e3-824e-5e9e577197a1'),
 ('117', '1', '424', '68', '66', '67', '1', '2016-01-08 17:33:08', '2016-01-08 17:33:08', 'c688b023-50ab-407d-8757-26c9bd3b61c2'),
 ('118', '1', '425', '68', '68', '69', '1', '2016-01-08 17:39:43', '2016-01-08 17:39:43', '26bd4716-1a7a-4eb4-aa39-1c75f1257b52'),
 ('119', '1', '426', '68', '70', '71', '1', '2016-01-08 17:42:21', '2016-01-08 17:42:21', 'c686ffda-1907-4c2b-9a9c-79906ce95c3f'),
 ('120', '1', '427', '68', '72', '73', '1', '2016-01-08 17:44:33', '2016-01-08 17:44:33', 'ff90ee23-6fa9-4f9f-b086-c44944d7ab87'),
 ('121', '7', '433', '83', '16', '17', '1', '2016-01-12 17:36:18', '2016-01-12 17:36:18', '1c8adbc8-679d-445d-ad42-e72a5b541d4d'),
 ('122', '1', '434', '68', '74', '75', '1', '2016-01-12 17:38:26', '2016-01-12 17:38:26', '40923271-e462-4f6c-88e3-b3456b889877'),
 ('123', '1', '435', '68', '76', '77', '1', '2016-01-12 17:39:57', '2016-01-12 17:39:57', '9b807b04-ce45-4126-a8ab-56b88cd51f90'),
 ('124', '1', '436', '68', '78', '79', '1', '2016-01-12 17:41:24', '2016-01-12 17:41:24', 'ac668fb6-2155-4ef7-b9d2-7f1ad21c9638'),
 ('125', '1', '439', '68', '80', '81', '1', '2016-01-14 18:17:22', '2016-01-14 18:17:22', 'be4fe877-c773-4efe-8b8c-bd7b13373dd6'),
 ('126', '1', '440', '68', '82', '83', '1', '2016-01-14 18:21:18', '2016-01-14 18:21:18', '80d78611-0c9c-4e57-bf47-996e489ee13a'),
 ('127', '1', '441', '68', '84', '85', '1', '2016-01-14 18:22:55', '2016-01-14 18:22:55', '9e0534ec-6cd7-4d5a-b3eb-6e8a33d1f105'),
 ('128', '1', '442', '68', '86', '87', '1', '2016-01-14 18:24:16', '2016-01-14 18:24:16', '85717eab-c03d-4e4c-bf65-2fbedc2e3923'),
 ('129', '8', NULL, '129', '1', '4', '0', '2016-01-15 15:50:35', '2016-01-15 15:50:35', '1cd44005-c6bf-435c-b67c-f217ebd141ca'),
 ('130', '8', '449', '129', '2', '3', '1', '2016-01-15 15:50:35', '2016-01-15 15:50:35', 'fd4cfeb0-a41e-4028-b74c-2bfdb77315a5');



DROP TABLE IF EXISTS `craft_structures`;


--
-- Schema for table `craft_structures`
--
CREATE TABLE `craft_structures` (
  `id` int(11) NOT NULL AUTO_INCREMENT,
  `maxLevels` smallint(6) unsigned DEFAULT NULL,
  `dateCreated` datetime NOT NULL,
  `dateUpdated` datetime NOT NULL,
  `uid` char(36) COLLATE utf8_unicode_ci NOT NULL DEFAULT '0',
  PRIMARY KEY (`id`)
) ENGINE=InnoDB AUTO_INCREMENT=9 DEFAULT CHARSET=utf8 COLLATE=utf8_unicode_ci;

--
-- Data for table `craft_structures`
--

INSERT INTO `craft_structures` (`id`, `maxLevels`, `dateCreated`, `dateUpdated`, `uid`) VALUES
 ('1', NULL, '2015-09-18 13:15:00', '2015-12-17 16:17:52', 'cc4fa47c-9588-4fb2-969e-027f062e8713'),
 ('2', NULL, '2015-09-18 13:26:54', '2015-09-18 13:26:54', 'ad6fe85f-0c1c-4c0a-b364-c773173b9eb7'),
 ('3', NULL, '2015-09-18 13:29:38', '2015-09-18 13:29:38', '2b1f651a-4be3-4706-8917-f47ab0cbd4e6'),
 ('4', NULL, '2015-09-18 13:33:23', '2015-09-18 13:33:23', '7d764c02-efd8-47c1-a689-878df936357a'),
 ('5', NULL, '2015-09-18 13:48:04', '2015-09-18 13:48:04', '87b2a38b-605a-47c5-aeb2-08ed88567984'),
 ('6', NULL, '2015-10-30 14:05:08', '2015-10-30 14:05:08', 'e99ca462-0704-4dce-9d35-6621ab8bc1b0'),
 ('7', NULL, '2015-11-24 15:14:28', '2015-11-24 15:14:28', 'c8cd92dd-ab7b-465e-ac57-296dbb428519'),
 ('8', NULL, '2016-01-15 15:43:12', '2016-01-15 15:53:36', 'ef1ff582-d643-41c3-80eb-f47493392149');



DROP TABLE IF EXISTS `craft_systemsettings`;


--
-- Schema for table `craft_systemsettings`
--
CREATE TABLE `craft_systemsettings` (
  `id` int(11) NOT NULL AUTO_INCREMENT,
  `category` varchar(15) COLLATE utf8_unicode_ci NOT NULL,
  `settings` text COLLATE utf8_unicode_ci,
  `dateCreated` datetime NOT NULL,
  `dateUpdated` datetime NOT NULL,
  `uid` char(36) COLLATE utf8_unicode_ci NOT NULL DEFAULT '0',
  PRIMARY KEY (`id`),
  UNIQUE KEY `craft_systemsettings_category_unq_idx` (`category`)
) ENGINE=InnoDB AUTO_INCREMENT=2 DEFAULT CHARSET=utf8 COLLATE=utf8_unicode_ci;

--
-- Data for table `craft_systemsettings`
--

INSERT INTO `craft_systemsettings` (`id`, `category`, `settings`, `dateCreated`, `dateUpdated`, `uid`) VALUES
 ('1', 'email', '{\"protocol\":\"php\",\"emailAddress\":\"rhawkins@ideabasekent.com\",\"senderName\":\"IdeaBase Website\"}', '2015-09-18 13:02:12', '2015-09-18 13:02:12', '6d6447f2-f840-498f-b13f-a6a5972c1fe8');



DROP TABLE IF EXISTS `craft_taggroups`;


--
-- Schema for table `craft_taggroups`
--
CREATE TABLE `craft_taggroups` (
  `id` int(11) NOT NULL AUTO_INCREMENT,
  `name` varchar(255) COLLATE utf8_unicode_ci NOT NULL,
  `handle` varchar(255) COLLATE utf8_unicode_ci NOT NULL,
  `fieldLayoutId` int(10) DEFAULT NULL,
  `dateCreated` datetime NOT NULL,
  `dateUpdated` datetime NOT NULL,
  `uid` char(36) COLLATE utf8_unicode_ci NOT NULL DEFAULT '0',
  PRIMARY KEY (`id`),
  UNIQUE KEY `craft_taggroups_name_unq_idx` (`name`),
  UNIQUE KEY `craft_taggroups_handle_unq_idx` (`handle`),
  KEY `craft_taggroups_fieldLayoutId_fk` (`fieldLayoutId`)
) ENGINE=InnoDB AUTO_INCREMENT=2 DEFAULT CHARSET=utf8 COLLATE=utf8_unicode_ci;

--
-- Data for table `craft_taggroups`
--

INSERT INTO `craft_taggroups` (`id`, `name`, `handle`, `fieldLayoutId`, `dateCreated`, `dateUpdated`, `uid`) VALUES
 ('1', 'Default', 'default', '1', '2015-09-18 13:02:12', '2015-09-18 13:02:12', '84cd9470-d561-4977-b614-f1686b369b26');



DROP TABLE IF EXISTS `craft_tags`;


--
-- Schema for table `craft_tags`
--
CREATE TABLE `craft_tags` (
  `id` int(11) NOT NULL,
  `groupId` int(11) NOT NULL,
  `dateCreated` datetime NOT NULL,
  `dateUpdated` datetime NOT NULL,
  `uid` char(36) COLLATE utf8_unicode_ci NOT NULL DEFAULT '0',
  PRIMARY KEY (`id`),
  KEY `craft_tags_groupId_fk` (`groupId`)
) ENGINE=InnoDB DEFAULT CHARSET=utf8 COLLATE=utf8_unicode_ci;

DROP TABLE IF EXISTS `craft_tasks`;


--
-- Schema for table `craft_tasks`
--
CREATE TABLE `craft_tasks` (
  `id` int(11) NOT NULL AUTO_INCREMENT,
  `root` int(11) unsigned DEFAULT NULL,
  `lft` int(11) unsigned NOT NULL,
  `rgt` int(11) unsigned NOT NULL,
  `level` smallint(6) unsigned NOT NULL,
  `currentStep` int(11) unsigned DEFAULT NULL,
  `totalSteps` int(11) unsigned DEFAULT NULL,
  `status` enum('pending','error','running') COLLATE utf8_unicode_ci DEFAULT NULL,
  `type` varchar(150) COLLATE utf8_unicode_ci NOT NULL,
  `description` varchar(255) COLLATE utf8_unicode_ci DEFAULT NULL,
  `settings` text COLLATE utf8_unicode_ci,
  `dateCreated` datetime NOT NULL,
  `dateUpdated` datetime NOT NULL,
  `uid` char(36) COLLATE utf8_unicode_ci NOT NULL DEFAULT '0',
  PRIMARY KEY (`id`),
  KEY `craft_tasks_root_idx` (`root`),
  KEY `craft_tasks_lft_idx` (`lft`),
  KEY `craft_tasks_rgt_idx` (`rgt`),
  KEY `craft_tasks_level_idx` (`level`)
) ENGINE=InnoDB AUTO_INCREMENT=277 DEFAULT CHARSET=utf8 COLLATE=utf8_unicode_ci;

DROP TABLE IF EXISTS `craft_templatecachecriteria`;


--
-- Schema for table `craft_templatecachecriteria`
--
CREATE TABLE `craft_templatecachecriteria` (
  `id` int(11) NOT NULL AUTO_INCREMENT,
  `cacheId` int(11) NOT NULL,
  `type` varchar(150) COLLATE utf8_unicode_ci NOT NULL,
  `criteria` text COLLATE utf8_unicode_ci NOT NULL,
  PRIMARY KEY (`id`),
  KEY `craft_templatecachecriteria_cacheId_fk` (`cacheId`),
  KEY `craft_templatecachecriteria_type_idx` (`type`)
) ENGINE=InnoDB DEFAULT CHARSET=utf8 COLLATE=utf8_unicode_ci;

DROP TABLE IF EXISTS `craft_templatecacheelements`;


--
-- Schema for table `craft_templatecacheelements`
--
CREATE TABLE `craft_templatecacheelements` (
  `cacheId` int(11) NOT NULL,
  `elementId` int(11) NOT NULL,
  KEY `craft_templatecacheelements_cacheId_fk` (`cacheId`),
  KEY `craft_templatecacheelements_elementId_fk` (`elementId`)
) ENGINE=InnoDB DEFAULT CHARSET=utf8 COLLATE=utf8_unicode_ci;

DROP TABLE IF EXISTS `craft_templatecaches`;


--
-- Schema for table `craft_templatecaches`
--
CREATE TABLE `craft_templatecaches` (
  `id` int(11) NOT NULL AUTO_INCREMENT,
  `cacheKey` varchar(255) COLLATE utf8_unicode_ci NOT NULL,
  `locale` char(12) COLLATE utf8_unicode_ci NOT NULL,
  `path` varchar(255) COLLATE utf8_unicode_ci DEFAULT NULL,
  `expiryDate` datetime NOT NULL,
  `body` mediumtext COLLATE utf8_unicode_ci NOT NULL,
  PRIMARY KEY (`id`),
  KEY `craft_templatecaches_expiryDate_cacheKey_locale_path_idx` (`expiryDate`,`cacheKey`,`locale`,`path`),
  KEY `craft_templatecaches_locale_fk` (`locale`)
) ENGINE=InnoDB DEFAULT CHARSET=utf8 COLLATE=utf8_unicode_ci;

DROP TABLE IF EXISTS `craft_tokens`;


--
-- Schema for table `craft_tokens`
--
CREATE TABLE `craft_tokens` (
  `id` int(11) NOT NULL AUTO_INCREMENT,
  `token` char(32) COLLATE utf8_unicode_ci NOT NULL,
  `route` text COLLATE utf8_unicode_ci,
  `usageLimit` tinyint(3) unsigned DEFAULT NULL,
  `usageCount` tinyint(3) unsigned DEFAULT NULL,
  `expiryDate` datetime NOT NULL,
  `dateCreated` datetime NOT NULL,
  `dateUpdated` datetime NOT NULL,
  `uid` char(36) COLLATE utf8_unicode_ci NOT NULL DEFAULT '0',
  PRIMARY KEY (`id`),
  UNIQUE KEY `craft_tokens_token_unq_idx` (`token`),
  KEY `craft_tokens_expiryDate_idx` (`expiryDate`)
) ENGINE=InnoDB DEFAULT CHARSET=utf8 COLLATE=utf8_unicode_ci;

DROP TABLE IF EXISTS `craft_usergroups`;


--
-- Schema for table `craft_usergroups`
--
CREATE TABLE `craft_usergroups` (
  `id` int(11) NOT NULL AUTO_INCREMENT,
  `name` varchar(255) COLLATE utf8_unicode_ci NOT NULL,
  `handle` varchar(255) COLLATE utf8_unicode_ci NOT NULL,
  `dateCreated` datetime NOT NULL,
  `dateUpdated` datetime NOT NULL,
  `uid` char(36) COLLATE utf8_unicode_ci NOT NULL DEFAULT '0',
  PRIMARY KEY (`id`)
) ENGINE=InnoDB AUTO_INCREMENT=2 DEFAULT CHARSET=utf8 COLLATE=utf8_unicode_ci;

--
-- Data for table `craft_usergroups`
--

INSERT INTO `craft_usergroups` (`id`, `name`, `handle`, `dateCreated`, `dateUpdated`, `uid`) VALUES
 ('1', 'Admin', 'admin', '2015-09-29 14:12:53', '2015-09-29 14:12:53', 'df5bfd41-1810-42a0-ac1f-f8be5510371a');



DROP TABLE IF EXISTS `craft_usergroups_users`;


--
-- Schema for table `craft_usergroups_users`
--
CREATE TABLE `craft_usergroups_users` (
  `id` int(11) NOT NULL AUTO_INCREMENT,
  `groupId` int(11) NOT NULL,
  `userId` int(11) NOT NULL,
  `dateCreated` datetime NOT NULL,
  `dateUpdated` datetime NOT NULL,
  `uid` char(36) COLLATE utf8_unicode_ci NOT NULL DEFAULT '0',
  PRIMARY KEY (`id`),
  UNIQUE KEY `craft_usergroups_users_groupId_userId_unq_idx` (`groupId`,`userId`),
  KEY `craft_usergroups_users_userId_fk` (`userId`)
) ENGINE=InnoDB AUTO_INCREMENT=6 DEFAULT CHARSET=utf8 COLLATE=utf8_unicode_ci;

--
-- Data for table `craft_usergroups_users`
--

INSERT INTO `craft_usergroups_users` (`id`, `groupId`, `userId`, `dateCreated`, `dateUpdated`, `uid`) VALUES
 ('2', '1', '87', '2015-09-29 14:15:27', '2015-09-29 14:15:27', '34f0a814-30c9-4b76-ab47-33c665d79627'),
 ('3', '1', '204', '2015-12-17 15:10:35', '2015-12-17 15:10:35', 'e5631e5e-f0c5-4d7c-b01d-c424647509a0'),
 ('4', '1', '150', '2015-12-17 15:22:19', '2015-12-17 15:22:19', '9409b9d8-5223-45ec-b717-9d2fa682a64f'),
 ('5', '1', '205', '2015-12-17 15:23:34', '2015-12-17 15:23:34', '01c0eb37-be99-4d8a-8806-8c2b997323d0');



DROP TABLE IF EXISTS `craft_userpermissions`;


--
-- Schema for table `craft_userpermissions`
--
CREATE TABLE `craft_userpermissions` (
  `id` int(11) NOT NULL AUTO_INCREMENT,
  `name` varchar(255) COLLATE utf8_unicode_ci NOT NULL,
  `dateCreated` datetime NOT NULL,
  `dateUpdated` datetime NOT NULL,
  `uid` char(36) COLLATE utf8_unicode_ci NOT NULL DEFAULT '0',
  PRIMARY KEY (`id`),
  UNIQUE KEY `craft_userpermissions_name_unq_idx` (`name`)
) ENGINE=InnoDB AUTO_INCREMENT=104 DEFAULT CHARSET=utf8 COLLATE=utf8_unicode_ci;

--
-- Data for table `craft_userpermissions`
--

INSERT INTO `craft_userpermissions` (`id`, `name`, `dateCreated`, `dateUpdated`, `uid`) VALUES
 ('1', 'accesssitewhensystemisoff', '2015-09-29 14:12:53', '2015-09-29 14:12:53', '6eed2338-cdf2-4716-8cc4-af86d3326077'),
 ('2', 'accesscpwhensystemisoff', '2015-09-29 14:12:53', '2015-09-29 14:12:53', '6449e085-4ee2-4de7-a840-4e182341355d'),
 ('3', 'performupdates', '2015-09-29 14:12:53', '2015-09-29 14:12:53', '33e11946-79a9-4cb3-9b12-3180d9ad95a3'),
 ('4', 'accesscp', '2015-09-29 14:12:53', '2015-09-29 14:12:53', 'c1e149dc-bb1e-416c-a6fb-21b513a91a94'),
 ('5', 'registerusers', '2015-09-29 14:12:53', '2015-09-29 14:12:53', '7ddab070-8582-4706-a9d6-df7b32cae4e4'),
 ('6', 'assignuserpermissions', '2015-09-29 14:12:53', '2015-09-29 14:12:53', 'ab1a7fa6-ea0f-4d82-9939-bab179137f85'),
 ('7', 'changeuseremails', '2015-09-29 14:12:53', '2015-09-29 14:12:53', 'dad709e6-3450-4729-ad24-4994a2411a3c'),
 ('8', 'administrateusers', '2015-09-29 14:12:53', '2015-09-29 14:12:53', '468034fe-7724-441e-b63a-a0dfedd12ae0'),
 ('9', 'editusers', '2015-09-29 14:12:53', '2015-09-29 14:12:53', 'a4c5a1b8-0b5d-4455-b333-b0aa3f573129'),
 ('10', 'deleteusers', '2015-09-29 14:12:53', '2015-09-29 14:12:53', '51abd8d0-4f55-4782-ba6b-c5771ff1f1f4'),
 ('11', 'createentries:6', '2015-09-29 14:12:53', '2015-09-29 14:12:53', '30511d70-2e5c-44ec-9edd-fa817cd9da4f'),
 ('12', 'publishentries:6', '2015-09-29 14:12:53', '2015-09-29 14:12:53', '301fa397-8513-4283-b29b-39429440dd7f'),
 ('13', 'deleteentries:6', '2015-09-29 14:12:53', '2015-09-29 14:12:53', '256920b8-ed6b-4ebf-ad65-7276b2b03a89'),
 ('14', 'publishpeerentries:6', '2015-09-29 14:12:53', '2015-09-29 14:12:53', 'ead57753-3a43-47c8-b516-62f47cc37e64'),
 ('15', 'deletepeerentries:6', '2015-09-29 14:12:53', '2015-09-29 14:12:53', '1b9e1088-3e84-4843-97cd-f629895ce483'),
 ('16', 'editpeerentries:6', '2015-09-29 14:12:53', '2015-09-29 14:12:53', 'cfb8a20e-b5a8-4564-a28c-c700e2678a59'),
 ('17', 'publishpeerentrydrafts:6', '2015-09-29 14:12:53', '2015-09-29 14:12:53', '00be561e-4b93-4398-8c75-eee526956144'),
 ('18', 'deletepeerentrydrafts:6', '2015-09-29 14:12:53', '2015-09-29 14:12:53', '41ed594d-962e-4817-b0f3-4d86e797feb0'),
 ('19', 'editpeerentrydrafts:6', '2015-09-29 14:12:53', '2015-09-29 14:12:53', '83107018-88cd-4047-a6d5-0925637d4759'),
 ('20', 'editentries:6', '2015-09-29 14:12:53', '2015-09-29 14:12:53', '8e53943f-e0e2-423c-86ca-a0c0ca00096e'),
 ('21', 'createentries:5', '2015-09-29 14:12:53', '2015-09-29 14:12:53', 'dff29707-2365-414a-bcbc-6a5572582a1e'),
 ('22', 'publishentries:5', '2015-09-29 14:12:53', '2015-09-29 14:12:53', 'a3b39dec-964f-4dae-b980-42477fc7415d'),
 ('23', 'deleteentries:5', '2015-09-29 14:12:53', '2015-09-29 14:12:53', '06eff198-1381-4c1f-8251-a028c96ad288'),
 ('24', 'publishpeerentries:5', '2015-09-29 14:12:53', '2015-09-29 14:12:53', 'b4a4d905-ce4a-4c57-857c-fcb1e53b686b'),
 ('25', 'deletepeerentries:5', '2015-09-29 14:12:53', '2015-09-29 14:12:53', 'faf182d0-d243-4e7f-a58f-f24249a7c6bf'),
 ('26', 'editpeerentries:5', '2015-09-29 14:12:53', '2015-09-29 14:12:53', 'e8d4ada8-33ce-4985-bd36-b6df5c4ccc9d'),
 ('27', 'publishpeerentrydrafts:5', '2015-09-29 14:12:53', '2015-09-29 14:12:53', '54fd481c-5379-4399-9d23-0ba9db04a4c4'),
 ('28', 'deletepeerentrydrafts:5', '2015-09-29 14:12:53', '2015-09-29 14:12:53', 'a80c9da4-d21f-4780-8895-5e88805faad3'),
 ('29', 'editpeerentrydrafts:5', '2015-09-29 14:12:53', '2015-09-29 14:12:53', 'a1d28978-ebcf-49bb-b1d5-e8043b49a81e'),
 ('30', 'editentries:5', '2015-09-29 14:12:53', '2015-09-29 14:12:53', 'aaf2e387-35d3-420b-8d66-1320445b8566'),
 ('31', 'createentries:9', '2015-09-29 14:12:53', '2015-09-29 14:12:53', '204e0016-b522-4a43-b183-f469789a41ba'),
 ('32', 'publishentries:9', '2015-09-29 14:12:53', '2015-09-29 14:12:53', '4934273e-cea2-4ff8-9a12-bd9b60eacb8c'),
 ('33', 'deleteentries:9', '2015-09-29 14:12:53', '2015-09-29 14:12:53', '3c31b413-072e-43d2-9994-25cb73384079'),
 ('34', 'publishpeerentries:9', '2015-09-29 14:12:53', '2015-09-29 14:12:53', '5da33657-2163-41a4-adbb-4a1b97e628c5'),
 ('35', 'deletepeerentries:9', '2015-09-29 14:12:53', '2015-09-29 14:12:53', 'b8022673-6be8-49d7-a294-2f9ec7834a73'),
 ('36', 'editpeerentries:9', '2015-09-29 14:12:53', '2015-09-29 14:12:53', '41fe8440-06fb-40f5-b9e5-3aec81ac3fb4'),
 ('37', 'publishpeerentrydrafts:9', '2015-09-29 14:12:53', '2015-09-29 14:12:53', 'e484771b-1bac-4446-b0f1-99a24049e285'),
 ('38', 'deletepeerentrydrafts:9', '2015-09-29 14:12:53', '2015-09-29 14:12:53', '2e942e03-67dc-462a-a795-ee4945115d1d'),
 ('39', 'editpeerentrydrafts:9', '2015-09-29 14:12:53', '2015-09-29 14:12:53', '750b89e6-2cb9-4269-9024-51638556cf09'),
 ('40', 'editentries:9', '2015-09-29 14:12:53', '2015-09-29 14:12:53', '9772af3d-bba9-4364-933a-10275d957770'),
 ('41', 'createentries:8', '2015-09-29 14:12:53', '2015-09-29 14:12:53', '11f6796a-986f-44b3-bf6e-41985969b31d'),
 ('42', 'publishentries:8', '2015-09-29 14:12:53', '2015-09-29 14:12:53', '1ea58d0c-cb5e-4d8d-bdd8-bd364c482fad'),
 ('43', 'deleteentries:8', '2015-09-29 14:12:53', '2015-09-29 14:12:53', '7860ebd6-38e1-466b-a131-8c918eba0c36'),
 ('44', 'publishpeerentries:8', '2015-09-29 14:12:53', '2015-09-29 14:12:53', '48144fb9-69cc-4652-baa3-645c7c4b660a'),
 ('45', 'deletepeerentries:8', '2015-09-29 14:12:53', '2015-09-29 14:12:53', '854bc91f-c030-49b1-b411-1a692446457e'),
 ('46', 'editpeerentries:8', '2015-09-29 14:12:53', '2015-09-29 14:12:53', 'c55c227b-165b-4013-86c4-9b8c20d6ad04'),
 ('47', 'publishpeerentrydrafts:8', '2015-09-29 14:12:53', '2015-09-29 14:12:53', '8337c3b3-1f3d-404f-9e64-0cc682350897'),
 ('48', 'deletepeerentrydrafts:8', '2015-09-29 14:12:53', '2015-09-29 14:12:53', 'cda7222b-8ae6-475a-b961-d2f573d74443'),
 ('49', 'editpeerentrydrafts:8', '2015-09-29 14:12:53', '2015-09-29 14:12:53', '962571e7-39ca-48a8-93d4-f912b6f6c77e'),
 ('50', 'editentries:8', '2015-09-29 14:12:53', '2015-09-29 14:12:53', '74697b5a-272d-4acb-90cb-d1387163a479'),
 ('51', 'publishentries:1', '2015-09-29 14:12:53', '2015-09-29 14:12:53', '3ebe7edf-cd0f-489d-9ba5-71de073889ce'),
 ('52', 'publishpeerentrydrafts:1', '2015-09-29 14:12:53', '2015-09-29 14:12:53', '97d32faf-bba4-4c13-bf17-6a0b53c03f19'),
 ('53', 'deletepeerentrydrafts:1', '2015-09-29 14:12:53', '2015-09-29 14:12:53', 'ca699680-07e3-48a6-b54b-882b2caf2b1e'),
 ('54', 'editpeerentrydrafts:1', '2015-09-29 14:12:53', '2015-09-29 14:12:53', '6594e86f-b9a8-4084-819a-c575d7f02f96'),
 ('55', 'editentries:1', '2015-09-29 14:12:53', '2015-09-29 14:12:53', '183b735d-7dbd-4dd8-a76e-abecf0cc6127'),
 ('56', 'createentries:2', '2015-09-29 14:12:53', '2015-09-29 14:12:53', '00633d37-306d-4b9f-8a1e-c069a5371b8c'),
 ('57', 'publishentries:2', '2015-09-29 14:12:53', '2015-09-29 14:12:53', '3bc690b9-4443-4401-804b-1b7d2e818659'),
 ('58', 'deleteentries:2', '2015-09-29 14:12:53', '2015-09-29 14:12:53', 'f4d2e46f-d1ed-426a-965d-05a902e92b33'),
 ('59', 'publishpeerentries:2', '2015-09-29 14:12:53', '2015-09-29 14:12:53', '66e2d39d-2c4e-49a0-b4da-312861b83ffa'),
 ('60', 'deletepeerentries:2', '2015-09-29 14:12:53', '2015-09-29 14:12:53', 'b10fedd3-b11d-4bed-89ca-d28d6686f836'),
 ('61', 'editpeerentries:2', '2015-09-29 14:12:53', '2015-09-29 14:12:53', '542d8963-66e3-4f67-bac9-3222598c9bb1'),
 ('62', 'publishpeerentrydrafts:2', '2015-09-29 14:12:53', '2015-09-29 14:12:53', '5024b824-9298-4a56-bf98-ce670250c8eb'),
 ('63', 'deletepeerentrydrafts:2', '2015-09-29 14:12:53', '2015-09-29 14:12:53', 'ce90d6ce-5021-414b-bfa5-cb9e883bcfd3'),
 ('64', 'editpeerentrydrafts:2', '2015-09-29 14:12:53', '2015-09-29 14:12:53', 'fbb4d856-7aad-4594-b441-8c1bb41e60db'),
 ('65', 'editentries:2', '2015-09-29 14:12:53', '2015-09-29 14:12:53', '081d8f59-8435-4077-8060-44b694c7eef5'),
 ('66', 'createentries:3', '2015-09-29 14:12:53', '2015-09-29 14:12:53', 'f3a2ddf4-1b29-4d95-83d2-fb4aac7b2155'),
 ('67', 'publishentries:3', '2015-09-29 14:12:53', '2015-09-29 14:12:53', 'b5f0a211-0692-400a-989c-7b3eee32daf6'),
 ('68', 'deleteentries:3', '2015-09-29 14:12:53', '2015-09-29 14:12:53', 'f709339a-126c-4356-9c5b-3a2b6a24e76b'),
 ('69', 'publishpeerentries:3', '2015-09-29 14:12:53', '2015-09-29 14:12:53', '71e75ac0-74d5-4865-bef7-1296886fd50d'),
 ('70', 'deletepeerentries:3', '2015-09-29 14:12:53', '2015-09-29 14:12:53', '9d593c0c-7876-4814-b1da-f4b8afe49918'),
 ('71', 'editpeerentries:3', '2015-09-29 14:12:53', '2015-09-29 14:12:53', '497a8bbc-0f32-405d-a8f7-88e646a85a49'),
 ('72', 'publishpeerentrydrafts:3', '2015-09-29 14:12:53', '2015-09-29 14:12:53', '333cd2c5-fbb0-477e-96ba-008139268c1f'),
 ('73', 'deletepeerentrydrafts:3', '2015-09-29 14:12:53', '2015-09-29 14:12:53', '58a7b858-563a-49b5-82f3-6028dd9c7196'),
 ('74', 'editpeerentrydrafts:3', '2015-09-29 14:12:53', '2015-09-29 14:12:53', 'ca76a415-2dfc-4f8c-9477-beb83a7d351d'),
 ('75', 'editentries:3', '2015-09-29 14:12:53', '2015-09-29 14:12:53', 'ad4abe37-4b1b-4220-b8ac-610dae079641'),
 ('76', 'createentries:4', '2015-09-29 14:12:53', '2015-09-29 14:12:53', '8775f727-996f-4913-ad32-7d7859853460'),
 ('77', 'publishentries:4', '2015-09-29 14:12:53', '2015-09-29 14:12:53', '5f61e3e0-d2ac-4771-ac10-c2afa19b8cb5'),
 ('78', 'deleteentries:4', '2015-09-29 14:12:53', '2015-09-29 14:12:53', '55f860ae-33d6-4607-8496-8b3eec9e1d7f'),
 ('79', 'publishpeerentries:4', '2015-09-29 14:12:53', '2015-09-29 14:12:53', '4eba62ff-1ce1-412b-af61-cc5fe9d79144'),
 ('80', 'deletepeerentries:4', '2015-09-29 14:12:53', '2015-09-29 14:12:53', '9ae0c1ae-281f-4be6-b76d-80ea040102f7'),
 ('81', 'editpeerentries:4', '2015-09-29 14:12:53', '2015-09-29 14:12:53', '54e52d52-b26d-452c-910d-07a77a1964cb'),
 ('82', 'publishpeerentrydrafts:4', '2015-09-29 14:12:53', '2015-09-29 14:12:53', 'cdfc7bd4-c029-4344-8df6-6345795a5411'),
 ('83', 'deletepeerentrydrafts:4', '2015-09-29 14:12:53', '2015-09-29 14:12:53', '72113adb-6aff-4118-9458-2a393ae946e0'),
 ('84', 'editpeerentrydrafts:4', '2015-09-29 14:12:53', '2015-09-29 14:12:53', '0c242513-a48e-4555-a328-bcd5b01f3ea2'),
 ('85', 'editentries:4', '2015-09-29 14:12:53', '2015-09-29 14:12:53', '5b37a246-b21d-4733-bf40-75fc3520d996'),
 ('86', 'createentries:7', '2015-09-29 14:12:53', '2015-09-29 14:12:53', '16d6aa25-0fd8-442e-bef9-33c1b3f4bebf'),
 ('87', 'publishentries:7', '2015-09-29 14:12:53', '2015-09-29 14:12:53', 'e9bced47-8e0f-46ab-a296-dec696690c89'),
 ('88', 'deleteentries:7', '2015-09-29 14:12:53', '2015-09-29 14:12:53', '3640422f-1b31-421e-b537-94cfd8158917'),
 ('89', 'publishpeerentries:7', '2015-09-29 14:12:53', '2015-09-29 14:12:53', 'e5e6f950-e6c5-41ac-9608-c48b03ea8dda'),
 ('90', 'deletepeerentries:7', '2015-09-29 14:12:53', '2015-09-29 14:12:53', '81ae1b1f-f78a-4802-a228-cc049d8958ad'),
 ('91', 'editpeerentries:7', '2015-09-29 14:12:53', '2015-09-29 14:12:53', 'a60861d8-c283-45df-bf9b-e37c24d4dc86'),
 ('92', 'publishpeerentrydrafts:7', '2015-09-29 14:12:53', '2015-09-29 14:12:53', 'dee0b2a7-193d-4147-abcc-8673ea35961e'),
 ('93', 'deletepeerentrydrafts:7', '2015-09-29 14:12:53', '2015-09-29 14:12:53', 'b1a761f5-83e3-4cb9-a212-d85b5bc34a5f'),
 ('94', 'editpeerentrydrafts:7', '2015-09-29 14:12:53', '2015-09-29 14:12:53', '896b7e43-4148-4d91-953b-4f270c5db21e'),
 ('95', 'editentries:7', '2015-09-29 14:12:53', '2015-09-29 14:12:53', '5b7db73e-888e-423a-a282-2879ea0ead67'),
 ('96', 'editcategories:4', '2015-09-29 14:12:53', '2015-09-29 14:12:53', '6f5c9545-2929-48d7-b0ae-a7ef070354bd'),
 ('97', 'editcategories:2', '2015-09-29 14:12:53', '2015-09-29 14:12:53', '5cc03bb4-4329-42da-a2aa-9d12fda33de2'),
 ('98', 'editcategories:3', '2015-09-29 14:12:53', '2015-09-29 14:12:53', '1688c05c-448c-4f16-9beb-ec9c33399b5f'),
 ('99', 'editcategories:1', '2015-09-29 14:12:53', '2015-09-29 14:12:53', 'e936194b-f4d0-4de6-bd2a-57abd8ab58ea'),
 ('100', 'uploadtoassetsource:1', '2015-09-29 14:12:53', '2015-09-29 14:12:53', '73808043-323b-4c7f-9f02-274a39a79cb7');
INSERT INTO `craft_userpermissions` (`id`, `name`, `dateCreated`, `dateUpdated`, `uid`) VALUES
 ('101', 'createsubfoldersinassetsource:1', '2015-09-29 14:12:53', '2015-09-29 14:12:53', 'eaacc3f4-9576-4e26-ac0a-a3b1a07c0a51'),
 ('102', 'removefromassetsource:1', '2015-09-29 14:12:53', '2015-09-29 14:12:53', '09e31b46-73c8-48c6-a3d4-123065c9c613'),
 ('103', 'viewassetsource:1', '2015-09-29 14:12:53', '2015-09-29 14:12:53', '1946b61d-2cf0-43f4-9ec0-a8c711db80e3');



DROP TABLE IF EXISTS `craft_userpermissions_usergroups`;


--
-- Schema for table `craft_userpermissions_usergroups`
--
CREATE TABLE `craft_userpermissions_usergroups` (
  `id` int(11) NOT NULL AUTO_INCREMENT,
  `permissionId` int(11) NOT NULL,
  `groupId` int(11) NOT NULL,
  `dateCreated` datetime NOT NULL,
  `dateUpdated` datetime NOT NULL,
  `uid` char(36) COLLATE utf8_unicode_ci NOT NULL DEFAULT '0',
  PRIMARY KEY (`id`),
  UNIQUE KEY `craft_userpermissions_usergroups_permissionId_groupId_unq_idx` (`permissionId`,`groupId`),
  KEY `craft_userpermissions_usergroups_groupId_fk` (`groupId`)
) ENGINE=InnoDB AUTO_INCREMENT=104 DEFAULT CHARSET=utf8 COLLATE=utf8_unicode_ci;

--
-- Data for table `craft_userpermissions_usergroups`
--

INSERT INTO `craft_userpermissions_usergroups` (`id`, `permissionId`, `groupId`, `dateCreated`, `dateUpdated`, `uid`) VALUES
 ('1', '1', '1', '2015-09-29 14:12:53', '2015-09-29 14:12:53', '9be9dfac-1cd6-4a20-b7da-cd540de2937e'),
 ('2', '2', '1', '2015-09-29 14:12:53', '2015-09-29 14:12:53', '85df7633-14fd-4b5d-8ead-7b9f54559dc4'),
 ('3', '3', '1', '2015-09-29 14:12:53', '2015-09-29 14:12:53', 'debec496-ab49-4303-a203-0faa2a9f023c'),
 ('4', '4', '1', '2015-09-29 14:12:53', '2015-09-29 14:12:53', '920eb59d-9d60-4077-b62d-a1f02a7100a9'),
 ('5', '5', '1', '2015-09-29 14:12:53', '2015-09-29 14:12:53', '7a9bd47f-1088-45dc-94d8-f3b902d9364c'),
 ('6', '6', '1', '2015-09-29 14:12:53', '2015-09-29 14:12:53', 'e99e56b2-3d67-4346-9830-cb03226e87cf'),
 ('7', '7', '1', '2015-09-29 14:12:53', '2015-09-29 14:12:53', '2d345531-5ed2-498f-8fa8-a1329315f156'),
 ('8', '8', '1', '2015-09-29 14:12:53', '2015-09-29 14:12:53', '553ab8c5-49be-420e-aa35-88c8c65d0be1'),
 ('9', '9', '1', '2015-09-29 14:12:53', '2015-09-29 14:12:53', '5c8e7f91-e618-4a9c-a56a-6d937fbbceda'),
 ('10', '10', '1', '2015-09-29 14:12:53', '2015-09-29 14:12:53', '01e5f19d-393e-4742-8b69-ceb317700d83'),
 ('11', '11', '1', '2015-09-29 14:12:53', '2015-09-29 14:12:53', 'fee97634-2918-4db6-b911-886e926743a1'),
 ('12', '12', '1', '2015-09-29 14:12:53', '2015-09-29 14:12:53', '42dfa8c0-641d-4fd9-8f0f-7a6a86e72914'),
 ('13', '13', '1', '2015-09-29 14:12:53', '2015-09-29 14:12:53', '023d247f-b964-42a8-8864-633ff8ed7561'),
 ('14', '14', '1', '2015-09-29 14:12:53', '2015-09-29 14:12:53', '50a4a0ef-a1a8-4b0a-a08c-24ca8720514c'),
 ('15', '15', '1', '2015-09-29 14:12:53', '2015-09-29 14:12:53', 'dc66a2b8-4a05-4c24-82c0-086c94aa8cf6'),
 ('16', '16', '1', '2015-09-29 14:12:53', '2015-09-29 14:12:53', '5b6425df-c7f5-4441-a8bf-275ea451fd11'),
 ('17', '17', '1', '2015-09-29 14:12:53', '2015-09-29 14:12:53', '4930d216-914a-4523-8081-c313e700c6fa'),
 ('18', '18', '1', '2015-09-29 14:12:53', '2015-09-29 14:12:53', '04a5afcf-931a-4dad-958a-965eaebd3c58'),
 ('19', '19', '1', '2015-09-29 14:12:53', '2015-09-29 14:12:53', '90f8553f-5adc-40c6-bbaa-2d9cc6135384'),
 ('20', '20', '1', '2015-09-29 14:12:53', '2015-09-29 14:12:53', '3d2c18d2-1314-4428-aac1-bf5470276591'),
 ('21', '21', '1', '2015-09-29 14:12:53', '2015-09-29 14:12:53', 'a3e33eb8-734e-4a86-8629-82c10585b05f'),
 ('22', '22', '1', '2015-09-29 14:12:53', '2015-09-29 14:12:53', '8fd52f63-40c5-4c19-9854-ea7ccb9c3506'),
 ('23', '23', '1', '2015-09-29 14:12:53', '2015-09-29 14:12:53', 'd8c140fe-98e8-475a-80d0-5209923f8c3c'),
 ('24', '24', '1', '2015-09-29 14:12:53', '2015-09-29 14:12:53', '65298f12-d9a8-4919-a7a7-fe61cf91bb44'),
 ('25', '25', '1', '2015-09-29 14:12:53', '2015-09-29 14:12:53', '4b44490c-c5e5-45c4-84bf-9c99c585e262'),
 ('26', '26', '1', '2015-09-29 14:12:53', '2015-09-29 14:12:53', 'eb62c34c-7471-4ad9-b35e-eec689ec8429'),
 ('27', '27', '1', '2015-09-29 14:12:53', '2015-09-29 14:12:53', '2e55a02e-fc7b-4680-b3c0-ba84d4be05fa'),
 ('28', '28', '1', '2015-09-29 14:12:53', '2015-09-29 14:12:53', 'ad35f602-1230-44dd-b583-efc074793589'),
 ('29', '29', '1', '2015-09-29 14:12:53', '2015-09-29 14:12:53', 'b1ca751c-b191-4559-a6d8-f5d3dab8e2d0'),
 ('30', '30', '1', '2015-09-29 14:12:53', '2015-09-29 14:12:53', 'cde80559-5364-439e-a2dd-a4ee4bc8861b'),
 ('31', '31', '1', '2015-09-29 14:12:53', '2015-09-29 14:12:53', '2ffaed52-a76e-4b8f-b4e6-9e5cf1e28354'),
 ('32', '32', '1', '2015-09-29 14:12:53', '2015-09-29 14:12:53', '070da51d-8d99-4bf1-83f6-be7300979c07'),
 ('33', '33', '1', '2015-09-29 14:12:53', '2015-09-29 14:12:53', '6893e2eb-06b9-45dd-87e2-741307bf407b'),
 ('34', '34', '1', '2015-09-29 14:12:53', '2015-09-29 14:12:53', 'f79f3382-304a-4470-872e-7edbc2e38769'),
 ('35', '35', '1', '2015-09-29 14:12:53', '2015-09-29 14:12:53', '9d65f76a-ef32-4c8e-a8eb-ea61b1fafbe6'),
 ('36', '36', '1', '2015-09-29 14:12:53', '2015-09-29 14:12:53', '369736d2-35f6-4d4c-b2b0-b777cef00737'),
 ('37', '37', '1', '2015-09-29 14:12:53', '2015-09-29 14:12:53', 'b8fc2c62-8927-4461-83e6-8fe1474fd24c'),
 ('38', '38', '1', '2015-09-29 14:12:53', '2015-09-29 14:12:53', '7d79c4e6-6696-4c26-ade8-24542321c669'),
 ('39', '39', '1', '2015-09-29 14:12:53', '2015-09-29 14:12:53', '38e148be-b157-4eb5-a2fb-d4ae885b026d'),
 ('40', '40', '1', '2015-09-29 14:12:53', '2015-09-29 14:12:53', 'b884ce0b-2839-45e9-8964-a841bb81b0f0'),
 ('41', '41', '1', '2015-09-29 14:12:53', '2015-09-29 14:12:53', '3cade5e3-7d7a-42f8-b854-bf66c44f9442'),
 ('42', '42', '1', '2015-09-29 14:12:53', '2015-09-29 14:12:53', 'c134a0ca-1f70-4bac-a03e-02995ef1334a'),
 ('43', '43', '1', '2015-09-29 14:12:53', '2015-09-29 14:12:53', '6abe1482-5f95-410a-8c3a-9241b932e089'),
 ('44', '44', '1', '2015-09-29 14:12:53', '2015-09-29 14:12:53', '2c588021-ebea-46ea-a4eb-cccc07b24669'),
 ('45', '45', '1', '2015-09-29 14:12:53', '2015-09-29 14:12:53', '713a51ce-5c22-4777-bb84-74c59a2e754e'),
 ('46', '46', '1', '2015-09-29 14:12:53', '2015-09-29 14:12:53', '71acbd96-b17e-4d07-95a4-aabd46af3341'),
 ('47', '47', '1', '2015-09-29 14:12:53', '2015-09-29 14:12:53', 'ca6d57d0-b230-44c1-bb30-7de72a0bf59c'),
 ('48', '48', '1', '2015-09-29 14:12:53', '2015-09-29 14:12:53', 'fc83b343-1eba-4a0c-8e95-5fff2f45e5c2'),
 ('49', '49', '1', '2015-09-29 14:12:53', '2015-09-29 14:12:53', '1d9c6634-db59-4706-b3ac-5b40808cda66'),
 ('50', '50', '1', '2015-09-29 14:12:53', '2015-09-29 14:12:53', 'd541933d-fd9a-4e43-8749-a7cdbad8dcd8'),
 ('51', '51', '1', '2015-09-29 14:12:53', '2015-09-29 14:12:53', '22fe8952-70cc-4c13-b630-5e02b4dbf5dc'),
 ('52', '52', '1', '2015-09-29 14:12:53', '2015-09-29 14:12:53', '81d2c535-a1ce-424a-8183-428269dbbfba'),
 ('53', '53', '1', '2015-09-29 14:12:53', '2015-09-29 14:12:53', '280a2e5a-c67c-41b9-9066-5b57f5711319'),
 ('54', '54', '1', '2015-09-29 14:12:53', '2015-09-29 14:12:53', '5074a3ad-de7c-4da2-b673-f3da3c57e068'),
 ('55', '55', '1', '2015-09-29 14:12:53', '2015-09-29 14:12:53', 'a7ff178b-1ccc-429e-8a4e-d8aff74334b1'),
 ('56', '56', '1', '2015-09-29 14:12:53', '2015-09-29 14:12:53', '980af63c-6b2c-45b1-beec-b4b2880f421c'),
 ('57', '57', '1', '2015-09-29 14:12:53', '2015-09-29 14:12:53', '93754e24-78cd-4bd1-9574-fb742b3d5007'),
 ('58', '58', '1', '2015-09-29 14:12:53', '2015-09-29 14:12:53', '71c5e3f1-c50f-4962-95f0-6a93528a49de'),
 ('59', '59', '1', '2015-09-29 14:12:53', '2015-09-29 14:12:53', 'e02694b7-a825-4e47-8802-95292eddad6a'),
 ('60', '60', '1', '2015-09-29 14:12:53', '2015-09-29 14:12:53', '2a1f295f-bed4-4fdc-9cf6-7b88a1cb87ee'),
 ('61', '61', '1', '2015-09-29 14:12:53', '2015-09-29 14:12:53', 'df983846-b047-43af-b82d-41debb6bce7e'),
 ('62', '62', '1', '2015-09-29 14:12:53', '2015-09-29 14:12:53', 'f4c6aca9-cdbc-44d1-aae6-c4fe0468f4be'),
 ('63', '63', '1', '2015-09-29 14:12:53', '2015-09-29 14:12:53', '93d01437-3c0c-45be-a0c1-f2369ce15e8e'),
 ('64', '64', '1', '2015-09-29 14:12:53', '2015-09-29 14:12:53', '87df8f3b-7a53-4dd9-aac4-9d65c5ef3f32'),
 ('65', '65', '1', '2015-09-29 14:12:53', '2015-09-29 14:12:53', 'a0802015-4001-47fb-aa90-e0d503095bca'),
 ('66', '66', '1', '2015-09-29 14:12:53', '2015-09-29 14:12:53', '8a77c9b3-8d42-49b0-8d1c-54fb13350958'),
 ('67', '67', '1', '2015-09-29 14:12:53', '2015-09-29 14:12:53', '823d9c25-51b3-44f0-b6dc-004ccdc82c23'),
 ('68', '68', '1', '2015-09-29 14:12:53', '2015-09-29 14:12:53', '1277a8ef-3367-4e2a-9d08-369fd3178287'),
 ('69', '69', '1', '2015-09-29 14:12:53', '2015-09-29 14:12:53', 'd5419166-9abe-4779-b8dd-f4a8ec656d26'),
 ('70', '70', '1', '2015-09-29 14:12:53', '2015-09-29 14:12:53', 'a8cae890-fb5b-4b0e-9a66-1d2f6a9dbdb5'),
 ('71', '71', '1', '2015-09-29 14:12:53', '2015-09-29 14:12:53', '28ddf100-973a-44b7-87a9-123e7455597b'),
 ('72', '72', '1', '2015-09-29 14:12:53', '2015-09-29 14:12:53', 'b59db5c0-ec64-452d-9203-0f12bf0088ef'),
 ('73', '73', '1', '2015-09-29 14:12:53', '2015-09-29 14:12:53', '43208a13-f5bc-4d93-811e-9af73368b8e2'),
 ('74', '74', '1', '2015-09-29 14:12:53', '2015-09-29 14:12:53', '1ccd941e-86de-4c62-ae18-d564d9805610'),
 ('75', '75', '1', '2015-09-29 14:12:53', '2015-09-29 14:12:53', 'f964a2e4-90d5-445f-b2f2-685455f8df14'),
 ('76', '76', '1', '2015-09-29 14:12:53', '2015-09-29 14:12:53', 'ba373846-b170-490d-b1e7-9eba8fd5aaff'),
 ('77', '77', '1', '2015-09-29 14:12:53', '2015-09-29 14:12:53', 'f336dc52-d2fe-46fc-90f6-9b1576d4e5a3'),
 ('78', '78', '1', '2015-09-29 14:12:53', '2015-09-29 14:12:53', '8f522af2-e230-4eba-9590-509cc5f4902b'),
 ('79', '79', '1', '2015-09-29 14:12:53', '2015-09-29 14:12:53', '6f438aee-dab9-4b75-9e5d-4d75a1968aa4'),
 ('80', '80', '1', '2015-09-29 14:12:53', '2015-09-29 14:12:53', '180928ad-3e2d-4d60-a90c-84f1298a0c35'),
 ('81', '81', '1', '2015-09-29 14:12:53', '2015-09-29 14:12:53', '81d6189a-9ece-4f84-bfc6-8cdc3eb770d0'),
 ('82', '82', '1', '2015-09-29 14:12:53', '2015-09-29 14:12:53', '7ac9665f-5e46-4a6d-8c84-380d20e8a616'),
 ('83', '83', '1', '2015-09-29 14:12:53', '2015-09-29 14:12:53', '7d1cde2b-9ea3-4f15-b91f-a9d67beee91d'),
 ('84', '84', '1', '2015-09-29 14:12:53', '2015-09-29 14:12:53', '33799a92-04fe-4a20-a920-7b8b3fd1de29'),
 ('85', '85', '1', '2015-09-29 14:12:53', '2015-09-29 14:12:53', '371652f2-7967-4a08-92e4-a226153f1146'),
 ('86', '86', '1', '2015-09-29 14:12:53', '2015-09-29 14:12:53', '4615eb98-c025-40cd-bea9-b456aa0d5503'),
 ('87', '87', '1', '2015-09-29 14:12:53', '2015-09-29 14:12:53', 'f399f158-36b4-41d5-81dc-8db87965b2d5'),
 ('88', '88', '1', '2015-09-29 14:12:53', '2015-09-29 14:12:53', 'c03a4fbd-08c6-420b-bbee-03302a7f3dc0'),
 ('89', '89', '1', '2015-09-29 14:12:53', '2015-09-29 14:12:53', 'f0870859-a3de-46bc-893f-816ca636bf0e'),
 ('90', '90', '1', '2015-09-29 14:12:53', '2015-09-29 14:12:53', '1456256d-6983-4103-ae53-69fea7cf8ee6'),
 ('91', '91', '1', '2015-09-29 14:12:53', '2015-09-29 14:12:53', '33babd63-9c9a-4bf6-96a7-4e37820ccdde'),
 ('92', '92', '1', '2015-09-29 14:12:53', '2015-09-29 14:12:53', '3d0eb5a4-074f-4d6d-b2db-f277e41dad7a'),
 ('93', '93', '1', '2015-09-29 14:12:53', '2015-09-29 14:12:53', 'e81c6097-f96a-4649-b70f-708c3300ab99'),
 ('94', '94', '1', '2015-09-29 14:12:53', '2015-09-29 14:12:53', '7139e943-782f-45fa-85db-b84cbfb1ff97'),
 ('95', '95', '1', '2015-09-29 14:12:53', '2015-09-29 14:12:53', '79cf1ffd-00f0-47bb-9c22-d590ac7647f3'),
 ('96', '96', '1', '2015-09-29 14:12:53', '2015-09-29 14:12:53', 'ef574e6a-65f9-4828-9cca-6f93e80c2aa4'),
 ('97', '97', '1', '2015-09-29 14:12:53', '2015-09-29 14:12:53', '1e6fa318-f28e-424e-868e-2e960ec74ed2'),
 ('98', '98', '1', '2015-09-29 14:12:53', '2015-09-29 14:12:53', 'd404deed-76b0-4ee4-b85f-7bfe573d37f0'),
 ('99', '99', '1', '2015-09-29 14:12:53', '2015-09-29 14:12:53', 'ca5065d5-fac3-4a7f-80bc-b3dfa3674643'),
 ('100', '100', '1', '2015-09-29 14:12:53', '2015-09-29 14:12:53', 'd3cb1425-249a-4f4e-b3be-df7df04f6fc6');
INSERT INTO `craft_userpermissions_usergroups` (`id`, `permissionId`, `groupId`, `dateCreated`, `dateUpdated`, `uid`) VALUES
 ('101', '101', '1', '2015-09-29 14:12:53', '2015-09-29 14:12:53', '7ea0c972-b4d4-4233-a580-c4c26ceb36fd'),
 ('102', '102', '1', '2015-09-29 14:12:53', '2015-09-29 14:12:53', '7fba5e2d-4cfd-469a-8c52-4fb5423f53b9'),
 ('103', '103', '1', '2015-09-29 14:12:53', '2015-09-29 14:12:53', '72cb3d10-2257-4820-a631-2ae22e95497d');



DROP TABLE IF EXISTS `craft_userpermissions_users`;


--
-- Schema for table `craft_userpermissions_users`
--
CREATE TABLE `craft_userpermissions_users` (
  `id` int(11) NOT NULL AUTO_INCREMENT,
  `permissionId` int(11) NOT NULL,
  `userId` int(11) NOT NULL,
  `dateCreated` datetime NOT NULL,
  `dateUpdated` datetime NOT NULL,
  `uid` char(36) COLLATE utf8_unicode_ci NOT NULL DEFAULT '0',
  PRIMARY KEY (`id`),
  UNIQUE KEY `craft_userpermissions_users_permissionId_userId_unq_idx` (`permissionId`,`userId`),
  KEY `craft_userpermissions_users_userId_fk` (`userId`)
) ENGINE=InnoDB DEFAULT CHARSET=utf8 COLLATE=utf8_unicode_ci;

DROP TABLE IF EXISTS `craft_users`;


--
-- Schema for table `craft_users`
--
CREATE TABLE `craft_users` (
  `id` int(11) NOT NULL,
  `username` varchar(100) COLLATE utf8_unicode_ci NOT NULL,
  `photo` varchar(100) COLLATE utf8_unicode_ci DEFAULT NULL,
  `firstName` varchar(100) COLLATE utf8_unicode_ci DEFAULT NULL,
  `lastName` varchar(100) COLLATE utf8_unicode_ci DEFAULT NULL,
  `email` varchar(255) COLLATE utf8_unicode_ci NOT NULL,
  `password` char(255) COLLATE utf8_unicode_ci DEFAULT NULL,
  `preferredLocale` char(12) COLLATE utf8_unicode_ci DEFAULT NULL,
  `weekStartDay` tinyint(1) unsigned NOT NULL DEFAULT '0',
  `admin` tinyint(1) unsigned NOT NULL DEFAULT '0',
  `client` tinyint(1) unsigned NOT NULL DEFAULT '0',
  `locked` tinyint(1) unsigned NOT NULL DEFAULT '0',
  `suspended` tinyint(1) unsigned NOT NULL DEFAULT '0',
  `pending` tinyint(1) unsigned NOT NULL DEFAULT '0',
  `archived` tinyint(1) unsigned NOT NULL DEFAULT '0',
  `lastLoginDate` datetime DEFAULT NULL,
  `lastLoginAttemptIPAddress` varchar(45) COLLATE utf8_unicode_ci DEFAULT NULL,
  `invalidLoginWindowStart` datetime DEFAULT NULL,
  `invalidLoginCount` tinyint(4) unsigned DEFAULT NULL,
  `lastInvalidLoginDate` datetime DEFAULT NULL,
  `lockoutDate` datetime DEFAULT NULL,
  `verificationCode` char(100) COLLATE utf8_unicode_ci DEFAULT NULL,
  `verificationCodeIssuedDate` datetime DEFAULT NULL,
  `unverifiedEmail` varchar(255) COLLATE utf8_unicode_ci DEFAULT NULL,
  `passwordResetRequired` tinyint(1) unsigned NOT NULL DEFAULT '0',
  `lastPasswordChangeDate` datetime DEFAULT NULL,
  `dateCreated` datetime NOT NULL,
  `dateUpdated` datetime NOT NULL,
  `uid` char(36) COLLATE utf8_unicode_ci NOT NULL DEFAULT '0',
  PRIMARY KEY (`id`),
  UNIQUE KEY `craft_users_username_unq_idx` (`username`),
  UNIQUE KEY `craft_users_email_unq_idx` (`email`),
  KEY `craft_users_verificationCode_idx` (`verificationCode`),
  KEY `craft_users_uid_idx` (`uid`),
  KEY `craft_users_preferredLocale_fk` (`preferredLocale`)
) ENGINE=InnoDB DEFAULT CHARSET=utf8 COLLATE=utf8_unicode_ci;

--
-- Data for table `craft_users`
--

INSERT INTO `craft_users` (`id`, `username`, `photo`, `firstName`, `lastName`, `email`, `password`, `preferredLocale`, `weekStartDay`, `admin`, `client`, `locked`, `suspended`, `pending`, `archived`, `lastLoginDate`, `lastLoginAttemptIPAddress`, `invalidLoginWindowStart`, `invalidLoginCount`, `lastInvalidLoginDate`, `lockoutDate`, `verificationCode`, `verificationCodeIssuedDate`, `unverifiedEmail`, `passwordResetRequired`, `lastPasswordChangeDate`, `dateCreated`, `dateUpdated`, `uid`) VALUES
 ('1', 'ideabase', NULL, 'IdeaBase', 'Admin', 'info@ideabasekent.com', '$2y$13$ueONq56pu8QQWFki7O2Hhe2G2zkNwYxh1fMqmokaxVNR001Xt1Jz2', NULL, '0', '1', '0', '0', '0', '0', '0', '2015-12-17 15:18:16', '131.123.61.20', NULL, NULL, '2015-12-10 20:31:50', NULL, NULL, NULL, NULL, '0', '2015-09-29 14:14:21', '2015-09-18 13:02:10', '2015-12-17 15:18:16', '89045749-0471-4e13-ae5d-9900e0aa1a39'),
 ('87', 'rhawkins', NULL, 'Reilly', 'Hawkins', 'rhawkins@ideabasekent.com', '$2y$13$GyqyJfZ9mWUpMnrDkcJmN.UJq6.ZbJWJrfk/cTsRPkekTzK.9lkFW', NULL, '0', '1', '0', '0', '0', '0', '0', '2016-01-14 21:25:39', '131.123.145.105', NULL, NULL, '2015-12-15 17:26:27', NULL, NULL, NULL, NULL, '0', '2015-09-29 14:17:39', '2015-09-29 14:15:13', '2016-01-14 21:25:39', 'be638d1f-994c-4b21-97bf-c952a0bb1556'),
 ('150', 'challahan', NULL, 'Christopher', 'Hallahan', 'challahan@ideabasekent.com', '$2y$13$8zbUfSXyE25Anhhf2MDVve6AUZ4vbVPgcC4EbpNjdxXSGddVikyo2', NULL, '0', '1', '0', '0', '0', '0', '0', '2016-01-15 15:38:29', '::1', NULL, NULL, '2016-01-15 15:38:19', NULL, NULL, NULL, NULL, '0', '2015-12-17 15:21:32', '2015-11-10 19:43:11', '2016-01-15 15:38:29', 'f6e1f7bd-d6c8-4a40-aaa5-078464584e83'),
 ('204', 'cuhler', NULL, 'Christopher', 'Uhler', 'cuhler@ideabasekent.com', '$2y$13$RjGVO4meTKPHJTWvurZBdObZB2EDIx4o6B4Q7gx8ROicIgmE/N.Fq', NULL, '0', '1', '0', '0', '0', '0', '0', '2016-01-14 17:38:36', '131.123.145.105', NULL, NULL, '2016-01-14 17:37:45', NULL, NULL, NULL, NULL, '0', '2015-12-17 15:12:33', '2015-12-17 15:10:35', '2016-01-14 17:38:36', 'fb755d90-28da-4165-9fc6-db6756728bb7'),
 ('205', 'jvrhovnik', NULL, 'John', 'Vrhovnik', 'jvrhovnik@ideabasekent.com', '$2y$13$Sbr8Q3hg5swCmb6vIVrAAuONuc676lyJnxqv8am2XcIKdJhEAu0e2', NULL, '0', '1', '0', '0', '0', '0', '0', '2016-01-05 16:50:50', '74.141.2.19', NULL, NULL, '2016-01-05 16:50:40', NULL, NULL, NULL, NULL, '0', '2015-12-17 15:24:52', '2015-12-17 15:23:34', '2016-01-05 16:50:50', '1c6bcecd-fa43-4dd1-925d-b8b6e2fa94de');



DROP TABLE IF EXISTS `craft_widgets`;


--
-- Schema for table `craft_widgets`
--
CREATE TABLE `craft_widgets` (
  `id` int(11) NOT NULL AUTO_INCREMENT,
  `userId` int(11) NOT NULL,
  `type` varchar(150) COLLATE utf8_unicode_ci NOT NULL,
  `sortOrder` tinyint(4) DEFAULT NULL,
  `colspan` tinyint(4) unsigned DEFAULT NULL,
  `settings` text COLLATE utf8_unicode_ci,
  `enabled` tinyint(1) unsigned NOT NULL DEFAULT '1',
  `dateCreated` datetime NOT NULL,
  `dateUpdated` datetime NOT NULL,
  `uid` char(36) COLLATE utf8_unicode_ci NOT NULL DEFAULT '0',
  PRIMARY KEY (`id`),
  KEY `craft_widgets_userId_fk` (`userId`)
) ENGINE=InnoDB AUTO_INCREMENT=25 DEFAULT CHARSET=utf8 COLLATE=utf8_unicode_ci;

--
-- Data for table `craft_widgets`
--

INSERT INTO `craft_widgets` (`id`, `userId`, `type`, `sortOrder`, `colspan`, `settings`, `enabled`, `dateCreated`, `dateUpdated`, `uid`) VALUES
 ('1', '1', 'RecentEntries', '1', NULL, NULL, '1', '2015-09-18 13:02:15', '2015-09-18 13:02:15', '5021f1c7-43e2-4a8c-8f91-8f6aba865596'),
 ('2', '1', 'GetHelp', '2', NULL, NULL, '1', '2015-09-18 13:02:15', '2015-09-18 13:02:15', '6d14e4f0-dbe2-4b71-aa1f-99f18d164660'),
 ('3', '1', 'Updates', '3', NULL, NULL, '1', '2015-09-18 13:02:15', '2015-09-18 13:02:15', '6c9e4795-d7c1-45c5-b407-fdacfa7f9885'),
 ('4', '1', 'Feed', '4', NULL, '{\"url\":\"https:\\/\\/craftcms.com\\/news.rss\",\"title\":\"Craft News\"}', '1', '2015-09-18 13:02:15', '2015-12-03 17:03:09', '73180494-f855-48eb-954b-3a535c1a82d1'),
 ('5', '87', 'RecentEntries', '1', NULL, NULL, '1', '2015-09-29 14:17:48', '2015-09-29 14:17:48', 'eb32d794-ee93-4ec1-a8b9-a2ebb9cdc3de'),
 ('6', '87', 'GetHelp', '2', NULL, NULL, '1', '2015-09-29 14:17:48', '2015-09-29 14:17:48', '68790fac-d0a4-470b-a4b3-f77c1a314194'),
 ('7', '87', 'Updates', '3', NULL, NULL, '1', '2015-09-29 14:17:48', '2015-09-29 14:17:48', '492b6824-d28c-4117-abab-ff90bbfd1d0a'),
 ('8', '87', 'Feed', '4', NULL, '{\"url\":\"https:\\/\\/craftcms.com\\/news.rss\",\"title\":\"Craft News\"}', '1', '2015-09-29 14:17:48', '2015-12-03 17:03:09', 'b151c5bd-790f-49d2-9521-0b8768e526cc'),
 ('9', '1', 'QuickPost', '5', NULL, '{\"section\":\"5\",\"entryType\":\"\",\"fields\":[\"60\",\"49\"]}', '1', '2015-11-10 19:45:12', '2015-11-10 19:45:12', '94de3a5d-43eb-4a10-9a3b-1a3e63831fb9'),
 ('10', '87', 'QuickPost', '5', NULL, '{\"section\":\"5\",\"entryType\":\"\",\"fields\":[\"11\",\"60\",\"49\"]}', '0', '2015-11-20 15:35:15', '2016-01-05 18:16:55', 'fc728306-d9ac-4c34-9682-a20159fa4e2c'),
 ('11', '204', 'RecentEntries', '1', NULL, NULL, '1', '2015-12-17 15:13:02', '2015-12-17 15:13:02', '00b6cf6b-16ef-4a1e-8778-c6469ddc958f'),
 ('12', '204', 'GetHelp', '2', NULL, NULL, '1', '2015-12-17 15:13:02', '2015-12-17 15:13:02', '4cc7756d-90d6-48f8-88cb-cafdc339299c'),
 ('13', '204', 'Updates', '3', NULL, NULL, '1', '2015-12-17 15:13:02', '2015-12-17 15:13:02', 'b8afb0c3-3550-40a7-8cd2-6468ed83dd81'),
 ('14', '204', 'Feed', '4', NULL, '{\"url\":\"https:\\/\\/craftcms.com\\/news.rss\",\"title\":\"Craft News\"}', '1', '2015-12-17 15:13:02', '2015-12-17 15:13:02', 'dfe7bb65-13cf-47d6-b6ac-cd7156478284'),
 ('15', '205', 'RecentEntries', '1', NULL, NULL, '1', '2015-12-17 15:26:28', '2015-12-17 15:26:28', 'e1b91bf8-3cee-49e1-8647-c7c5533a690c'),
 ('16', '205', 'GetHelp', '2', NULL, NULL, '1', '2015-12-17 15:26:28', '2015-12-17 15:26:28', '9fe43067-ff86-4bf7-b068-2fe5db73864e'),
 ('17', '205', 'Updates', '3', NULL, NULL, '1', '2015-12-17 15:26:28', '2015-12-17 15:26:28', '13aabb26-6386-4606-9b8a-0bc6c62843c6'),
 ('18', '205', 'Feed', '4', NULL, '{\"url\":\"https:\\/\\/craftcms.com\\/news.rss\",\"title\":\"Craft News\"}', '1', '2015-12-17 15:26:28', '2015-12-17 15:26:28', '46fdf36e-94d9-4d8c-acbd-f462140633b4'),
 ('19', '87', 'QuickPost', '6', '1', '{\"section\":\"3\",\"entryType\":\"\",\"fields\":[\"115\",\"114\",\"27\",\"6\",\"4\",\"7\",\"26\",\"3\",\"77\",\"5\",\"89\"]}', '0', '2016-01-05 18:17:39', '2016-01-05 20:12:55', '149be716-64ff-42d7-9f48-4ef3e042a93d'),
 ('20', '87', 'QuickPost', '7', NULL, '{\"section\":\"4\",\"entryType\":\"\",\"fields\":[\"46\",\"61\",\"117\",\"9\",\"48\",\"88\",\"104\"]}', '1', '2016-01-05 20:13:09', '2016-01-05 20:13:09', 'cf6ae3f7-6d51-4d72-a138-dd7c334ea3b5'),
 ('21', '150', 'RecentEntries', '1', NULL, NULL, '1', '2016-01-15 15:35:38', '2016-01-15 15:35:38', '15948dd1-9f3f-4c73-9289-ac526faa4ee4'),
 ('22', '150', 'GetHelp', '2', NULL, NULL, '1', '2016-01-15 15:35:38', '2016-01-15 15:35:38', 'cb6be2ab-82aa-40ae-abe8-306ca30df140'),
 ('23', '150', 'Updates', '3', NULL, NULL, '1', '2016-01-15 15:35:38', '2016-01-15 15:35:38', '16632b4d-96db-4fbf-a828-0e2839fa01a4'),
 ('24', '150', 'Feed', '4', NULL, '{\"url\":\"https:\\/\\/craftcms.com\\/news.rss\",\"title\":\"Craft News\"}', '1', '2016-01-15 15:35:38', '2016-01-15 15:35:38', '7f0d9491-fd50-492a-874f-3fcd741eb321');


--
-- Constraints for tables
--


--
-- Constraints for table `craft_assetfiles`
--
ALTER TABLE `craft_assetfiles`
	ADD CONSTRAINT `craft_assetfiles_folderId_fk` FOREIGN KEY (`folderId`) REFERENCES `craft_assetfolders` (`id`) ON DELETE CASCADE,
	ADD CONSTRAINT `craft_assetfiles_id_fk` FOREIGN KEY (`id`) REFERENCES `craft_elements` (`id`) ON DELETE CASCADE,
	ADD CONSTRAINT `craft_assetfiles_sourceId_fk` FOREIGN KEY (`sourceId`) REFERENCES `craft_assetsources` (`id`) ON DELETE CASCADE;

--
-- Constraints for table `craft_assetfolders`
--
ALTER TABLE `craft_assetfolders`
	ADD CONSTRAINT `craft_assetfolders_parentId_fk` FOREIGN KEY (`parentId`) REFERENCES `craft_assetfolders` (`id`) ON DELETE CASCADE,
	ADD CONSTRAINT `craft_assetfolders_sourceId_fk` FOREIGN KEY (`sourceId`) REFERENCES `craft_assetsources` (`id`) ON DELETE CASCADE;

--
-- Constraints for table `craft_assetindexdata`
--
ALTER TABLE `craft_assetindexdata`
	ADD CONSTRAINT `craft_assetindexdata_sourceId_fk` FOREIGN KEY (`sourceId`) REFERENCES `craft_assetsources` (`id`) ON DELETE CASCADE;

--
-- Constraints for table `craft_assetsources`
--
ALTER TABLE `craft_assetsources`
	ADD CONSTRAINT `craft_assetsources_fieldLayoutId_fk` FOREIGN KEY (`fieldLayoutId`) REFERENCES `craft_fieldlayouts` (`id`) ON DELETE SET NULL;

--
-- Constraints for table `craft_categories`
--
ALTER TABLE `craft_categories`
	ADD CONSTRAINT `craft_categories_groupId_fk` FOREIGN KEY (`groupId`) REFERENCES `craft_categorygroups` (`id`) ON DELETE CASCADE,
	ADD CONSTRAINT `craft_categories_id_fk` FOREIGN KEY (`id`) REFERENCES `craft_elements` (`id`) ON DELETE CASCADE;

--
-- Constraints for table `craft_categorygroups`
--
ALTER TABLE `craft_categorygroups`
	ADD CONSTRAINT `craft_categorygroups_fieldLayoutId_fk` FOREIGN KEY (`fieldLayoutId`) REFERENCES `craft_fieldlayouts` (`id`) ON DELETE SET NULL,
	ADD CONSTRAINT `craft_categorygroups_structureId_fk` FOREIGN KEY (`structureId`) REFERENCES `craft_structures` (`id`) ON DELETE CASCADE;

--
-- Constraints for table `craft_categorygroups_i18n`
--
ALTER TABLE `craft_categorygroups_i18n`
	ADD CONSTRAINT `craft_categorygroups_i18n_groupId_fk` FOREIGN KEY (`groupId`) REFERENCES `craft_categorygroups` (`id`) ON DELETE CASCADE,
	ADD CONSTRAINT `craft_categorygroups_i18n_locale_fk` FOREIGN KEY (`locale`) REFERENCES `craft_locales` (`locale`) ON DELETE CASCADE ON UPDATE CASCADE;

--
-- Constraints for table `craft_content`
--
ALTER TABLE `craft_content`
	ADD CONSTRAINT `craft_content_elementId_fk` FOREIGN KEY (`elementId`) REFERENCES `craft_elements` (`id`) ON DELETE CASCADE,
	ADD CONSTRAINT `craft_content_locale_fk` FOREIGN KEY (`locale`) REFERENCES `craft_locales` (`locale`) ON DELETE CASCADE ON UPDATE CASCADE;

--
-- Constraints for table `craft_elements_i18n`
--
ALTER TABLE `craft_elements_i18n`
	ADD CONSTRAINT `craft_elements_i18n_elementId_fk` FOREIGN KEY (`elementId`) REFERENCES `craft_elements` (`id`) ON DELETE CASCADE,
	ADD CONSTRAINT `craft_elements_i18n_locale_fk` FOREIGN KEY (`locale`) REFERENCES `craft_locales` (`locale`) ON DELETE CASCADE ON UPDATE CASCADE;

--
-- Constraints for table `craft_emailmessages`
--
ALTER TABLE `craft_emailmessages`
	ADD CONSTRAINT `craft_emailmessages_locale_fk` FOREIGN KEY (`locale`) REFERENCES `craft_locales` (`locale`) ON DELETE CASCADE ON UPDATE CASCADE;

--
-- Constraints for table `craft_entries`
--
ALTER TABLE `craft_entries`
	ADD CONSTRAINT `craft_entries_authorId_fk` FOREIGN KEY (`authorId`) REFERENCES `craft_users` (`id`) ON DELETE CASCADE,
	ADD CONSTRAINT `craft_entries_id_fk` FOREIGN KEY (`id`) REFERENCES `craft_elements` (`id`) ON DELETE CASCADE,
	ADD CONSTRAINT `craft_entries_sectionId_fk` FOREIGN KEY (`sectionId`) REFERENCES `craft_sections` (`id`) ON DELETE CASCADE,
	ADD CONSTRAINT `craft_entries_typeId_fk` FOREIGN KEY (`typeId`) REFERENCES `craft_entrytypes` (`id`) ON DELETE CASCADE;

--
-- Constraints for table `craft_entrydrafts`
--
ALTER TABLE `craft_entrydrafts`
	ADD CONSTRAINT `craft_entrydrafts_creatorId_fk` FOREIGN KEY (`creatorId`) REFERENCES `craft_users` (`id`) ON DELETE CASCADE,
	ADD CONSTRAINT `craft_entrydrafts_entryId_fk` FOREIGN KEY (`entryId`) REFERENCES `craft_entries` (`id`) ON DELETE CASCADE,
	ADD CONSTRAINT `craft_entrydrafts_locale_fk` FOREIGN KEY (`locale`) REFERENCES `craft_locales` (`locale`) ON DELETE CASCADE ON UPDATE CASCADE,
	ADD CONSTRAINT `craft_entrydrafts_sectionId_fk` FOREIGN KEY (`sectionId`) REFERENCES `craft_sections` (`id`) ON DELETE CASCADE;

--
-- Constraints for table `craft_entrytypes`
--
ALTER TABLE `craft_entrytypes`
	ADD CONSTRAINT `craft_entrytypes_fieldLayoutId_fk` FOREIGN KEY (`fieldLayoutId`) REFERENCES `craft_fieldlayouts` (`id`) ON DELETE SET NULL,
	ADD CONSTRAINT `craft_entrytypes_sectionId_fk` FOREIGN KEY (`sectionId`) REFERENCES `craft_sections` (`id`) ON DELETE CASCADE;

--
-- Constraints for table `craft_entryversions`
--
ALTER TABLE `craft_entryversions`
	ADD CONSTRAINT `craft_entryversions_creatorId_fk` FOREIGN KEY (`creatorId`) REFERENCES `craft_users` (`id`) ON DELETE SET NULL,
	ADD CONSTRAINT `craft_entryversions_entryId_fk` FOREIGN KEY (`entryId`) REFERENCES `craft_entries` (`id`) ON DELETE CASCADE,
	ADD CONSTRAINT `craft_entryversions_locale_fk` FOREIGN KEY (`locale`) REFERENCES `craft_locales` (`locale`) ON DELETE CASCADE ON UPDATE CASCADE,
	ADD CONSTRAINT `craft_entryversions_sectionId_fk` FOREIGN KEY (`sectionId`) REFERENCES `craft_sections` (`id`) ON DELETE CASCADE;

--
-- Constraints for table `craft_fieldlayoutfields`
--
ALTER TABLE `craft_fieldlayoutfields`
	ADD CONSTRAINT `craft_fieldlayoutfields_fieldId_fk` FOREIGN KEY (`fieldId`) REFERENCES `craft_fields` (`id`) ON DELETE CASCADE,
	ADD CONSTRAINT `craft_fieldlayoutfields_layoutId_fk` FOREIGN KEY (`layoutId`) REFERENCES `craft_fieldlayouts` (`id`) ON DELETE CASCADE,
	ADD CONSTRAINT `craft_fieldlayoutfields_tabId_fk` FOREIGN KEY (`tabId`) REFERENCES `craft_fieldlayouttabs` (`id`) ON DELETE CASCADE;

--
-- Constraints for table `craft_fieldlayouttabs`
--
ALTER TABLE `craft_fieldlayouttabs`
	ADD CONSTRAINT `craft_fieldlayouttabs_layoutId_fk` FOREIGN KEY (`layoutId`) REFERENCES `craft_fieldlayouts` (`id`) ON DELETE CASCADE;

--
-- Constraints for table `craft_fields`
--
ALTER TABLE `craft_fields`
	ADD CONSTRAINT `craft_fields_groupId_fk` FOREIGN KEY (`groupId`) REFERENCES `craft_fieldgroups` (`id`) ON DELETE CASCADE;

--
-- Constraints for table `craft_globalsets`
--
ALTER TABLE `craft_globalsets`
	ADD CONSTRAINT `craft_globalsets_fieldLayoutId_fk` FOREIGN KEY (`fieldLayoutId`) REFERENCES `craft_fieldlayouts` (`id`) ON DELETE SET NULL,
	ADD CONSTRAINT `craft_globalsets_id_fk` FOREIGN KEY (`id`) REFERENCES `craft_elements` (`id`) ON DELETE CASCADE;

--
-- Constraints for table `craft_matrixblocks`
--
ALTER TABLE `craft_matrixblocks`
	ADD CONSTRAINT `craft_matrixblocks_fieldId_fk` FOREIGN KEY (`fieldId`) REFERENCES `craft_fields` (`id`) ON DELETE CASCADE,
	ADD CONSTRAINT `craft_matrixblocks_id_fk` FOREIGN KEY (`id`) REFERENCES `craft_elements` (`id`) ON DELETE CASCADE,
	ADD CONSTRAINT `craft_matrixblocks_ownerId_fk` FOREIGN KEY (`ownerId`) REFERENCES `craft_elements` (`id`) ON DELETE CASCADE,
	ADD CONSTRAINT `craft_matrixblocks_ownerLocale_fk` FOREIGN KEY (`ownerLocale`) REFERENCES `craft_locales` (`locale`) ON DELETE CASCADE ON UPDATE CASCADE,
	ADD CONSTRAINT `craft_matrixblocks_typeId_fk` FOREIGN KEY (`typeId`) REFERENCES `craft_matrixblocktypes` (`id`) ON DELETE CASCADE;

--
-- Constraints for table `craft_matrixblocktypes`
--
ALTER TABLE `craft_matrixblocktypes`
	ADD CONSTRAINT `craft_matrixblocktypes_fieldId_fk` FOREIGN KEY (`fieldId`) REFERENCES `craft_fields` (`id`) ON DELETE CASCADE,
	ADD CONSTRAINT `craft_matrixblocktypes_fieldLayoutId_fk` FOREIGN KEY (`fieldLayoutId`) REFERENCES `craft_fieldlayouts` (`id`) ON DELETE SET NULL;

--
-- Constraints for table `craft_matrixcontent_homepagematrix`
--
ALTER TABLE `craft_matrixcontent_homepagematrix`
	ADD CONSTRAINT `craft_matrixcontent_homepagematrix_elementId_fk` FOREIGN KEY (`elementId`) REFERENCES `craft_elements` (`id`) ON DELETE CASCADE,
	ADD CONSTRAINT `craft_matrixcontent_homepagematrix_locale_fk` FOREIGN KEY (`locale`) REFERENCES `craft_locales` (`locale`) ON DELETE CASCADE ON UPDATE CASCADE;

--
-- Constraints for table `craft_matrixcontent_servicehomepagematrix`
--
ALTER TABLE `craft_matrixcontent_servicehomepagematrix`
	ADD CONSTRAINT `craft_matrixcontent_servicehomepagematrix_elementId_fk` FOREIGN KEY (`elementId`) REFERENCES `craft_elements` (`id`) ON DELETE CASCADE,
	ADD CONSTRAINT `craft_matrixcontent_servicehomepagematrix_locale_fk` FOREIGN KEY (`locale`) REFERENCES `craft_locales` (`locale`) ON DELETE CASCADE ON UPDATE CASCADE;

--
-- Constraints for table `craft_matrixcontent_socialmediarepeater`
--
ALTER TABLE `craft_matrixcontent_socialmediarepeater`
	ADD CONSTRAINT `craft_matrixcontent_socialmediarepeater_elementId_fk` FOREIGN KEY (`elementId`) REFERENCES `craft_elements` (`id`) ON DELETE CASCADE,
	ADD CONSTRAINT `craft_matrixcontent_socialmediarepeater_locale_fk` FOREIGN KEY (`locale`) REFERENCES `craft_locales` (`locale`) ON DELETE CASCADE ON UPDATE CASCADE;

--
-- Constraints for table `craft_matrixcontent_staffsocialmedia`
--
ALTER TABLE `craft_matrixcontent_staffsocialmedia`
	ADD CONSTRAINT `craft_matrixcontent_staffsocialmedia_elementId_fk` FOREIGN KEY (`elementId`) REFERENCES `craft_elements` (`id`) ON DELETE CASCADE,
	ADD CONSTRAINT `craft_matrixcontent_staffsocialmedia_locale_fk` FOREIGN KEY (`locale`) REFERENCES `craft_locales` (`locale`) ON DELETE CASCADE ON UPDATE CASCADE;

--
-- Constraints for table `craft_migrations`
--
ALTER TABLE `craft_migrations`
	ADD CONSTRAINT `craft_migrations_pluginId_fk` FOREIGN KEY (`pluginId`) REFERENCES `craft_plugins` (`id`) ON DELETE CASCADE;

--
-- Constraints for table `craft_relations`
--
ALTER TABLE `craft_relations`
	ADD CONSTRAINT `craft_relations_fieldId_fk` FOREIGN KEY (`fieldId`) REFERENCES `craft_fields` (`id`) ON DELETE CASCADE,
	ADD CONSTRAINT `craft_relations_sourceId_fk` FOREIGN KEY (`sourceId`) REFERENCES `craft_elements` (`id`) ON DELETE CASCADE,
	ADD CONSTRAINT `craft_relations_sourceLocale_fk` FOREIGN KEY (`sourceLocale`) REFERENCES `craft_locales` (`locale`) ON DELETE CASCADE ON UPDATE CASCADE,
	ADD CONSTRAINT `craft_relations_targetId_fk` FOREIGN KEY (`targetId`) REFERENCES `craft_elements` (`id`) ON DELETE CASCADE;

--
-- Constraints for table `craft_routes`
--
ALTER TABLE `craft_routes`
	ADD CONSTRAINT `craft_routes_locale_fk` FOREIGN KEY (`locale`) REFERENCES `craft_locales` (`locale`) ON DELETE CASCADE ON UPDATE CASCADE;

--
-- Constraints for table `craft_sections`
--
ALTER TABLE `craft_sections`
	ADD CONSTRAINT `craft_sections_structureId_fk` FOREIGN KEY (`structureId`) REFERENCES `craft_structures` (`id`) ON DELETE SET NULL;

--
-- Constraints for table `craft_sections_i18n`
--
ALTER TABLE `craft_sections_i18n`
	ADD CONSTRAINT `craft_sections_i18n_locale_fk` FOREIGN KEY (`locale`) REFERENCES `craft_locales` (`locale`) ON DELETE CASCADE ON UPDATE CASCADE,
	ADD CONSTRAINT `craft_sections_i18n_sectionId_fk` FOREIGN KEY (`sectionId`) REFERENCES `craft_sections` (`id`) ON DELETE CASCADE;

--
-- Constraints for table `craft_sessions`
--
ALTER TABLE `craft_sessions`
	ADD CONSTRAINT `craft_sessions_userId_fk` FOREIGN KEY (`userId`) REFERENCES `craft_users` (`id`) ON DELETE CASCADE;

--
-- Constraints for table `craft_shunnedmessages`
--
ALTER TABLE `craft_shunnedmessages`
	ADD CONSTRAINT `craft_shunnedmessages_userId_fk` FOREIGN KEY (`userId`) REFERENCES `craft_users` (`id`) ON DELETE CASCADE;

--
-- Constraints for table `craft_structureelements`
--
ALTER TABLE `craft_structureelements`
	ADD CONSTRAINT `craft_structureelements_elementId_fk` FOREIGN KEY (`elementId`) REFERENCES `craft_elements` (`id`) ON DELETE CASCADE,
	ADD CONSTRAINT `craft_structureelements_structureId_fk` FOREIGN KEY (`structureId`) REFERENCES `craft_structures` (`id`) ON DELETE CASCADE;

--
-- Constraints for table `craft_taggroups`
--
ALTER TABLE `craft_taggroups`
	ADD CONSTRAINT `craft_taggroups_fieldLayoutId_fk` FOREIGN KEY (`fieldLayoutId`) REFERENCES `craft_fieldlayouts` (`id`) ON DELETE SET NULL;

--
-- Constraints for table `craft_tags`
--
ALTER TABLE `craft_tags`
	ADD CONSTRAINT `craft_tags_groupId_fk` FOREIGN KEY (`groupId`) REFERENCES `craft_taggroups` (`id`) ON DELETE CASCADE,
	ADD CONSTRAINT `craft_tags_id_fk` FOREIGN KEY (`id`) REFERENCES `craft_elements` (`id`) ON DELETE CASCADE;

--
-- Constraints for table `craft_templatecachecriteria`
--
ALTER TABLE `craft_templatecachecriteria`
	ADD CONSTRAINT `craft_templatecachecriteria_cacheId_fk` FOREIGN KEY (`cacheId`) REFERENCES `craft_templatecaches` (`id`) ON DELETE CASCADE;

--
-- Constraints for table `craft_templatecacheelements`
--
ALTER TABLE `craft_templatecacheelements`
	ADD CONSTRAINT `craft_templatecacheelements_cacheId_fk` FOREIGN KEY (`cacheId`) REFERENCES `craft_templatecaches` (`id`) ON DELETE CASCADE,
	ADD CONSTRAINT `craft_templatecacheelements_elementId_fk` FOREIGN KEY (`elementId`) REFERENCES `craft_elements` (`id`) ON DELETE CASCADE;

--
-- Constraints for table `craft_templatecaches`
--
ALTER TABLE `craft_templatecaches`
	ADD CONSTRAINT `craft_templatecaches_locale_fk` FOREIGN KEY (`locale`) REFERENCES `craft_locales` (`locale`) ON DELETE CASCADE ON UPDATE CASCADE;

--
-- Constraints for table `craft_usergroups_users`
--
ALTER TABLE `craft_usergroups_users`
	ADD CONSTRAINT `craft_usergroups_users_groupId_fk` FOREIGN KEY (`groupId`) REFERENCES `craft_usergroups` (`id`) ON DELETE CASCADE,
	ADD CONSTRAINT `craft_usergroups_users_userId_fk` FOREIGN KEY (`userId`) REFERENCES `craft_users` (`id`) ON DELETE CASCADE;

--
-- Constraints for table `craft_userpermissions_usergroups`
--
ALTER TABLE `craft_userpermissions_usergroups`
	ADD CONSTRAINT `craft_userpermissions_usergroups_groupId_fk` FOREIGN KEY (`groupId`) REFERENCES `craft_usergroups` (`id`) ON DELETE CASCADE,
	ADD CONSTRAINT `craft_userpermissions_usergroups_permissionId_fk` FOREIGN KEY (`permissionId`) REFERENCES `craft_userpermissions` (`id`) ON DELETE CASCADE;

--
-- Constraints for table `craft_userpermissions_users`
--
ALTER TABLE `craft_userpermissions_users`
	ADD CONSTRAINT `craft_userpermissions_users_permissionId_fk` FOREIGN KEY (`permissionId`) REFERENCES `craft_userpermissions` (`id`) ON DELETE CASCADE,
	ADD CONSTRAINT `craft_userpermissions_users_userId_fk` FOREIGN KEY (`userId`) REFERENCES `craft_users` (`id`) ON DELETE CASCADE;

--
-- Constraints for table `craft_users`
--
ALTER TABLE `craft_users`
	ADD CONSTRAINT `craft_users_id_fk` FOREIGN KEY (`id`) REFERENCES `craft_elements` (`id`) ON DELETE CASCADE,
	ADD CONSTRAINT `craft_users_preferredLocale_fk` FOREIGN KEY (`preferredLocale`) REFERENCES `craft_locales` (`locale`) ON DELETE SET NULL ON UPDATE CASCADE;

--
-- Constraints for table `craft_widgets`
--
ALTER TABLE `craft_widgets`
	ADD CONSTRAINT `craft_widgets_userId_fk` FOREIGN KEY (`userId`) REFERENCES `craft_users` (`id`) ON DELETE CASCADE;

SET FOREIGN_KEY_CHECKS = 1;
