-- Generated by Craft v2.5.2750 on Jan 2, 2016, 7:37:27 PM.

--
-- Disable foreign key checks and autocommit.
--

SET FOREIGN_KEY_CHECKS = 0;
SET SQL_MODE = "NO_AUTO_VALUE_ON_ZERO";
SET AUTOCOMMIT = 0;
SET NAMES utf8;


DROP TABLE IF EXISTS `craft_assetfiles`;


--
-- Schema for table `craft_assetfiles`
--
CREATE TABLE `craft_assetfiles` (
  `id` int(11) NOT NULL,
  `sourceId` int(11) DEFAULT NULL,
  `folderId` int(11) NOT NULL,
  `filename` varchar(255) COLLATE utf8_unicode_ci NOT NULL,
  `kind` varchar(50) COLLATE utf8_unicode_ci NOT NULL DEFAULT 'unknown',
  `width` int(11) unsigned DEFAULT NULL,
  `height` int(11) unsigned DEFAULT NULL,
  `size` int(11) unsigned DEFAULT NULL,
  `dateModified` datetime DEFAULT NULL,
  `dateCreated` datetime NOT NULL,
  `dateUpdated` datetime NOT NULL,
  `uid` char(36) COLLATE utf8_unicode_ci NOT NULL DEFAULT '0',
  PRIMARY KEY (`id`),
  UNIQUE KEY `craft_assetfiles_filename_folderId_unq_idx` (`filename`,`folderId`),
  KEY `craft_assetfiles_sourceId_fk` (`sourceId`),
  KEY `craft_assetfiles_folderId_fk` (`folderId`)
) ENGINE=InnoDB DEFAULT CHARSET=utf8 COLLATE=utf8_unicode_ci;

--
-- Data for table `craft_assetfiles`
--

INSERT INTO `craft_assetfiles` (`id`, `sourceId`, `folderId`, `filename`, `kind`, `width`, `height`, `size`, `dateModified`, `dateCreated`, `dateUpdated`, `uid`) VALUES
 ('71', '1', '2', 'Screen-Shot-2015-09-16-at-8.18.14-AM.png', 'image', '712', '608', '117718', '2015-09-18 14:20:35', '2015-09-18 14:20:35', '2015-09-18 14:20:35', 'a5459b7e-3785-4a27-acd8-35289526c15e'),
 ('92', '2', '4', 'IdeaBase_Logo_StackedOutlineColor.jpg', 'image', '4167', '4167', '630987', '2015-10-02 14:41:19', '2015-10-02 14:41:19', '2015-10-02 14:41:19', '1eb3214d-3467-445e-8107-fc73daa2f940'),
 ('93', '2', '4', 'Screen-Shot-2015-10-02-at-10.53.43-AM.png', 'image', '804', '356', '494705', '2015-10-02 14:55:02', '2015-10-02 14:55:02', '2015-10-02 14:55:02', '09705c95-7ebd-47ed-92f0-ae316149a907'),
 ('94', '2', '4', 'Screen-Shot-2015-10-02-at-6.23.17-PM.png', 'image', '386', '314', '151291', '2015-10-02 22:23:54', '2015-10-02 22:23:54', '2015-10-02 22:23:54', '25aabe0c-c6ea-4aea-8f43-0f2afe5c2ca9'),
 ('103', '1', '1', 'ReillyHawkins.jpg', 'image', '225', '300', '8547', '2015-10-05 22:47:11', '2015-10-05 22:47:11', '2015-10-05 22:47:24', '793962d9-55a5-4732-9f06-f0a0a1ef49ac'),
 ('104', '1', '1', 'HeadshotImage.jpeg', 'image', '229', '220', '5247', '2015-10-05 23:04:44', '2015-10-05 23:04:44', '2015-10-05 23:04:44', 'd38c6bf5-ee59-4b4b-8c81-cb69bb5db9ca'),
 ('106', '1', '1', 'Another-Headshot.jpeg', 'image', '183', '275', '5918', '2015-10-05 23:05:27', '2015-10-05 23:05:27', '2015-10-05 23:05:27', 'd6b84674-1fe6-4b49-9c91-5f92bfdfeb82'),
 ('110', '1', '1', 'web-design.jpg', 'image', '2860', '1719', '1137719', '2015-10-06 15:02:55', '2015-10-06 15:02:55', '2015-10-06 15:02:55', '29148b90-6308-4547-a40a-c1d679b7ed50'),
 ('111', '1', '1', 'ideabasephoto-1500x683.jpg', 'image', '1500', '683', '231899', '2015-10-06 15:09:40', '2015-10-06 15:09:41', '2015-10-06 15:09:41', 'f0f4d24a-6d71-4b86-be66-f00428f27e92'),
 ('112', '1', '1', 'download-1.jpeg', 'image', '315', '160', '10096', '2015-10-06 15:25:26', '2015-10-06 15:25:26', '2015-10-06 15:25:26', '185bee11-8b6a-4e3c-96af-6f2e251f5778'),
 ('113', '1', '1', 'download-2.jpeg', 'image', '275', '183', '6545', '2015-10-06 15:25:40', '2015-10-06 15:25:40', '2015-10-06 15:25:40', '1d2513c4-66af-4544-91ec-f9b71220ee0e'),
 ('114', '1', '1', 'download.jpeg', 'image', '344', '146', '5963', '2015-10-06 15:25:55', '2015-10-06 15:25:55', '2015-10-06 15:25:55', '6b2e5ac4-e3b5-4fd9-969f-34b94e66537c'),
 ('115', '1', '1', 'Program-Project-Management.jpg', 'image', '692', '692', '48646', '2015-10-14 23:51:53', '2015-10-14 23:51:53', '2015-10-14 23:51:53', 'f20d2e8d-da6d-481a-b038-2200c85f064f'),
 ('116', '1', '1', 'projectmanagement.jpg', 'image', '600', '430', '61050', '2015-10-14 23:52:08', '2015-10-14 23:52:08', '2015-10-14 23:52:08', '997b0d66-f2c0-42a6-a79d-f906f4ea17f4'),
 ('133', '1', '1', 'BrendanBennett-350x500_1.jpg', 'image', '350', '500', '43198', '2015-11-05 15:52:14', '2015-11-05 15:52:14', '2015-11-05 15:52:14', '59968c90-1fee-4e5e-80eb-b1c84851ee2b'),
 ('134', '1', '1', 'CHRIS-EDIT-350x500_1.jpg', 'image', '350', '500', '50429', '2015-11-05 15:52:15', '2015-11-05 15:52:15', '2015-11-05 15:52:15', '60abc1a8-366e-4874-9773-0602ec44e0f7'),
 ('135', '1', '1', 'Dowling_1.jpg', 'image', '350', '500', '27641', '2015-11-05 15:52:15', '2015-11-05 15:52:15', '2015-11-05 15:52:15', 'cf53919f-f54f-4332-83da-ef1916cae727'),
 ('136', '1', '1', 'John-Headshot-350x500_1.jpg', 'image', '350', '500', '54575', '2015-11-05 15:52:16', '2015-11-05 15:52:16', '2015-11-05 15:52:16', '4c72f809-a704-4598-8f55-1efa287615db'),
 ('137', '1', '1', 'MarioFasolo-350x500_1.jpg', 'image', '350', '500', '46498', '2015-11-05 15:52:16', '2015-11-05 15:52:16', '2015-11-05 15:52:16', '4ee1727f-3fdd-46c7-9616-430efb2885a3'),
 ('138', '1', '1', 'NicoCiani-350x500_1.jpg', 'image', '350', '500', '26147', '2015-11-05 15:52:16', '2015-11-05 15:52:16', '2015-11-05 15:52:16', 'c7e86312-e158-4b27-a361-dbe34e64b9e0'),
 ('139', '1', '1', 'QuintinSteele-350x500_1.jpg', 'image', '350', '500', '49054', '2015-11-05 15:52:17', '2015-11-05 15:52:17', '2015-11-05 15:52:17', '3276360d-eda9-4cad-b28a-c0239386fcf9'),
 ('140', '1', '1', 'Rachel1-350x500_1.jpg', 'image', '350', '500', '49183', '2015-11-05 15:52:17', '2015-11-05 15:52:17', '2015-11-05 15:52:17', '23cedbdd-6acc-4823-a846-657967e3a525'),
 ('141', '1', '1', 'ReillyHawkins1-350x500_1.jpg', 'image', '350', '500', '46743', '2015-11-05 15:52:18', '2015-11-05 15:52:18', '2015-11-05 15:52:18', '0000a9d7-d798-47bc-a67b-4eddfe8efaeb'),
 ('142', '1', '1', 'Victoria1-350x500_1.jpg', 'image', '350', '500', '35300', '2015-11-05 15:52:18', '2015-11-05 15:52:18', '2015-11-05 15:52:18', 'bf7accc5-b60d-4568-a943-b3a12acc18e7'),
 ('145', '2', '4', 'ideabaselogo.svg', 'image', '1000', '270', '6650', '2015-11-05 16:05:25', '2015-11-05 16:05:28', '2015-11-05 16:05:28', '1e53c2ac-6890-4ff4-bb47-9f513d6ae515'),
 ('160', '2', '4', 'Information_Icon-1.svg', 'image', NULL, NULL, '1315', '2015-12-01 15:47:19', '2015-12-01 15:47:20', '2015-12-01 15:47:20', 'c7ea3ef5-4844-47de-bf09-254bf43e486c'),
 ('168', '2', '4', 'ruR4z.png', 'image', '64', '64', '1012', '2015-12-03 22:58:39', '2015-12-03 22:58:39', '2015-12-03 22:58:39', '83612d54-4427-4d37-b94d-7752e64996b3'),
 ('172', '2', '4', 'practice.jpg', 'image', '2000', '1333', '143069', '2015-12-11 16:16:05', '2015-12-11 16:16:05', '2015-12-11 16:16:05', '5b62fc5e-30c0-4d91-b024-ce3caa2c9f27'),
 ('174', '2', '4', 'bricks.jpg', 'image', '2000', '1333', '166610', '2015-12-15 17:41:54', '2015-12-15 17:41:54', '2015-12-15 17:41:54', '9509153f-71be-43c3-bec8-dc09344455b3'),
 ('176', '2', '4', 'lightbulb-sample.png', 'image', '278', '234', '260917', '2015-12-15 18:59:12', '2015-12-15 18:59:12', '2015-12-15 18:59:12', '05b7a906-e9be-4111-823d-0044e2ef1604'),
 ('178', '2', '4', 'profile-sample.jpg', 'image', '350', '500', '33480', '2015-12-15 20:36:16', '2015-12-15 20:36:16', '2015-12-15 20:36:16', '30b6d3af-78e3-4725-bce8-e4c97a3a46aa');




DROP TABLE IF EXISTS `craft_assetfolders`;


--
-- Schema for table `craft_assetfolders`
--
CREATE TABLE `craft_assetfolders` (
  `id` int(11) NOT NULL AUTO_INCREMENT,
  `parentId` int(11) DEFAULT NULL,
  `sourceId` int(11) DEFAULT NULL,
  `name` varchar(255) COLLATE utf8_unicode_ci NOT NULL,
  `path` varchar(255) COLLATE utf8_unicode_ci DEFAULT NULL,
  `dateCreated` datetime NOT NULL,
  `dateUpdated` datetime NOT NULL,
  `uid` char(36) COLLATE utf8_unicode_ci NOT NULL DEFAULT '0',
  PRIMARY KEY (`id`),
  UNIQUE KEY `craft_assetfolders_name_parentId_sourceId_unq_idx` (`name`,`parentId`,`sourceId`),
  KEY `craft_assetfolders_parentId_fk` (`parentId`),
  KEY `craft_assetfolders_sourceId_fk` (`sourceId`)
) ENGINE=InnoDB AUTO_INCREMENT=5 DEFAULT CHARSET=utf8 COLLATE=utf8_unicode_ci;

--
-- Data for table `craft_assetfolders`
--

INSERT INTO `craft_assetfolders` (`id`, `parentId`, `sourceId`, `name`, `path`, `dateCreated`, `dateUpdated`, `uid`) VALUES
 ('1', NULL, '1', 'Images', '', '2015-09-18 14:08:55', '2015-09-18 14:08:55', '852ce750-15bc-4647-8e57-94443d74a1d9'),
 ('2', '1', '1', 'images', 'images/', '2015-09-18 14:20:25', '2015-09-18 14:20:25', '46d18dcb-b673-407a-8e71-1501f2063871'),
 ('3', '2', '1', 'headshots', 'images/headshots/', '2015-09-18 14:23:48', '2015-09-18 14:23:48', '1cde0f4f-d5b6-4832-907f-d7fa5e59244c'),
 ('4', NULL, '2', 'Other Images', '', '2015-10-02 14:32:53', '2015-10-02 14:32:53', 'eff409f4-ab7e-45e9-bfd1-d1795d7346c8');




DROP TABLE IF EXISTS `craft_assetindexdata`;


--
-- Schema for table `craft_assetindexdata`
--
CREATE TABLE `craft_assetindexdata` (
  `id` int(11) NOT NULL AUTO_INCREMENT,
  `sessionId` varchar(36) COLLATE utf8_unicode_ci NOT NULL DEFAULT '',
  `sourceId` int(10) NOT NULL,
  `offset` int(10) NOT NULL,
  `uri` varchar(255) COLLATE utf8_unicode_ci DEFAULT NULL,
  `size` int(10) DEFAULT NULL,
  `recordId` int(10) DEFAULT NULL,
  `dateCreated` datetime NOT NULL,
  `dateUpdated` datetime NOT NULL,
  `uid` char(36) COLLATE utf8_unicode_ci NOT NULL DEFAULT '0',
  PRIMARY KEY (`id`),
  UNIQUE KEY `craft_assetindexdata_sessionId_sourceId_offset_unq_idx` (`sessionId`,`sourceId`,`offset`),
  KEY `craft_assetindexdata_sourceId_fk` (`sourceId`)
) ENGINE=InnoDB DEFAULT CHARSET=utf8 COLLATE=utf8_unicode_ci;

DROP TABLE IF EXISTS `craft_assetsources`;


--
-- Schema for table `craft_assetsources`
--
CREATE TABLE `craft_assetsources` (
  `id` int(11) NOT NULL AUTO_INCREMENT,
  `name` varchar(255) COLLATE utf8_unicode_ci NOT NULL,
  `handle` varchar(255) COLLATE utf8_unicode_ci NOT NULL,
  `type` varchar(150) COLLATE utf8_unicode_ci NOT NULL,
  `settings` text COLLATE utf8_unicode_ci,
  `sortOrder` tinyint(4) DEFAULT NULL,
  `fieldLayoutId` int(10) DEFAULT NULL,
  `dateCreated` datetime NOT NULL,
  `dateUpdated` datetime NOT NULL,
  `uid` char(36) COLLATE utf8_unicode_ci NOT NULL DEFAULT '0',
  PRIMARY KEY (`id`),
  UNIQUE KEY `craft_assetsources_name_unq_idx` (`name`),
  UNIQUE KEY `craft_assetsources_handle_unq_idx` (`handle`),
  KEY `craft_assetsources_fieldLayoutId_fk` (`fieldLayoutId`)
) ENGINE=InnoDB AUTO_INCREMENT=3 DEFAULT CHARSET=utf8 COLLATE=utf8_unicode_ci;

--
-- Data for table `craft_assetsources`
--

INSERT INTO `craft_assetsources` (`id`, `name`, `handle`, `type`, `settings`, `sortOrder`, `fieldLayoutId`, `dateCreated`, `dateUpdated`, `uid`) VALUES
 ('1', 'Images', 'images', 'Local', '{\"path\":\"images\\/headshots\\/\",\"url\":\"http:\\/\\/localhost\\/prod\\/images\\/headshots\\/\"}', '1', '80', '2015-09-18 14:08:55', '2015-11-05 16:02:40', 'de3fe392-445b-4778-9367-8ccf281ef8e8'),
 ('2', 'Other Images', 'otherImages', 'Local', '{\"path\":\"images\\/\",\"url\":\"http:\\/\\/localhost\\/prod\\/images\\/\"}', '2', '63', '2015-10-02 14:32:53', '2015-10-30 15:08:28', '621e7c51-7bbd-4dc0-a6ee-6d9f507ced5d');




DROP TABLE IF EXISTS `craft_assettransformindex`;


--
-- Schema for table `craft_assettransformindex`
--
CREATE TABLE `craft_assettransformindex` (
  `id` int(11) NOT NULL AUTO_INCREMENT,
  `fileId` int(11) NOT NULL,
  `filename` varchar(255) COLLATE utf8_unicode_ci DEFAULT NULL,
  `format` varchar(255) COLLATE utf8_unicode_ci DEFAULT NULL,
  `location` varchar(255) COLLATE utf8_unicode_ci NOT NULL,
  `sourceId` int(11) DEFAULT NULL,
  `fileExists` tinyint(1) DEFAULT NULL,
  `inProgress` tinyint(1) DEFAULT NULL,
  `dateIndexed` datetime DEFAULT NULL,
  `dateCreated` datetime NOT NULL,
  `dateUpdated` datetime NOT NULL,
  `uid` char(36) COLLATE utf8_unicode_ci NOT NULL DEFAULT '0',
  PRIMARY KEY (`id`),
  KEY `craft_assettransformindex_sourceId_fileId_location_idx` (`sourceId`,`fileId`,`location`)
) ENGINE=InnoDB AUTO_INCREMENT=60 DEFAULT CHARSET=utf8 COLLATE=utf8_unicode_ci;

DROP TABLE IF EXISTS `craft_assettransforms`;


--
-- Schema for table `craft_assettransforms`
--
CREATE TABLE `craft_assettransforms` (
  `id` int(11) NOT NULL AUTO_INCREMENT,
  `name` varchar(255) COLLATE utf8_unicode_ci NOT NULL,
  `handle` varchar(255) COLLATE utf8_unicode_ci NOT NULL,
  `mode` enum('stretch','fit','crop') COLLATE utf8_unicode_ci NOT NULL DEFAULT 'crop',
  `position` enum('top-left','top-center','top-right','center-left','center-center','center-right','bottom-left','bottom-center','bottom-right') COLLATE utf8_unicode_ci NOT NULL DEFAULT 'center-center',
  `height` int(10) DEFAULT NULL,
  `width` int(10) DEFAULT NULL,
  `format` varchar(255) COLLATE utf8_unicode_ci DEFAULT NULL,
  `quality` int(10) DEFAULT NULL,
  `dimensionChangeTime` datetime DEFAULT NULL,
  `dateCreated` datetime NOT NULL,
  `dateUpdated` datetime NOT NULL,
  `uid` char(36) COLLATE utf8_unicode_ci NOT NULL DEFAULT '0',
  PRIMARY KEY (`id`),
  UNIQUE KEY `craft_assettransforms_name_unq_idx` (`name`),
  UNIQUE KEY `craft_assettransforms_handle_unq_idx` (`handle`)
) ENGINE=InnoDB AUTO_INCREMENT=12 DEFAULT CHARSET=utf8 COLLATE=utf8_unicode_ci;

--
-- Data for table `craft_assettransforms`
--

INSERT INTO `craft_assettransforms` (`id`, `name`, `handle`, `mode`, `position`, `height`, `width`, `format`, `quality`, `dimensionChangeTime`, `dateCreated`, `dateUpdated`, `uid`) VALUES
 ('1', 'Thumb', 'thumb', 'crop', 'center-center', '500', '350', NULL, NULL, '2015-09-25 13:43:03', '2015-09-25 13:43:03', '2015-09-25 13:43:03', '78ff8498-df60-4a6b-82ec-5710d253bd6a'),
 ('2', 'About Image Transform', 'aboutImageTransform', 'fit', 'center-center', '175', '350', NULL, NULL, '2015-10-02 14:54:34', '2015-10-02 14:50:26', '2015-10-02 14:54:34', 'ac120356-d977-4533-8112-5e82023d44c2'),
 ('3', 'Meet The Team Headshot', 'meetTheTeamHeadshot', 'fit', 'center-center', '125', '125', NULL, NULL, '2015-10-05 23:17:45', '2015-10-05 23:17:45', '2015-10-05 23:17:45', 'f52b00d5-12fb-49cd-bed1-10b97c04a599'),
 ('4', 'Featured Image Top', 'featuredImageTop', 'fit', 'center-center', '250', '600', NULL, NULL, '2015-10-06 15:15:47', '2015-10-06 15:15:47', '2015-10-06 15:15:47', '97d0fa2e-b5d1-4bd8-b926-fd375b22845c'),
 ('5', 'Feature Image - Small', 'featureImageSmall', 'crop', 'center-center', '600', '600', 'jpg', '60', '2015-12-11 16:30:37', '2015-12-11 16:30:37', '2015-12-11 16:30:37', 'e7eee2b7-75ee-4ced-bf07-c82464bc86c3'),
 ('6', 'Feature Image - Medium', 'featureImageMedium', 'crop', 'center-center', '667', '1000', 'jpg', '60', '2015-12-11 16:31:25', '2015-12-11 16:31:25', '2015-12-11 16:31:25', '50a5028d-fa21-4b9e-a786-a7d87dbcb7ad'),
 ('7', 'Feature Image - Large', 'featureImageLarge', 'crop', 'center-center', '1333', '2000', 'jpg', '60', '2015-12-11 16:32:06', '2015-12-11 16:32:06', '2015-12-11 16:32:06', '8a3fa19a-3c21-4d4c-ba81-9f1383c1cd4b'),
 ('8', 'Brick - Large', 'brickLarge', 'crop', 'center-center', '1333', '2000', 'jpg', '60', '2015-12-15 17:46:29', '2015-12-15 17:46:29', '2015-12-15 17:46:29', 'e63b117c-7fb7-428e-b8e1-4b33f1b41863'),
 ('9', 'Brick - Medium', 'brickMedium', 'crop', 'center-center', '667', '1000', 'jpg', '60', '2015-12-15 17:47:10', '2015-12-15 17:47:10', '2015-12-15 17:47:10', '4f3eea03-ffc3-44b1-809f-5124b302f754'),
 ('10', 'Brick - Small', 'brickSmall', 'crop', 'center-center', '600', '600', 'jpg', '60', '2015-12-15 17:47:31', '2015-12-15 17:47:31', '2015-12-15 17:47:31', '864828c5-c371-4efd-9864-d07b2a506394'),
 ('11', 'Form Icon - Normal', 'formIconNormal', 'crop', 'center-center', '100', '100', NULL, '60', '2015-12-15 19:07:47', '2015-12-15 19:07:47', '2015-12-15 19:07:47', '96c52d6d-2f98-4394-b2dd-6e464daa2335');




DROP TABLE IF EXISTS `craft_categories`;


--
-- Schema for table `craft_categories`
--
CREATE TABLE `craft_categories` (
  `id` int(11) NOT NULL,
  `groupId` int(11) NOT NULL,
  `dateCreated` datetime NOT NULL,
  `dateUpdated` datetime NOT NULL,
  `uid` char(36) COLLATE utf8_unicode_ci NOT NULL DEFAULT '0',
  PRIMARY KEY (`id`),
  KEY `craft_categories_groupId_fk` (`groupId`)
) ENGINE=InnoDB DEFAULT CHARSET=utf8 COLLATE=utf8_unicode_ci;

--
-- Data for table `craft_categories`
--

INSERT INTO `craft_categories` (`id`, `groupId`, `dateCreated`, `dateUpdated`, `uid`) VALUES
 ('5', '1', '2015-09-18 13:28:28', '2015-09-18 13:28:28', '4959e819-ed21-43f8-82f9-b6a9179ac9db'),
 ('6', '1', '2015-09-18 13:28:41', '2015-09-18 13:28:41', 'e04e04c2-51eb-4988-bd47-6d9bb4a473fa'),
 ('7', '1', '2015-09-18 13:28:57', '2015-09-18 13:28:57', 'c99bdcc1-5bac-47f5-848f-d26aafeae74e'),
 ('8', '1', '2015-09-18 13:29:09', '2015-09-18 13:29:09', 'd0967b2d-9098-4f66-91e5-db6272c5aee9'),
 ('122', '5', '2015-10-30 14:05:26', '2015-10-30 14:05:26', 'baedc9db-b1b9-4e8f-b8af-91eaeb46b4c1'),
 ('123', '5', '2015-10-30 14:05:39', '2015-10-30 14:05:46', '7536f044-837d-4f3b-bc31-6dc57ce77f6f'),
 ('150', '6', '2015-11-24 15:18:25', '2015-11-24 15:18:25', 'de4fae9e-24bc-4c1c-9224-2fb92cfab8f9'),
 ('151', '6', '2015-11-24 15:18:30', '2015-11-24 15:18:30', '4ae4ecac-7865-480d-b519-205516c53c5c'),
 ('152', '6', '2015-11-24 15:18:38', '2015-11-24 15:18:38', 'b2799e05-5b53-47d3-aa2d-a651503a23d6'),
 ('153', '6', '2015-11-24 15:18:48', '2015-11-24 15:18:48', '9ce0aecf-2a2a-4d14-a1b1-597ad0e7ea52'),
 ('154', '6', '2015-11-24 15:18:55', '2015-11-24 15:18:55', '167de128-5cb8-43d4-8fcb-e81729f85335'),
 ('155', '6', '2015-11-24 15:19:01', '2015-11-24 15:19:01', 'b21571b8-c26d-48a3-99b8-f33ab4eadc56'),
 ('156', '6', '2015-11-24 15:19:19', '2015-11-24 15:19:19', '13d7b393-196a-45c4-a3ec-ddce5937955a');




DROP TABLE IF EXISTS `craft_categorygroups`;


--
-- Schema for table `craft_categorygroups`
--
CREATE TABLE `craft_categorygroups` (
  `id` int(11) NOT NULL AUTO_INCREMENT,
  `structureId` int(11) NOT NULL,
  `fieldLayoutId` int(11) DEFAULT NULL,
  `name` varchar(255) COLLATE utf8_unicode_ci NOT NULL,
  `handle` varchar(255) COLLATE utf8_unicode_ci NOT NULL,
  `hasUrls` tinyint(1) unsigned NOT NULL DEFAULT '1',
  `template` varchar(500) COLLATE utf8_unicode_ci DEFAULT NULL,
  `dateCreated` datetime NOT NULL,
  `dateUpdated` datetime NOT NULL,
  `uid` char(36) COLLATE utf8_unicode_ci NOT NULL DEFAULT '0',
  PRIMARY KEY (`id`),
  UNIQUE KEY `craft_categorygroups_name_unq_idx` (`name`),
  UNIQUE KEY `craft_categorygroups_handle_unq_idx` (`handle`),
  KEY `craft_categorygroups_structureId_fk` (`structureId`),
  KEY `craft_categorygroups_fieldLayoutId_fk` (`fieldLayoutId`)
) ENGINE=InnoDB AUTO_INCREMENT=7 DEFAULT CHARSET=utf8 COLLATE=utf8_unicode_ci;

--
-- Data for table `craft_categorygroups`
--

INSERT INTO `craft_categorygroups` (`id`, `structureId`, `fieldLayoutId`, `name`, `handle`, `hasUrls`, `template`, `dateCreated`, `dateUpdated`, `uid`) VALUES
 ('1', '2', '13', 'Staff Hierarchy', 'staffHierarchy', '1', '', '2015-09-18 13:26:54', '2015-09-18 13:26:54', '5b30bff9-dc0a-43ba-8708-0bd5f0054e4b'),
 ('5', '6', '60', 'Case Study or Blog', 'caseStudyOrBlog', '1', '', '2015-10-30 14:05:08', '2015-10-30 14:05:08', '35beac86-ba19-45c6-88f5-9e031294731c'),
 ('6', '7', '95', 'Project Type', 'projectType', '1', '', '2015-11-24 15:18:14', '2015-11-24 15:18:14', 'e8fea444-7e11-4ff5-8773-bed266bd68f6');




DROP TABLE IF EXISTS `craft_categorygroups_i18n`;


--
-- Schema for table `craft_categorygroups_i18n`
--
CREATE TABLE `craft_categorygroups_i18n` (
  `id` int(11) NOT NULL AUTO_INCREMENT,
  `groupId` int(11) NOT NULL,
  `locale` char(12) COLLATE utf8_unicode_ci NOT NULL,
  `urlFormat` text COLLATE utf8_unicode_ci,
  `nestedUrlFormat` text COLLATE utf8_unicode_ci,
  `dateCreated` datetime NOT NULL,
  `dateUpdated` datetime NOT NULL,
  `uid` char(36) COLLATE utf8_unicode_ci NOT NULL DEFAULT '0',
  PRIMARY KEY (`id`),
  UNIQUE KEY `craft_categorygroups_i18n_groupId_locale_unq_idx` (`groupId`,`locale`),
  KEY `craft_categorygroups_i18n_locale_fk` (`locale`)
) ENGINE=InnoDB AUTO_INCREMENT=7 DEFAULT CHARSET=utf8 COLLATE=utf8_unicode_ci;

--
-- Data for table `craft_categorygroups_i18n`
--

INSERT INTO `craft_categorygroups_i18n` (`id`, `groupId`, `locale`, `urlFormat`, `nestedUrlFormat`, `dateCreated`, `dateUpdated`, `uid`) VALUES
 ('1', '1', 'en_us', 'staff-hierarchy/{slug}', '{parent.uri}/{slug}', '2015-09-18 13:26:54', '2015-09-18 13:26:54', 'de640107-19fe-40b9-bfe9-d787786c2807'),
 ('5', '5', 'en_us', 'case-study-or-blog/{slug}', '{parent.uri}/{slug}', '2015-10-30 14:05:08', '2015-10-30 14:05:08', '538904fe-ce09-4638-98bf-169cf2b75eec'),
 ('6', '6', 'en_us', 'project-type/{slug}', '{parent.uri}/{slug}', '2015-11-24 15:18:14', '2015-11-24 15:18:14', '34c605d2-12c0-4f7f-a690-7a37cb111cd1');




DROP TABLE IF EXISTS `craft_content`;


--
-- Schema for table `craft_content`
--
CREATE TABLE `craft_content` (
  `id` int(11) NOT NULL AUTO_INCREMENT,
  `elementId` int(11) NOT NULL,
  `locale` char(12) COLLATE utf8_unicode_ci NOT NULL,
  `title` varchar(255) COLLATE utf8_unicode_ci DEFAULT NULL,
  `field_body` text COLLATE utf8_unicode_ci,
  `field_profileJobTitle` text COLLATE utf8_unicode_ci,
  `field_profileContactEmail` text COLLATE utf8_unicode_ci,
  `field_profileOfficePhoneNumber` text COLLATE utf8_unicode_ci,
  `field_profileBiographyDescription` text COLLATE utf8_unicode_ci,
  `field_profileFunFact` text COLLATE utf8_unicode_ci,
  `field_projectDescription` text COLLATE utf8_unicode_ci,
  `field_blogContent` text COLLATE utf8_unicode_ci,
  `field_awardTitle` text COLLATE utf8_unicode_ci,
  `field_awardDateAwarded` datetime DEFAULT NULL,
  `field_awardWinningProject` text COLLATE utf8_unicode_ci,
  `field_winningProjectUrl` text COLLATE utf8_unicode_ci,
  `field_testimonialNameOfQuoter` text COLLATE utf8_unicode_ci,
  `field_testimonialQuote` text COLLATE utf8_unicode_ci,
  `field_dateOfQuote` datetime DEFAULT NULL,
  `field_serviceTitle` text COLLATE utf8_unicode_ci,
  `field_serviceDescription` text COLLATE utf8_unicode_ci,
  `field_clientTitle` text COLLATE utf8_unicode_ci,
  `field_primaryContact` text COLLATE utf8_unicode_ci,
  `field_callToAction` text COLLATE utf8_unicode_ci,
  `field_footerAddress` text COLLATE utf8_unicode_ci,
  `field_phoneNumber` text COLLATE utf8_unicode_ci,
  `field_footerEmail` text COLLATE utf8_unicode_ci,
  `field_mainTagline` text COLLATE utf8_unicode_ci,
  `field_homepageAboutText` text COLLATE utf8_unicode_ci,
  `field_staffIndexHeader` text COLLATE utf8_unicode_ci,
  `field_staffIndexDescription` text COLLATE utf8_unicode_ci,
  `field_workForIdeabaseTitle` text COLLATE utf8_unicode_ci,
  `field_workForIdeabaseDescription` text COLLATE utf8_unicode_ci,
  `field_processHeader` text COLLATE utf8_unicode_ci,
  `field_linkToProjects` text COLLATE utf8_unicode_ci,
  `field_caseStudyContent` text COLLATE utf8_unicode_ci,
  `field_basicContent` text COLLATE utf8_unicode_ci,
  `field_qualityHeadline` text COLLATE utf8_unicode_ci,
  `field_qualityDescription` text COLLATE utf8_unicode_ci,
  `field_workForIdeabaseLink` text COLLATE utf8_unicode_ci,
  `field_designHeadline` text COLLATE utf8_unicode_ci,
  `field_projectsHeadline` text COLLATE utf8_unicode_ci,
  `field_projectsDescription` text COLLATE utf8_unicode_ci,
  `field_projectHeadline` text COLLATE utf8_unicode_ci,
  `field_projectsSubDescription` text COLLATE utf8_unicode_ci,
  `field_caseStudyHeadline` text COLLATE utf8_unicode_ci,
  `field_caseStudySubDescription` text COLLATE utf8_unicode_ci,
  `field_classroomExperienceHeadline` text COLLATE utf8_unicode_ci,
  `field_classroomExperienceDescription` text COLLATE utf8_unicode_ci,
  `field_collegeDegree` text COLLATE utf8_unicode_ci,
  `field_headerCatchline` text COLLATE utf8_unicode_ci,
  `field_processDescription` text COLLATE utf8_unicode_ci,
  `field_uxTestingLabDescription` text COLLATE utf8_unicode_ci,
  `field_testimonialHeadline` text COLLATE utf8_unicode_ci,
  `field_testimonialDescription` text COLLATE utf8_unicode_ci,
  `field_copyright` text COLLATE utf8_unicode_ci,
  `field_footerBlurb` text COLLATE utf8_unicode_ci,
  `field_footerHeadline` text COLLATE utf8_unicode_ci,
  `field_contactFormDescription` text COLLATE utf8_unicode_ci,
  `field_ctaButton` text COLLATE utf8_unicode_ci,
  `field_projectUrl` text COLLATE utf8_unicode_ci,
  `field_street` text COLLATE utf8_unicode_ci,
  `field_uxLabButton` text COLLATE utf8_unicode_ci,
  `field_priceHeadline` text COLLATE utf8_unicode_ci,
  `field_priceDescription` text COLLATE utf8_unicode_ci,
  `field_moreProjectsButton` text COLLATE utf8_unicode_ci,
  `field_classroomButton` text COLLATE utf8_unicode_ci,
  `field_profileLastName` text COLLATE utf8_unicode_ci,
  `field_profileFirstName` text COLLATE utf8_unicode_ci,
  `dateCreated` datetime NOT NULL,
  `dateUpdated` datetime NOT NULL,
  `uid` char(36) COLLATE utf8_unicode_ci NOT NULL DEFAULT '0',
  PRIMARY KEY (`id`),
  UNIQUE KEY `craft_content_elementId_locale_unq_idx` (`elementId`,`locale`),
  KEY `craft_content_title_idx` (`title`),
  KEY `craft_content_locale_fk` (`locale`)
) ENGINE=InnoDB AUTO_INCREMENT=168 DEFAULT CHARSET=utf8 COLLATE=utf8_unicode_ci;

--
-- Data for table `craft_content`
--

INSERT INTO `craft_content` (`id`, `elementId`, `locale`, `title`, `field_body`, `field_profileJobTitle`, `field_profileContactEmail`, `field_profileOfficePhoneNumber`, `field_profileBiographyDescription`, `field_profileFunFact`, `field_projectDescription`, `field_blogContent`, `field_awardTitle`, `field_awardDateAwarded`, `field_awardWinningProject`, `field_winningProjectUrl`, `field_testimonialNameOfQuoter`, `field_testimonialQuote`, `field_dateOfQuote`, `field_serviceTitle`, `field_serviceDescription`, `field_clientTitle`, `field_primaryContact`, `field_callToAction`, `field_footerAddress`, `field_phoneNumber`, `field_footerEmail`, `field_mainTagline`, `field_homepageAboutText`, `field_staffIndexHeader`, `field_staffIndexDescription`, `field_workForIdeabaseTitle`, `field_workForIdeabaseDescription`, `field_processHeader`, `field_linkToProjects`, `field_caseStudyContent`, `field_basicContent`, `field_qualityHeadline`, `field_qualityDescription`, `field_workForIdeabaseLink`, `field_designHeadline`, `field_projectsHeadline`, `field_projectsDescription`, `field_projectHeadline`, `field_projectsSubDescription`, `field_caseStudyHeadline`, `field_caseStudySubDescription`, `field_classroomExperienceHeadline`, `field_classroomExperienceDescription`, `field_collegeDegree`, `field_headerCatchline`, `field_processDescription`, `field_uxTestingLabDescription`, `field_testimonialHeadline`, `field_testimonialDescription`, `field_copyright`, `field_footerBlurb`, `field_footerHeadline`, `field_contactFormDescription`, `field_ctaButton`, `field_projectUrl`, `field_street`, `field_uxLabButton`, `field_priceHeadline`, `field_priceDescription`, `field_moreProjectsButton`, `field_classroomButton`, `field_profileLastName`, `field_profileFirstName`, `dateCreated`, `dateUpdated`, `uid`) VALUES
 ('1', '1', 'en_us', NULL, NULL, NULL, NULL, '0', NULL, NULL, NULL, NULL, NULL, NULL, NULL, NULL, NULL, NULL, NULL, NULL, NULL, NULL, NULL, NULL, NULL, '0', NULL, NULL, NULL, NULL, NULL, NULL, NULL, NULL, NULL, NULL, NULL, NULL, NULL, NULL, NULL, NULL, NULL, NULL, NULL, NULL, NULL, NULL, NULL, NULL, NULL, NULL, NULL, NULL, NULL, NULL, NULL, NULL, NULL, NULL, NULL, NULL, NULL, NULL, NULL, NULL, NULL, NULL, NULL, '2015-09-18 13:02:10', '2015-09-29 14:14:21', 'c9efc88a-0ef4-42e8-a874-420814e978a8'),
 ('2', '2', 'en_us', 'IdeaBase Kent New Website', '<p>It’s true, this site doesn’t have a whole lot of content yet, but don’t worry. Our web developers have just installed the CMS, and they’re setting things up for the content editors this very moment. Soon Localhost will be an oasis of fresh perspectives, sharp analyses, and astute opinions that will keep you coming back again and again.</p>', NULL, NULL, '0', NULL, NULL, NULL, NULL, NULL, NULL, NULL, NULL, NULL, NULL, NULL, NULL, NULL, NULL, NULL, NULL, NULL, '0', NULL, 'Research-based, student-powered design solutions.', 'We\'re a Kent State student-powered design agency located in downtown Kent, Ohio. Our team represents a variety of backgrounds and disciplines, united in our passion for creating meaningful solutions for our clients.', NULL, NULL, NULL, NULL, NULL, NULL, NULL, NULL, NULL, NULL, NULL, 'Our design process is tailored to you.', 'Tried-and-True', '<p>Our processes deliver results. No matter the industry or design challenge, our past work speaks for itself.</p>', NULL, NULL, NULL, NULL, NULL, NULL, NULL, NULL, NULL, NULL, NULL, NULL, NULL, NULL, NULL, NULL, NULL, NULL, NULL, NULL, NULL, NULL, NULL, NULL, NULL, NULL, '2015-09-18 13:02:12', '2015-12-15 17:42:13', '406291b4-9b84-4bf9-93dd-31388cc7e591'),
 ('3', '3', 'en_us', 'We just installed Craft!', '<p>Craft is the CMS that’s powering Localhost. It’s beautiful, powerful, flexible, and easy-to-use, and it’s made by Pixel &amp; Tonic. We can’t wait to dive in and see what it’s capable of!</p><!--pagebreak--><p>This is even more captivating content, which you couldn’t see on the News index page because it was entered after a Page Break, and the News index template only likes to show the content on the first page.</p><p>Craft: a nice alternative to Word, if you’re making a website.</p>', NULL, NULL, '0', NULL, NULL, NULL, NULL, NULL, NULL, NULL, NULL, NULL, NULL, NULL, NULL, NULL, NULL, NULL, NULL, NULL, '0', NULL, NULL, NULL, NULL, NULL, NULL, NULL, NULL, NULL, NULL, NULL, NULL, NULL, NULL, NULL, NULL, NULL, NULL, NULL, NULL, NULL, NULL, NULL, NULL, NULL, NULL, NULL, NULL, NULL, NULL, NULL, NULL, NULL, NULL, NULL, NULL, NULL, NULL, NULL, NULL, NULL, NULL, NULL, '2015-09-18 13:02:13', '2015-09-18 13:02:13', 'd0ed3828-b61a-4440-aaca-51f55e6f6762'),
 ('5', '5', 'en_us', 'Leadership', NULL, NULL, NULL, '0', NULL, NULL, NULL, NULL, NULL, NULL, NULL, NULL, NULL, NULL, NULL, NULL, NULL, NULL, NULL, NULL, NULL, '0', NULL, NULL, NULL, NULL, NULL, NULL, NULL, NULL, NULL, NULL, NULL, NULL, NULL, NULL, NULL, NULL, NULL, NULL, NULL, NULL, NULL, NULL, NULL, NULL, NULL, NULL, NULL, NULL, NULL, NULL, NULL, NULL, NULL, NULL, NULL, NULL, NULL, NULL, NULL, NULL, NULL, NULL, NULL, '2015-09-18 13:28:28', '2015-09-18 13:28:28', '1d19a514-7f8f-4701-8e4f-aec93b354143'),
 ('6', '6', 'en_us', 'Student', NULL, NULL, NULL, '0', NULL, NULL, NULL, NULL, NULL, NULL, NULL, NULL, NULL, NULL, NULL, NULL, NULL, NULL, NULL, NULL, NULL, '0', NULL, NULL, NULL, NULL, NULL, NULL, NULL, NULL, NULL, NULL, NULL, NULL, NULL, NULL, NULL, NULL, NULL, NULL, NULL, NULL, NULL, NULL, NULL, NULL, NULL, NULL, NULL, NULL, NULL, NULL, NULL, NULL, NULL, NULL, NULL, NULL, NULL, NULL, NULL, NULL, NULL, NULL, NULL, '2015-09-18 13:28:41', '2015-09-18 13:28:41', 'aeb4d309-fd34-4400-b76b-08666ac20618'),
 ('7', '7', 'en_us', 'Professional Advisory Board', NULL, NULL, NULL, '0', NULL, NULL, NULL, NULL, NULL, NULL, NULL, NULL, NULL, NULL, NULL, NULL, NULL, NULL, NULL, NULL, NULL, '0', NULL, NULL, NULL, NULL, NULL, NULL, NULL, NULL, NULL, NULL, NULL, NULL, NULL, NULL, NULL, NULL, NULL, NULL, NULL, NULL, NULL, NULL, NULL, NULL, NULL, NULL, NULL, NULL, NULL, NULL, NULL, NULL, NULL, NULL, NULL, NULL, NULL, NULL, NULL, NULL, NULL, NULL, NULL, '2015-09-18 13:28:57', '2015-09-18 13:28:57', 'ac6c7632-739f-4c37-ab14-0911cdd90035'),
 ('8', '8', 'en_us', 'Faculty Advisory Board', NULL, NULL, NULL, '0', NULL, NULL, NULL, NULL, NULL, NULL, NULL, NULL, NULL, NULL, NULL, NULL, NULL, NULL, NULL, NULL, NULL, '0', NULL, NULL, NULL, NULL, NULL, NULL, NULL, NULL, NULL, NULL, NULL, NULL, NULL, NULL, NULL, NULL, NULL, NULL, NULL, NULL, NULL, NULL, NULL, NULL, NULL, NULL, NULL, NULL, NULL, NULL, NULL, NULL, NULL, NULL, NULL, NULL, NULL, NULL, NULL, NULL, NULL, NULL, NULL, '2015-09-18 13:29:09', '2015-09-18 13:29:09', 'b59c92f0-c32a-4ea5-88f3-9072dc7c828c'),
 ('67', '67', 'en_us', 'Reilly Hawkins', NULL, 'Web Programmer', 'rhawkins@ideabasekent.com', '440.221.9193', '<p>This is a test biography for Reilly Hawkins. This is a test biography for Reilly Hawkins. This is a test biography for Reilly Hawkins. This is a test biography for Reilly Hawkins. This is a test biography for Reilly Hawkins. This is a test biography for Reilly Hawkins. This is a test biography for Reilly Hawkins. This is a test biography for Reilly Hawkins. This is a test biography for Reilly Hawkins. This is a test biography for Reilly Hawkins. This is a test biography for Reilly Hawkins.\r\n</p>\r\n\r\n<p><br>\r\n</p>\r\n\r\n\r\n\r\n\r\n\r\n<p>This is a test biography for Reilly Hawkins. This is a test biography for Reilly Hawkins. This is a test biography for Reilly Hawkins. This is a test biography for Reilly Hawkins. This is a test biography for Reilly Hawkins. <br>\r\n</p>', 'I legally had my name changed in Kindergarten. It used to be Andrew Quaid Hawkins, however there were 4 other “Andrews” in my class so my mom wanted it to be more unique. Changed to Reilly William Hawkins.', NULL, NULL, NULL, NULL, NULL, NULL, NULL, NULL, NULL, NULL, NULL, NULL, NULL, NULL, NULL, '0', NULL, NULL, NULL, NULL, NULL, NULL, NULL, NULL, NULL, NULL, NULL, NULL, NULL, NULL, NULL, NULL, NULL, NULL, NULL, NULL, NULL, NULL, NULL, '', NULL, NULL, NULL, NULL, NULL, NULL, NULL, NULL, NULL, NULL, NULL, NULL, NULL, NULL, NULL, NULL, NULL, 'Hawkins', '', '2015-09-18 14:03:06', '2015-12-17 17:03:57', '2dcc7681-41ac-4879-a0d2-d885574ce6f9'),
 ('71', '71', 'en_us', 'Screen-Shot-2015-09-16-at-8.18.14-AM', NULL, NULL, NULL, '0', NULL, NULL, NULL, NULL, NULL, NULL, NULL, NULL, NULL, NULL, NULL, NULL, NULL, NULL, NULL, NULL, NULL, '0', NULL, NULL, NULL, NULL, NULL, NULL, NULL, NULL, NULL, NULL, NULL, NULL, NULL, NULL, NULL, NULL, NULL, NULL, NULL, NULL, NULL, NULL, NULL, NULL, NULL, NULL, NULL, NULL, NULL, NULL, NULL, NULL, NULL, NULL, NULL, NULL, NULL, NULL, NULL, NULL, NULL, NULL, NULL, '2015-09-18 14:20:35', '2015-09-18 14:20:35', 'f010c7f4-c646-4b6b-a9c2-587325882ee2'),
 ('73', '73', 'en_us', 'this is a title', NULL, NULL, NULL, '0', NULL, NULL, NULL, ';oasidfjaso;ifj', NULL, NULL, NULL, NULL, NULL, NULL, NULL, NULL, NULL, NULL, NULL, NULL, NULL, '0', NULL, NULL, NULL, NULL, NULL, NULL, NULL, NULL, NULL, NULL, NULL, NULL, NULL, NULL, NULL, NULL, NULL, NULL, NULL, NULL, NULL, NULL, NULL, NULL, NULL, NULL, NULL, NULL, NULL, NULL, NULL, NULL, NULL, NULL, NULL, NULL, NULL, NULL, NULL, NULL, NULL, NULL, NULL, '2015-09-22 13:27:28', '2015-10-30 15:28:22', '0688f53f-a08f-4f61-8bb6-285289f400ff'),
 ('74', '74', 'en_us', 'project title', NULL, NULL, NULL, '0', NULL, NULL, 'asdf', NULL, NULL, NULL, NULL, NULL, NULL, NULL, NULL, NULL, NULL, NULL, NULL, NULL, NULL, '0', NULL, NULL, NULL, NULL, NULL, NULL, NULL, NULL, NULL, NULL, NULL, NULL, NULL, NULL, NULL, NULL, NULL, NULL, NULL, NULL, NULL, NULL, NULL, NULL, NULL, NULL, NULL, NULL, NULL, NULL, NULL, NULL, NULL, NULL, '<p><a href=\"http://www.google.com\" target=\"_blank\">http://www.google.com</a></p>', NULL, NULL, NULL, NULL, NULL, NULL, NULL, NULL, '2015-09-22 14:28:05', '2015-12-08 21:22:15', '21168dd3-1995-4ae9-970d-4cf6c4d942a3'),
 ('75', '75', 'en_us', 'This is an award', NULL, NULL, NULL, '0', NULL, NULL, NULL, NULL, '', '2015-09-08 00:00:00', 'test ', 'http://www.google.com', NULL, NULL, NULL, NULL, NULL, NULL, NULL, NULL, NULL, '0', NULL, NULL, NULL, NULL, NULL, NULL, NULL, NULL, NULL, NULL, NULL, NULL, NULL, NULL, NULL, NULL, NULL, NULL, NULL, NULL, NULL, NULL, NULL, NULL, NULL, NULL, NULL, NULL, NULL, NULL, NULL, NULL, NULL, NULL, NULL, NULL, NULL, NULL, NULL, NULL, NULL, NULL, NULL, '2015-09-22 14:33:18', '2015-11-06 15:45:44', '72e44865-5437-4ce2-954f-58951415978e'),
 ('77', '77', 'en_us', 'This is a new client', NULL, NULL, NULL, '0', NULL, NULL, NULL, NULL, NULL, NULL, NULL, NULL, NULL, NULL, NULL, NULL, NULL, '', '', NULL, NULL, '0', NULL, NULL, NULL, NULL, NULL, NULL, NULL, NULL, NULL, NULL, NULL, NULL, NULL, NULL, NULL, NULL, NULL, NULL, NULL, NULL, NULL, NULL, NULL, NULL, NULL, NULL, NULL, NULL, NULL, NULL, NULL, NULL, NULL, NULL, NULL, NULL, NULL, NULL, NULL, NULL, NULL, NULL, NULL, '2015-09-22 14:36:49', '2015-09-22 14:36:49', '80572a89-0b06-4a5d-960c-5bd86103eb83'),
 ('78', '78', 'en_us', 'this is a testimonial', NULL, NULL, NULL, '0', NULL, NULL, NULL, NULL, NULL, NULL, NULL, NULL, '', '', NULL, NULL, NULL, NULL, NULL, NULL, NULL, '0', NULL, NULL, NULL, NULL, NULL, NULL, NULL, NULL, NULL, NULL, NULL, NULL, NULL, NULL, NULL, NULL, NULL, NULL, NULL, NULL, NULL, NULL, NULL, NULL, NULL, NULL, NULL, NULL, NULL, NULL, NULL, NULL, NULL, NULL, NULL, NULL, NULL, NULL, NULL, NULL, NULL, NULL, NULL, '2015-09-22 14:37:27', '2015-11-06 15:46:55', 'afe029d3-5e79-4b71-bed7-c910bfc5e3d2'),
 ('79', '79', 'en_us', 'Another news post', '<p>this is another news post</p>', NULL, NULL, '0', NULL, NULL, NULL, NULL, NULL, NULL, NULL, NULL, NULL, NULL, NULL, NULL, NULL, NULL, NULL, NULL, NULL, '0', NULL, NULL, NULL, NULL, NULL, NULL, NULL, NULL, NULL, NULL, NULL, NULL, NULL, NULL, NULL, NULL, NULL, NULL, NULL, NULL, NULL, NULL, NULL, NULL, NULL, NULL, NULL, NULL, NULL, NULL, NULL, NULL, NULL, NULL, NULL, NULL, NULL, NULL, NULL, NULL, NULL, NULL, NULL, '2015-09-22 14:37:54', '2015-09-22 14:37:54', '62d5f5cf-5e68-41bd-abc7-0cfc2cd16ed0'),
 ('80', '80', 'en_us', 'This is a test blog title', NULL, NULL, NULL, '0', NULL, NULL, NULL, 'This is the blog content', NULL, NULL, NULL, NULL, NULL, NULL, NULL, NULL, NULL, NULL, NULL, NULL, NULL, '0', NULL, NULL, NULL, NULL, NULL, NULL, NULL, NULL, NULL, NULL, NULL, NULL, NULL, NULL, NULL, NULL, NULL, NULL, NULL, NULL, NULL, NULL, NULL, NULL, NULL, NULL, NULL, NULL, NULL, NULL, NULL, NULL, NULL, NULL, NULL, NULL, NULL, NULL, NULL, NULL, NULL, NULL, NULL, '2015-09-23 00:27:55', '2015-10-30 15:28:22', '15b59b22-a157-4186-88cc-2a21b3963351'),
 ('81', '81', 'en_us', 'ADDY AWARD', NULL, NULL, NULL, '0', NULL, NULL, NULL, NULL, 'ADDY AWARD', '2015-09-08 00:00:00', '', 'http://www.google.com', NULL, NULL, NULL, NULL, NULL, NULL, NULL, NULL, NULL, '0', NULL, NULL, NULL, NULL, NULL, NULL, NULL, NULL, NULL, NULL, NULL, NULL, NULL, NULL, NULL, NULL, NULL, NULL, NULL, NULL, NULL, NULL, NULL, NULL, NULL, NULL, NULL, NULL, NULL, NULL, NULL, NULL, NULL, NULL, NULL, NULL, NULL, NULL, NULL, NULL, NULL, NULL, NULL, '2015-09-23 00:37:27', '2015-11-06 15:33:45', 'a787eb6a-8098-44f0-b1cf-1fd8f52f6e0d'),
 ('87', '87', 'en_us', NULL, NULL, NULL, NULL, '0', NULL, NULL, NULL, NULL, NULL, NULL, NULL, NULL, NULL, NULL, NULL, NULL, NULL, NULL, NULL, NULL, NULL, '0', NULL, NULL, NULL, NULL, NULL, NULL, NULL, NULL, NULL, NULL, NULL, NULL, NULL, NULL, NULL, NULL, NULL, NULL, NULL, NULL, NULL, NULL, NULL, NULL, NULL, NULL, NULL, NULL, NULL, NULL, NULL, NULL, NULL, NULL, NULL, NULL, NULL, NULL, NULL, NULL, NULL, NULL, NULL, '2015-09-29 14:15:13', '2015-09-29 14:15:27', '29608ba5-35c3-4ec9-a72e-85a4bc27737d'),
 ('89', '89', 'en_us', NULL, NULL, NULL, NULL, '0', NULL, NULL, NULL, NULL, NULL, NULL, NULL, NULL, NULL, NULL, NULL, NULL, NULL, NULL, NULL, NULL, NULL, '0', NULL, NULL, NULL, NULL, NULL, NULL, NULL, NULL, NULL, NULL, NULL, NULL, NULL, NULL, NULL, NULL, NULL, NULL, NULL, NULL, NULL, NULL, NULL, NULL, 'Powered by Kent State Students', NULL, NULL, NULL, NULL, NULL, NULL, NULL, NULL, NULL, NULL, NULL, NULL, NULL, NULL, NULL, NULL, NULL, NULL, '2015-09-29 14:19:07', '2015-11-17 14:59:35', 'a3e92c54-56b8-469e-afa5-87dc32d799a6'),
 ('90', '90', 'en_us', NULL, NULL, NULL, NULL, '0', NULL, NULL, NULL, NULL, NULL, NULL, NULL, NULL, NULL, NULL, NULL, NULL, NULL, NULL, NULL, 'This is a call to action', 'Kent, OH 44240', '330.672.7300', 'info@ideabasekent.com', NULL, NULL, NULL, NULL, NULL, NULL, NULL, NULL, NULL, NULL, NULL, NULL, NULL, NULL, NULL, NULL, NULL, NULL, NULL, NULL, NULL, NULL, NULL, NULL, NULL, NULL, NULL, NULL, '<p>Website Designed and Developed By IdeaBase in Kent, OH<br><a href=\"http://buildwithcraft.com/\">Powered by Craft</a><br>Copyright 2015 IdeaBase</p>', '<p>Opened in 2009, IdeaBase, formerly the Tannery, was the brainchild of Jim Guadino, the former and founding dean of Kent State\'s&nbsp;<a href=\"http://ideabasekent.com/new/dev/prototype/templates/home.php#\">College of Communication and Information</a>. IdeaBase is now a thriving design agency where top-performing students assemble to gain experiential learning opportunities while solving problems for clients within and outside of the university.</p>', 'Let\'s make something great together.', '<p>Be a part of something big. Partner with our talented team of designers on your next initiatve and become part of our educational mission. Get in touch today by contacting&nbsp;<a href=\"http://localhost/dev/prototype/templates/home.php#\">Kristin Dowling, Business Develoment Manager</a>, via email, phone or by completing the form below.</p>', 'Get in touch today', NULL, '138 E. Main Street, Suit 203', NULL, NULL, NULL, NULL, NULL, NULL, NULL, '2015-09-29 14:19:11', '2015-12-15 18:59:16', '2b55ea27-2a40-4f98-bcde-68e8a652d03d'),
 ('92', '92', 'en_us', 'IdeaBase Logo', NULL, NULL, NULL, '0', NULL, NULL, NULL, NULL, NULL, NULL, NULL, NULL, NULL, NULL, NULL, NULL, NULL, NULL, NULL, NULL, NULL, '0', NULL, NULL, NULL, NULL, NULL, NULL, NULL, NULL, NULL, NULL, NULL, NULL, NULL, NULL, NULL, NULL, NULL, NULL, NULL, NULL, NULL, NULL, NULL, NULL, NULL, NULL, NULL, NULL, NULL, NULL, NULL, NULL, NULL, NULL, NULL, NULL, NULL, NULL, NULL, NULL, NULL, NULL, NULL, '2015-10-02 14:41:19', '2015-10-04 23:29:47', '38cfc99e-e39b-4548-aace-187a9dd7d12e'),
 ('93', '93', 'en_us', 'Screen-Shot-2015-10-02-at-10.53.43-AM', NULL, NULL, NULL, '0', NULL, NULL, NULL, NULL, NULL, NULL, NULL, NULL, NULL, NULL, NULL, NULL, NULL, NULL, NULL, NULL, NULL, '0', NULL, NULL, NULL, NULL, NULL, NULL, NULL, NULL, NULL, NULL, NULL, NULL, NULL, NULL, NULL, NULL, NULL, NULL, NULL, NULL, NULL, NULL, NULL, NULL, NULL, NULL, NULL, NULL, NULL, NULL, NULL, NULL, NULL, NULL, NULL, NULL, NULL, NULL, NULL, NULL, NULL, NULL, NULL, '2015-10-02 14:55:02', '2015-10-02 14:55:02', '8ae8f3e0-d0d0-4de1-b80b-c79270dcd9a0'),
 ('94', '94', 'en_us', 'Footer-Map', NULL, NULL, NULL, '0', NULL, NULL, NULL, NULL, NULL, NULL, NULL, NULL, NULL, NULL, NULL, NULL, NULL, NULL, NULL, NULL, NULL, '0', NULL, NULL, NULL, NULL, NULL, NULL, NULL, NULL, NULL, NULL, NULL, NULL, NULL, NULL, NULL, NULL, NULL, NULL, NULL, NULL, NULL, NULL, NULL, NULL, NULL, NULL, NULL, NULL, NULL, NULL, NULL, NULL, NULL, NULL, NULL, NULL, NULL, NULL, NULL, NULL, NULL, NULL, NULL, '2015-10-02 22:23:54', '2015-10-02 22:38:20', '8ff649da-14e1-4224-973f-439e56411985'),
 ('95', '95', 'en_us', 'Service 1', NULL, NULL, NULL, '0', NULL, NULL, NULL, NULL, NULL, NULL, NULL, NULL, NULL, NULL, NULL, '', 'This is service 1', NULL, NULL, NULL, NULL, '0', NULL, NULL, NULL, NULL, NULL, NULL, NULL, NULL, NULL, NULL, NULL, NULL, NULL, NULL, NULL, NULL, NULL, NULL, NULL, NULL, NULL, NULL, NULL, NULL, NULL, NULL, NULL, NULL, NULL, NULL, NULL, NULL, NULL, NULL, NULL, NULL, NULL, NULL, NULL, NULL, NULL, NULL, NULL, '2015-10-02 22:53:33', '2015-12-01 16:18:16', 'c64674d9-be94-4315-87ec-b38d43a3312c'),
 ('96', '96', 'en_us', 'Service 2', NULL, NULL, NULL, '0', NULL, NULL, NULL, NULL, NULL, NULL, NULL, NULL, NULL, NULL, NULL, '', 'Service 2', NULL, NULL, NULL, NULL, '0', NULL, NULL, NULL, NULL, NULL, NULL, NULL, NULL, NULL, NULL, NULL, NULL, NULL, NULL, NULL, NULL, NULL, NULL, NULL, NULL, NULL, NULL, NULL, NULL, NULL, NULL, NULL, NULL, NULL, NULL, NULL, NULL, NULL, NULL, NULL, NULL, NULL, NULL, NULL, NULL, NULL, NULL, NULL, '2015-10-02 22:53:48', '2015-10-06 15:25:44', '40b2a538-7c2d-4108-8545-01285ce4bead'),
 ('97', '97', 'en_us', 'Service 3', NULL, NULL, NULL, '0', NULL, NULL, NULL, NULL, NULL, NULL, NULL, NULL, NULL, NULL, NULL, '', 'This is service 3', NULL, NULL, NULL, NULL, '0', NULL, NULL, NULL, NULL, NULL, NULL, NULL, NULL, NULL, NULL, NULL, NULL, NULL, NULL, NULL, NULL, NULL, NULL, NULL, NULL, NULL, NULL, NULL, NULL, NULL, NULL, NULL, NULL, NULL, NULL, NULL, NULL, NULL, NULL, NULL, NULL, NULL, NULL, NULL, NULL, NULL, NULL, NULL, '2015-10-02 22:53:59', '2015-10-06 15:25:58', '20fc2604-60f2-47d9-a043-75d1b1d48a62'),
 ('98', '98', 'en_us', 'Project Title 1', NULL, NULL, NULL, '0', NULL, NULL, 'This is Project 1', NULL, NULL, NULL, NULL, NULL, NULL, NULL, NULL, NULL, NULL, NULL, NULL, NULL, NULL, '0', NULL, NULL, NULL, NULL, NULL, NULL, NULL, NULL, NULL, NULL, NULL, NULL, NULL, NULL, NULL, NULL, NULL, NULL, NULL, NULL, NULL, NULL, NULL, NULL, NULL, NULL, NULL, NULL, NULL, NULL, NULL, NULL, NULL, NULL, '', NULL, NULL, NULL, NULL, NULL, NULL, NULL, NULL, '2015-10-04 23:17:22', '2015-12-08 21:22:03', 'e4f5841c-dad8-4e7c-83e7-231033460904'),
 ('99', '99', 'en_us', 'Project Title 2', NULL, NULL, NULL, '0', NULL, NULL, 'This is Project 2', NULL, NULL, NULL, NULL, NULL, NULL, NULL, NULL, NULL, NULL, NULL, NULL, NULL, NULL, '0', NULL, NULL, NULL, NULL, NULL, NULL, NULL, NULL, NULL, NULL, NULL, NULL, NULL, NULL, NULL, NULL, NULL, NULL, NULL, NULL, NULL, NULL, NULL, NULL, NULL, NULL, NULL, NULL, NULL, NULL, NULL, NULL, NULL, NULL, '', NULL, NULL, NULL, NULL, NULL, NULL, NULL, NULL, '2015-10-04 23:17:35', '2015-12-08 21:43:50', 'cd881295-79af-432f-a3ac-424f9a1be8cb'),
 ('101', '101', 'en_us', 'Project 3', NULL, NULL, NULL, '0', NULL, NULL, 'This is a description of project 3. This is a description of project 3. This is a description of project 3. This is a description of project 3. This is a description of project 3.', NULL, NULL, NULL, NULL, NULL, NULL, NULL, NULL, NULL, NULL, NULL, NULL, NULL, NULL, '0', NULL, NULL, NULL, NULL, NULL, NULL, NULL, NULL, NULL, NULL, NULL, NULL, NULL, NULL, NULL, NULL, NULL, NULL, NULL, NULL, NULL, NULL, NULL, NULL, NULL, NULL, NULL, NULL, NULL, NULL, NULL, NULL, NULL, NULL, '<p>http://www.google.com</p>', NULL, NULL, NULL, NULL, NULL, NULL, NULL, NULL, '2015-10-04 23:17:59', '2015-12-08 18:23:40', '28470dca-4648-4a01-bf95-a90a14c6dc3f'),
 ('103', '103', 'en_us', 'Hawkins Reilly', NULL, NULL, NULL, '0', NULL, NULL, NULL, NULL, NULL, NULL, NULL, NULL, NULL, NULL, NULL, NULL, NULL, NULL, NULL, NULL, NULL, '0', NULL, NULL, NULL, NULL, NULL, NULL, NULL, NULL, NULL, NULL, NULL, NULL, NULL, NULL, NULL, NULL, NULL, NULL, NULL, NULL, NULL, NULL, NULL, NULL, NULL, NULL, NULL, NULL, NULL, NULL, NULL, NULL, NULL, NULL, NULL, NULL, NULL, NULL, NULL, NULL, NULL, NULL, NULL, '2015-10-05 22:47:11', '2015-10-05 22:47:32', '1742472e-8bc2-49de-a57e-e8b18d0459b9'),
 ('104', '104', 'en_us', 'HeadshotImage', NULL, NULL, NULL, '0', NULL, NULL, NULL, NULL, NULL, NULL, NULL, NULL, NULL, NULL, NULL, NULL, NULL, NULL, NULL, NULL, NULL, '0', NULL, NULL, NULL, NULL, NULL, NULL, NULL, NULL, NULL, NULL, NULL, NULL, NULL, NULL, NULL, NULL, NULL, NULL, NULL, NULL, NULL, NULL, NULL, NULL, NULL, NULL, NULL, NULL, NULL, NULL, NULL, NULL, NULL, NULL, NULL, NULL, NULL, NULL, NULL, NULL, NULL, NULL, NULL, '2015-10-05 23:04:44', '2015-10-05 23:04:44', '368c2dfb-5a8f-48f0-8f62-461eb4cd1449'),
 ('106', '106', 'en_us', 'Another-Headshot', NULL, NULL, NULL, '0', NULL, NULL, NULL, NULL, NULL, NULL, NULL, NULL, NULL, NULL, NULL, NULL, NULL, NULL, NULL, NULL, NULL, '0', NULL, NULL, NULL, NULL, NULL, NULL, NULL, NULL, NULL, NULL, NULL, NULL, NULL, NULL, NULL, NULL, NULL, NULL, NULL, NULL, NULL, NULL, NULL, NULL, NULL, NULL, NULL, NULL, NULL, NULL, NULL, NULL, NULL, NULL, NULL, NULL, NULL, NULL, NULL, NULL, NULL, NULL, NULL, '2015-10-05 23:05:27', '2015-10-05 23:05:27', '43885332-6d95-4c98-be2a-c3f4b1fcdd2a'),
 ('108', '108', 'en_us', 'Staff Profile Index', NULL, NULL, NULL, '0', NULL, NULL, NULL, NULL, NULL, NULL, NULL, NULL, NULL, NULL, NULL, NULL, NULL, NULL, NULL, NULL, NULL, '0', NULL, NULL, NULL, 'Our students are passionate about design.', '<p>Our student employees come from backgrounds of all shapes and sizes, bringing with them a fresh and versatile approach that inspires our designs. With backgrounds in Visual Communication Design, Public Relations, User Experience, Advertising, Computer Information Systmes, Digital Sciences, Marketing and Communications, our diverse team members have one thing in common, they\'re passionate about design.</p>', 'Work for IdeaBase', 'We empower our student employees to imagine, create and deliver quality designs while gaining real-world experience on client-facing projects. Our studen employees get to put their design skills to the test, build their resumes and jumpstart their careers.', NULL, NULL, NULL, NULL, 'Committed to quality.', '<p>We’re committed to delivering quality work to our clients. That’s why our student employees work under the guidance of our professional staff from Kent State’s College of Communication of Information and a professional advisory board. Our student employees interact directly with clients, developing proposals, managing projects and handling all stages of design production.</p>', 'Learn more about working for IdeaBase.', NULL, NULL, NULL, NULL, NULL, NULL, NULL, NULL, NULL, NULL, NULL, NULL, NULL, NULL, NULL, NULL, NULL, NULL, NULL, NULL, NULL, NULL, NULL, NULL, NULL, NULL, NULL, NULL, NULL, '2015-10-06 14:08:01', '2015-12-14 21:22:20', '2678f2c6-9572-4609-b1de-6434f12b3901'),
 ('109', '109', 'en_us', 'Process Index', NULL, NULL, NULL, '0', NULL, NULL, NULL, NULL, NULL, NULL, NULL, NULL, NULL, NULL, NULL, NULL, NULL, NULL, NULL, NULL, NULL, '0', NULL, NULL, NULL, NULL, NULL, NULL, NULL, 'Our design process is tailored to you.', 'This is a Link', NULL, NULL, NULL, NULL, NULL, NULL, NULL, NULL, NULL, NULL, NULL, NULL, NULL, NULL, NULL, NULL, 'This is a process Description', '<p>We can test the performance and usability of your product on various devices in our User Experience Testing Lab. This is a great resource to ensure that your product translates across all platforms.</p>', 'IDEABASE WAS INEXPENSIVE AND HELPED INCREASE VISITORS TO OUR BUSINESS. THAT\'S A WIN-WIN IF YOU ASK ME!', 'Chris Hallahan, IdeaBase', NULL, NULL, NULL, NULL, NULL, NULL, NULL, 'More about our UX Testing Lab', 'Sounds great, How much does it cost?', '<p>This is a test</p>', NULL, NULL, NULL, NULL, '2015-10-06 14:37:07', '2015-12-14 20:35:53', '72d8ae98-81e1-446a-b75f-f17b51ddaf18'),
 ('110', '110', 'en_us', 'web-design', NULL, NULL, NULL, '0', NULL, NULL, NULL, NULL, NULL, NULL, NULL, NULL, NULL, NULL, NULL, NULL, NULL, NULL, NULL, NULL, NULL, '0', NULL, NULL, NULL, NULL, NULL, NULL, NULL, NULL, NULL, NULL, NULL, NULL, NULL, NULL, NULL, NULL, NULL, NULL, NULL, NULL, NULL, NULL, NULL, NULL, NULL, NULL, NULL, NULL, NULL, NULL, NULL, NULL, NULL, NULL, NULL, NULL, NULL, NULL, NULL, NULL, NULL, NULL, NULL, '2015-10-06 15:02:55', '2015-10-06 15:02:55', '490af9f6-ffd0-4ff3-aaab-92e308f0658b'),
 ('111', '111', 'en_us', 'ideabasephoto-1500x683', NULL, NULL, NULL, '0', NULL, NULL, NULL, NULL, NULL, NULL, NULL, NULL, NULL, NULL, NULL, NULL, NULL, NULL, NULL, NULL, NULL, '0', NULL, NULL, NULL, NULL, NULL, NULL, NULL, NULL, NULL, NULL, NULL, NULL, NULL, NULL, NULL, NULL, NULL, NULL, NULL, NULL, NULL, NULL, NULL, NULL, NULL, NULL, NULL, NULL, NULL, NULL, NULL, NULL, NULL, NULL, NULL, NULL, NULL, NULL, NULL, NULL, NULL, NULL, NULL, '2015-10-06 15:09:40', '2015-10-06 15:09:40', 'd65294ea-8ca6-4741-83e0-a09a73bf9d59'),
 ('112', '112', 'en_us', 'download-1', NULL, NULL, NULL, '0', NULL, NULL, NULL, NULL, NULL, NULL, NULL, NULL, NULL, NULL, NULL, NULL, NULL, NULL, NULL, NULL, NULL, '0', NULL, NULL, NULL, NULL, NULL, NULL, NULL, NULL, NULL, NULL, NULL, NULL, NULL, NULL, NULL, NULL, NULL, NULL, NULL, NULL, NULL, NULL, NULL, NULL, NULL, NULL, NULL, NULL, NULL, NULL, NULL, NULL, NULL, NULL, NULL, NULL, NULL, NULL, NULL, NULL, NULL, NULL, NULL, '2015-10-06 15:25:26', '2015-10-06 15:25:26', '1c0319ac-55c6-4c80-b984-5c4d4054a38f'),
 ('113', '113', 'en_us', 'download-2', NULL, NULL, NULL, '0', NULL, NULL, NULL, NULL, NULL, NULL, NULL, NULL, NULL, NULL, NULL, NULL, NULL, NULL, NULL, NULL, NULL, '0', NULL, NULL, NULL, NULL, NULL, NULL, NULL, NULL, NULL, NULL, NULL, NULL, NULL, NULL, NULL, NULL, NULL, NULL, NULL, NULL, NULL, NULL, NULL, NULL, NULL, NULL, NULL, NULL, NULL, NULL, NULL, NULL, NULL, NULL, NULL, NULL, NULL, NULL, NULL, NULL, NULL, NULL, NULL, '2015-10-06 15:25:40', '2015-10-06 15:25:40', '22fccd40-e2b0-4f9d-92f6-0513d718471f'),
 ('114', '114', 'en_us', 'download', NULL, NULL, NULL, '0', NULL, NULL, NULL, NULL, NULL, NULL, NULL, NULL, NULL, NULL, NULL, NULL, NULL, NULL, NULL, NULL, NULL, '0', NULL, NULL, NULL, NULL, NULL, NULL, NULL, NULL, NULL, NULL, NULL, NULL, NULL, NULL, NULL, NULL, NULL, NULL, NULL, NULL, NULL, NULL, NULL, NULL, NULL, NULL, NULL, NULL, NULL, NULL, NULL, NULL, NULL, NULL, NULL, NULL, NULL, NULL, NULL, NULL, NULL, NULL, NULL, '2015-10-06 15:25:55', '2015-10-06 15:25:55', 'cfe6a0fd-3177-4280-92b9-05eab7adca2e'),
 ('115', '115', 'en_us', 'Program-Project-Management', NULL, NULL, NULL, '0', NULL, NULL, NULL, NULL, NULL, NULL, NULL, NULL, NULL, NULL, NULL, NULL, NULL, NULL, NULL, NULL, NULL, '0', NULL, NULL, NULL, NULL, NULL, NULL, NULL, NULL, NULL, NULL, NULL, NULL, NULL, NULL, NULL, NULL, NULL, NULL, NULL, NULL, NULL, NULL, NULL, NULL, NULL, NULL, NULL, NULL, NULL, NULL, NULL, NULL, NULL, NULL, NULL, NULL, NULL, NULL, NULL, NULL, NULL, NULL, NULL, '2015-10-14 23:51:53', '2015-10-14 23:51:53', 'bcaa1bb8-1cb6-4072-96b6-08e42c823023'),
 ('116', '116', 'en_us', 'projectmanagement', NULL, NULL, NULL, '0', NULL, NULL, NULL, NULL, NULL, NULL, NULL, NULL, NULL, NULL, NULL, NULL, NULL, NULL, NULL, NULL, NULL, '0', NULL, NULL, NULL, NULL, NULL, NULL, NULL, NULL, NULL, NULL, NULL, NULL, NULL, NULL, NULL, NULL, NULL, NULL, NULL, NULL, NULL, NULL, NULL, NULL, NULL, NULL, NULL, NULL, NULL, NULL, NULL, NULL, NULL, NULL, NULL, NULL, NULL, NULL, NULL, NULL, NULL, NULL, NULL, '2015-10-14 23:52:08', '2015-10-14 23:52:08', 'a29d3b8f-8f14-41a5-b118-6abbee091929'),
 ('119', '119', 'en_us', 'Kristin Dowling', NULL, 'Business Development Manager', 'kdowling@ideabasekent.com', '330.672.7366', '<p>Kristin is the Business Development Manager for IdeaBase (formerly The Tannery). She is responsible for building client relationships in order to provide high quality experiential learning opportunities for our students.</p>\r\n\r\n<p>She previously served as an Entrepreneur-in-Residence for the Center for Entrepreneurship and Business Innovation in the Kent State University College of Business. Her experience prior to coming to Kent State University was as Regional Operations Manager for Kinko’s Inc. (now known as FedEx Office).</p>', '', NULL, NULL, NULL, NULL, NULL, NULL, NULL, NULL, NULL, NULL, NULL, NULL, NULL, NULL, NULL, '0', NULL, NULL, NULL, NULL, NULL, NULL, NULL, NULL, NULL, NULL, NULL, NULL, NULL, NULL, NULL, NULL, NULL, NULL, NULL, NULL, NULL, NULL, NULL, '', NULL, NULL, NULL, NULL, NULL, NULL, NULL, NULL, NULL, NULL, NULL, NULL, NULL, NULL, NULL, NULL, NULL, 'Dowling', '', '2015-10-22 17:54:18', '2015-12-17 17:43:06', '58c7308e-b356-41df-84bf-46893aab490e'),
 ('120', '120', 'en_us', 'Christopher Hallahan', NULL, 'User Experience Designer', 'challahan@ideabasekent.com', '330.672.3031', '<p>Chris is a full-time user experience designer for<a href=\"http://ideabasekent.com/\"> <u>IdeaBase</u></a> and<a href=\"http://www.kent.edu/cci\"> <u>Kent State University’s College of Communication and Information</u></a>. He manages research and interactive/web projects at IdeaBase, and works one-on-one with IdeaBase students to teach them web design, user experience and content management techniques.</p>\r\n\r\n<p>His passions include responsive web design, usability, information architecture and content management system design (especially WordPress).  In addition to his work at IdeaBase, he teaches courses in Digital Sciences and Responsive Web Design.</p><br><br>He is a graduate of Kent State, with a bachelor’s degree in Electronic Media and master’s degree in User Experience Design. He lives in Kent, OH.', '', NULL, NULL, NULL, NULL, NULL, NULL, NULL, NULL, NULL, NULL, NULL, NULL, NULL, NULL, NULL, '0', NULL, NULL, NULL, NULL, NULL, NULL, NULL, NULL, NULL, NULL, NULL, NULL, NULL, NULL, NULL, NULL, NULL, NULL, NULL, NULL, NULL, NULL, NULL, '', NULL, NULL, NULL, NULL, NULL, NULL, NULL, NULL, NULL, NULL, NULL, NULL, NULL, NULL, NULL, NULL, NULL, NULL, NULL, '2015-10-22 17:54:56', '2015-12-17 16:17:06', 'fee80180-381d-42c9-8d2e-af3c2bf31c72'),
 ('122', '122', 'en_us', 'Case Study', NULL, NULL, NULL, '0', NULL, NULL, NULL, NULL, NULL, NULL, NULL, NULL, NULL, NULL, NULL, NULL, NULL, NULL, NULL, NULL, NULL, '0', NULL, NULL, NULL, NULL, NULL, NULL, NULL, NULL, NULL, NULL, NULL, NULL, NULL, NULL, NULL, NULL, NULL, NULL, NULL, NULL, NULL, NULL, NULL, NULL, NULL, NULL, NULL, NULL, NULL, NULL, NULL, NULL, NULL, NULL, NULL, NULL, NULL, NULL, NULL, NULL, NULL, NULL, NULL, '2015-10-30 14:05:25', '2015-10-30 14:05:25', '416edb83-f923-4dc0-b8d6-259f4d578fa2'),
 ('123', '123', 'en_us', 'Blog', NULL, NULL, NULL, '0', NULL, NULL, NULL, NULL, NULL, NULL, NULL, NULL, NULL, NULL, NULL, NULL, NULL, NULL, NULL, NULL, NULL, '0', NULL, NULL, NULL, NULL, NULL, NULL, NULL, NULL, NULL, NULL, NULL, NULL, NULL, NULL, NULL, NULL, NULL, NULL, NULL, NULL, NULL, NULL, NULL, NULL, NULL, NULL, NULL, NULL, NULL, NULL, NULL, NULL, NULL, NULL, NULL, NULL, NULL, NULL, NULL, NULL, NULL, NULL, NULL, '2015-10-30 14:05:39', '2015-10-30 14:05:46', '640bf505-b058-4be6-a410-45a107c5424e'),
 ('125', '125', 'en_us', 'This is a test blog', NULL, NULL, NULL, '0', NULL, NULL, NULL, 'asdfasdfasf', NULL, NULL, NULL, NULL, NULL, NULL, NULL, NULL, NULL, NULL, NULL, NULL, NULL, '0', NULL, NULL, NULL, NULL, NULL, NULL, NULL, NULL, NULL, NULL, NULL, NULL, NULL, NULL, NULL, NULL, NULL, NULL, NULL, NULL, NULL, NULL, NULL, NULL, NULL, NULL, NULL, NULL, NULL, NULL, NULL, NULL, NULL, NULL, NULL, NULL, NULL, NULL, NULL, NULL, NULL, NULL, NULL, '2015-10-30 14:14:18', '2015-10-30 15:28:22', '4fe56abb-628a-48db-8030-9c891264bbf8'),
 ('126', '126', 'en_us', 'this is a test case study', NULL, NULL, NULL, '0', NULL, NULL, NULL, '', NULL, NULL, NULL, NULL, NULL, NULL, NULL, NULL, NULL, NULL, NULL, NULL, NULL, '0', NULL, NULL, NULL, NULL, NULL, NULL, NULL, NULL, NULL, NULL, NULL, NULL, NULL, NULL, NULL, NULL, NULL, NULL, NULL, NULL, NULL, NULL, NULL, NULL, NULL, NULL, NULL, NULL, NULL, NULL, NULL, NULL, NULL, NULL, NULL, NULL, NULL, NULL, NULL, NULL, NULL, NULL, NULL, '2015-10-30 14:14:32', '2015-10-30 15:28:22', 'e6f4656c-152b-4bef-a69f-566cb0c72d08'),
 ('127', '127', 'en_us', NULL, NULL, NULL, NULL, '0', NULL, NULL, NULL, NULL, NULL, NULL, NULL, NULL, NULL, NULL, NULL, NULL, NULL, NULL, NULL, NULL, NULL, '0', NULL, NULL, NULL, NULL, NULL, NULL, NULL, NULL, NULL, NULL, NULL, NULL, NULL, NULL, NULL, NULL, NULL, NULL, NULL, NULL, NULL, NULL, NULL, NULL, NULL, NULL, NULL, NULL, NULL, NULL, NULL, NULL, NULL, NULL, NULL, NULL, NULL, NULL, NULL, NULL, NULL, NULL, NULL, '2015-10-30 15:17:55', '2015-12-08 19:44:02', 'acd8b892-a741-4940-b85f-c1f5229943bb'),
 ('128', '128', 'en_us', 'This is a test case study', NULL, NULL, NULL, '0', NULL, NULL, NULL, NULL, NULL, NULL, NULL, NULL, NULL, NULL, NULL, NULL, NULL, NULL, NULL, NULL, NULL, '0', NULL, NULL, NULL, NULL, NULL, NULL, NULL, NULL, NULL, 'This is test content', NULL, NULL, NULL, NULL, NULL, NULL, NULL, NULL, NULL, NULL, NULL, NULL, NULL, NULL, NULL, NULL, NULL, NULL, NULL, NULL, NULL, NULL, NULL, NULL, NULL, NULL, NULL, NULL, NULL, NULL, NULL, NULL, NULL, '2015-10-30 15:29:18', '2015-10-30 15:31:56', '26312ca9-8636-4006-905f-34f8b38002cf'),
 ('129', '131', 'en_us', 'Being a Creative: Rachel Kozy', NULL, NULL, NULL, '0', NULL, NULL, NULL, '<p>Hi! My name is Rachel Kozy and I am a senior Visual Communication Design major. I actually just started working as a designer at IdeaBase a couple months ago, but I will be here for the rest of the year! Even when I was a freshman in VCD, I had always heard about Glyphix and IdeaBase, but I never knew if I’d get the opportunity to work here. When I became a junior though, I started noticing all the work IdeaBase was putting out, and it made me really interested in being a part of it!</p><p>Before IdeaBase, I had interned at MTV in New York City and Go Media in Cleveland. I’ve also worked as a designer for Kent State University Libraries and I’m currently working as the Art Director for Brainchild and the president of Kent’s collegiate chapter of AIGA.</p><p>Working at IdeaBase is seriously the best. I love working here. It has such a great environment and I get to collaborate with the friendliest, nicest people, do work that I’m passionate about, and get paid!</p><p>I chose to major in Visual Communication Design because I was really interested in creating things while in high school. I’ve always loved scrapbooking and working on the computer, so graphic design just seemed like the perfect fit. And luckily, it has been! There hasn’t been one day that has passed where I’ve regretted choosing this as my major, and I’m looking forward to continuing my career doing something I love.</p><p>The hardest part of my major is probably just making sure not to get burnt out. It’s easy to be overly ambitious and want to work on everything all the time, but that eventually wears you down and you stop looking forward to it. It’s important to take breaks and find other interests, that way you can always look forward to designing rather than it being a chore.</p><p>When I’m not busy with work or design, you can probably find me playing video games. I grew up with a brother who constantly played, so I’ve developed a habit of it too. My favorite genre is JRPGS, and my favorite games specifically are Persona 4 and the Tales series.</p><p>After I graduate, I’m not entirely sure where I’ll end up, but I’d love to find a position at a design firm or advertising agency! I really want to work with a lot of different clients and brands and I think that’s my best bet for that kind of work.</p>', NULL, NULL, NULL, NULL, NULL, NULL, NULL, NULL, NULL, NULL, NULL, NULL, NULL, '0', NULL, NULL, NULL, NULL, NULL, NULL, NULL, NULL, NULL, NULL, NULL, NULL, NULL, NULL, NULL, NULL, NULL, NULL, NULL, NULL, NULL, NULL, NULL, NULL, NULL, NULL, NULL, NULL, NULL, NULL, NULL, NULL, NULL, NULL, NULL, NULL, NULL, NULL, NULL, NULL, NULL, NULL, NULL, '2015-11-05 15:00:59', '2015-11-05 15:00:59', 'eb8ad4f2-59c5-46e5-8675-3e5a3d13a916'),
 ('130', '132', 'en_us', 'Event Planning 101: Victoria Ripepi', NULL, NULL, NULL, '0', NULL, NULL, NULL, '<p>Hello, my name is Victoria Ripepi. I am an Interpersonal Communications major who is currently on my 5th year victory lap, but I am set to graduate in May 2016. I am the new event coordinator at IdeaBase.</p>\r\n\r\n<p>As long as I can remember, event planning has been an interest of mine. The first event I planned was in 3rd grade when my teacher asked me to help with a parent-teacher-open house. As a 3rd grader, I basically thought I was the coolest person in the world&hellip; even though all I really did was set out some flyers, cookies, and juice. But I have enjoyed event planning ever since!</p>\r\n\r\n\r\n\r\n<p>I think I enjoy event planning because I am so organized, I like to fix problems, I work best under pressure, and I like the exciting/nervous feeling you get on the day of the event. A lot of times when I say I want to go into event planning after I graduate people automatically think I mean weddings, but that is not the case. I want to do open houses, launch parties, special-event parties and so on.</p>\r\n\r\n\r\n\r\n<p>Before working at IdeaBase, I interned in the Spring of 2015 for an awesome company called Rebecca Adele PR & Events. I learned so much about myself and event planning there. One major thing I learned was that I didn’t want to go into PR after I graduate (the other career path I considered) and event planning is really what I love and have a passion for.</p>\r\n\r\n\r\n\r\n<p>The owner, Becki, puts on over 10 art shows called the Avant-Garde Art & Craft Shows all throughout Northeast Ohio. There were over 100 vendors at each event and I helped personally put on 4 shows. I also helped in the launch of a new show line called Bump to Bows- A Mommy Boutique Show.</p>\r\n\r\n\r\n\r\n<p>When it comes to IdeaBase, I actually heard about the agency through one of the managers, Kristin, who is a longtime-family friend. When she told me about IdeaBase it immediately sparked my interest, and when the opportunity for an event coordinator came up, I jumped at it. I really enjoy working here and have already learned so much! IdeaBase is such a fun, encouraging, and helpful work environment. Being new here, whenever I have a question or concern, they immediately do whatever possible to help me. I have also learned so much about what it means working at a design agency and how talented my co-workers are!</p>\r\n\r\n\r\n\r\n<p>As for my personal life, in my free time you can probably find me outside (if it’s nice out), at a mall because I have a deep love for clothes and fashion or hanging out with my two cats. I travel at any opportunity I can; I hope to travel to all 50 states one day!</p>\r\n\r\n\r\n\r\n<p>After graduation I hope to get a job out of state. I am Cleveland born and raised and Ohio will always be home, but I know I need to get out of here and explore more than just my bubble that is Ohio. I like to push myself to always try new things and take opportunities that push me outside my comfort zone because that’ll only make my comfort zone that much bigger.</p>', NULL, NULL, NULL, NULL, NULL, NULL, NULL, NULL, NULL, NULL, NULL, NULL, NULL, '0', NULL, NULL, NULL, NULL, NULL, NULL, NULL, NULL, NULL, NULL, NULL, NULL, NULL, NULL, NULL, NULL, NULL, NULL, NULL, NULL, NULL, NULL, NULL, NULL, NULL, NULL, NULL, NULL, NULL, NULL, NULL, NULL, NULL, NULL, NULL, NULL, NULL, NULL, NULL, NULL, NULL, NULL, NULL, '2015-11-05 15:05:05', '2015-12-17 15:58:59', '61e594fe-41c0-4c20-b28d-b276db539c73'),
 ('131', '133', 'en_us', 'BrendanBennett-350x500 1', NULL, NULL, NULL, NULL, NULL, NULL, NULL, NULL, NULL, NULL, NULL, NULL, NULL, NULL, NULL, NULL, NULL, NULL, NULL, NULL, NULL, '0', NULL, NULL, NULL, NULL, NULL, NULL, NULL, NULL, NULL, NULL, NULL, NULL, NULL, NULL, NULL, NULL, NULL, NULL, NULL, NULL, NULL, NULL, NULL, NULL, NULL, NULL, NULL, NULL, NULL, NULL, NULL, NULL, NULL, NULL, NULL, NULL, NULL, NULL, NULL, NULL, NULL, NULL, NULL, '2015-11-05 15:52:14', '2015-11-05 15:52:14', 'f8c1de73-1df1-4956-b9f5-c730dbe86382'),
 ('132', '134', 'en_us', 'CHRIS-EDIT-350x500 1', NULL, NULL, NULL, NULL, NULL, NULL, NULL, NULL, NULL, NULL, NULL, NULL, NULL, NULL, NULL, NULL, NULL, NULL, NULL, NULL, NULL, '0', NULL, NULL, NULL, NULL, NULL, NULL, NULL, NULL, NULL, NULL, NULL, NULL, NULL, NULL, NULL, NULL, NULL, NULL, NULL, NULL, NULL, NULL, NULL, NULL, NULL, NULL, NULL, NULL, NULL, NULL, NULL, NULL, NULL, NULL, NULL, NULL, NULL, NULL, NULL, NULL, NULL, NULL, NULL, '2015-11-05 15:52:15', '2015-11-05 15:52:15', '446bb53e-f861-4c0e-9842-220facfa8d08'),
 ('133', '135', 'en_us', 'Dowling 1', NULL, NULL, NULL, NULL, NULL, NULL, NULL, NULL, NULL, NULL, NULL, NULL, NULL, NULL, NULL, NULL, NULL, NULL, NULL, NULL, NULL, '0', NULL, NULL, NULL, NULL, NULL, NULL, NULL, NULL, NULL, NULL, NULL, NULL, NULL, NULL, NULL, NULL, NULL, NULL, NULL, NULL, NULL, NULL, NULL, NULL, NULL, NULL, NULL, NULL, NULL, NULL, NULL, NULL, NULL, NULL, NULL, NULL, NULL, NULL, NULL, NULL, NULL, NULL, NULL, '2015-11-05 15:52:15', '2015-11-05 15:52:15', 'a801b228-467e-4d61-b323-cd88546a7eb3'),
 ('134', '136', 'en_us', 'John-Headshot-350x500 1', NULL, NULL, NULL, NULL, NULL, NULL, NULL, NULL, NULL, NULL, NULL, NULL, NULL, NULL, NULL, NULL, NULL, NULL, NULL, NULL, NULL, '0', NULL, NULL, NULL, NULL, NULL, NULL, NULL, NULL, NULL, NULL, NULL, NULL, NULL, NULL, NULL, NULL, NULL, NULL, NULL, NULL, NULL, NULL, NULL, NULL, NULL, NULL, NULL, NULL, NULL, NULL, NULL, NULL, NULL, NULL, NULL, NULL, NULL, NULL, NULL, NULL, NULL, NULL, NULL, '2015-11-05 15:52:16', '2015-11-05 15:52:16', '62c705bd-b9f2-4c6c-8145-bffdd0cd7451'),
 ('135', '137', 'en_us', 'MarioFasolo-350x500 1', NULL, NULL, NULL, NULL, NULL, NULL, NULL, NULL, NULL, NULL, NULL, NULL, NULL, NULL, NULL, NULL, NULL, NULL, NULL, NULL, NULL, '0', NULL, NULL, NULL, NULL, NULL, NULL, NULL, NULL, NULL, NULL, NULL, NULL, NULL, NULL, NULL, NULL, NULL, NULL, NULL, NULL, NULL, NULL, NULL, NULL, NULL, NULL, NULL, NULL, NULL, NULL, NULL, NULL, NULL, NULL, NULL, NULL, NULL, NULL, NULL, NULL, NULL, NULL, NULL, '2015-11-05 15:52:16', '2015-11-05 15:52:16', '4dfa0721-3cb7-404d-b687-d60821858878'),
 ('136', '138', 'en_us', 'NicoCiani-350x500 1', NULL, NULL, NULL, NULL, NULL, NULL, NULL, NULL, NULL, NULL, NULL, NULL, NULL, NULL, NULL, NULL, NULL, NULL, NULL, NULL, NULL, '0', NULL, NULL, NULL, NULL, NULL, NULL, NULL, NULL, NULL, NULL, NULL, NULL, NULL, NULL, NULL, NULL, NULL, NULL, NULL, NULL, NULL, NULL, NULL, NULL, NULL, NULL, NULL, NULL, NULL, NULL, NULL, NULL, NULL, NULL, NULL, NULL, NULL, NULL, NULL, NULL, NULL, NULL, NULL, '2015-11-05 15:52:16', '2015-11-05 15:52:16', '46fe17b0-5439-4744-bc1c-0a593dc1033c'),
 ('137', '139', 'en_us', 'QuintinSteele-350x500 1', NULL, NULL, NULL, NULL, NULL, NULL, NULL, NULL, NULL, NULL, NULL, NULL, NULL, NULL, NULL, NULL, NULL, NULL, NULL, NULL, NULL, '0', NULL, NULL, NULL, NULL, NULL, NULL, NULL, NULL, NULL, NULL, NULL, NULL, NULL, NULL, NULL, NULL, NULL, NULL, NULL, NULL, NULL, NULL, NULL, NULL, NULL, NULL, NULL, NULL, NULL, NULL, NULL, NULL, NULL, NULL, NULL, NULL, NULL, NULL, NULL, NULL, NULL, NULL, NULL, '2015-11-05 15:52:17', '2015-11-05 15:52:17', 'dbac366b-bbb0-43aa-b0db-30ae67feb2ba'),
 ('138', '140', 'en_us', 'Rachel1-350x500 1', NULL, NULL, NULL, NULL, NULL, NULL, NULL, NULL, NULL, NULL, NULL, NULL, NULL, NULL, NULL, NULL, NULL, NULL, NULL, NULL, NULL, '0', NULL, NULL, NULL, NULL, NULL, NULL, NULL, NULL, NULL, NULL, NULL, NULL, NULL, NULL, NULL, NULL, NULL, NULL, NULL, NULL, NULL, NULL, NULL, NULL, NULL, NULL, NULL, NULL, NULL, NULL, NULL, NULL, NULL, NULL, NULL, NULL, NULL, NULL, NULL, NULL, NULL, NULL, NULL, '2015-11-05 15:52:17', '2015-11-05 15:52:17', 'cceebfe1-fb3d-46d9-9281-8a2b07f1ef8c'),
 ('139', '141', 'en_us', 'ReillyHawkins1-350x500 1', NULL, NULL, NULL, NULL, NULL, NULL, NULL, NULL, NULL, NULL, NULL, NULL, NULL, NULL, NULL, NULL, NULL, NULL, NULL, NULL, NULL, '0', NULL, NULL, NULL, NULL, NULL, NULL, NULL, NULL, NULL, NULL, NULL, NULL, NULL, NULL, NULL, NULL, NULL, NULL, NULL, NULL, NULL, NULL, NULL, NULL, NULL, NULL, NULL, NULL, NULL, NULL, NULL, NULL, NULL, NULL, NULL, NULL, NULL, NULL, NULL, NULL, NULL, NULL, NULL, '2015-11-05 15:52:18', '2015-11-05 15:52:18', '2b396b0d-b298-4adf-a0cf-c0270eee5c69'),
 ('140', '142', 'en_us', 'Victoria1-350x500 1', NULL, NULL, NULL, NULL, NULL, NULL, NULL, NULL, NULL, NULL, NULL, NULL, NULL, NULL, NULL, NULL, NULL, NULL, NULL, NULL, NULL, '0', NULL, NULL, NULL, NULL, NULL, NULL, NULL, NULL, NULL, NULL, NULL, NULL, NULL, NULL, NULL, NULL, NULL, NULL, NULL, NULL, NULL, NULL, NULL, NULL, NULL, NULL, NULL, NULL, NULL, NULL, NULL, NULL, NULL, NULL, NULL, NULL, NULL, NULL, NULL, NULL, NULL, NULL, NULL, '2015-11-05 15:52:18', '2015-11-05 15:52:18', '7710e837-85a0-4b66-8524-d85f379c0a37'),
 ('143', '145', 'en_us', 'ideabaselogo', NULL, NULL, NULL, NULL, NULL, NULL, NULL, NULL, NULL, NULL, NULL, NULL, NULL, NULL, NULL, NULL, NULL, NULL, NULL, NULL, NULL, '0', NULL, NULL, NULL, NULL, NULL, NULL, NULL, NULL, NULL, NULL, NULL, NULL, NULL, NULL, NULL, NULL, NULL, NULL, NULL, NULL, NULL, NULL, NULL, NULL, NULL, NULL, NULL, NULL, NULL, NULL, NULL, NULL, NULL, NULL, NULL, NULL, NULL, NULL, NULL, NULL, NULL, NULL, NULL, '2015-11-05 16:05:27', '2015-11-05 16:05:28', 'e8b1f29a-cf8f-4587-9002-369a3a381602'),
 ('144', '146', 'en_us', 'Quintin Steele', NULL, 'IdeaBase Creative Director', 'qsteele@ideabasekent.com', '330.672.7300', '<p>This is Quintin\'s biography.This is Quintin\'s biography.This is Quintin\'s biography.This is Quintin\'s biography.This is Quintin\'s biography.This is Quintin\'s biography.This is Quintin\'s biography.This is Quintin\'s biography.This is Quintin\'s biography.</p>', 'This is Quintin\'s fun fact.', NULL, NULL, NULL, NULL, NULL, NULL, NULL, NULL, NULL, NULL, NULL, NULL, NULL, NULL, NULL, '0', NULL, NULL, NULL, NULL, NULL, NULL, NULL, NULL, NULL, NULL, NULL, NULL, NULL, NULL, NULL, NULL, NULL, NULL, NULL, NULL, NULL, NULL, NULL, '', NULL, NULL, NULL, NULL, NULL, NULL, NULL, NULL, NULL, NULL, NULL, NULL, NULL, NULL, NULL, NULL, NULL, NULL, NULL, '2015-11-05 16:19:13', '2015-12-17 16:17:06', '445cf356-5468-4878-b928-e1e6240f7a80'),
 ('145', '147', 'en_us', 'Victoria Ripepi', NULL, 'Event Coordinator', 'vripepi@ideabasekent.com', 'N/A', '<p>This is Victoria\'s biography. This is Victoria\'s biography. This is Victoria\'s biography. This is Victoria\'s biography.&nbsp;</p><p>This is Victoria\'s biography. This is Victoria\'s biography. This is Victoria\'s biography. This is Victoria\'s biography. This is Victoria\'s biography. This is Victoria\'s biography. This is Victoria\'s biography. This is Victoria\'s biography.This is Victoria\'s biography. This is Victoria\'s biography. This is Victoria\'s biography. This is Victoria\'s biography. This is Victoria\'s biography. This is Victoria\'s biography. This is Victoria\'s biography. This is Victoria\'s biography.This is Victoria\'s biography. This is Victoria\'s biography. This is Victoria\'s biography. This is Victoria\'s biography. This is Victoria\'s biography. This is Victoria\'s biography. This is Victoria\'s biography. This is Victoria\'s biography.<br></p><p>This is Victoria\'s biography. This is Victoria\'s biography. This is Victoria\'s biography. This is Victoria\'s biography. This is Victoria\'s biography. This is Victoria\'s biography. This is Victoria\'s biography. This is Victoria\'s biography.This is Victoria\'s biography. This is Victoria\'s biography. This is Victoria\'s biography. This is Victoria\'s biography. This is Victoria\'s biography. This is Victoria\'s biography. This is Victoria\'s biography. This is Victoria\'s biography.<br></p>', 'I own 64 pairs of shoes.', NULL, NULL, NULL, NULL, NULL, NULL, NULL, NULL, NULL, NULL, NULL, NULL, NULL, NULL, NULL, '0', NULL, NULL, NULL, NULL, NULL, NULL, NULL, NULL, NULL, NULL, NULL, NULL, NULL, NULL, NULL, NULL, NULL, NULL, NULL, NULL, NULL, NULL, NULL, '', NULL, NULL, NULL, NULL, NULL, NULL, NULL, NULL, NULL, NULL, NULL, NULL, NULL, NULL, NULL, NULL, NULL, NULL, NULL, '2015-11-05 22:26:26', '2015-12-17 16:17:06', 'aec52619-67d6-4070-80d9-349d48911189'),
 ('146', '148', 'en_us', 'Projects Homepage', NULL, NULL, NULL, NULL, NULL, NULL, NULL, NULL, NULL, NULL, NULL, NULL, NULL, NULL, NULL, NULL, NULL, NULL, NULL, NULL, NULL, '0', NULL, NULL, NULL, NULL, NULL, NULL, NULL, NULL, NULL, NULL, NULL, NULL, NULL, NULL, NULL, NULL, NULL, 'Tried-and-true', '<p>Our award-winning process delivers quality design solutions that transform our clients\' products.</p>', 'How we\'re making a difference.', '<p>We make a positive impact on your design, and our student designers.</p>', 'Helping our students succeed.', '<p>At IdeaBase, we want our student employees to succeed. Thats\'s why we partner with Glyphix to teach the next generation through studio experiences. Our students develop and exercise project-based skills in marketing, design, research and more. Additionally, our Responsive Web Design class ensures the next generation of designers and developers understand how to create highly functional and usable websites.</p>', NULL, NULL, NULL, NULL, NULL, NULL, NULL, NULL, NULL, NULL, NULL, NULL, NULL, NULL, NULL, NULL, 'More Projects', 'Learn about our transformative classroom experiences.', NULL, NULL, '2015-11-06 14:19:01', '2015-12-14 20:37:30', 'e5562858-4fff-475b-9085-3dafe2c3b224'),
 ('147', '149', 'en_us', 'Larrie King', NULL, 'Creative Director, Glyphix', 'lking@ideabasekent.com', '330.672.7300', '<p>This is Larrie\'s test bio.</p>', '', NULL, NULL, NULL, NULL, NULL, NULL, NULL, NULL, NULL, NULL, NULL, NULL, NULL, NULL, NULL, '0', NULL, NULL, NULL, NULL, NULL, NULL, NULL, NULL, NULL, NULL, NULL, NULL, NULL, NULL, NULL, NULL, NULL, NULL, NULL, NULL, NULL, NULL, NULL, '', NULL, NULL, NULL, NULL, NULL, NULL, NULL, NULL, NULL, NULL, NULL, NULL, NULL, NULL, NULL, NULL, NULL, NULL, NULL, '2015-11-10 17:15:08', '2015-12-17 16:17:06', '479ba4e9-f020-4ebf-9a4d-7e735bddc811'),
 ('148', '150', 'en_us', 'Illustration', NULL, NULL, NULL, NULL, NULL, NULL, NULL, NULL, NULL, NULL, NULL, NULL, NULL, NULL, NULL, NULL, NULL, NULL, NULL, NULL, NULL, '0', NULL, NULL, NULL, NULL, NULL, NULL, NULL, NULL, NULL, NULL, NULL, NULL, NULL, NULL, NULL, NULL, NULL, NULL, NULL, NULL, NULL, NULL, NULL, NULL, NULL, NULL, NULL, NULL, NULL, NULL, NULL, NULL, NULL, NULL, NULL, NULL, NULL, NULL, NULL, NULL, NULL, NULL, NULL, '2015-11-24 15:18:25', '2015-11-24 15:18:25', '2e4e2901-0fd5-4c27-b1f7-fce877f8d74c'),
 ('149', '151', 'en_us', 'Branding', NULL, NULL, NULL, NULL, NULL, NULL, NULL, NULL, NULL, NULL, NULL, NULL, NULL, NULL, NULL, NULL, NULL, NULL, NULL, NULL, NULL, '0', NULL, NULL, NULL, NULL, NULL, NULL, NULL, NULL, NULL, NULL, NULL, NULL, NULL, NULL, NULL, NULL, NULL, NULL, NULL, NULL, NULL, NULL, NULL, NULL, NULL, NULL, NULL, NULL, NULL, NULL, NULL, NULL, NULL, NULL, NULL, NULL, NULL, NULL, NULL, NULL, NULL, NULL, NULL, '2015-11-24 15:18:30', '2015-11-24 15:18:30', 'ed732034-de3e-42ad-bbd2-1cd35ca39bda'),
 ('150', '152', 'en_us', 'Web Design', NULL, NULL, NULL, NULL, NULL, NULL, NULL, NULL, NULL, NULL, NULL, NULL, NULL, NULL, NULL, NULL, NULL, NULL, NULL, NULL, NULL, '0', NULL, NULL, NULL, NULL, NULL, NULL, NULL, NULL, NULL, NULL, NULL, NULL, NULL, NULL, NULL, NULL, NULL, NULL, NULL, NULL, NULL, NULL, NULL, NULL, NULL, NULL, NULL, NULL, NULL, NULL, NULL, NULL, NULL, NULL, NULL, NULL, NULL, NULL, NULL, NULL, NULL, NULL, NULL, '2015-11-24 15:18:38', '2015-11-24 15:18:38', '49731c38-cab7-47a4-a8dd-84f5bffd9352'),
 ('151', '153', 'en_us', 'Photography', NULL, NULL, NULL, NULL, NULL, NULL, NULL, NULL, NULL, NULL, NULL, NULL, NULL, NULL, NULL, NULL, NULL, NULL, NULL, NULL, NULL, '0', NULL, NULL, NULL, NULL, NULL, NULL, NULL, NULL, NULL, NULL, NULL, NULL, NULL, NULL, NULL, NULL, NULL, NULL, NULL, NULL, NULL, NULL, NULL, NULL, NULL, NULL, NULL, NULL, NULL, NULL, NULL, NULL, NULL, NULL, NULL, NULL, NULL, NULL, NULL, NULL, NULL, NULL, NULL, '2015-11-24 15:18:48', '2015-11-24 15:18:48', 'e771434b-2f0b-4bb6-9cce-59c99019db49'),
 ('152', '154', 'en_us', 'Identity', NULL, NULL, NULL, NULL, NULL, NULL, NULL, NULL, NULL, NULL, NULL, NULL, NULL, NULL, NULL, NULL, NULL, NULL, NULL, NULL, NULL, '0', NULL, NULL, NULL, NULL, NULL, NULL, NULL, NULL, NULL, NULL, NULL, NULL, NULL, NULL, NULL, NULL, NULL, NULL, NULL, NULL, NULL, NULL, NULL, NULL, NULL, NULL, NULL, NULL, NULL, NULL, NULL, NULL, NULL, NULL, NULL, NULL, NULL, NULL, NULL, NULL, NULL, NULL, NULL, '2015-11-24 15:18:55', '2015-11-24 15:18:55', '1b59b228-0690-42e6-bb0d-89f3b6321d71'),
 ('153', '155', 'en_us', 'Video', NULL, NULL, NULL, NULL, NULL, NULL, NULL, NULL, NULL, NULL, NULL, NULL, NULL, NULL, NULL, NULL, NULL, NULL, NULL, NULL, NULL, '0', NULL, NULL, NULL, NULL, NULL, NULL, NULL, NULL, NULL, NULL, NULL, NULL, NULL, NULL, NULL, NULL, NULL, NULL, NULL, NULL, NULL, NULL, NULL, NULL, NULL, NULL, NULL, NULL, NULL, NULL, NULL, NULL, NULL, NULL, NULL, NULL, NULL, NULL, NULL, NULL, NULL, NULL, NULL, '2015-11-24 15:19:01', '2015-11-24 15:19:01', '4fbc732b-d4ae-4c8b-9db0-a1b179ea1e0c'),
 ('154', '156', 'en_us', 'Print', NULL, NULL, NULL, NULL, NULL, NULL, NULL, NULL, NULL, NULL, NULL, NULL, NULL, NULL, NULL, NULL, NULL, NULL, NULL, NULL, NULL, '0', NULL, NULL, NULL, NULL, NULL, NULL, NULL, NULL, NULL, NULL, NULL, NULL, NULL, NULL, NULL, NULL, NULL, NULL, NULL, NULL, NULL, NULL, NULL, NULL, NULL, NULL, NULL, NULL, NULL, NULL, NULL, NULL, NULL, NULL, NULL, NULL, NULL, NULL, NULL, NULL, NULL, NULL, NULL, '2015-11-24 15:19:19', '2015-11-24 15:19:19', '070ff0ec-122b-4c75-8c94-bd15c2591a61'),
 ('155', '157', 'en_us', 'Project List', NULL, NULL, NULL, NULL, NULL, NULL, NULL, NULL, NULL, NULL, NULL, NULL, NULL, NULL, NULL, NULL, NULL, NULL, NULL, NULL, NULL, '0', NULL, NULL, NULL, NULL, NULL, NULL, NULL, NULL, NULL, NULL, NULL, NULL, NULL, NULL, NULL, NULL, NULL, 'Project Headline', '<p>Project Description</p>', NULL, NULL, NULL, NULL, NULL, NULL, NULL, NULL, NULL, NULL, NULL, NULL, NULL, NULL, NULL, NULL, NULL, NULL, NULL, NULL, NULL, NULL, NULL, NULL, '2015-11-24 15:30:01', '2015-11-24 15:30:48', '1d617772-2147-4918-ad15-491c8d8d491e'),
 ('156', '160', 'en_us', 'Information Icon-1', NULL, NULL, NULL, NULL, NULL, NULL, NULL, NULL, NULL, NULL, NULL, NULL, NULL, NULL, NULL, NULL, NULL, NULL, NULL, NULL, NULL, '0', NULL, NULL, NULL, NULL, NULL, NULL, NULL, NULL, NULL, NULL, NULL, NULL, NULL, NULL, NULL, NULL, NULL, NULL, NULL, NULL, NULL, NULL, NULL, NULL, NULL, NULL, NULL, NULL, NULL, NULL, NULL, NULL, NULL, NULL, NULL, NULL, NULL, NULL, NULL, NULL, NULL, NULL, NULL, '2015-12-01 15:47:19', '2015-12-01 15:47:19', 'ca6a41b5-96da-433f-8185-c55c7452232a'),
 ('157', '168', 'en_us', 'Ru R4z', NULL, NULL, NULL, NULL, NULL, NULL, NULL, NULL, NULL, NULL, NULL, NULL, NULL, NULL, NULL, NULL, NULL, NULL, NULL, NULL, NULL, '0', NULL, NULL, NULL, NULL, NULL, NULL, NULL, NULL, NULL, NULL, NULL, NULL, NULL, NULL, NULL, NULL, NULL, NULL, NULL, NULL, NULL, NULL, NULL, NULL, NULL, NULL, NULL, NULL, NULL, NULL, NULL, NULL, NULL, NULL, NULL, NULL, NULL, NULL, NULL, NULL, NULL, NULL, NULL, '2015-12-03 22:58:39', '2015-12-03 22:58:39', 'ee7526e4-d05c-4363-9079-c77ea9c31730'),
 ('158', '169', 'en_us', 'test', NULL, NULL, NULL, NULL, NULL, NULL, 'This is a test', NULL, NULL, NULL, NULL, NULL, NULL, NULL, NULL, NULL, NULL, NULL, NULL, NULL, NULL, '0', NULL, NULL, NULL, NULL, NULL, NULL, NULL, NULL, NULL, NULL, NULL, NULL, NULL, NULL, NULL, NULL, NULL, NULL, NULL, NULL, NULL, NULL, NULL, NULL, NULL, NULL, NULL, NULL, NULL, NULL, NULL, NULL, NULL, NULL, '', NULL, NULL, NULL, NULL, NULL, NULL, NULL, NULL, '2015-12-08 17:19:14', '2016-01-02 18:41:19', '737cd438-4ac2-42bb-9efa-185e88e66613'),
 ('159', '170', 'en_us', 'another test', NULL, NULL, NULL, NULL, NULL, NULL, '', NULL, NULL, NULL, NULL, NULL, NULL, NULL, NULL, NULL, NULL, NULL, NULL, NULL, NULL, '0', NULL, NULL, NULL, NULL, NULL, NULL, NULL, NULL, NULL, NULL, NULL, NULL, NULL, NULL, NULL, NULL, NULL, NULL, NULL, NULL, NULL, NULL, NULL, NULL, NULL, NULL, NULL, NULL, NULL, NULL, NULL, NULL, NULL, NULL, '<p>http://www.google.com</p>', NULL, NULL, NULL, NULL, NULL, NULL, NULL, NULL, '2015-12-08 17:19:26', '2015-12-08 18:18:50', 'ba90d34d-4974-4a4b-a767-8572b8d02545'),
 ('160', '171', 'en_us', 'Testimonial title', NULL, NULL, NULL, NULL, NULL, NULL, NULL, NULL, NULL, NULL, NULL, NULL, 'Chris Hallahan', 'Ideabase was inexpensive and helped increase visitors to our business. That\'s a win-win if you ask me!', '2015-12-08 00:00:00', NULL, NULL, NULL, NULL, NULL, NULL, NULL, NULL, NULL, NULL, NULL, NULL, NULL, NULL, NULL, NULL, NULL, NULL, NULL, NULL, NULL, NULL, NULL, NULL, NULL, NULL, NULL, NULL, NULL, NULL, NULL, NULL, NULL, NULL, NULL, NULL, NULL, NULL, NULL, NULL, NULL, NULL, NULL, NULL, NULL, NULL, NULL, NULL, NULL, NULL, '2015-12-11 15:55:15', '2015-12-11 16:06:07', '30e4f038-1702-4924-9d1e-c390193b8445'),
 ('161', '172', 'en_us', 'Practice', NULL, NULL, NULL, NULL, NULL, NULL, NULL, NULL, NULL, NULL, NULL, NULL, NULL, NULL, NULL, NULL, NULL, NULL, NULL, NULL, NULL, NULL, NULL, NULL, NULL, NULL, NULL, NULL, NULL, NULL, NULL, NULL, NULL, NULL, NULL, NULL, NULL, NULL, NULL, NULL, NULL, NULL, NULL, NULL, NULL, NULL, NULL, NULL, NULL, NULL, NULL, NULL, NULL, NULL, NULL, NULL, NULL, NULL, NULL, NULL, NULL, NULL, NULL, NULL, NULL, '2015-12-11 16:16:05', '2015-12-11 16:16:05', '148e8129-70c5-47b5-b46a-e9d44cc89393'),
 ('162', '173', 'en_us', 'Another Case Study', NULL, NULL, NULL, NULL, NULL, NULL, NULL, NULL, NULL, NULL, NULL, NULL, NULL, NULL, NULL, NULL, NULL, NULL, NULL, NULL, NULL, NULL, NULL, NULL, NULL, NULL, NULL, NULL, NULL, NULL, NULL, '', NULL, NULL, NULL, NULL, NULL, NULL, NULL, NULL, NULL, NULL, NULL, NULL, NULL, NULL, NULL, NULL, NULL, NULL, NULL, NULL, NULL, NULL, NULL, NULL, NULL, NULL, NULL, NULL, NULL, NULL, NULL, NULL, NULL, '2015-12-14 19:11:33', '2015-12-14 19:11:33', 'f9782864-d3a6-49a3-85f1-f72ff3af70ac'),
 ('163', '174', 'en_us', 'Bricks', NULL, NULL, NULL, NULL, NULL, NULL, NULL, NULL, NULL, NULL, NULL, NULL, NULL, NULL, NULL, NULL, NULL, NULL, NULL, NULL, NULL, NULL, NULL, NULL, NULL, NULL, NULL, NULL, NULL, NULL, NULL, NULL, NULL, NULL, NULL, NULL, NULL, NULL, NULL, NULL, NULL, NULL, NULL, NULL, NULL, NULL, NULL, NULL, NULL, NULL, NULL, NULL, NULL, NULL, NULL, NULL, NULL, NULL, NULL, NULL, NULL, NULL, NULL, NULL, NULL, '2015-12-15 17:41:54', '2015-12-15 17:41:54', 'e2ebb245-2e52-4528-9152-8b0aba6da736'),
 ('164', '175', 'en_us', 'third case study', NULL, NULL, NULL, NULL, NULL, NULL, NULL, NULL, NULL, NULL, NULL, NULL, NULL, NULL, NULL, NULL, NULL, NULL, NULL, NULL, NULL, NULL, NULL, NULL, NULL, NULL, NULL, NULL, NULL, NULL, NULL, '<p>This is a test.This is a test.This is a test.This is a test.This is a test.This is a test.This is a test.This is a test.This is a test.This is a test.</p><p>This is a test.This is a test.This is a test.<br></p>', NULL, NULL, NULL, NULL, NULL, NULL, NULL, NULL, NULL, NULL, NULL, NULL, NULL, NULL, NULL, NULL, NULL, NULL, NULL, NULL, NULL, NULL, NULL, NULL, NULL, NULL, NULL, NULL, NULL, NULL, NULL, NULL, NULL, '2015-12-15 18:26:55', '2015-12-17 16:10:30', '33083ca2-c7cf-4798-9617-cbd537838320'),
 ('165', '176', 'en_us', 'Lightbulb Sample', NULL, NULL, NULL, NULL, NULL, NULL, NULL, NULL, NULL, NULL, NULL, NULL, NULL, NULL, NULL, NULL, NULL, NULL, NULL, NULL, NULL, NULL, NULL, NULL, NULL, NULL, NULL, NULL, NULL, NULL, NULL, NULL, NULL, NULL, NULL, NULL, NULL, NULL, NULL, NULL, NULL, NULL, NULL, NULL, NULL, NULL, NULL, NULL, NULL, NULL, NULL, NULL, NULL, NULL, NULL, NULL, NULL, NULL, NULL, NULL, NULL, NULL, NULL, NULL, NULL, '2015-12-15 18:59:12', '2015-12-15 18:59:12', 'c720dcff-3fec-4281-9f3d-4ba13737a715'),
 ('166', '177', 'en_us', NULL, NULL, NULL, NULL, NULL, NULL, NULL, NULL, NULL, NULL, NULL, NULL, NULL, NULL, NULL, NULL, NULL, NULL, NULL, NULL, NULL, NULL, NULL, NULL, NULL, NULL, NULL, NULL, NULL, NULL, NULL, NULL, NULL, NULL, NULL, NULL, NULL, NULL, NULL, NULL, NULL, NULL, NULL, NULL, NULL, NULL, NULL, NULL, NULL, NULL, NULL, NULL, NULL, NULL, NULL, NULL, NULL, NULL, NULL, NULL, NULL, NULL, NULL, NULL, NULL, NULL, '2015-12-15 20:25:04', '2015-12-15 20:25:37', '3ba2ca56-7269-4e93-a2b4-7e2c2ed60c5d'),
 ('167', '178', 'en_us', 'Profile Sample', NULL, NULL, NULL, NULL, NULL, NULL, NULL, NULL, NULL, NULL, NULL, NULL, NULL, NULL, NULL, NULL, NULL, NULL, NULL, NULL, NULL, NULL, NULL, NULL, NULL, NULL, NULL, NULL, NULL, NULL, NULL, NULL, NULL, NULL, NULL, NULL, NULL, NULL, NULL, NULL, NULL, NULL, NULL, NULL, NULL, NULL, NULL, NULL, NULL, NULL, NULL, NULL, NULL, NULL, NULL, NULL, NULL, NULL, NULL, NULL, NULL, NULL, NULL, NULL, NULL, '2015-12-15 20:36:16', '2015-12-15 20:36:16', '66287705-e235-4c06-9476-d661a0ac7742');




DROP TABLE IF EXISTS `craft_deprecationerrors`;


--
-- Schema for table `craft_deprecationerrors`
--
CREATE TABLE `craft_deprecationerrors` (
  `id` int(11) NOT NULL AUTO_INCREMENT,
  `key` varchar(255) COLLATE utf8_unicode_ci NOT NULL,
  `fingerprint` varchar(255) COLLATE utf8_unicode_ci NOT NULL,
  `lastOccurrence` datetime NOT NULL,
  `file` varchar(255) COLLATE utf8_unicode_ci NOT NULL,
  `line` smallint(6) unsigned NOT NULL,
  `class` varchar(255) COLLATE utf8_unicode_ci DEFAULT NULL,
  `method` varchar(255) COLLATE utf8_unicode_ci DEFAULT NULL,
  `template` varchar(255) COLLATE utf8_unicode_ci DEFAULT NULL,
  `templateLine` smallint(6) unsigned DEFAULT NULL,
  `message` varchar(255) COLLATE utf8_unicode_ci DEFAULT NULL,
  `traces` text COLLATE utf8_unicode_ci,
  `dateCreated` datetime NOT NULL,
  `dateUpdated` datetime NOT NULL,
  `uid` char(36) COLLATE utf8_unicode_ci NOT NULL DEFAULT '0',
  PRIMARY KEY (`id`),
  UNIQUE KEY `craft_deprecationerrors_key_fingerprint_unq_idx` (`key`,`fingerprint`)
) ENGINE=InnoDB DEFAULT CHARSET=utf8 COLLATE=utf8_unicode_ci;

DROP TABLE IF EXISTS `craft_elementindexsettings`;


--
-- Schema for table `craft_elementindexsettings`
--
CREATE TABLE `craft_elementindexsettings` (
  `id` int(11) NOT NULL AUTO_INCREMENT,
  `type` varchar(150) COLLATE utf8_unicode_ci NOT NULL,
  `settings` text COLLATE utf8_unicode_ci,
  `dateCreated` datetime NOT NULL,
  `dateUpdated` datetime NOT NULL,
  `uid` char(36) COLLATE utf8_unicode_ci NOT NULL DEFAULT '0',
  PRIMARY KEY (`id`),
  UNIQUE KEY `craft_elementindexsettings_type_unq_idx` (`type`)
) ENGINE=InnoDB DEFAULT CHARSET=utf8 COLLATE=utf8_unicode_ci;

DROP TABLE IF EXISTS `craft_elements`;


--
-- Schema for table `craft_elements`
--
CREATE TABLE `craft_elements` (
  `id` int(11) NOT NULL AUTO_INCREMENT,
  `type` varchar(150) COLLATE utf8_unicode_ci NOT NULL,
  `enabled` tinyint(1) unsigned NOT NULL DEFAULT '1',
  `archived` tinyint(1) unsigned NOT NULL DEFAULT '0',
  `dateCreated` datetime NOT NULL,
  `dateUpdated` datetime NOT NULL,
  `uid` char(36) COLLATE utf8_unicode_ci NOT NULL DEFAULT '0',
  PRIMARY KEY (`id`),
  KEY `craft_elements_type_idx` (`type`),
  KEY `craft_elements_enabled_idx` (`enabled`),
  KEY `craft_elements_archived_dateCreated_idx` (`archived`,`dateCreated`)
) ENGINE=InnoDB AUTO_INCREMENT=179 DEFAULT CHARSET=utf8 COLLATE=utf8_unicode_ci;

--
-- Data for table `craft_elements`
--

INSERT INTO `craft_elements` (`id`, `type`, `enabled`, `archived`, `dateCreated`, `dateUpdated`, `uid`) VALUES
 ('1', 'User', '1', '0', '2015-09-18 13:02:10', '2015-09-29 14:14:21', '25f020c6-ec8f-4c84-935c-9d5b009c9e28'),
 ('2', 'Entry', '1', '0', '2015-09-18 13:02:12', '2015-12-15 17:42:13', 'd1cdeaaa-042d-4354-9788-e294620ce809'),
 ('3', 'Entry', '1', '0', '2015-09-18 13:02:13', '2015-09-18 13:02:13', '8ae99cd4-a3e5-4a29-abdd-8bdc19626d4b'),
 ('5', 'Category', '1', '0', '2015-09-18 13:28:28', '2015-09-18 13:28:28', 'b0c46c32-e9e2-4d76-81e9-a608083cd27e'),
 ('6', 'Category', '1', '0', '2015-09-18 13:28:41', '2015-09-18 13:28:41', 'd4aced96-ba21-46e1-aed1-ca878dc3f59d'),
 ('7', 'Category', '1', '0', '2015-09-18 13:28:57', '2015-09-18 13:28:57', 'f423bc11-d46d-4649-94c3-f79fc74897ac'),
 ('8', 'Category', '1', '0', '2015-09-18 13:29:09', '2015-09-18 13:29:09', '7863fe49-a589-4c62-80be-a921ef34278c'),
 ('67', 'Entry', '1', '0', '2015-09-18 14:03:06', '2015-12-17 17:03:57', '6ebe177d-e7af-4733-b7a0-703eff2a3c07'),
 ('71', 'Asset', '1', '0', '2015-09-18 14:20:35', '2015-09-18 14:20:35', '3f0bfdf7-b30d-4caf-8bf8-8360198af138'),
 ('73', 'Entry', '1', '0', '2015-09-22 13:27:28', '2015-10-30 15:28:22', '91cf94e5-8851-4483-bb3b-8b2726bdf56a'),
 ('74', 'Entry', '1', '0', '2015-09-22 14:28:05', '2015-12-08 21:22:15', '0e9b94de-c9b0-4271-a494-a13cbd3777aa'),
 ('75', 'Entry', '1', '0', '2015-09-22 14:33:18', '2015-11-06 15:45:44', 'f5e7d894-64ff-402e-8b4b-8004a1b19c53'),
 ('77', 'Entry', '1', '0', '2015-09-22 14:36:49', '2015-09-22 14:36:49', 'a023045f-bdfd-4140-bb83-8616fe628815'),
 ('78', 'Entry', '1', '0', '2015-09-22 14:37:27', '2015-11-06 15:46:55', '305309d1-fd10-4cf1-92e3-a49307a6af05'),
 ('79', 'Entry', '1', '0', '2015-09-22 14:37:54', '2015-09-22 14:37:54', 'c68f9438-9a09-452d-aa1c-9c58d6490e0b'),
 ('80', 'Entry', '1', '0', '2015-09-23 00:27:55', '2015-10-30 15:28:22', 'c268c322-f652-4fee-89e0-ddd5bda047f2'),
 ('81', 'Entry', '1', '0', '2015-09-23 00:37:27', '2015-11-06 15:33:45', 'ef13a0c5-132a-455b-ab41-207bad1c22f6'),
 ('87', 'User', '1', '0', '2015-09-29 14:15:13', '2015-09-29 14:15:27', '68aa4508-508f-4ffa-b718-ff24f1734c5f'),
 ('89', 'GlobalSet', '1', '0', '2015-09-29 14:19:07', '2015-11-17 14:59:35', '04db2fb2-4ddd-49f8-93ed-27cea448bf04'),
 ('90', 'GlobalSet', '1', '0', '2015-09-29 14:19:11', '2015-12-15 18:59:16', '02184d34-0a71-454a-9a1e-0776a294ea58'),
 ('92', 'Asset', '1', '0', '2015-10-02 14:41:19', '2015-10-04 23:29:47', '0cf5ecd2-0be5-4697-b335-f53f72299df9'),
 ('93', 'Asset', '1', '0', '2015-10-02 14:55:02', '2015-10-02 14:55:02', '58bd2c72-b8d3-4360-826c-c00bfb66175c'),
 ('94', 'Asset', '1', '0', '2015-10-02 22:23:54', '2015-10-02 22:38:20', '2ce533b5-8c80-4fb1-8bf6-89e84e510e4d'),
 ('95', 'Entry', '1', '0', '2015-10-02 22:53:33', '2015-12-01 16:18:16', 'bef3d145-aaa8-420d-8ad2-ed976e6a2f26'),
 ('96', 'Entry', '1', '0', '2015-10-02 22:53:48', '2015-10-06 15:25:44', 'a496f5f8-2f13-4481-86a9-a48c2650e7f3'),
 ('97', 'Entry', '1', '0', '2015-10-02 22:53:59', '2015-10-06 15:25:58', '9b42dd9e-0aaf-402b-a66a-e1fb3144b2f6'),
 ('98', 'Entry', '1', '0', '2015-10-04 23:17:22', '2015-12-08 21:22:03', 'e7454785-19bd-41cc-acb8-a1dc035b0c25'),
 ('99', 'Entry', '1', '0', '2015-10-04 23:17:35', '2015-12-08 21:43:50', '671ebce1-1710-407b-bb4f-67f8dc60dc0f'),
 ('101', 'Entry', '1', '0', '2015-10-04 23:17:59', '2015-12-08 18:23:40', 'ebb0b3ff-2e5e-4f5f-afbe-e44072095998'),
 ('103', 'Asset', '1', '0', '2015-10-05 22:47:11', '2015-10-05 22:47:32', '40a544b1-e8f4-4f82-9fae-be136a19abeb'),
 ('104', 'Asset', '1', '0', '2015-10-05 23:04:44', '2015-10-05 23:04:44', '5668ccd7-5297-4995-b306-35fbf5a2dd3b'),
 ('106', 'Asset', '1', '0', '2015-10-05 23:05:27', '2015-10-05 23:05:27', '29c00181-028e-47d4-a5ab-239771f39e05'),
 ('108', 'Entry', '1', '0', '2015-10-06 14:08:01', '2015-12-14 21:22:20', '1f3414eb-0de2-49c5-b88b-6bae566ee8aa'),
 ('109', 'Entry', '1', '0', '2015-10-06 14:37:07', '2015-12-14 20:35:53', '60efea53-9fdd-4342-a3d3-d25e33abfde1'),
 ('110', 'Asset', '1', '0', '2015-10-06 15:02:55', '2015-10-06 15:02:55', '2d238dd7-9916-46a2-8fcd-2e826462012b'),
 ('111', 'Asset', '1', '0', '2015-10-06 15:09:40', '2015-10-06 15:09:40', 'f180fc5b-1073-451b-953a-7c11b3dd2de9'),
 ('112', 'Asset', '1', '0', '2015-10-06 15:25:26', '2015-10-06 15:25:26', '3aa52173-eb6f-4c6d-b376-2b1937802295'),
 ('113', 'Asset', '1', '0', '2015-10-06 15:25:40', '2015-10-06 15:25:40', '91bde8b1-1fac-46b9-ba3e-cc0affa2b308'),
 ('114', 'Asset', '1', '0', '2015-10-06 15:25:55', '2015-10-06 15:25:55', '3f28a7f8-66c6-4d67-9c08-1b342f416fc9'),
 ('115', 'Asset', '1', '0', '2015-10-14 23:51:53', '2015-10-14 23:51:53', 'e519d9c3-8afd-45ae-809a-6d54917b5203'),
 ('116', 'Asset', '1', '0', '2015-10-14 23:52:08', '2015-10-14 23:52:08', '11d564e2-99f5-4432-9d10-9040b24914dc'),
 ('119', 'Entry', '1', '0', '2015-10-22 17:54:18', '2015-12-17 17:43:06', '728c760d-e799-4244-b02f-faed7a553599'),
 ('120', 'Entry', '1', '0', '2015-10-22 17:54:56', '2015-12-17 16:17:06', '14175b5e-09dd-4abf-bc3e-d026504bebd2'),
 ('122', 'Category', '1', '0', '2015-10-30 14:05:25', '2015-10-30 14:05:25', '9667e14f-31ca-4218-b05f-5a868d4d2a13'),
 ('123', 'Category', '1', '0', '2015-10-30 14:05:39', '2015-10-30 14:05:46', '2a3aa843-5a03-4adb-98f7-5942591ebf9c'),
 ('125', 'Entry', '1', '0', '2015-10-30 14:14:18', '2015-10-30 15:28:22', 'dfc544f6-e2c4-42bc-ba56-030a7b972410'),
 ('126', 'Entry', '1', '0', '2015-10-30 14:14:32', '2015-10-30 15:28:22', '2d949d50-be04-4ed9-b96a-94de2771300a'),
 ('127', 'GlobalSet', '1', '0', '2015-10-30 15:17:55', '2015-12-08 19:44:02', 'f1d7861e-3eb8-41aa-bc61-b19ee7db3d0e'),
 ('128', 'Entry', '1', '0', '2015-10-30 15:29:18', '2015-10-30 15:31:56', '625b5546-71c6-427f-a1c9-cb2b31baba9e'),
 ('129', 'MatrixBlock', '1', '0', '2015-10-30 15:46:46', '2015-12-08 19:44:02', '6835d748-e967-4b96-b703-12407827b9ee'),
 ('130', 'MatrixBlock', '1', '0', '2015-10-30 16:07:20', '2015-12-08 19:44:02', '842ee174-96d2-410d-a358-f18fc0bcbe92'),
 ('131', 'Entry', '1', '0', '2015-11-05 15:00:59', '2015-11-05 15:00:59', '81edc464-60b1-473b-89bf-846088678ad2'),
 ('132', 'Entry', '1', '0', '2015-11-05 15:05:05', '2015-12-17 15:58:59', '0ad50dec-6113-4522-b6c4-e8887a615837'),
 ('133', 'Asset', '1', '0', '2015-11-05 15:52:14', '2015-11-05 15:52:14', 'b80f58ca-4a31-4907-ae26-f1f351f3ca8a'),
 ('134', 'Asset', '1', '0', '2015-11-05 15:52:15', '2015-11-05 15:52:15', '548c773a-8601-42bc-bce4-b31a38c47741'),
 ('135', 'Asset', '1', '0', '2015-11-05 15:52:15', '2015-11-05 15:52:15', 'a020a68e-9f22-46fc-aaa3-6e78c1af508f'),
 ('136', 'Asset', '1', '0', '2015-11-05 15:52:16', '2015-11-05 15:52:16', '4a563b66-f5dc-4625-94e5-d618820e2c34'),
 ('137', 'Asset', '1', '0', '2015-11-05 15:52:16', '2015-11-05 15:52:16', 'fb512118-5a37-496e-8176-5d40f838d95c'),
 ('138', 'Asset', '1', '0', '2015-11-05 15:52:16', '2015-11-05 15:52:16', '38263025-c348-49b3-bb86-cf3ac8070eb5'),
 ('139', 'Asset', '1', '0', '2015-11-05 15:52:17', '2015-11-05 15:52:17', '68520469-2849-467b-90d3-d8828e68e375'),
 ('140', 'Asset', '1', '0', '2015-11-05 15:52:17', '2015-11-05 15:52:17', '352aefa4-fa7d-4684-b665-567f10ca65fc'),
 ('141', 'Asset', '1', '0', '2015-11-05 15:52:18', '2015-11-05 15:52:18', '1cb8bb40-97a4-4ff3-836f-395f4f225337'),
 ('142', 'Asset', '1', '0', '2015-11-05 15:52:18', '2015-11-05 15:52:18', '2fd6b44a-94e9-425a-b152-da5740ecf5a9'),
 ('145', 'Asset', '1', '0', '2015-11-05 16:05:27', '2015-11-05 16:05:28', 'd61171ac-8970-4090-b32d-6d69cfd94610'),
 ('146', 'Entry', '1', '0', '2015-11-05 16:19:13', '2015-12-17 16:17:06', '0d07423c-77af-42b2-ae07-aa00c0894bea'),
 ('147', 'Entry', '1', '0', '2015-11-05 22:26:26', '2015-12-17 16:17:06', '38e4f462-3207-4c6c-b755-4efe80480102'),
 ('148', 'Entry', '1', '0', '2015-11-06 14:19:01', '2015-12-14 20:37:30', '85b3cbd9-010c-45d3-9609-70c55e2f3354'),
 ('149', 'Entry', '1', '0', '2015-11-10 17:15:08', '2015-12-17 16:17:06', '47ee2895-f97e-43c6-8ae0-4a8468e5b685'),
 ('150', 'Category', '1', '0', '2015-11-24 15:18:25', '2015-11-24 15:18:25', '98165a3a-1722-4598-b370-5b5b12c824ec'),
 ('151', 'Category', '1', '0', '2015-11-24 15:18:30', '2015-11-24 15:18:30', '5d7b2b3a-e20e-4b97-8b1c-8e7e251b8c4d'),
 ('152', 'Category', '1', '0', '2015-11-24 15:18:38', '2015-11-24 15:18:38', 'a89be165-1738-4ec0-9a38-3043587ca02b'),
 ('153', 'Category', '1', '0', '2015-11-24 15:18:48', '2015-11-24 15:18:48', '837167dc-ca0d-43c9-98e0-893196e84fd9'),
 ('154', 'Category', '1', '0', '2015-11-24 15:18:55', '2015-11-24 15:18:55', '4c1f655b-7f9f-412b-a33c-caf826920962'),
 ('155', 'Category', '1', '0', '2015-11-24 15:19:01', '2015-11-24 15:19:01', 'e5e4bc73-23eb-4899-8235-1d8de6bdeda4'),
 ('156', 'Category', '1', '0', '2015-11-24 15:19:19', '2015-11-24 15:19:19', '9e533180-dfb7-49ce-9cd8-92b559dd7063'),
 ('157', 'Entry', '1', '0', '2015-11-24 15:30:01', '2015-11-24 15:30:48', 'c3fd6bd0-8bce-4871-979d-955c55d5012b'),
 ('158', 'MatrixBlock', '1', '0', '2015-11-25 21:34:25', '2015-12-17 17:03:57', 'dcca375f-cbd0-4ace-beaa-1ee04e41efcd'),
 ('159', 'MatrixBlock', '1', '0', '2015-11-25 21:34:25', '2015-12-17 17:03:57', '7fcf88b6-e68c-4c55-bc27-7371169f82f8'),
 ('160', 'Asset', '1', '0', '2015-12-01 15:47:19', '2015-12-01 15:47:19', '9c7f8764-e326-43ee-bd3d-b145dcffd050'),
 ('161', 'MatrixBlock', '1', '0', '2015-12-01 16:18:16', '2015-12-01 16:18:16', '6e884e64-47d5-4412-9b20-d126092e24b0'),
 ('165', 'MatrixBlock', '1', '0', '2015-12-01 17:29:03', '2015-12-14 20:35:53', '3936f0b6-02cb-4170-b991-527fd08bcbe3'),
 ('166', 'MatrixBlock', '1', '0', '2015-12-03 17:33:36', '2015-12-14 20:35:53', 'd092784a-3b8e-44b1-8c85-b2acc40f85f3'),
 ('167', 'MatrixBlock', '1', '0', '2015-12-03 20:15:41', '2015-12-14 20:35:53', 'ba19e823-7614-4afa-9af4-02947d04ad13'),
 ('168', 'Asset', '1', '0', '2015-12-03 22:58:39', '2015-12-03 22:58:39', '9d22c0ac-b2e0-4324-944c-578dd20a4ca1'),
 ('169', 'Entry', '1', '0', '2015-12-08 17:19:14', '2016-01-02 18:41:19', 'fc5fd8a9-2567-40bb-b93f-ba9522a21286'),
 ('170', 'Entry', '1', '0', '2015-12-08 17:19:26', '2015-12-08 18:18:50', '6b7caa78-d9be-47ed-8b51-a523cef94508'),
 ('171', 'Entry', '1', '0', '2015-12-11 15:55:15', '2015-12-11 16:06:07', '6ebd7d5c-ee0c-41f3-8be4-ecb95ec6d947'),
 ('172', 'Asset', '1', '0', '2015-12-11 16:16:05', '2015-12-11 16:16:05', '46326b2e-b78c-4bf5-9680-47fe9803c581'),
 ('173', 'Entry', '1', '0', '2015-12-14 19:11:33', '2015-12-14 19:11:33', 'e7f94673-61b4-417f-8133-1c6ebac9ad49'),
 ('174', 'Asset', '1', '0', '2015-12-15 17:41:54', '2015-12-15 17:41:54', '7e5da1ec-67fb-4645-a331-86b11b9daa58'),
 ('175', 'Entry', '1', '0', '2015-12-15 18:26:55', '2015-12-17 16:10:30', 'e739f474-afe4-4c66-8250-e4d0bbf92bce'),
 ('176', 'Asset', '1', '0', '2015-12-15 18:59:12', '2015-12-15 18:59:12', 'a92e0c2f-7164-42a9-b3b7-f90b63e8f926'),
 ('177', 'GlobalSet', '1', '0', '2015-12-15 20:25:04', '2015-12-15 20:25:37', 'ae91df7a-7d5b-4f86-9054-58833996bb35'),
 ('178', 'Asset', '1', '0', '2015-12-15 20:36:16', '2015-12-15 20:36:16', 'bfc19c01-12a3-4406-8a8b-d130285aa36c');




DROP TABLE IF EXISTS `craft_elements_i18n`;


--
-- Schema for table `craft_elements_i18n`
--
CREATE TABLE `craft_elements_i18n` (
  `id` int(11) NOT NULL AUTO_INCREMENT,
  `elementId` int(11) NOT NULL,
  `locale` char(12) COLLATE utf8_unicode_ci NOT NULL,
  `slug` varchar(255) COLLATE utf8_unicode_ci DEFAULT NULL,
  `uri` varchar(255) COLLATE utf8_unicode_ci DEFAULT NULL,
  `enabled` tinyint(1) unsigned NOT NULL DEFAULT '1',
  `dateCreated` datetime NOT NULL,
  `dateUpdated` datetime NOT NULL,
  `uid` char(36) COLLATE utf8_unicode_ci NOT NULL DEFAULT '0',
  PRIMARY KEY (`id`),
  UNIQUE KEY `craft_elements_i18n_elementId_locale_unq_idx` (`elementId`,`locale`),
  UNIQUE KEY `craft_elements_i18n_uri_locale_unq_idx` (`uri`,`locale`),
  KEY `craft_elements_i18n_slug_locale_idx` (`slug`,`locale`),
  KEY `craft_elements_i18n_enabled_idx` (`enabled`),
  KEY `craft_elements_i18n_locale_fk` (`locale`)
) ENGINE=InnoDB AUTO_INCREMENT=179 DEFAULT CHARSET=utf8 COLLATE=utf8_unicode_ci;

--
-- Data for table `craft_elements_i18n`
--

INSERT INTO `craft_elements_i18n` (`id`, `elementId`, `locale`, `slug`, `uri`, `enabled`, `dateCreated`, `dateUpdated`, `uid`) VALUES
 ('1', '1', 'en_us', '', NULL, '1', '2015-09-18 13:02:10', '2015-09-29 14:14:21', '1a2ad04d-d965-4e6d-b3b1-4b95cef9c769'),
 ('2', '2', 'en_us', 'homepage', '__home__', '1', '2015-09-18 13:02:12', '2015-12-15 17:42:13', '0fc82978-0fb9-49cd-b5e0-08700b8a4834'),
 ('3', '3', 'en_us', 'we-just-installed-craft', 'news/2015/we-just-installed-craft', '1', '2015-09-18 13:02:13', '2015-09-18 13:02:13', 'c5ad9361-0601-4913-947f-b695bd4f86c4'),
 ('5', '5', 'en_us', 'leadership', 'staff-hierarchy/role/leadership', '1', '2015-09-18 13:28:28', '2015-10-22 17:30:07', 'eb248124-6eec-4b23-a94f-939afef7de76'),
 ('6', '6', 'en_us', 'student', 'staff-hierarchy/role/student', '1', '2015-09-18 13:28:41', '2015-10-22 17:30:05', 'd72d2a3f-963b-4083-a115-4052fa7d4ce9'),
 ('7', '7', 'en_us', 'professional-advisory-board', 'staff-hierarchy/professional-advisory-board', '1', '2015-09-18 13:28:57', '2015-10-22 17:56:21', '0284f457-b3ab-494f-9e79-d39e8f7418c2'),
 ('8', '8', 'en_us', 'faculty-advisory-board', 'staff-hierarchy/faculty-advisory-board', '1', '2015-09-18 13:29:09', '2015-10-22 17:56:24', '5f5e758c-89be-4642-90b0-e669381f2f32'),
 ('67', '67', 'en_us', 'reilly-hawkins', 'people-profile/reilly-hawkins', '1', '2015-09-18 14:03:06', '2015-12-17 17:03:57', '1b638009-824f-4889-8f3d-7a0c37ca6293'),
 ('71', '71', 'en_us', 'screen-shot-2015-09-16-at-8-18-14-am', NULL, '1', '2015-09-18 14:20:35', '2015-09-18 14:20:35', 'a3440ff2-1772-43c4-9e3f-64a37405f67e'),
 ('73', '73', 'en_us', 'this-is-a-title', 'blog-post/2015/this-is-a-title', '1', '2015-09-22 13:27:28', '2015-10-30 15:28:22', 'e68b226c-d9a5-4558-971f-5a938381c118'),
 ('74', '74', 'en_us', 'project-title', 'projects/2015/project-title', '1', '2015-09-22 14:28:05', '2015-12-08 21:22:15', '28bd035d-681f-49f9-ad7d-748814f0bab3'),
 ('75', '75', 'en_us', 'this-is-an-award', 'awards/this-is-an-award', '1', '2015-09-22 14:33:18', '2015-11-06 15:45:44', '664e5852-d23f-4770-abc0-efc0dcd3175b'),
 ('77', '77', 'en_us', 'this-is-a-new-client', 'clients/this-is-a-new-client', '1', '2015-09-22 14:36:50', '2015-09-22 14:36:50', '8d8c0f65-d61d-4d07-b435-5d04ddafaf8b'),
 ('78', '78', 'en_us', 'this-is-a-testimonial', 'testimonials/this-is-a-testimonial', '1', '2015-09-22 14:37:27', '2015-11-06 15:46:55', 'bfb16428-eb56-489c-b0cb-f35636c62f1c'),
 ('79', '79', 'en_us', 'another-news-post', 'news/2015/another-news-post', '1', '2015-09-22 14:37:55', '2015-09-22 14:37:55', '0b35e89a-fa1d-4523-99a3-5ec7b6ab3666'),
 ('80', '80', 'en_us', 'this-is-a-test-blog-title', 'blog-post/2015/this-is-a-test-blog-title', '1', '2015-09-23 00:27:55', '2015-10-30 15:28:22', 'adc29ec2-ba39-4dc1-99f3-809627a03469'),
 ('81', '81', 'en_us', 'award-title', 'awards/award-title', '1', '2015-09-23 00:37:27', '2015-11-06 15:33:45', 'e5a29455-5436-49ca-8839-fdd3cfb469b9'),
 ('87', '87', 'en_us', '', NULL, '1', '2015-09-29 14:15:13', '2015-09-29 14:15:27', 'd595f18b-1c1d-47af-b8f6-ba8b19060346'),
 ('89', '89', 'en_us', '', NULL, '1', '2015-09-29 14:19:07', '2015-11-17 14:59:35', '83a16a0f-1c22-4341-b78f-9fe90b5e0333'),
 ('90', '90', 'en_us', '', NULL, '1', '2015-09-29 14:19:11', '2015-12-15 18:59:16', '268fd5bb-cf45-4591-8fe6-aa0609301434'),
 ('92', '92', 'en_us', 'ideabase-logo-stackedoutlinecolor', NULL, '1', '2015-10-02 14:41:19', '2015-10-04 23:29:47', 'e3c73043-d502-4301-8f2b-ecaf4b773f37'),
 ('93', '93', 'en_us', 'screen-shot-2015-10-02-at-10-53-43-am', NULL, '1', '2015-10-02 14:55:02', '2015-10-02 14:55:02', '0714246b-9b08-4295-9754-d257e5c77b53'),
 ('94', '94', 'en_us', 'screen-shot-2015-10-02-at-6-23-17-pm', NULL, '1', '2015-10-02 22:23:54', '2015-10-02 22:38:20', '7a764916-3824-4421-840b-90c86078d930'),
 ('95', '95', 'en_us', 'service-1', 'services/service-1', '1', '2015-10-02 22:53:33', '2015-12-01 16:18:16', '01ee2761-62f7-417a-9619-464426722a88'),
 ('96', '96', 'en_us', 'service-2', 'services/service-2', '1', '2015-10-02 22:53:48', '2015-10-06 15:25:44', '715cae82-877c-4e2c-8510-157f9dab4aee'),
 ('97', '97', 'en_us', 'service-3', 'services/service-3', '1', '2015-10-02 22:53:59', '2015-10-06 15:25:58', '0ae0261b-821f-45a0-9bf8-ecf154a1c1a0'),
 ('98', '98', 'en_us', 'project-title-1', 'projects/2015/project-title-1', '1', '2015-10-04 23:17:22', '2015-12-08 21:22:03', 'b5e5fe51-f7f2-440f-9b16-16d956894a4b'),
 ('99', '99', 'en_us', 'project-title-2', 'projects/2015/project-title-2', '1', '2015-10-04 23:17:35', '2015-12-08 21:43:51', 'f48c9455-ae49-4c7d-b439-6b433c9aaaca'),
 ('101', '101', 'en_us', 'project-3', 'projects/2015/project-3', '1', '2015-10-04 23:17:59', '2015-12-08 18:23:40', '1a1deba4-45c8-41ed-a12a-c90ccc40a989'),
 ('103', '103', 'en_us', 'hawkins-reilly', NULL, '1', '2015-10-05 22:47:11', '2015-10-05 22:47:32', '91f340f0-9e89-4692-ac98-8c9c6eade459'),
 ('104', '104', 'en_us', 'headshotimage', NULL, '1', '2015-10-05 23:04:44', '2015-10-05 23:04:44', '0c159c7b-e62f-4109-a37a-7bee9f9fd372'),
 ('106', '106', 'en_us', 'another-headshot', NULL, '1', '2015-10-05 23:05:27', '2015-10-05 23:05:27', '947f6447-5853-4ff2-853b-8ea5fb3dff51'),
 ('108', '108', 'en_us', 'staff-profile-index', 'people', '1', '2015-10-06 14:08:01', '2015-12-14 21:22:20', '867467ee-ab49-4831-b5f1-f22199344aaf'),
 ('109', '109', 'en_us', 'process-index', 'process', '1', '2015-10-06 14:37:07', '2015-12-14 20:35:53', '3a2519b0-1901-4b82-b530-6f9844023b6d'),
 ('110', '110', 'en_us', 'web-design', NULL, '1', '2015-10-06 15:02:55', '2015-10-06 15:02:55', '3a0f861f-ba0c-43bd-9fa5-538bc5762904'),
 ('111', '111', 'en_us', 'ideabasephoto-1500x683', NULL, '1', '2015-10-06 15:09:41', '2015-10-06 15:09:41', 'dfd53011-9094-477e-9c20-ccc09d2bf6dc'),
 ('112', '112', 'en_us', 'download-1', NULL, '1', '2015-10-06 15:25:26', '2015-10-06 15:25:26', '5d84576d-9388-49df-853d-39d04b1d78aa'),
 ('113', '113', 'en_us', 'download-2', NULL, '1', '2015-10-06 15:25:40', '2015-10-06 15:25:40', '8041dfb4-8464-43ed-8d98-10ff3f5e697b'),
 ('114', '114', 'en_us', 'download', NULL, '1', '2015-10-06 15:25:55', '2015-10-06 15:25:55', '692019a5-50c8-400d-aab3-24bbd895a86d'),
 ('115', '115', 'en_us', 'program-project-management', NULL, '1', '2015-10-14 23:51:53', '2015-10-14 23:51:53', 'f0d95b73-a66e-47d3-9fcc-37f1b18beecf'),
 ('116', '116', 'en_us', 'projectmanagement', NULL, '1', '2015-10-14 23:52:08', '2015-10-14 23:52:08', '41e170d3-aaba-4f34-9603-e011d4d749bc'),
 ('119', '119', 'en_us', 'kristin-dowling', 'people-profile/kristin-dowling', '1', '2015-10-22 17:54:18', '2015-12-17 17:43:06', '0b32d9c5-644f-4ab3-8122-a58fd8d52b76'),
 ('120', '120', 'en_us', 'christopher-hallahan', 'people-profile/christopher-hallahan', '1', '2015-10-22 17:54:56', '2015-12-17 16:17:06', '51d64cd0-40fb-4396-9de7-1afa3516032d'),
 ('122', '122', 'en_us', 'case-study', 'case-study-or-blog/type/case-study', '1', '2015-10-30 14:05:26', '2015-10-30 14:06:08', 'c6f2551a-5f5d-4762-ab99-3af79eb0abab'),
 ('123', '123', 'en_us', 'blog', 'case-study-or-blog/type/blog', '1', '2015-10-30 14:05:39', '2015-10-30 14:06:06', '8b772d80-755f-499e-bc54-282e1dbff8ea'),
 ('125', '125', 'en_us', 'this-is-a-test-blog', 'blog-post/2015/this-is-a-test-blog', '1', '2015-10-30 14:14:18', '2015-10-30 15:28:22', '8492da68-a128-4745-973d-694e8ceb2e36'),
 ('126', '126', 'en_us', 'this-is-a-test-case-study', 'blog-post/2015/this-is-a-test-case-study', '1', '2015-10-30 14:14:32', '2015-10-30 15:28:22', 'cc45e3f6-c6b4-441f-9a7e-831416bc20be'),
 ('127', '127', 'en_us', '', NULL, '1', '2015-10-30 15:17:55', '2015-12-08 19:44:02', '308abe3c-ca47-41f1-915a-fa07dfcf8c61'),
 ('128', '128', 'en_us', 'this-is-a-test-case-study', 'case-study/this-is-a-test-case-study', '1', '2015-10-30 15:29:18', '2015-10-30 15:31:56', '61667d5e-41cf-462c-8e20-b759a54b02fa'),
 ('129', '129', 'en_us', '', NULL, '1', '2015-10-30 15:46:46', '2015-12-08 19:44:02', '86687ce3-0179-43e1-ae5d-dcab16a8feee'),
 ('130', '130', 'en_us', '', NULL, '1', '2015-10-30 16:07:20', '2015-12-08 19:44:02', '19762f48-dd6d-492f-a22a-5fb0ec313c82'),
 ('131', '131', 'en_us', 'being-a-creative-rachel-kozy', 'blog-post/2015/being-a-creative-rachel-kozy', '1', '2015-11-05 15:00:59', '2015-11-05 15:00:59', '86449da7-82f8-42b7-9422-1e1c7ea31712'),
 ('132', '132', 'en_us', 'event-planning-101-victoria-ripepi', 'blog-post/2015/event-planning-101-victoria-ripepi', '1', '2015-11-05 15:05:05', '2015-12-17 15:58:59', '1cdc30d0-5549-4c98-ae6b-ff22b5b45784'),
 ('133', '133', 'en_us', 'brendanbennett-350x500-1', NULL, '1', '2015-11-05 15:52:14', '2015-11-05 15:52:14', 'dd9c0f3a-6627-4fe6-b8ab-76935a1ef7eb'),
 ('134', '134', 'en_us', 'chris-edit-350x500-1', NULL, '1', '2015-11-05 15:52:15', '2015-11-05 15:52:15', '60059216-9857-45f4-8f52-47394fea985d'),
 ('135', '135', 'en_us', 'dowling-1', NULL, '1', '2015-11-05 15:52:15', '2015-11-05 15:52:15', '1b4f6e88-d48d-43ea-aac0-8559a38e6acf'),
 ('136', '136', 'en_us', 'john-headshot-350x500-1', NULL, '1', '2015-11-05 15:52:16', '2015-11-05 15:52:16', '3fdc86d3-d4b4-4193-ab49-5ce7aa4740af'),
 ('137', '137', 'en_us', 'mariofasolo-350x500-1', NULL, '1', '2015-11-05 15:52:16', '2015-11-05 15:52:16', 'e1993673-da51-49f1-9c47-c6ed09067bc7'),
 ('138', '138', 'en_us', 'nicociani-350x500-1', NULL, '1', '2015-11-05 15:52:16', '2015-11-05 15:52:16', 'c597ce11-d74e-4d45-9539-63d4bd24c1d8'),
 ('139', '139', 'en_us', 'quintinsteele-350x500-1', NULL, '1', '2015-11-05 15:52:17', '2015-11-05 15:52:17', '4a12cf0b-28c8-43de-ae8b-70f463261df9'),
 ('140', '140', 'en_us', 'rachel1-350x500-1', NULL, '1', '2015-11-05 15:52:17', '2015-11-05 15:52:17', 'c70f25c7-c301-4637-be05-a4048649dd5e'),
 ('141', '141', 'en_us', 'reillyhawkins1-350x500-1', NULL, '1', '2015-11-05 15:52:18', '2015-11-05 15:52:18', 'b4880ceb-ce79-43a1-8dd1-4266b899e130'),
 ('142', '142', 'en_us', 'victoria1-350x500-1', NULL, '1', '2015-11-05 15:52:18', '2015-11-05 15:52:18', 'da730f71-8170-4c44-8824-02e5f37bf24a'),
 ('145', '145', 'en_us', 'ideabaselogo', NULL, '1', '2015-11-05 16:05:28', '2015-11-05 16:05:28', '8563e74f-8711-48a5-9ab1-6cef3c321028'),
 ('146', '146', 'en_us', 'quintin-steele', 'people-profile/quintin-steele', '1', '2015-11-05 16:19:13', '2015-12-17 16:17:06', 'ac838b52-68c7-4595-8292-6101a51d2e87'),
 ('147', '147', 'en_us', 'victoria-ripepi', 'people-profile/victoria-ripepi', '1', '2015-11-05 22:26:26', '2015-12-17 16:17:06', 'e22de1e9-3797-4536-b948-aae1de89613f'),
 ('148', '148', 'en_us', 'projects-homepage', 'projects', '1', '2015-11-06 14:19:01', '2015-12-14 20:37:30', '0396fffc-8d69-471d-8cc4-3cc358fee5e4'),
 ('149', '149', 'en_us', 'larrie-king', 'people-profile/larrie-king', '1', '2015-11-10 17:15:08', '2015-12-17 16:17:06', '48bf7d3a-52fe-4394-ad84-ca59f0e01c0a'),
 ('150', '150', 'en_us', 'illustration', 'project-type/illustration', '1', '2015-11-24 15:18:25', '2015-11-24 15:18:25', '0f30ed9a-bda2-44f7-af0d-fc15ba647d6d'),
 ('151', '151', 'en_us', 'branding', 'project-type/branding', '1', '2015-11-24 15:18:30', '2015-11-24 15:19:28', '4c6d6cf5-9cc8-472a-8ffc-cf77a73b4ebf'),
 ('152', '152', 'en_us', 'web-design', 'project-type/web-design', '1', '2015-11-24 15:18:38', '2015-11-24 15:19:34', 'ab91c571-53c8-4005-bab3-7ef56c3277d7'),
 ('153', '153', 'en_us', 'photography', 'project-type/photography', '1', '2015-11-24 15:18:48', '2015-11-24 15:18:48', '1e7f3bb7-f497-4374-bfbd-62d4b122b9a0'),
 ('154', '154', 'en_us', 'identity', 'project-type/identity', '1', '2015-11-24 15:18:55', '2015-11-24 15:19:32', 'e8cbcd6f-a232-40ea-8ea6-7f74db55bc1e'),
 ('155', '155', 'en_us', 'video', 'project-type/video', '1', '2015-11-24 15:19:01', '2015-11-24 15:19:39', '34130c1e-2723-482c-b14f-a6abe85813ab'),
 ('156', '156', 'en_us', 'print', 'project-type/print', '1', '2015-11-24 15:19:19', '2015-11-24 15:19:19', '48cc31bf-547c-4012-a54b-9fa68c763ce6'),
 ('157', '157', 'en_us', 'project-list', 'project-list', '1', '2015-11-24 15:30:01', '2015-11-24 15:30:48', '7e306435-3398-493f-9e07-d2a17696a863'),
 ('158', '158', 'en_us', '', NULL, '1', '2015-11-25 21:34:25', '2015-12-17 17:03:57', 'b5fe9534-0444-48b7-9b5c-3150df9af624'),
 ('159', '159', 'en_us', '', NULL, '1', '2015-11-25 21:34:25', '2015-12-17 17:03:57', '4307201b-f68a-49c9-bbd5-bf815c337b62'),
 ('160', '160', 'en_us', 'information-icon-1', NULL, '1', '2015-12-01 15:47:20', '2015-12-01 15:47:20', '35f3c2c4-6733-44ea-b300-56d306d60d4f'),
 ('161', '161', 'en_us', '', NULL, '1', '2015-12-01 16:18:16', '2015-12-01 16:18:16', 'a5db7970-655f-41bb-8b6f-4bed1dc24750'),
 ('165', '165', 'en_us', '', NULL, '1', '2015-12-01 17:29:03', '2015-12-14 20:35:53', 'b3a923fe-5e8e-42c7-a320-05302403f42f'),
 ('166', '166', 'en_us', '', NULL, '1', '2015-12-03 17:33:36', '2015-12-14 20:35:53', 'cebbd059-a7a6-489c-8d70-c8dc08556d31'),
 ('167', '167', 'en_us', '', NULL, '1', '2015-12-03 20:15:41', '2015-12-14 20:35:53', 'aa0fdfa9-cffc-48ef-a2ba-9e4db0606edd'),
 ('168', '168', 'en_us', 'ru-r4z', NULL, '1', '2015-12-03 22:58:39', '2015-12-03 22:58:39', '934f6a00-5dd0-4c71-b082-2e38146d7909'),
 ('169', '169', 'en_us', 'test', 'projects/2015/test', '1', '2015-12-08 17:19:14', '2016-01-02 18:41:19', 'd08895a8-1841-40b3-954a-04802b19cf2c'),
 ('170', '170', 'en_us', 'another-test', 'projects/2015/another-test', '1', '2015-12-08 17:19:26', '2015-12-08 18:18:51', '32cd49bd-015f-427b-bab5-cba864a2b0db'),
 ('171', '171', 'en_us', 'testimonial-title', 'testimonials/testimonial-title', '1', '2015-12-11 15:55:15', '2015-12-11 16:06:07', '1e67ba2c-4c91-4b0b-8ec0-6f344bdf71a2'),
 ('172', '172', 'en_us', 'practice', NULL, '1', '2015-12-11 16:16:05', '2015-12-11 16:16:05', 'abf94155-22fd-4b98-99a0-b89fda6fed8d'),
 ('173', '173', 'en_us', 'another-case-study', 'case-study/another-case-study', '1', '2015-12-14 19:11:33', '2015-12-14 19:11:33', 'ecce50a7-3bcc-4a87-83d8-47a8e504e86d'),
 ('174', '174', 'en_us', 'bricks', NULL, '1', '2015-12-15 17:41:54', '2015-12-15 17:41:54', '7d0b2136-35a8-4b11-9607-657e7bb8fe16'),
 ('175', '175', 'en_us', 'third-case-study', 'case-study/third-case-study', '1', '2015-12-15 18:26:55', '2015-12-17 16:10:30', '3e125b91-8d7a-458f-b5fa-ea29b4dbe81e'),
 ('176', '176', 'en_us', 'lightbulb-sample', NULL, '1', '2015-12-15 18:59:12', '2015-12-15 18:59:12', '27db7719-7542-49ef-8101-2ae2ee32d061'),
 ('177', '177', 'en_us', '', NULL, '1', '2015-12-15 20:25:04', '2015-12-15 20:25:37', '2e0a4059-37b0-47d6-b212-cc6e8af8409e'),
 ('178', '178', 'en_us', 'profile-sample', NULL, '1', '2015-12-15 20:36:16', '2015-12-15 20:36:16', '1716d9ab-8fb5-46e4-8a24-a1c1f420aa94');




DROP TABLE IF EXISTS `craft_emailmessages`;


--
-- Schema for table `craft_emailmessages`
--
CREATE TABLE `craft_emailmessages` (
  `id` int(11) NOT NULL AUTO_INCREMENT,
  `key` char(150) COLLATE utf8_unicode_ci NOT NULL,
  `locale` char(12) COLLATE utf8_unicode_ci NOT NULL,
  `subject` varchar(1000) COLLATE utf8_unicode_ci NOT NULL,
  `body` text COLLATE utf8_unicode_ci NOT NULL,
  `dateCreated` datetime NOT NULL,
  `dateUpdated` datetime NOT NULL,
  `uid` char(36) COLLATE utf8_unicode_ci NOT NULL DEFAULT '0',
  PRIMARY KEY (`id`),
  UNIQUE KEY `craft_emailmessages_key_locale_unq_idx` (`key`,`locale`),
  KEY `craft_emailmessages_locale_fk` (`locale`)
) ENGINE=InnoDB DEFAULT CHARSET=utf8 COLLATE=utf8_unicode_ci;

DROP TABLE IF EXISTS `craft_entries`;


--
-- Schema for table `craft_entries`
--
CREATE TABLE `craft_entries` (
  `id` int(11) NOT NULL,
  `sectionId` int(11) NOT NULL,
  `typeId` int(11) DEFAULT NULL,
  `authorId` int(11) DEFAULT NULL,
  `postDate` datetime DEFAULT NULL,
  `expiryDate` datetime DEFAULT NULL,
  `dateCreated` datetime NOT NULL,
  `dateUpdated` datetime NOT NULL,
  `uid` char(36) COLLATE utf8_unicode_ci NOT NULL DEFAULT '0',
  PRIMARY KEY (`id`),
  KEY `craft_entries_sectionId_idx` (`sectionId`),
  KEY `craft_entries_typeId_idx` (`typeId`),
  KEY `craft_entries_postDate_idx` (`postDate`),
  KEY `craft_entries_expiryDate_idx` (`expiryDate`),
  KEY `craft_entries_authorId_fk` (`authorId`)
) ENGINE=InnoDB DEFAULT CHARSET=utf8 COLLATE=utf8_unicode_ci;

--
-- Data for table `craft_entries`
--

INSERT INTO `craft_entries` (`id`, `sectionId`, `typeId`, `authorId`, `postDate`, `expiryDate`, `dateCreated`, `dateUpdated`, `uid`) VALUES
 ('2', '1', NULL, NULL, '2015-09-18 13:02:12', NULL, '2015-09-18 13:02:12', '2015-12-15 17:42:13', 'a6b2cb1a-38c6-46c9-849f-99663f94db27'),
 ('3', '2', '2', '1', '2015-09-18 13:02:13', NULL, '2015-09-18 13:02:13', '2015-09-18 13:02:13', 'b1d4fe6d-00d8-482d-b74c-6158a39c49ac'),
 ('67', '3', '3', '1', '2015-09-18 14:03:00', NULL, '2015-09-18 14:03:06', '2015-12-17 17:03:57', '71544981-94cb-4422-8212-df60964280eb'),
 ('73', '5', '5', '1', '2015-09-22 13:27:00', NULL, '2015-09-22 13:27:28', '2015-09-22 13:29:50', '8c94c6e2-3232-4f2c-a383-b2584ec3e0a3'),
 ('74', '4', '4', '1', '2015-09-22 14:28:00', NULL, '2015-09-22 14:28:05', '2015-12-08 21:22:15', '2e74846a-e183-4d46-8ddf-3e45f3622faa'),
 ('75', '6', '6', '1', '2015-09-22 14:33:00', NULL, '2015-09-22 14:33:18', '2015-11-06 15:45:44', 'ba860779-cd31-4379-b3b7-a5949046dcdd'),
 ('77', '8', '8', '1', '2015-09-22 14:36:49', NULL, '2015-09-22 14:36:50', '2015-09-22 14:36:50', '31b3cfa2-4e9a-4776-995b-af1bddafae01'),
 ('78', '7', '7', '1', '2015-09-22 14:37:00', NULL, '2015-09-22 14:37:27', '2015-11-06 15:46:55', 'e5122278-d783-4d7b-89a8-aa475997e3b6'),
 ('79', '2', '2', '1', '2015-09-22 14:37:54', NULL, '2015-09-22 14:37:55', '2015-09-22 14:37:55', '87494fab-2980-460a-96f0-dce11d36ccc1'),
 ('80', '5', '5', '1', '2015-09-23 00:27:55', NULL, '2015-09-23 00:27:55', '2015-09-23 00:27:55', '39a65b83-edbc-40a3-b471-e48fd9cd5d50'),
 ('81', '6', '6', '1', '2015-09-23 00:37:00', NULL, '2015-09-23 00:37:27', '2015-11-06 15:33:46', 'df064588-193d-4e3f-bab3-a748b45796ab'),
 ('95', '10', '10', '87', '2015-10-02 22:53:00', NULL, '2015-10-02 22:53:33', '2015-12-01 16:18:17', 'da92120b-6879-4d94-b3ec-7c7964bc213c'),
 ('96', '10', '10', '87', '2015-10-02 22:53:00', NULL, '2015-10-02 22:53:48', '2015-10-06 15:25:44', '64fae9fd-12d3-4dcf-bb42-ca204705a51c'),
 ('97', '10', '10', '87', '2015-10-02 22:53:00', NULL, '2015-10-02 22:53:59', '2015-10-06 15:25:58', '17e3e69a-a530-4fee-b648-28723eb197ff'),
 ('98', '4', '4', '87', '2015-10-04 23:17:00', NULL, '2015-10-04 23:17:22', '2015-12-08 21:22:04', '8d70268c-6919-4803-bf52-e3fcdf4aed10'),
 ('99', '4', '4', '87', '2015-10-04 23:17:00', NULL, '2015-10-04 23:17:35', '2015-12-08 21:43:51', 'a9b49292-4167-41ba-9f6a-3e9996ee63de'),
 ('101', '4', '4', '87', '2015-10-04 23:17:00', NULL, '2015-10-04 23:17:59', '2015-12-08 18:23:41', 'a8977f0d-b979-4120-a906-4917d536bb31'),
 ('108', '11', '11', NULL, '2015-10-23 14:23:48', NULL, '2015-10-06 14:08:01', '2015-12-14 21:22:20', 'cfaeaa6c-9a64-479c-9c51-e5db39ac0afd'),
 ('109', '12', '12', NULL, '2015-10-23 14:25:09', NULL, '2015-10-06 14:37:07', '2015-12-14 20:35:53', 'dcb8bcf5-951a-4ddc-adb1-2ec23851346e'),
 ('119', '3', '3', '87', '2015-10-22 17:54:00', NULL, '2015-10-22 17:54:18', '2015-12-17 17:43:06', '23485fe6-b102-4629-b3ae-819b951fe1ad'),
 ('120', '3', '3', '87', '2015-10-22 17:54:00', NULL, '2015-10-22 17:54:56', '2015-12-15 20:37:01', 'fcf063fb-72c7-404f-aed8-f15831ab0491'),
 ('125', '5', '5', '87', '2015-10-30 14:14:18', NULL, '2015-10-30 14:14:18', '2015-10-30 14:14:18', '3a5830ca-fafb-4c1f-8ff1-249bec41bede'),
 ('126', '5', '5', '87', '2015-10-30 14:14:32', NULL, '2015-10-30 14:14:32', '2015-10-30 14:14:32', '28d5098d-9e12-4919-bc3a-23fc0ae96185'),
 ('128', '13', '13', '87', '2015-10-30 15:29:00', NULL, '2015-10-30 15:29:18', '2015-10-30 15:31:24', '1b9c5cb1-e1db-454a-bc22-9f2686e0c251'),
 ('131', '5', '5', '87', '2015-11-05 15:00:59', NULL, '2015-11-05 15:01:00', '2015-11-05 15:01:00', 'b6b8f5ce-7a68-4481-85bf-a37b160d7585'),
 ('132', '5', '5', '87', '2015-11-05 15:05:00', NULL, '2015-11-05 15:05:05', '2015-12-17 15:58:59', '261bad56-b77c-4459-8187-d1a7fcb24092'),
 ('146', '3', '3', '87', '2015-11-05 16:19:00', NULL, '2015-11-05 16:19:13', '2015-12-15 20:37:11', '3adff49e-a75e-4239-8ed7-48f6117b94a8'),
 ('147', '3', '3', '87', '2015-11-05 22:26:00', NULL, '2015-11-05 22:26:26', '2015-12-17 15:58:43', 'de37eecc-b184-45f0-a98f-33677eed4cb2'),
 ('148', '15', '15', NULL, '2015-11-06 14:34:28', NULL, '2015-11-06 14:19:01', '2015-12-14 20:37:30', '4bca9b7c-4db6-426f-9bad-2ced1b32e4b7'),
 ('149', '3', '3', '87', '2015-11-10 17:15:00', NULL, '2015-11-10 17:15:08', '2015-12-15 20:37:47', '1f3ff58b-13d6-44aa-984b-2d126fdcf846'),
 ('157', '16', NULL, NULL, '2015-11-24 15:30:01', NULL, '2015-11-24 15:30:01', '2015-11-24 15:30:48', '94656946-27f9-4648-86bc-b1dd30d031fb'),
 ('169', '4', '4', '87', '2015-12-08 17:19:00', NULL, '2015-12-08 17:19:14', '2016-01-02 18:41:19', 'd453301d-5a81-47f8-992f-b748acd42a73'),
 ('170', '4', '4', '87', '2015-12-08 17:19:00', NULL, '2015-12-08 17:19:26', '2015-12-08 18:18:51', '85bf8b8c-7551-4eab-98be-e42f630230f0'),
 ('171', '7', '7', '87', '2015-12-11 15:55:00', NULL, '2015-12-11 15:55:15', '2015-12-11 16:06:07', '44acf07f-66ee-4385-92c5-f74dbf1f4349'),
 ('173', '13', '13', '87', '2015-12-14 19:11:33', NULL, '2015-12-14 19:11:33', '2015-12-14 19:11:33', '1c22b908-3980-4536-9011-22b46158c191'),
 ('175', '13', '13', '87', '2015-12-15 18:26:00', NULL, '2015-12-15 18:26:55', '2015-12-17 16:10:30', '1076c64c-89da-4777-9701-30427a70ee5a');




DROP TABLE IF EXISTS `craft_entrydrafts`;


--
-- Schema for table `craft_entrydrafts`
--
CREATE TABLE `craft_entrydrafts` (
  `id` int(11) NOT NULL AUTO_INCREMENT,
  `entryId` int(11) NOT NULL,
  `sectionId` int(11) NOT NULL,
  `creatorId` int(11) NOT NULL,
  `locale` char(12) COLLATE utf8_unicode_ci NOT NULL,
  `name` varchar(255) COLLATE utf8_unicode_ci NOT NULL,
  `notes` tinytext COLLATE utf8_unicode_ci,
  `data` mediumtext COLLATE utf8_unicode_ci NOT NULL,
  `dateCreated` datetime NOT NULL,
  `dateUpdated` datetime NOT NULL,
  `uid` char(36) COLLATE utf8_unicode_ci NOT NULL DEFAULT '0',
  PRIMARY KEY (`id`),
  KEY `craft_entrydrafts_entryId_locale_idx` (`entryId`,`locale`),
  KEY `craft_entrydrafts_sectionId_fk` (`sectionId`),
  KEY `craft_entrydrafts_creatorId_fk` (`creatorId`),
  KEY `craft_entrydrafts_locale_fk` (`locale`)
) ENGINE=InnoDB DEFAULT CHARSET=utf8 COLLATE=utf8_unicode_ci;

DROP TABLE IF EXISTS `craft_entrytypes`;


--
-- Schema for table `craft_entrytypes`
--
CREATE TABLE `craft_entrytypes` (
  `id` int(11) NOT NULL AUTO_INCREMENT,
  `sectionId` int(11) NOT NULL,
  `fieldLayoutId` int(11) DEFAULT NULL,
  `name` varchar(255) COLLATE utf8_unicode_ci NOT NULL,
  `handle` varchar(255) COLLATE utf8_unicode_ci NOT NULL,
  `hasTitleField` tinyint(1) unsigned NOT NULL DEFAULT '1',
  `titleLabel` varchar(255) COLLATE utf8_unicode_ci DEFAULT 'Title',
  `titleFormat` varchar(255) COLLATE utf8_unicode_ci DEFAULT NULL,
  `sortOrder` tinyint(4) DEFAULT NULL,
  `dateCreated` datetime NOT NULL,
  `dateUpdated` datetime NOT NULL,
  `uid` char(36) COLLATE utf8_unicode_ci NOT NULL DEFAULT '0',
  PRIMARY KEY (`id`),
  UNIQUE KEY `craft_entrytypes_name_sectionId_unq_idx` (`name`,`sectionId`),
  UNIQUE KEY `craft_entrytypes_handle_sectionId_unq_idx` (`handle`,`sectionId`),
  KEY `craft_entrytypes_sectionId_fk` (`sectionId`),
  KEY `craft_entrytypes_fieldLayoutId_fk` (`fieldLayoutId`)
) ENGINE=InnoDB AUTO_INCREMENT=17 DEFAULT CHARSET=utf8 COLLATE=utf8_unicode_ci;

--
-- Data for table `craft_entrytypes`
--

INSERT INTO `craft_entrytypes` (`id`, `sectionId`, `fieldLayoutId`, `name`, `handle`, `hasTitleField`, `titleLabel`, `titleFormat`, `sortOrder`, `dateCreated`, `dateUpdated`, `uid`) VALUES
 ('1', '1', '130', 'Homepage', 'homepage', '1', 'Title', NULL, NULL, '2015-09-18 13:02:12', '2015-12-15 17:37:46', '7a6604a3-7d8c-43b2-b7da-55b8b3ff8830'),
 ('2', '2', '5', 'News', 'news', '1', 'Title', NULL, NULL, '2015-09-18 13:02:13', '2015-09-18 13:02:13', '47223a67-7a86-412e-820e-9da9f8441c12'),
 ('3', '3', '134', 'Staff Profile', 'staffProfile', '1', 'Title', NULL, NULL, '2015-09-18 13:12:21', '2015-12-17 16:58:41', '954eb0f7-59bf-42e7-a964-14b8f943ca8a'),
 ('4', '4', '120', 'Projects', 'ideabaseProjects', '1', 'Title', NULL, NULL, '2015-09-18 13:12:40', '2015-12-08 18:11:24', '923d67d9-a529-4494-aba1-9efa6ba2caa5'),
 ('5', '5', '104', 'Blog Post', 'blogPost', '1', 'Title', NULL, NULL, '2015-09-18 13:13:03', '2015-11-25 21:55:19', '594d8ccf-66ab-4280-b18c-2a1ce9b3edbd'),
 ('6', '6', '85', 'Awards', 'ideabaseAwards', '1', 'Title', NULL, NULL, '2015-09-18 13:13:17', '2015-11-06 15:06:10', 'e320fa3a-a259-47bc-98e4-963f619269b2'),
 ('7', '7', '86', 'Testimonials', 'testimonials', '1', 'Title', NULL, NULL, '2015-09-18 13:13:27', '2015-11-06 15:06:30', '7973efb4-076f-42c8-a3c6-7b0e276fe724'),
 ('8', '8', '20', 'Clients', 'clients', '1', 'Title', NULL, NULL, '2015-09-18 13:13:40', '2015-09-18 14:01:18', '9bf6368c-82ea-49d8-94ca-667f3b4704f3'),
 ('10', '10', '111', 'Services', 'services', '1', 'Title', NULL, NULL, '2015-10-02 22:46:16', '2015-12-01 17:28:05', '900264af-6821-40bb-af8d-4a8b68d42b73'),
 ('11', '11', '129', 'Staff Profile Index', 'staffProfileIndex', '0', NULL, '{section.name|raw}', NULL, '2015-10-06 14:08:01', '2015-12-14 20:37:18', 'e76f01cc-a0fc-43b5-bca6-80527641b94c'),
 ('12', '12', '127', 'Process Index', 'processIndex', '0', NULL, '{section.name|raw}', NULL, '2015-10-06 14:37:07', '2015-12-14 20:35:22', '665d0b6e-13d3-410f-9a42-cfe6a39ec1d4'),
 ('13', '13', '67', 'Case Study', 'caseStudy', '1', 'Title', NULL, NULL, '2015-10-30 15:28:15', '2015-10-30 15:31:05', '224602ec-36ab-4897-8621-ca2e9d1dd75a'),
 ('14', '14', '75', 'Basic Pages', 'basicPages', '1', 'Title', NULL, NULL, '2015-11-03 17:20:01', '2015-11-03 17:23:03', 'd6620d67-a4ec-4a52-bfed-e685a70d3fdd'),
 ('15', '15', '128', 'Projects Homepage', 'projectsHomepage', '0', NULL, '{section.name|raw}', NULL, '2015-11-06 14:19:01', '2015-12-14 20:36:51', '556e124c-da8f-47bc-961d-af78d4698077'),
 ('16', '16', '97', 'Project List', 'projectList', '1', 'Title', NULL, NULL, '2015-11-24 15:29:40', '2015-11-24 15:30:25', '103595f8-41d5-4c02-a318-2f2f5ed0ed51');




DROP TABLE IF EXISTS `craft_entryversions`;


--
-- Schema for table `craft_entryversions`
--
CREATE TABLE `craft_entryversions` (
  `id` int(11) NOT NULL AUTO_INCREMENT,
  `entryId` int(11) NOT NULL,
  `sectionId` int(11) NOT NULL,
  `creatorId` int(11) DEFAULT NULL,
  `locale` char(12) COLLATE utf8_unicode_ci NOT NULL,
  `num` smallint(6) unsigned NOT NULL,
  `notes` tinytext COLLATE utf8_unicode_ci,
  `data` mediumtext COLLATE utf8_unicode_ci NOT NULL,
  `dateCreated` datetime NOT NULL,
  `dateUpdated` datetime NOT NULL,
  `uid` char(36) COLLATE utf8_unicode_ci NOT NULL DEFAULT '0',
  PRIMARY KEY (`id`),
  KEY `craft_entryversions_entryId_locale_idx` (`entryId`,`locale`),
  KEY `craft_entryversions_sectionId_fk` (`sectionId`),
  KEY `craft_entryversions_creatorId_fk` (`creatorId`),
  KEY `craft_entryversions_locale_fk` (`locale`)
) ENGINE=InnoDB AUTO_INCREMENT=155 DEFAULT CHARSET=utf8 COLLATE=utf8_unicode_ci;

--
-- Data for table `craft_entryversions`
--

INSERT INTO `craft_entryversions` (`id`, `entryId`, `sectionId`, `creatorId`, `locale`, `num`, `notes`, `data`, `dateCreated`, `dateUpdated`, `uid`) VALUES
 ('1', '67', '3', '1', 'en_us', '1', '', '{\"typeId\":null,\"authorId\":\"1\",\"title\":\"Reilly Hawkins\",\"slug\":\"reilly-hawkins\",\"postDate\":1442584986,\"expiryDate\":null,\"enabled\":1,\"fields\":{\"6\":\"This is a test bio\",\"4\":\"rhawkins@ideabasekent.com\",\"7\":\"test fun fact\",\"26\":[\"4\",\"6\"],\"3\":\"programmer\",\"5\":\"01234\"}}', '2015-09-18 14:03:06', '2015-09-18 14:03:06', 'de2facca-8b63-4ade-92d8-8cd679a2622a'),
 ('2', '67', '3', '1', 'en_us', '2', '', '{\"typeId\":\"3\",\"authorId\":\"1\",\"title\":\"Reilly Hawkins\",\"slug\":\"reilly-hawkins\",\"postDate\":1442584980,\"expiryDate\":null,\"enabled\":1,\"fields\":{\"6\":\"This is a test bio\",\"4\":\"rhawkins@ideabasekent.com\",\"7\":\"test fun fact\",\"26\":[\"4\",\"6\"],\"3\":\"programmer\",\"5\":\"1234\",\"27\":[\"71\"]}}', '2015-09-18 14:21:11', '2015-09-18 14:21:11', 'ad224823-1347-44c3-8909-93c5f39be418'),
 ('3', '67', '3', '1', 'en_us', '3', '', '{\"typeId\":\"3\",\"authorId\":\"1\",\"title\":\"Reilly Hawkins\",\"slug\":\"reilly-hawkins\",\"postDate\":1442584980,\"expiryDate\":null,\"enabled\":1,\"fields\":{\"6\":\"This is a test bio\",\"4\":\"rhawkins@ideabasekent.com\",\"7\":\"test fun fact\",\"26\":[\"4\",\"6\"],\"3\":\"programmer\",\"5\":\"1234\",\"27\":[\"71\",\"72\"]}}', '2015-09-18 14:27:20', '2015-09-18 14:27:20', '29c17416-45b2-4649-89d4-cccfe10b5cc4'),
 ('4', '73', '5', '1', 'en_us', '1', '', '{\"typeId\":null,\"authorId\":\"1\",\"title\":\"this is a title\",\"slug\":\"this-is-a-title\",\"postDate\":1442928448,\"expiryDate\":null,\"enabled\":1,\"fields\":{\"11\":\";oasidfjaso;ifj\",\"10\":\"title\"}}', '2015-09-22 13:27:28', '2015-09-22 13:27:28', 'd3013ec1-d014-4a7a-8e9f-1037d51cb9a7'),
 ('5', '73', '5', '1', 'en_us', '2', '', '{\"typeId\":\"5\",\"authorId\":\"1\",\"title\":\"this is a title\",\"slug\":\"this-is-a-title\",\"postDate\":1442928420,\"expiryDate\":null,\"enabled\":1,\"fields\":{\"11\":\";oasidfjaso;ifj\",\"10\":\"title\"}}', '2015-09-22 13:29:50', '2015-09-22 13:29:50', 'd46d32a8-5571-4fe7-b7b2-66388953e6be'),
 ('6', '2', '1', '1', 'en_us', '1', '', '{\"typeId\":null,\"authorId\":null,\"title\":\"Welcome to Localhost!\",\"slug\":\"homepage\",\"postDate\":1442581332,\"expiryDate\":null,\"enabled\":1,\"fields\":{\"1\":\"<p>It\\u2019s true, this site doesn\\u2019t have a whole lot of content yet, but don\\u2019t worry. Our web developers have just installed the CMS, and they\\u2019re setting things up for the content editors this very moment. Soon Localhost will be an oasis of fresh perspectives, sharp analyses, and astute opinions that will keep you coming back again and again.<\\/p>\"}}', '2015-09-22 13:47:16', '2015-09-22 13:47:16', '766812dc-a6bb-48f4-b721-c53cac3de233'),
 ('7', '74', '4', '1', 'en_us', '1', '', '{\"typeId\":null,\"authorId\":\"1\",\"title\":\"project title\",\"slug\":\"project-title\",\"postDate\":1442932085,\"expiryDate\":null,\"enabled\":1,\"fields\":{\"9\":\"asdf\",\"8\":\"asdf\"}}', '2015-09-22 14:28:05', '2015-09-22 14:28:05', '0272f764-6d65-457f-8049-824e948f5731'),
 ('8', '75', '6', '1', 'en_us', '1', '', '{\"typeId\":null,\"authorId\":\"1\",\"title\":\"This is an award\",\"slug\":\"this-is-an-award\",\"postDate\":1442932398,\"expiryDate\":null,\"enabled\":1,\"fields\":{\"15\":\"test \",\"14\":{\"date\":\"9\\/8\\/2015\"},\"13\":\"test \",\"16\":\"http:\\/\\/www.google.com\"}}', '2015-09-22 14:33:18', '2015-09-22 14:33:18', '1366c4c4-cd6e-4724-a638-8de574196800'),
 ('10', '77', '8', '1', 'en_us', '1', '', '{\"typeId\":null,\"authorId\":\"1\",\"title\":\"This is a new client\",\"slug\":\"this-is-a-new-client\",\"postDate\":1442932609,\"expiryDate\":null,\"enabled\":1,\"fields\":{\"22\":\"\",\"23\":\"\"}}', '2015-09-22 14:36:50', '2015-09-22 14:36:50', '69cc4004-8783-4870-8e1f-d17c778768e9'),
 ('11', '78', '7', '1', 'en_us', '1', '', '{\"typeId\":null,\"authorId\":\"1\",\"title\":\"this is a testimonial\",\"slug\":\"this-is-a-testimonial\",\"postDate\":1442932647,\"expiryDate\":null,\"enabled\":1,\"fields\":{\"19\":{\"date\":\"\"},\"17\":\"\",\"18\":\"\"}}', '2015-09-22 14:37:27', '2015-09-22 14:37:27', 'cd8278da-7b84-4f51-ac7e-39588386583f'),
 ('12', '79', '2', '1', 'en_us', '1', '', '{\"typeId\":null,\"authorId\":\"1\",\"title\":\"Another news post\",\"slug\":\"another-news-post\",\"postDate\":1442932674,\"expiryDate\":null,\"enabled\":1,\"fields\":{\"1\":\"<p>this is another news post<\\/p>\",\"2\":\"\"}}', '2015-09-22 14:37:55', '2015-09-22 14:37:55', '1c19f54a-4651-4270-9175-7cab50e6cbe4'),
 ('13', '80', '5', '1', 'en_us', '1', '', '{\"typeId\":null,\"authorId\":\"1\",\"title\":\"This is a test blog title\",\"slug\":\"this-is-a-test-blog-title\",\"postDate\":1442968075,\"expiryDate\":null,\"enabled\":1,\"fields\":{\"11\":\"This is the blog content\"}}', '2015-09-23 00:27:55', '2015-09-23 00:27:55', 'f3b1ae08-0c06-439c-9746-7a23e6c3ca64'),
 ('14', '75', '6', '1', 'en_us', '2', '', '{\"typeId\":\"6\",\"authorId\":\"1\",\"title\":\"This is an award\",\"slug\":\"this-is-an-award\",\"postDate\":1442932380,\"expiryDate\":null,\"enabled\":1,\"fields\":{\"15\":\"test \",\"14\":{\"date\":\"9\\/8\\/2015\"},\"13\":\"\",\"16\":\"http:\\/\\/www.google.com\"}}', '2015-09-23 00:34:07', '2015-09-23 00:34:07', '11592017-9ebc-4229-bca9-f2ffa9b8107f'),
 ('15', '81', '6', '1', 'en_us', '1', '', '{\"typeId\":null,\"authorId\":\"1\",\"title\":\"Award title\",\"slug\":\"award-title\",\"postDate\":1442968647,\"expiryDate\":null,\"enabled\":1,\"fields\":{\"15\":\"Yahoo\",\"14\":{\"date\":\"9\\/8\\/2015\"},\"13\":\"\",\"16\":\"http:\\/\\/www.google.com\"}}', '2015-09-23 00:37:27', '2015-09-23 00:37:27', 'b87340f0-fb35-4a13-a183-e7affd510ca3'),
 ('16', '67', '3', '1', 'en_us', '4', '', '{\"typeId\":\"3\",\"authorId\":\"1\",\"title\":\"Reilly Hawkins\",\"slug\":\"reilly-hawkins\",\"postDate\":1442584980,\"expiryDate\":null,\"enabled\":1,\"fields\":{\"6\":\"This is a test bio\",\"4\":\"rhawkins@ideabasekent.com\",\"7\":\"test fun fact\",\"26\":[\"4\",\"6\"],\"3\":\"Web Programmer\",\"5\":\"1234\",\"27\":[\"83\"]}}', '2015-09-25 13:19:48', '2015-09-25 13:19:48', 'f3a09396-badc-4fd5-a1ad-47aff68622be'),
 ('17', '67', '3', '1', 'en_us', '5', '', '{\"typeId\":\"3\",\"authorId\":\"1\",\"title\":\"Reilly Hawkins\",\"slug\":\"reilly-hawkins\",\"postDate\":1442584980,\"expiryDate\":null,\"enabled\":1,\"fields\":{\"6\":\"This is a test bio\",\"4\":\"rhawkins@ideabasekent.com\",\"7\":\"test fun fact\",\"26\":[\"4\",\"6\"],\"3\":\"Web Programmer\",\"5\":\"1234\",\"27\":[\"84\"]}}', '2015-09-25 13:36:46', '2015-09-25 13:36:46', '34dbcf67-c5f4-4265-a44a-75db98239ea4'),
 ('18', '2', '1', '87', 'en_us', '2', '', '{\"typeId\":null,\"authorId\":null,\"title\":\"Welcome to Localhost!\",\"slug\":\"homepage\",\"postDate\":1442581332,\"expiryDate\":null,\"enabled\":1,\"fields\":{\"35\":\"This is a tagline\"}}', '2015-09-29 15:12:27', '2015-09-29 15:12:27', '4fb13729-3232-4b1b-83d6-7746cf219b33'),
 ('19', '2', '1', '87', 'en_us', '3', '', '{\"typeId\":null,\"authorId\":null,\"title\":\"IdeaBase Kent New Website\",\"slug\":\"homepage\",\"postDate\":1442581332,\"expiryDate\":null,\"enabled\":1,\"fields\":{\"35\":\"This is a tagline\"}}', '2015-09-29 15:18:56', '2015-09-29 15:18:56', 'be8bb640-70f6-420e-b3ca-9aa4146dbc6b'),
 ('20', '2', '1', '87', 'en_us', '4', '', '{\"typeId\":null,\"authorId\":null,\"title\":\"IdeaBase Kent New Website\",\"slug\":\"homepage\",\"postDate\":1442581332,\"expiryDate\":null,\"enabled\":1,\"fields\":{\"37\":[\"92\"],\"36\":\"This is sample \\\"About\\\" text\",\"35\":\"This is a tagline\"}}', '2015-10-02 14:41:35', '2015-10-02 14:41:35', '92677fd1-db95-4779-842c-09de9f9d5359'),
 ('21', '2', '1', '87', 'en_us', '5', '', '{\"typeId\":null,\"authorId\":null,\"title\":\"IdeaBase Kent New Website\",\"slug\":\"homepage\",\"postDate\":1442581332,\"expiryDate\":null,\"enabled\":1,\"fields\":{\"37\":[\"93\"],\"36\":\"This is sample \\\"About\\\" text\",\"35\":\"This is a tagline\"}}', '2015-10-02 14:55:17', '2015-10-02 14:55:17', '346067cb-c620-4dae-b2c6-8c0526046dbd'),
 ('22', '95', '10', '87', 'en_us', '1', '', '{\"typeId\":null,\"authorId\":\"87\",\"title\":\"Service 1\",\"slug\":\"service-1\",\"postDate\":1443826413,\"expiryDate\":null,\"enabled\":1,\"fields\":{\"21\":\"This is service 1\",\"20\":\"\"}}', '2015-10-02 22:53:33', '2015-10-02 22:53:33', 'a9574fb6-cd75-4367-b1d0-077c7c5801f6'),
 ('23', '96', '10', '87', 'en_us', '1', '', '{\"typeId\":null,\"authorId\":\"87\",\"title\":\"Service 2\",\"slug\":\"service-2\",\"postDate\":1443826428,\"expiryDate\":null,\"enabled\":1,\"fields\":{\"21\":\"Service 2\",\"20\":\"\"}}', '2015-10-02 22:53:48', '2015-10-02 22:53:48', 'dd9ece5d-a425-4222-b053-dea55d417173'),
 ('24', '97', '10', '87', 'en_us', '1', '', '{\"typeId\":null,\"authorId\":\"87\",\"title\":\"Service 3\",\"slug\":\"service-3\",\"postDate\":1443826439,\"expiryDate\":null,\"enabled\":1,\"fields\":{\"21\":\"This is service 3\",\"20\":\"\"}}', '2015-10-02 22:53:59', '2015-10-02 22:53:59', 'aeeda297-c9a9-41ea-99c2-2e1890418297'),
 ('25', '98', '4', '87', 'en_us', '1', '', '{\"typeId\":null,\"authorId\":\"87\",\"title\":\"Project Title 1\",\"slug\":\"project-title-1\",\"postDate\":1444000642,\"expiryDate\":null,\"enabled\":1,\"fields\":{\"9\":\"This is Project 1\",\"8\":\"\"}}', '2015-10-04 23:17:22', '2015-10-04 23:17:22', 'bc5abe8e-dcc7-4e75-8e46-f00e634cd557'),
 ('26', '99', '4', '87', 'en_us', '1', '', '{\"typeId\":null,\"authorId\":\"87\",\"title\":\"Project Title 2\",\"slug\":\"project-title-2\",\"postDate\":1444000655,\"expiryDate\":null,\"enabled\":1,\"fields\":{\"9\":\"This is Project 2\",\"8\":\"\"}}', '2015-10-04 23:17:35', '2015-10-04 23:17:35', '62f7dd8a-a8a5-453c-98c0-bd74064ed99a'),
 ('28', '101', '4', '87', 'en_us', '1', '', '{\"typeId\":null,\"authorId\":\"87\",\"title\":\"Project 3\",\"slug\":\"project-3\",\"postDate\":1444000679,\"expiryDate\":null,\"enabled\":1,\"fields\":{\"9\":\"This is project 3\",\"8\":\"\"}}', '2015-10-04 23:17:59', '2015-10-04 23:17:59', '6698fd5e-a329-49a8-99c8-5b0c0ec849b4'),
 ('30', '67', '3', '87', 'en_us', '6', '', '{\"typeId\":\"3\",\"authorId\":\"1\",\"title\":\"Reilly Hawkins\",\"slug\":\"reilly-hawkins\",\"postDate\":1442584980,\"expiryDate\":null,\"enabled\":1,\"fields\":{\"6\":\"This is a test bio\",\"4\":\"rhawkins@ideabasekent.com\",\"7\":\"test fun fact\",\"26\":[\"4\",\"6\"],\"3\":\"Web Programmer\",\"5\":\"1234\",\"27\":[\"103\"]}}', '2015-10-05 23:01:35', '2015-10-05 23:01:35', '49f9b219-e6cd-47ee-bfb1-e28800ace157'),
 ('33', '108', '11', '87', 'en_us', '1', NULL, '{\"typeId\":\"11\",\"authorId\":null,\"title\":\"Staff Profile Index\",\"slug\":\"staff-profile-index\",\"postDate\":1444140481,\"expiryDate\":null,\"enabled\":1,\"fields\":[]}', '2015-10-06 14:08:01', '2015-10-06 14:08:01', 'c3fe3301-1132-4c45-879c-698345fac09e'),
 ('34', '108', '11', '87', 'en_us', '2', '', '{\"typeId\":null,\"authorId\":null,\"title\":\"Staff Profile Index\",\"slug\":\"staff-profile-index\",\"postDate\":1444140481,\"expiryDate\":null,\"enabled\":1,\"fields\":{\"39\":\"This is a Description\",\"38\":\"This is a Header\",\"41\":\"Work For Ideabase Description\",\"40\":\"Work for ideabase title\"}}', '2015-10-06 14:14:52', '2015-10-06 14:14:52', '46174e35-dd51-4b7c-b340-53b2b6232745'),
 ('35', '109', '12', '87', 'en_us', '1', NULL, '{\"typeId\":\"12\",\"authorId\":null,\"title\":\"Process Index\",\"slug\":\"process-index\",\"postDate\":1444142227,\"expiryDate\":null,\"enabled\":1,\"fields\":[]}', '2015-10-06 14:37:07', '2015-10-06 14:37:07', 'e0407ead-0de3-46dc-9113-d3a657313771'),
 ('36', '109', '12', '87', 'en_us', '2', '', '{\"typeId\":\"12\",\"authorId\":null,\"title\":\"Process Index\",\"slug\":\"process-index\",\"postDate\":1444142546,\"expiryDate\":null,\"enabled\":1,\"fields\":{\"44\":\"This is a Link\",\"43\":\"\",\"42\":\"Our design process is tailored to you.\"}}', '2015-10-06 14:57:10', '2015-10-06 14:57:10', 'c139d94a-18b7-460e-acf4-92484c8bc8bc'),
 ('37', '109', '12', '87', 'en_us', '3', '', '{\"typeId\":\"12\",\"authorId\":null,\"title\":\"Process Index\",\"slug\":\"process-index\",\"postDate\":1444142546,\"expiryDate\":null,\"enabled\":1,\"fields\":{\"44\":\"This is a Link\",\"43\":[\"110\"],\"42\":\"Our design process is tailored to you.\"}}', '2015-10-06 15:03:17', '2015-10-06 15:03:17', '96425e00-7b2c-4499-aa50-35fd0c2b9455'),
 ('38', '108', '11', '87', 'en_us', '3', '', '{\"typeId\":\"11\",\"authorId\":null,\"title\":\"Staff Profile Index\",\"slug\":\"staff-profile-index\",\"postDate\":1444141013,\"expiryDate\":null,\"enabled\":1,\"fields\":{\"39\":\"This is a Description\",\"38\":\"This is a Header\",\"45\":[\"111\"],\"41\":\"Work For Ideabase Description\",\"40\":\"Work for ideabase title\"}}', '2015-10-06 15:09:44', '2015-10-06 15:09:44', '95cbd619-3c03-43ce-aebf-377342371c98'),
 ('39', '95', '10', '87', 'en_us', '2', '', '{\"typeId\":\"10\",\"authorId\":\"87\",\"title\":\"Service 1\",\"slug\":\"service-1\",\"postDate\":1443826380,\"expiryDate\":null,\"enabled\":1,\"fields\":{\"21\":\"This is service 1\",\"47\":[\"112\"],\"20\":\"\"}}', '2015-10-06 15:25:31', '2015-10-06 15:25:31', 'b2fb8986-2def-4fab-854b-fbf462ea2292'),
 ('40', '96', '10', '87', 'en_us', '2', '', '{\"typeId\":\"10\",\"authorId\":\"87\",\"title\":\"Service 2\",\"slug\":\"service-2\",\"postDate\":1443826380,\"expiryDate\":null,\"enabled\":1,\"fields\":{\"21\":\"Service 2\",\"47\":[\"113\"],\"20\":\"\"}}', '2015-10-06 15:25:44', '2015-10-06 15:25:44', 'a84537f5-ab01-43a4-87d2-b8e127ddad09'),
 ('41', '97', '10', '87', 'en_us', '2', '', '{\"typeId\":\"10\",\"authorId\":\"87\",\"title\":\"Service 3\",\"slug\":\"service-3\",\"postDate\":1443826380,\"expiryDate\":null,\"enabled\":1,\"fields\":{\"21\":\"This is service 3\",\"47\":[\"114\"],\"20\":\"\"}}', '2015-10-06 15:25:58', '2015-10-06 15:25:58', 'ae8793eb-e4bc-435b-ad72-6b1438526e53'),
 ('42', '101', '4', '87', 'en_us', '2', '', '{\"typeId\":\"4\",\"authorId\":\"87\",\"title\":\"Project 3\",\"slug\":\"project-3\",\"postDate\":1444000620,\"expiryDate\":null,\"enabled\":1,\"fields\":{\"9\":\"This is project 3\",\"46\":[\"115\"],\"48\":[\"116\"],\"8\":\"\"}}', '2015-10-14 23:52:12', '2015-10-14 23:52:12', '484e2871-b9bf-4dca-a2cc-9bdf07a64c58'),
 ('43', '101', '4', '87', 'en_us', '3', '', '{\"typeId\":\"4\",\"authorId\":\"87\",\"title\":\"Project 3\",\"slug\":\"project-3\",\"postDate\":1444000620,\"expiryDate\":null,\"enabled\":1,\"fields\":{\"9\":\"This is a description of project 3. This is a description of project 3. This is a description of project 3. This is a description of project 3. This is a description of project 3.\",\"46\":[\"115\"],\"48\":[\"116\"],\"8\":\"\"}}', '2015-10-14 23:52:49', '2015-10-14 23:52:49', 'd90052ce-855c-48ac-bf77-d8e28b92abc0'),
 ('44', '67', '3', '87', 'en_us', '7', '', '{\"typeId\":\"3\",\"authorId\":\"1\",\"title\":\"Reilly Hawkins\",\"slug\":\"reilly-hawkins\",\"postDate\":1442584980,\"expiryDate\":null,\"enabled\":1,\"fields\":{\"6\":\"This is a test bio\",\"4\":\"rhawkins@ideabasekent.com\",\"7\":\"test fun fact\",\"26\":[\"6\"],\"3\":\"Web Programmer\",\"5\":\"1234\",\"27\":[\"103\"]}}', '2015-10-16 15:08:58', '2015-10-16 15:08:58', '346d580c-bbdb-417b-bca1-fa0cc5918383'),
 ('46', '67', '3', '87', 'en_us', '8', '', '{\"typeId\":\"3\",\"authorId\":\"1\",\"title\":\"Reilly Hawkins\",\"slug\":\"reilly-hawkins\",\"postDate\":1442584980,\"expiryDate\":null,\"enabled\":1,\"fields\":{\"6\":\"This is a test bio\",\"4\":\"rhawkins@ideabasekent.com\",\"7\":\"test fun fact\",\"26\":[\"6\"],\"3\":\"Web Programmer\",\"5\":\"1234\",\"27\":[\"103\"]}}', '2015-10-22 17:53:20', '2015-10-22 17:53:20', 'b4e73e6b-cb9b-4a66-87d3-c3ae3a0a65c4'),
 ('48', '119', '3', '87', 'en_us', '1', '', '{\"typeId\":null,\"authorId\":\"87\",\"title\":\"Kristin Dowling\",\"slug\":\"kristin-dowling\",\"postDate\":1445536458,\"expiryDate\":null,\"enabled\":1,\"fields\":{\"6\":\"\",\"4\":\"\",\"7\":\"\",\"26\":[\"5\"],\"3\":\"\",\"5\":\"0\",\"27\":\"\"}}', '2015-10-22 17:54:18', '2015-10-22 17:54:18', 'cf969d6f-bb4e-4e0f-9999-ffcfc8e3d3d4'),
 ('49', '120', '3', '87', 'en_us', '1', '', '{\"typeId\":null,\"authorId\":\"87\",\"title\":\"Christopher Hallahan\",\"slug\":\"christopher-hallahan\",\"postDate\":1445536496,\"expiryDate\":null,\"enabled\":1,\"fields\":{\"6\":\"\",\"4\":\"\",\"7\":\"\",\"26\":[\"8\"],\"3\":\"\",\"5\":\"0\",\"27\":\"\"}}', '2015-10-22 17:54:57', '2015-10-22 17:54:57', '127a8968-c95b-4e63-8b4e-dea41e8bf20a'),
 ('51', '125', '5', '87', 'en_us', '1', '', '{\"typeId\":null,\"authorId\":\"87\",\"title\":\"This is a test blog\",\"slug\":\"this-is-a-test-blog\",\"postDate\":1446214458,\"expiryDate\":null,\"enabled\":1,\"fields\":{\"11\":\"asdfasdfasf\",\"49\":[\"124\",\"123\"]}}', '2015-10-30 14:14:18', '2015-10-30 14:14:18', '12ec100d-8939-4a99-bcaf-fa7b2276f278'),
 ('52', '126', '5', '87', 'en_us', '1', '', '{\"typeId\":null,\"authorId\":\"87\",\"title\":\"this is a test case study\",\"slug\":\"this-is-a-test-case-study\",\"postDate\":1446214472,\"expiryDate\":null,\"enabled\":1,\"fields\":{\"11\":\"\",\"49\":[\"124\",\"122\"]}}', '2015-10-30 14:14:32', '2015-10-30 14:14:32', 'e9c6e5a1-90c5-48fb-915e-b42bbb60005d'),
 ('53', '128', '13', '87', 'en_us', '1', '', '{\"typeId\":null,\"authorId\":\"87\",\"title\":\"This is a test case study\",\"slug\":\"this-is-a-test-case-study\",\"postDate\":1446218958,\"expiryDate\":null,\"enabled\":1,\"fields\":[]}', '2015-10-30 15:29:18', '2015-10-30 15:29:18', 'ec737f93-1e0f-4d88-af96-2bd0e3f18db2'),
 ('54', '128', '13', '87', 'en_us', '2', '', '{\"typeId\":\"13\",\"authorId\":\"87\",\"title\":\"This is a test case study\",\"slug\":\"this-is-a-test-case-study\",\"postDate\":1446218940,\"expiryDate\":null,\"enabled\":1,\"fields\":{\"50\":\"This is test content\"}}', '2015-10-30 15:31:24', '2015-10-30 15:31:24', 'f63506a3-c891-49f5-aea3-519c98137693'),
 ('55', '108', '11', '87', 'en_us', '4', '', '{\"typeId\":\"11\",\"authorId\":null,\"title\":\"Staff Profile Index\",\"slug\":\"staff-profile-index\",\"postDate\":1445610228,\"expiryDate\":null,\"enabled\":1,\"fields\":{\"39\":\"Our student employees come from backgrounds of all shapes and sizes, bringing with them a fresh and versatile approach that inspires our designs. With backgrounds in Visual Communication Design, Public Relations, User Experience, Advertising, Computer Information Systmes, Digital Sciences, Marketing and Communications, our diverse team members have one thing in common, they\'re passionate about design.\",\"38\":\"Our students are passionate about design.\",\"45\":[\"111\"],\"41\":\"We empower our student employees to imagine, create and deliver quality designs whil gaining real-world experience on client-facing projects. Our studen employees get to put their design skills to the test, build their resumes and jumpstart their careers.\",\"40\":\"Work for IdeaBase\"}}', '2015-11-05 14:17:48', '2015-11-05 14:17:48', 'f17e4c24-2584-40ac-a243-f8e5bb0943a8'),
 ('56', '108', '11', '87', 'en_us', '5', '', '{\"typeId\":\"11\",\"authorId\":null,\"title\":\"Staff Profile Index\",\"slug\":\"staff-profile-index\",\"postDate\":1445610228,\"expiryDate\":null,\"enabled\":1,\"fields\":{\"39\":\"Our student employees come from backgrounds of all shapes and sizes, bringing with them a fresh and versatile approach that inspires our designs. With backgrounds in Visual Communication Design, Public Relations, User Experience, Advertising, Computer Information Systmes, Digital Sciences, Marketing and Communications, our diverse team members have one thing in common, they\'re passionate about design.\",\"38\":\"Our students are passionate about design.\",\"45\":[\"111\"],\"57\":\"<p>We\\u2019re committed to delivering quality work to our clients. That\\u2019s why our student employees work under the guidance of our professional staff from Kent State\\u2019s College of Communication of Information and a professional advisory board. Our student employees interact directly with clients, developing proposals, managing projects and handling all stages of design production.<\\/p>\",\"56\":\"Committed to quality.\",\"41\":\"We empower our student employees to imagine, create and deliver quality designs whil gaining real-world experience on client-facing projects. Our studen employees get to put their design skills to the test, build their resumes and jumpstart their careers.\",\"58\":\"<p>Learn more about <a href=\\\"http:\\/\\/www.google.com\\\">working for IdeaBase.<\\/a><\\/p>\",\"40\":\"Work for IdeaBase\"}}', '2015-11-05 14:39:36', '2015-11-05 14:39:36', 'e0ca60f6-9b7d-438c-aecb-71c1f4448fcf'),
 ('57', '131', '5', '87', 'en_us', '1', '', '{\"typeId\":null,\"authorId\":\"87\",\"title\":\"Being a Creative: Rachel Kozy\",\"slug\":\"being-a-creative-rachel-kozy\",\"postDate\":1446735659,\"expiryDate\":null,\"enabled\":1,\"fields\":{\"59\":\"Rachel Kozy\",\"11\":\"<p>Hi! My name is Rachel Kozy and I am a senior Visual Communication Design major. I actually just started working as a designer at IdeaBase a couple months ago, but I will be here for the rest of the year! Even when I was a freshman in VCD, I had always heard about Glyphix and IdeaBase, but I never knew if I\\u2019d get the opportunity to work here. When I became a junior though, I started noticing all the work IdeaBase was putting out, and it made me really interested in being a part of it!<\\/p><p>Before IdeaBase, I had interned at MTV in New York City and Go Media in Cleveland. I\\u2019ve also worked as a designer for Kent State University Libraries and I\\u2019m currently working as the Art Director for Brainchild and the president of Kent\\u2019s collegiate chapter of AIGA.<\\/p><p>Working at IdeaBase is seriously the best. I love working here. It has such a great environment and I get to collaborate with the friendliest, nicest people, do work that I\\u2019m passionate about, and get paid!<\\/p><p>I chose to major in Visual Communication Design because I was really interested in creating things while in high school. I\\u2019ve always loved scrapbooking and working on the computer, so graphic design just seemed like the perfect fit. And luckily, it has been! There hasn\\u2019t been one day that has passed where I\\u2019ve regretted choosing this as my major, and I\\u2019m looking forward to continuing my career doing something I love.<\\/p><p>The hardest part of my major is probably just making sure not to get burnt out. It\\u2019s easy to be overly ambitious and want to work on everything all the time, but that eventually wears you down and you stop looking forward to it. It\\u2019s important to take breaks and find other interests, that way you can always look forward to designing rather than it being a chore.<\\/p><p>When I\\u2019m not busy with work or design, you can probably find me playing video games. I grew up with a brother who constantly played, so I\\u2019ve developed a habit of it too. My favorite genre is JRPGS, and my favorite games specifically are Persona 4 and the Tales series.<\\/p><p>After I graduate, I\\u2019m not entirely sure where I\\u2019ll end up, but I\\u2019d love to find a position at a design firm or advertising agency! I really want to work with a lot of different clients and brands and I think that\\u2019s my best bet for that kind of work.<\\/p>\",\"49\":\"\"}}', '2015-11-05 15:01:00', '2015-11-05 15:01:00', '79bcc9f7-fab9-4e60-b4cf-b80714b506ee'),
 ('58', '132', '5', '87', 'en_us', '1', '', '{\"typeId\":null,\"authorId\":\"87\",\"title\":\"Event Planning 101: Victoria Ripepi\",\"slug\":\"event-planning-101-victoria-ripepi\",\"postDate\":1446735905,\"expiryDate\":null,\"enabled\":1,\"fields\":{\"59\":\"Victoria Ripepi\",\"11\":\"<p>Hello, my name is Victoria Ripepi. I am an Interpersonal Communications major who is currently on my 5th year victory lap, but I am set to graduate in May 2016. I am the new event coordinator at IdeaBase.<\\/p><p>As long as I can remember, event planning has been an interest of mine. The first event I planned was in 3rd grade when my teacher asked me to help with a parent-teacher-open house. As a 3rd grader, I basically thought I was the coolest person in the world\\u2026 even though all I really did was set out some flyers, cookies, and juice. But I have enjoyed event planning ever since!<\\/p><p>I think I enjoy event planning because I am so organized, I like to fix problems, I work best under pressure, and I like the exciting\\/nervous feeling you get on the day of the event. A lot of times when I say I want to go into event planning after I graduate people automatically think I mean weddings, but that is not the case. I want to do open houses, launch parties, special-event parties and so on.<\\/p><p>Before working at IdeaBase, I interned in the Spring of 2015 for an awesome company called Rebecca Adele PR & Events. I learned so much about myself and event planning there. One major thing I learned was that I didn\\u2019t want to go into PR after I graduate (the other career path I considered) and event planning is really what I love and have a passion for.<\\/p><p>The owner, Becki, puts on over 10 art shows called the Avant-Garde Art & Craft Shows all throughout Northeast Ohio. There were over 100 vendors at each event and I helped personally put on 4 shows. I also helped in the launch of a new show line called Bump to Bows- A Mommy Boutique Show.<\\/p><p>When it comes to IdeaBase, I actually heard about the agency through one of the managers, Kristin, who is a longtime-family friend. When she told me about IdeaBase it immediately sparked my interest, and when the opportunity for an event coordinator came up, I jumped at it. I really enjoy working here and have already learned so much! IdeaBase is such a fun, encouraging, and helpful work environment. Being new here, whenever I have a question or concern, they immediately do whatever possible to help me. I have also learned so much about what it means working at a design agency and how talented my co-workers are!<\\/p><p>As for my personal life, in my free time you can probably find me outside (if it\\u2019s nice out), at a mall because I have a deep love for clothes and fashion or hanging out with my two cats. I travel at any opportunity I can; I hope to travel to all 50 states one day!<\\/p><p>After graduation I hope to get a job out of state. I am Cleveland born and raised and Ohio will always be home, but I know I need to get out of here and explore more than just my bubble that is Ohio. I like to push myself to always try new things and take opportunities that push me outside my comfort zone because that\\u2019ll only make my comfort zone that much bigger.<\\/p>\",\"49\":\"\"}}', '2015-11-05 15:05:05', '2015-11-05 15:05:05', '0cd5517e-3573-4c3e-9404-ffd8199ae436'),
 ('59', '132', '5', '87', 'en_us', '2', '', '{\"typeId\":\"5\",\"authorId\":\"87\",\"title\":\"Event Planning 101: Victoria Ripepi\",\"slug\":\"event-planning-101-victoria-ripepi\",\"postDate\":1446735900,\"expiryDate\":null,\"enabled\":1,\"fields\":{\"60\":[\"67\"],\"11\":\"<p>Hello, my name is Victoria Ripepi. I am an Interpersonal Communications major who is currently on my 5th year victory lap, but I am set to graduate in May 2016. I am the new event coordinator at IdeaBase.<\\/p><p>As long as I can remember, event planning has been an interest of mine. The first event I planned was in 3rd grade when my teacher asked me to help with a parent-teacher-open house. As a 3rd grader, I basically thought I was the coolest person in the world\\u2026 even though all I really did was set out some flyers, cookies, and juice. But I have enjoyed event planning ever since!<\\/p><p>I think I enjoy event planning because I am so organized, I like to fix problems, I work best under pressure, and I like the exciting\\/nervous feeling you get on the day of the event. A lot of times when I say I want to go into event planning after I graduate people automatically think I mean weddings, but that is not the case. I want to do open houses, launch parties, special-event parties and so on.<\\/p><p>Before working at IdeaBase, I interned in the Spring of 2015 for an awesome company called Rebecca Adele PR & Events. I learned so much about myself and event planning there. One major thing I learned was that I didn\\u2019t want to go into PR after I graduate (the other career path I considered) and event planning is really what I love and have a passion for.<\\/p><p>The owner, Becki, puts on over 10 art shows called the Avant-Garde Art & Craft Shows all throughout Northeast Ohio. There were over 100 vendors at each event and I helped personally put on 4 shows. I also helped in the launch of a new show line called Bump to Bows- A Mommy Boutique Show.<\\/p><p>When it comes to IdeaBase, I actually heard about the agency through one of the managers, Kristin, who is a longtime-family friend. When she told me about IdeaBase it immediately sparked my interest, and when the opportunity for an event coordinator came up, I jumped at it. I really enjoy working here and have already learned so much! IdeaBase is such a fun, encouraging, and helpful work environment. Being new here, whenever I have a question or concern, they immediately do whatever possible to help me. I have also learned so much about what it means working at a design agency and how talented my co-workers are!<\\/p><p>As for my personal life, in my free time you can probably find me outside (if it\\u2019s nice out), at a mall because I have a deep love for clothes and fashion or hanging out with my two cats. I travel at any opportunity I can; I hope to travel to all 50 states one day!<\\/p><p>After graduation I hope to get a job out of state. I am Cleveland born and raised and Ohio will always be home, but I know I need to get out of here and explore more than just my bubble that is Ohio. I like to push myself to always try new things and take opportunities that push me outside my comfort zone because that\\u2019ll only make my comfort zone that much bigger.<\\/p>\",\"49\":\"\"}}', '2015-11-05 15:33:44', '2015-11-05 15:33:44', 'b983cf54-916d-4221-b7d9-ab436b26ddf4'),
 ('60', '99', '4', '87', 'en_us', '2', '', '{\"typeId\":\"4\",\"authorId\":\"87\",\"title\":\"Project Title 2\",\"slug\":\"project-title-2\",\"postDate\":1444000620,\"expiryDate\":null,\"enabled\":1,\"fields\":{\"61\":[\"67\"],\"9\":\"This is Project 2\",\"46\":\"\",\"48\":\"\"}}', '2015-11-05 15:40:31', '2015-11-05 15:40:31', '32211f08-f0c6-4064-9a19-820d8cfd33a1'),
 ('61', '119', '3', '87', 'en_us', '2', '', '{\"typeId\":\"3\",\"authorId\":\"87\",\"title\":\"Kristin Dowling\",\"slug\":\"kristin-dowling\",\"postDate\":1445536440,\"expiryDate\":null,\"enabled\":1,\"fields\":{\"6\":\"<p>Kristin is the Business Development Manager for IdeaBase (formerly The Tannery). She is responsible for building client relationships in order to provide high quality experiential learning opportunities for our students.<\\/p>\\r\\n<p>She previously served as an Entrepreneur-in-Residence for the Center for Entrepreneurship and Business Innovation in the Kent State University College of Business. Her experience prior to coming to Kent State University was as Regional Operations Manager for Kinko\\u2019s Inc. (now known as FedEx Office).<\\/p>\",\"4\":\"kdowling@ideabasekent.com\",\"7\":\"\",\"26\":[\"5\"],\"3\":\"Business Development Manager\",\"5\":\"330.672.7366\",\"27\":\"\"}}', '2015-11-05 15:47:08', '2015-11-05 15:47:08', '638ad314-d269-4f86-bd7a-7cfb963e1eeb'),
 ('62', '119', '3', '87', 'en_us', '3', '', '{\"typeId\":\"3\",\"authorId\":\"87\",\"title\":\"Kristin Dowling\",\"slug\":\"kristin-dowling\",\"postDate\":1445536440,\"expiryDate\":null,\"enabled\":1,\"fields\":{\"6\":\"<p>Kristin is the Business Development Manager for IdeaBase (formerly The Tannery). She is responsible for building client relationships in order to provide high quality experiential learning opportunities for our students.<\\/p><p>She previously served as an Entrepreneur-in-Residence for the Center for Entrepreneurship and Business Innovation in the Kent State University College of Business. Her experience prior to coming to Kent State University was as Regional Operations Manager for Kinko\\u2019s Inc. (now known as FedEx Office).<\\/p>\",\"4\":\"kdowling@ideabasekent.com\",\"7\":\"\",\"26\":[\"5\"],\"3\":\"Business Development Manager\",\"5\":\"330.672.7366\",\"27\":\"\"}}', '2015-11-05 15:51:18', '2015-11-05 15:51:18', '62bddc49-81bd-473b-8a56-ed87ff64b458'),
 ('63', '119', '3', '87', 'en_us', '4', '', '{\"typeId\":\"3\",\"authorId\":\"87\",\"title\":\"Kristin Dowling\",\"slug\":\"kristin-dowling\",\"postDate\":1445536440,\"expiryDate\":null,\"enabled\":1,\"fields\":{\"6\":\"<p>Kristin is the Business Development Manager for IdeaBase (formerly The Tannery). She is responsible for building client relationships in order to provide high quality experiential learning opportunities for our students.<\\/p><p>She previously served as an Entrepreneur-in-Residence for the Center for Entrepreneurship and Business Innovation in the Kent State University College of Business. Her experience prior to coming to Kent State University was as Regional Operations Manager for Kinko\\u2019s Inc. (now known as FedEx Office).<\\/p>\",\"4\":\"kdowling@ideabasekent.com\",\"7\":\"\",\"26\":[\"5\"],\"3\":\"Business Development Manager\",\"5\":\"330.672.7366\",\"27\":[\"135\"]}}', '2015-11-05 15:52:54', '2015-11-05 15:52:54', 'eb1fe89f-1208-49f8-b46f-a273cf9fba0e'),
 ('64', '67', '3', '87', 'en_us', '9', '', '{\"typeId\":\"3\",\"authorId\":\"1\",\"title\":\"Reilly Hawkins\",\"slug\":\"reilly-hawkins\",\"postDate\":1442584980,\"expiryDate\":null,\"enabled\":1,\"fields\":{\"6\":\"<p>This is a test biography for Reilly Hawkins. This is a test biography for Reilly Hawkins. <span class=\\\"redactor-invisible-space\\\">This is a test biography for Reilly Hawkins. <span class=\\\"redactor-invisible-space\\\">This is a test biography for Reilly Hawkins. <span class=\\\"redactor-invisible-space\\\">This is a test biography for Reilly Hawkins. <span class=\\\"redactor-invisible-space\\\">This is a test biography for Reilly Hawkins. <span class=\\\"redactor-invisible-space\\\">This is a test biography for Reilly Hawkins. <span class=\\\"redactor-invisible-space\\\">This is a test biography for Reilly Hawkins. <span class=\\\"redactor-invisible-space\\\">This is a test biography for Reilly Hawkins. <span class=\\\"redactor-invisible-space\\\">This is a test biography for Reilly Hawkins. <span class=\\\"redactor-invisible-space\\\">This is a test biography for Reilly Hawkins. <span class=\\\"redactor-invisible-space\\\"><\\/span><\\/span><\\/span><\\/span><\\/span><\\/span><\\/span><\\/span><\\/span><\\/span><\\/p><p><span class=\\\"redactor-invisible-space\\\"><span class=\\\"redactor-invisible-space\\\"><span class=\\\"redactor-invisible-space\\\"><span class=\\\"redactor-invisible-space\\\"><span class=\\\"redactor-invisible-space\\\"><span class=\\\"redactor-invisible-space\\\"><span class=\\\"redactor-invisible-space\\\"><span class=\\\"redactor-invisible-space\\\"><span class=\\\"redactor-invisible-space\\\"><span class=\\\"redactor-invisible-space\\\"><br><\\/span><\\/span><\\/span><\\/span><\\/span><\\/span><\\/span><\\/span><\\/span><\\/span><\\/p><p><span class=\\\"redactor-invisible-space\\\"><span class=\\\"redactor-invisible-space\\\"><span class=\\\"redactor-invisible-space\\\"><span class=\\\"redactor-invisible-space\\\"><span class=\\\"redactor-invisible-space\\\"><span class=\\\"redactor-invisible-space\\\"><span class=\\\"redactor-invisible-space\\\"><span class=\\\"redactor-invisible-space\\\"><span class=\\\"redactor-invisible-space\\\"><span class=\\\"redactor-invisible-space\\\">This is a test biography for Reilly Hawkins. <span class=\\\"redactor-invisible-space\\\">This is a test biography for Reilly Hawkins. <span class=\\\"redactor-invisible-space\\\">This is a test biography for Reilly Hawkins. <span class=\\\"redactor-invisible-space\\\">This is a test biography for Reilly Hawkins. <span class=\\\"redactor-invisible-space\\\">This is a test biography for Reilly Hawkins. <span class=\\\"redactor-invisible-space\\\"><\\/span><\\/span><\\/span><\\/span><br><\\/span><\\/span><\\/span><\\/span><\\/span><\\/span><\\/span><\\/span><\\/span><\\/span><\\/span><\\/p>\",\"4\":\"rhawkins@ideabasekent.com\",\"7\":\"I legally had my name changed in Kindergarten. It used to be Andrew Quaid Hawkins, however there were 4 other \\u201cAndrews\\u201d in my class so my mom wanted it to be more unique. Changed to Reilly William Hawkins.\",\"26\":[\"6\"],\"3\":\"Web Programmer\",\"5\":\"440.221.9193\",\"27\":[\"141\"]}}', '2015-11-05 16:13:49', '2015-11-05 16:13:49', '7f428b60-9751-4b11-a84c-3454229cb6bd'),
 ('65', '120', '3', '87', 'en_us', '2', '', '{\"typeId\":\"3\",\"authorId\":\"87\",\"title\":\"Christopher Hallahan\",\"slug\":\"christopher-hallahan\",\"postDate\":1445536440,\"expiryDate\":null,\"enabled\":1,\"fields\":{\"6\":\"<p>Chris is a full-time user experience designer for<a href=\\\"http:\\/\\/ideabasekent.com\\/\\\"> <u>IdeaBase<\\/u><\\/a> and<a href=\\\"http:\\/\\/www.kent.edu\\/cci\\\"> <u>Kent State University\\u2019s College of Communication and Information<\\/u><\\/a>. He manages research and interactive\\/web projects at IdeaBase, and works one-on-one with IdeaBase students to teach them web design, user experience and content management techniques.<\\/p>\\r\\n<p>His passions include responsive web design, usability, information architecture and content management system design (especially WordPress).  In addition to his work at IdeaBase, he teaches courses in Digital Sciences and Responsive Web Design.<\\/p><br>He is a graduate of Kent State, with a bachelor\\u2019s degree in Electronic Media and master\\u2019s degree in User Experience Design. He lives in Kent, OH.\",\"4\":\"challahan@ideabasekent.com\",\"7\":\"\",\"26\":[\"8\"],\"3\":\"User Experience Designer\",\"5\":\"330.672.3031\",\"27\":[\"134\"]}}', '2015-11-05 16:14:37', '2015-11-05 16:14:37', '351780e1-dc9b-4313-acec-f4a8922fddf1'),
 ('66', '146', '3', '87', 'en_us', '1', '', '{\"typeId\":null,\"authorId\":\"87\",\"title\":\"Quintin Steele\",\"slug\":\"quintin-steele\",\"postDate\":1446740353,\"expiryDate\":null,\"enabled\":1,\"fields\":{\"6\":\"<p>This is Quintin\'s biography.This is Quintin\'s biography.<span class=\\\"redactor-invisible-space\\\">This is Quintin\'s biography.<span class=\\\"redactor-invisible-space\\\">This is Quintin\'s biography.<span class=\\\"redactor-invisible-space\\\">This is Quintin\'s biography.<span class=\\\"redactor-invisible-space\\\">This is Quintin\'s biography.<span class=\\\"redactor-invisible-space\\\">This is Quintin\'s biography.<span class=\\\"redactor-invisible-space\\\">This is Quintin\'s biography.<span class=\\\"redactor-invisible-space\\\">This is Quintin\'s biography.<span class=\\\"redactor-invisible-space\\\"><\\/span><\\/span><\\/span><\\/span><\\/span><\\/span><\\/span><\\/span><\\/p>\",\"4\":\"qsteele@ideabasekent.com\",\"7\":\"This is Quintin\'s fun fact.\",\"26\":[\"5\"],\"3\":\"IdeaBase Creative Director\",\"5\":\"330.672.7300\",\"27\":[\"139\"]}}', '2015-11-05 16:19:13', '2015-11-05 16:19:13', '7f46bf2f-a757-4b44-beb0-106e99d683c0'),
 ('67', '120', '3', '87', 'en_us', '3', '', '{\"typeId\":\"3\",\"authorId\":\"87\",\"title\":\"Christopher Hallahan\",\"slug\":\"christopher-hallahan\",\"postDate\":1445536440,\"expiryDate\":null,\"enabled\":1,\"fields\":{\"6\":\"<p>Chris is a full-time user experience designer for<a href=\\\"http:\\/\\/ideabasekent.com\\/\\\"> <u>IdeaBase<\\/u><\\/a> and<a href=\\\"http:\\/\\/www.kent.edu\\/cci\\\"> <u>Kent State University\\u2019s College of Communication and Information<\\/u><\\/a>. He manages research and interactive\\/web projects at IdeaBase, and works one-on-one with IdeaBase students to teach them web design, user experience and content management techniques.<\\/p><p>His passions include responsive web design, usability, information architecture and content management system design (especially WordPress).  In addition to his work at IdeaBase, he teaches courses in Digital Sciences and Responsive Web Design.<\\/p><br>He is a graduate of Kent State, with a bachelor\\u2019s degree in Electronic Media and master\\u2019s degree in User Experience Design. He lives in Kent, OH.\",\"4\":\"challahan@ideabasekent.com\",\"7\":\"\",\"26\":[\"5\"],\"3\":\"User Experience Designer\",\"5\":\"330.672.3031\",\"27\":[\"134\"]}}', '2015-11-05 16:20:03', '2015-11-05 16:20:03', '347aefa2-8029-4b91-81d8-1fe4adff59d3'),
 ('68', '2', '1', '87', 'en_us', '6', '', '{\"typeId\":null,\"authorId\":null,\"title\":\"IdeaBase Kent New Website\",\"slug\":\"homepage\",\"postDate\":1442581332,\"expiryDate\":null,\"enabled\":1,\"fields\":{\"37\":[\"93\"],\"36\":\"<p>We\\u2019re a Kent State student-powered design agency located in downtown Kent, OH. Our student employees represent a variety of backgrounds and disciplines, united in their passion for creating meaningful designs to support our clients\\u2019 design initiatives. <\\/p><p><br>At IdeaBase, we\\u2019re determined to deliver quality design solutions while equipping our student team with lasting experiential learning opportunities.<br><\\/p>\",\"66\":\"Our design process is tailored to you.\",\"35\":\"Research-based, student-powered design solutions.\",\"68\":\"<p>Our processes deliver results. No matter the industry or design challenge, our past work speaks for itself.<\\/p>\",\"67\":\"Tried-and-True\"}}', '2015-11-05 16:38:59', '2015-11-05 16:38:59', '7b35ff52-78a1-4cf5-91d7-75fbdaa95bce'),
 ('69', '147', '3', '87', 'en_us', '1', '', '{\"typeId\":null,\"authorId\":\"87\",\"title\":\"Victoria Ripepi\",\"slug\":\"victoria-ripepi\",\"postDate\":1446762386,\"expiryDate\":null,\"enabled\":1,\"fields\":{\"6\":\"<p>This is Victoria\'s biography. This is Victoria\'s biography. <span class=\\\"redactor-invisible-space\\\">This is Victoria\'s biography. <span class=\\\"redactor-invisible-space\\\">This is Victoria\'s biography. <span class=\\\"redactor-invisible-space\\\">This is Victoria\'s biography. <span class=\\\"redactor-invisible-space\\\">This is Victoria\'s biography. <span class=\\\"redactor-invisible-space\\\">This is Victoria\'s biography. <span class=\\\"redactor-invisible-space\\\">This is Victoria\'s biography. <span class=\\\"redactor-invisible-space\\\">This is Victoria\'s biography. <span class=\\\"redactor-invisible-space\\\">This is Victoria\'s biography. <span class=\\\"redactor-invisible-space\\\">This is Victoria\'s biography. <span class=\\\"redactor-invisible-space\\\">This is Victoria\'s biography. <span class=\\\"redactor-invisible-space\\\"><\\/span><\\/span><\\/span><\\/span><\\/span><\\/span><\\/span><\\/span><\\/span><\\/span><\\/span><\\/p>\",\"4\":\"vripepi@ideabasekent.com\",\"7\":\"I own 64 pairs of shoes.\",\"26\":[\"6\"],\"3\":\"Event Coordinator\",\"5\":\"N\\/A\",\"27\":[\"142\"]}}', '2015-11-05 22:26:27', '2015-11-05 22:26:27', '24ca48c5-6676-468b-bbb5-d0b49de2f396'),
 ('70', '132', '5', '87', 'en_us', '3', '', '{\"typeId\":\"5\",\"authorId\":\"87\",\"title\":\"Event Planning 101: Victoria Ripepi\",\"slug\":\"event-planning-101-victoria-ripepi\",\"postDate\":1446735900,\"expiryDate\":null,\"enabled\":1,\"fields\":{\"60\":\"\",\"11\":\"<p>Hello, my name is Victoria Ripepi. I am an Interpersonal Communications major who is currently on my 5th year victory lap, but I am set to graduate in May 2016. I am the new event coordinator at IdeaBase.<\\/p><p>As long as I can remember, event planning has been an interest of mine. The first event I planned was in 3rd grade when my teacher asked me to help with a parent-teacher-open house. As a 3rd grader, I basically thought I was the coolest person in the world\\u2026 even though all I really did was set out some flyers, cookies, and juice. But I have enjoyed event planning ever since!<\\/p><p>I think I enjoy event planning because I am so organized, I like to fix problems, I work best under pressure, and I like the exciting\\/nervous feeling you get on the day of the event. A lot of times when I say I want to go into event planning after I graduate people automatically think I mean weddings, but that is not the case. I want to do open houses, launch parties, special-event parties and so on.<\\/p><p>Before working at IdeaBase, I interned in the Spring of 2015 for an awesome company called Rebecca Adele PR & Events. I learned so much about myself and event planning there. One major thing I learned was that I didn\\u2019t want to go into PR after I graduate (the other career path I considered) and event planning is really what I love and have a passion for.<\\/p><p>The owner, Becki, puts on over 10 art shows called the Avant-Garde Art & Craft Shows all throughout Northeast Ohio. There were over 100 vendors at each event and I helped personally put on 4 shows. I also helped in the launch of a new show line called Bump to Bows- A Mommy Boutique Show.<\\/p><p>When it comes to IdeaBase, I actually heard about the agency through one of the managers, Kristin, who is a longtime-family friend. When she told me about IdeaBase it immediately sparked my interest, and when the opportunity for an event coordinator came up, I jumped at it. I really enjoy working here and have already learned so much! IdeaBase is such a fun, encouraging, and helpful work environment. Being new here, whenever I have a question or concern, they immediately do whatever possible to help me. I have also learned so much about what it means working at a design agency and how talented my co-workers are!<\\/p><p>As for my personal life, in my free time you can probably find me outside (if it\\u2019s nice out), at a mall because I have a deep love for clothes and fashion or hanging out with my two cats. I travel at any opportunity I can; I hope to travel to all 50 states one day!<\\/p><p>After graduation I hope to get a job out of state. I am Cleveland born and raised and Ohio will always be home, but I know I need to get out of here and explore more than just my bubble that is Ohio. I like to push myself to always try new things and take opportunities that push me outside my comfort zone because that\\u2019ll only make my comfort zone that much bigger.<\\/p>\",\"49\":\"\"}}', '2015-11-05 22:27:27', '2015-11-05 22:27:27', '74e9bc66-7587-427a-a829-bf3720c98827'),
 ('71', '148', '15', '87', 'en_us', '1', NULL, '{\"typeId\":\"15\",\"authorId\":null,\"title\":\"Projects Homepage\",\"slug\":\"projects-homepage\",\"postDate\":1446819541,\"expiryDate\":null,\"enabled\":1,\"fields\":[]}', '2015-11-06 14:19:01', '2015-11-06 14:19:01', 'e16df361-cf8c-4673-aede-73fba3dc7a2d'),
 ('72', '148', '15', '87', 'en_us', '2', '', '{\"typeId\":\"15\",\"authorId\":null,\"title\":\"Projects Homepage\",\"slug\":\"projects-homepage\",\"postDate\":1446819866,\"expiryDate\":null,\"enabled\":1,\"fields\":{\"71\":\"How we\'re making a difference.\",\"72\":\"<p>We make a positive impact on your design, and our student designers.<\\/p>\",\"74\":\"<p>At IdeaBase, we want our student employees to succeed. Thats\'s why we partner with Glyphix to teach the next generation through studio experiences. Our students develop and exercise project-based skills in marketing, design, research and more. Additionally, our Responsive Web Design class ensures the next generation of designers and developers understand how to create highly functional and usable websites.<\\/p><p><br><\\/p><p>Learn about our transformative classroom experiences.<\\/p>\",\"73\":\"Helping our students succeed.\",\"69\":\"Tried-and-true\",\"70\":\"<p>Our award-winning process delivers quality design solutions that transform our clients\' products.<\\/p>\"}}', '2015-11-06 14:27:52', '2015-11-06 14:27:52', '5159fe4f-d274-4473-98a2-03b62fe1a3c4'),
 ('73', '81', '6', '87', 'en_us', '2', '', '{\"typeId\":\"6\",\"authorId\":\"1\",\"title\":\"ADDY AWARD\",\"slug\":\"award-title\",\"postDate\":1442968620,\"expiryDate\":null,\"enabled\":1,\"fields\":{\"75\":[\"98\"],\"15\":\"\",\"14\":{\"date\":\"9\\/8\\/2015\"},\"13\":\"\",\"16\":\"http:\\/\\/www.google.com\"}}', '2015-11-06 15:06:53', '2015-11-06 15:06:53', '079087dd-284b-4188-9727-3e3286cf2502'),
 ('74', '81', '6', '87', 'en_us', '3', '', '{\"typeId\":\"6\",\"authorId\":\"1\",\"title\":\"ADDY AWARD\",\"slug\":\"award-title\",\"postDate\":1442968620,\"expiryDate\":null,\"enabled\":1,\"fields\":{\"75\":[\"98\"],\"15\":\"\",\"14\":{\"date\":\"9\\/8\\/2015\"},\"13\":\"ADDY AWARD\",\"16\":\"http:\\/\\/www.google.com\"}}', '2015-11-06 15:23:56', '2015-11-06 15:23:56', '02bd20b4-dd84-488d-9ac4-4d75bfcf24f1'),
 ('75', '81', '6', '87', 'en_us', '4', '', '{\"typeId\":\"6\",\"authorId\":\"1\",\"title\":\"ADDY AWARD\",\"slug\":\"award-title\",\"postDate\":1442968620,\"expiryDate\":null,\"enabled\":1,\"fields\":{\"75\":[\"98\"],\"15\":\"\",\"14\":{\"date\":\"9\\/8\\/2015\"},\"13\":\"ADDY AWARD\",\"16\":\"http:\\/\\/www.google.com\"}}', '2015-11-06 15:23:57', '2015-11-06 15:23:57', '88411d6f-4ffc-40f4-9fb6-0348c9bd3c7b'),
 ('76', '81', '6', '87', 'en_us', '5', '', '{\"typeId\":\"6\",\"authorId\":\"1\",\"title\":\"ADDY AWARD\",\"slug\":\"award-title\",\"postDate\":1442968620,\"expiryDate\":null,\"enabled\":1,\"fields\":{\"75\":[\"99\"],\"15\":\"\",\"14\":{\"date\":\"9\\/8\\/2015\"},\"13\":\"ADDY AWARD\",\"16\":\"http:\\/\\/www.google.com\"}}', '2015-11-06 15:33:46', '2015-11-06 15:33:46', '88dd105e-5251-4a57-b0ea-cc924b7fdea3'),
 ('77', '75', '6', '87', 'en_us', '3', '', '{\"typeId\":\"6\",\"authorId\":\"1\",\"title\":\"This is an award\",\"slug\":\"this-is-an-award\",\"postDate\":1442932380,\"expiryDate\":null,\"enabled\":1,\"fields\":{\"75\":[\"98\"],\"15\":\"test \",\"14\":{\"date\":\"9\\/8\\/2015\"},\"13\":\"\",\"16\":\"http:\\/\\/www.google.com\"}}', '2015-11-06 15:45:44', '2015-11-06 15:45:44', 'c19b32ea-01f4-411e-9b63-00116a144acd'),
 ('78', '78', '7', '87', 'en_us', '2', '', '{\"typeId\":\"7\",\"authorId\":\"1\",\"title\":\"this is a testimonial\",\"slug\":\"this-is-a-testimonial\",\"postDate\":1442932620,\"expiryDate\":null,\"enabled\":1,\"fields\":{\"19\":{\"date\":\"\"},\"17\":\"\",\"76\":[\"98\"],\"18\":\"\"}}', '2015-11-06 15:46:55', '2015-11-06 15:46:55', 'a70d1084-e945-4eb2-9ffe-f437afae21d4'),
 ('79', '149', '3', '87', 'en_us', '1', '', '{\"typeId\":null,\"authorId\":\"87\",\"title\":\"Larrie King\",\"slug\":\"larrie-king\",\"postDate\":1447175708,\"expiryDate\":null,\"enabled\":1,\"fields\":{\"6\":\"<p>This is Larrie\'s test bio.<\\/p>\",\"4\":\"lking@ideabasekent.com\",\"7\":\"\",\"26\":[\"5\"],\"3\":\"Creative Director, Glyphix\",\"5\":\"330.672.7300\",\"27\":\"\"}}', '2015-11-10 17:15:08', '2015-11-10 17:15:08', '6db22c73-43a8-4989-981d-ca2a7bbe2c9e'),
 ('80', '109', '12', '87', 'en_us', '4', '', '{\"typeId\":\"12\",\"authorId\":null,\"title\":\"Process Index\",\"slug\":\"process-index\",\"postDate\":1445610309,\"expiryDate\":null,\"enabled\":1,\"fields\":{\"44\":\"This is a Link\",\"79\":\"This is a process Description\",\"43\":[\"110\"],\"42\":\"Our design process is tailored to you.\",\"82\":\"This is the testimonial Description\",\"81\":\"This is the testimonial headline\",\"80\":\"<p>UX Testing Lab Description<\\/p>\"}}', '2015-11-19 15:50:48', '2015-11-19 15:50:48', 'c1bb3419-3279-457c-befb-c101e709471e'),
 ('81', '132', '5', '87', 'en_us', '4', '', '{\"typeId\":\"5\",\"authorId\":\"87\",\"title\":\"Event Planning 101: Victoria Ripepi\",\"slug\":\"event-planning-101-victoria-ripepi\",\"postDate\":1446735900,\"expiryDate\":null,\"enabled\":1,\"fields\":{\"60\":[\"147\"],\"11\":\"<p>Hello, my name is Victoria Ripepi. I am an Interpersonal Communications major who is currently on my 5th year victory lap, but I am set to graduate in May 2016. I am the new event coordinator at IdeaBase.<\\/p><p>As long as I can remember, event planning has been an interest of mine. The first event I planned was in 3rd grade when my teacher asked me to help with a parent-teacher-open house. As a 3rd grader, I basically thought I was the coolest person in the world\\u2026 even though all I really did was set out some flyers, cookies, and juice. But I have enjoyed event planning ever since!<\\/p><p>I think I enjoy event planning because I am so organized, I like to fix problems, I work best under pressure, and I like the exciting\\/nervous feeling you get on the day of the event. A lot of times when I say I want to go into event planning after I graduate people automatically think I mean weddings, but that is not the case. I want to do open houses, launch parties, special-event parties and so on.<\\/p><p>Before working at IdeaBase, I interned in the Spring of 2015 for an awesome company called Rebecca Adele PR & Events. I learned so much about myself and event planning there. One major thing I learned was that I didn\\u2019t want to go into PR after I graduate (the other career path I considered) and event planning is really what I love and have a passion for.<\\/p><p>The owner, Becki, puts on over 10 art shows called the Avant-Garde Art & Craft Shows all throughout Northeast Ohio. There were over 100 vendors at each event and I helped personally put on 4 shows. I also helped in the launch of a new show line called Bump to Bows- A Mommy Boutique Show.<\\/p><p>When it comes to IdeaBase, I actually heard about the agency through one of the managers, Kristin, who is a longtime-family friend. When she told me about IdeaBase it immediately sparked my interest, and when the opportunity for an event coordinator came up, I jumped at it. I really enjoy working here and have already learned so much! IdeaBase is such a fun, encouraging, and helpful work environment. Being new here, whenever I have a question or concern, they immediately do whatever possible to help me. I have also learned so much about what it means working at a design agency and how talented my co-workers are!<\\/p><p>As for my personal life, in my free time you can probably find me outside (if it\\u2019s nice out), at a mall because I have a deep love for clothes and fashion or hanging out with my two cats. I travel at any opportunity I can; I hope to travel to all 50 states one day!<\\/p><p>After graduation I hope to get a job out of state. I am Cleveland born and raised and Ohio will always be home, but I know I need to get out of here and explore more than just my bubble that is Ohio. I like to push myself to always try new things and take opportunities that push me outside my comfort zone because that\\u2019ll only make my comfort zone that much bigger.<\\/p>\",\"49\":\"\"}}', '2015-11-20 14:36:31', '2015-11-20 14:36:31', 'f62f5646-541a-4070-a4d4-fb56649ff19c'),
 ('82', '132', '5', '87', 'en_us', '5', '', '{\"typeId\":\"5\",\"authorId\":\"87\",\"title\":\"Event Planning 101: Victoria Ripepi\",\"slug\":\"event-planning-101-victoria-ripepi\",\"postDate\":1446735900,\"expiryDate\":null,\"enabled\":1,\"fields\":{\"60\":[\"120\"],\"11\":\"<p>Hello, my name is Victoria Ripepi. I am an Interpersonal Communications major who is currently on my 5th year victory lap, but I am set to graduate in May 2016. I am the new event coordinator at IdeaBase.<\\/p><p>As long as I can remember, event planning has been an interest of mine. The first event I planned was in 3rd grade when my teacher asked me to help with a parent-teacher-open house. As a 3rd grader, I basically thought I was the coolest person in the world\\u2026 even though all I really did was set out some flyers, cookies, and juice. But I have enjoyed event planning ever since!<\\/p><p>I think I enjoy event planning because I am so organized, I like to fix problems, I work best under pressure, and I like the exciting\\/nervous feeling you get on the day of the event. A lot of times when I say I want to go into event planning after I graduate people automatically think I mean weddings, but that is not the case. I want to do open houses, launch parties, special-event parties and so on.<\\/p><p>Before working at IdeaBase, I interned in the Spring of 2015 for an awesome company called Rebecca Adele PR & Events. I learned so much about myself and event planning there. One major thing I learned was that I didn\\u2019t want to go into PR after I graduate (the other career path I considered) and event planning is really what I love and have a passion for.<\\/p><p>The owner, Becki, puts on over 10 art shows called the Avant-Garde Art & Craft Shows all throughout Northeast Ohio. There were over 100 vendors at each event and I helped personally put on 4 shows. I also helped in the launch of a new show line called Bump to Bows- A Mommy Boutique Show.<\\/p><p>When it comes to IdeaBase, I actually heard about the agency through one of the managers, Kristin, who is a longtime-family friend. When she told me about IdeaBase it immediately sparked my interest, and when the opportunity for an event coordinator came up, I jumped at it. I really enjoy working here and have already learned so much! IdeaBase is such a fun, encouraging, and helpful work environment. Being new here, whenever I have a question or concern, they immediately do whatever possible to help me. I have also learned so much about what it means working at a design agency and how talented my co-workers are!<\\/p><p>As for my personal life, in my free time you can probably find me outside (if it\\u2019s nice out), at a mall because I have a deep love for clothes and fashion or hanging out with my two cats. I travel at any opportunity I can; I hope to travel to all 50 states one day!<\\/p><p>After graduation I hope to get a job out of state. I am Cleveland born and raised and Ohio will always be home, but I know I need to get out of here and explore more than just my bubble that is Ohio. I like to push myself to always try new things and take opportunities that push me outside my comfort zone because that\\u2019ll only make my comfort zone that much bigger.<\\/p>\",\"49\":\"\"}}', '2015-11-20 14:37:04', '2015-11-20 14:37:04', '11cb0962-bb5c-4946-9e26-3ede426c5e08'),
 ('83', '157', '16', '87', 'en_us', '1', NULL, '{\"typeId\":\"16\",\"authorId\":null,\"title\":\"Project List\",\"slug\":\"project-list\",\"postDate\":1448379001,\"expiryDate\":null,\"enabled\":1,\"fields\":[]}', '2015-11-24 15:30:01', '2015-11-24 15:30:01', 'd296e29a-2256-4030-8a38-d76724dfd27f'),
 ('84', '157', '16', '87', 'en_us', '2', '', '{\"typeId\":null,\"authorId\":null,\"title\":\"Project List\",\"slug\":\"project-list\",\"postDate\":1448379001,\"expiryDate\":null,\"enabled\":1,\"fields\":{\"69\":\"Project Headline\",\"70\":\"<p>Project Description<\\/p>\"}}', '2015-11-24 15:30:48', '2015-11-24 15:30:48', '6c51736f-ec21-4826-87ad-87d37b619c98'),
 ('85', '98', '4', '87', 'en_us', '2', '', '{\"typeId\":\"4\",\"authorId\":\"87\",\"title\":\"Project Title 1\",\"slug\":\"project-title-1\",\"postDate\":1444000620,\"expiryDate\":null,\"enabled\":1,\"fields\":{\"61\":\"\",\"9\":\"This is Project 1\",\"88\":[\"152\"],\"46\":\"\",\"48\":\"\"}}', '2015-11-24 15:40:10', '2015-11-24 15:40:10', '1b732abc-8d80-42f1-a8e5-a6e8df4782db'),
 ('86', '99', '4', '87', 'en_us', '3', '', '{\"typeId\":\"4\",\"authorId\":\"87\",\"title\":\"Project Title 2\",\"slug\":\"project-title-2\",\"postDate\":1444000620,\"expiryDate\":null,\"enabled\":1,\"fields\":{\"61\":[\"67\"],\"9\":\"This is Project 2\",\"88\":[\"150\"],\"46\":\"\",\"48\":\"\"}}', '2015-11-24 15:40:19', '2015-11-24 15:40:19', '3df48dfa-9622-4bca-a673-7e83580d5f01'),
 ('87', '74', '4', '87', 'en_us', '2', '', '{\"typeId\":\"4\",\"authorId\":\"1\",\"title\":\"project title\",\"slug\":\"project-title\",\"postDate\":1442932080,\"expiryDate\":null,\"enabled\":1,\"fields\":{\"61\":\"\",\"9\":\"asdf\",\"88\":[\"155\"],\"46\":\"\",\"48\":\"\"}}', '2015-11-24 15:40:28', '2015-11-24 15:40:28', '3a899d80-269e-4048-886d-fae9967791e5'),
 ('88', '74', '4', '87', 'en_us', '3', '', '{\"typeId\":\"4\",\"authorId\":\"1\",\"title\":\"project title\",\"slug\":\"project-title\",\"postDate\":1442932080,\"expiryDate\":null,\"enabled\":1,\"fields\":{\"61\":\"\",\"9\":\"asdf\",\"88\":[\"155\"],\"46\":\"\",\"48\":\"\"}}', '2015-11-24 15:40:39', '2015-11-24 15:40:39', '90c9775c-8d22-4e48-bfa6-8cfac6825401'),
 ('89', '101', '4', '87', 'en_us', '4', '', '{\"typeId\":\"4\",\"authorId\":\"87\",\"title\":\"Project 3\",\"slug\":\"project-3\",\"postDate\":1444000620,\"expiryDate\":null,\"enabled\":1,\"fields\":{\"61\":\"\",\"9\":\"This is a description of project 3. This is a description of project 3. This is a description of project 3. This is a description of project 3. This is a description of project 3.\",\"88\":[\"152\"],\"46\":[\"115\"],\"48\":[\"116\"]}}', '2015-11-24 15:41:05', '2015-11-24 15:41:05', 'c0123b03-6220-4a32-ac4c-d2e6ae3fb813'),
 ('90', '67', '3', '87', 'en_us', '10', '', '{\"typeId\":\"3\",\"authorId\":\"1\",\"title\":\"Reilly Hawkins\",\"slug\":\"reilly-hawkins\",\"postDate\":1442584980,\"expiryDate\":null,\"enabled\":1,\"fields\":{\"6\":\"<p>This is a test biography for Reilly Hawkins. This is a test biography for Reilly Hawkins. This is a test biography for Reilly Hawkins. This is a test biography for Reilly Hawkins. This is a test biography for Reilly Hawkins. This is a test biography for Reilly Hawkins. This is a test biography for Reilly Hawkins. This is a test biography for Reilly Hawkins. This is a test biography for Reilly Hawkins. This is a test biography for Reilly Hawkins. This is a test biography for Reilly Hawkins.\\r\\n<\\/p><p><br>\\r\\n<\\/p><p>This is a test biography for Reilly Hawkins. This is a test biography for Reilly Hawkins. This is a test biography for Reilly Hawkins. This is a test biography for Reilly Hawkins. This is a test biography for Reilly Hawkins. <br>\\r\\n<\\/p>\",\"77\":\"\",\"4\":\"rhawkins@ideabasekent.com\",\"7\":\"I legally had my name changed in Kindergarten. It used to be Andrew Quaid Hawkins, however there were 4 other \\u201cAndrews\\u201d in my class so my mom wanted it to be more unique. Changed to Reilly William Hawkins.\",\"26\":[\"6\"],\"3\":\"Web Programmer\",\"5\":\"440.221.9193\",\"27\":[\"141\"],\"89\":{\"new1\":{\"type\":\"socName\",\"enabled\":\"1\",\"fields\":{\"socMediaName\":\"LinkedIn\",\"socMediaLink\":\"<p><a href=\\\"http:\\/\\/www.linkedin.com\\\">http:\\/\\/www.linkedin.com<\\/a>\\r\\n<\\/p>\"}},\"new2\":{\"type\":\"socName\",\"enabled\":\"1\",\"fields\":{\"socMediaName\":\"Twitter\",\"socMediaLink\":\"<p>http:\\/\\/www.twitter.com<\\/p>\"}}}}}', '2015-11-25 21:34:25', '2015-11-25 21:34:25', '4838b433-80f3-40ea-baea-9719670d7248'),
 ('91', '67', '3', '87', 'en_us', '11', '', '{\"typeId\":\"3\",\"authorId\":\"1\",\"title\":\"Reilly Hawkins\",\"slug\":\"reilly-hawkins\",\"postDate\":1442584980,\"expiryDate\":null,\"enabled\":1,\"fields\":{\"6\":\"<p>This is a test biography for Reilly Hawkins. This is a test biography for Reilly Hawkins. This is a test biography for Reilly Hawkins. This is a test biography for Reilly Hawkins. This is a test biography for Reilly Hawkins. This is a test biography for Reilly Hawkins. This is a test biography for Reilly Hawkins. This is a test biography for Reilly Hawkins. This is a test biography for Reilly Hawkins. This is a test biography for Reilly Hawkins. This is a test biography for Reilly Hawkins.\\r\\n<\\/p><p><br>\\r\\n<\\/p><p>This is a test biography for Reilly Hawkins. This is a test biography for Reilly Hawkins. This is a test biography for Reilly Hawkins. This is a test biography for Reilly Hawkins. This is a test biography for Reilly Hawkins. <br>\\r\\n<\\/p>\",\"77\":\"\",\"4\":\"rhawkins@ideabasekent.com\",\"7\":\"I legally had my name changed in Kindergarten. It used to be Andrew Quaid Hawkins, however there were 4 other \\u201cAndrews\\u201d in my class so my mom wanted it to be more unique. Changed to Reilly William Hawkins.\",\"26\":[\"6\"],\"3\":\"Web Programmer\",\"5\":\"440.221.9193\",\"27\":[\"141\"],\"89\":{\"158\":{\"type\":\"staffSocName\",\"enabled\":\"1\",\"fields\":{\"staffSocName\":\"LinkedIn\",\"staffSocLink\":\"<p><a href=\\\"http:\\/\\/www.linkedin.com\\\">http:\\/\\/www.linkedin.com<\\/a>\\r\\n<\\/p>\"}},\"159\":{\"type\":\"staffSocName\",\"enabled\":\"1\",\"fields\":{\"staffSocName\":\"Twitter\",\"staffSocLink\":\"<p><a href=\\\"http:\\/\\/www.twitter.com\\\">http:\\/\\/www.twitter.com<\\/a><\\/p>\"}}}}}', '2015-11-25 21:43:05', '2015-11-25 21:43:05', '61166230-8c6b-4cdf-a7d1-7200cec01176'),
 ('92', '132', '5', '87', 'en_us', '6', '', '{\"typeId\":\"5\",\"authorId\":\"87\",\"title\":\"Event Planning 101: Victoria Ripepi\",\"slug\":\"event-planning-101-victoria-ripepi\",\"postDate\":1446735900,\"expiryDate\":null,\"enabled\":1,\"fields\":{\"60\":[\"120\"],\"11\":\"<p>Hello, my name is Victoria Ripepi. I am an Interpersonal Communications major who is currently on my 5th year victory lap, but I am set to graduate in May 2016. I am the new event coordinator at IdeaBase.<\\/p><p>As long as I can remember, event planning has been an interest of mine. The first event I planned was in 3rd grade when my teacher asked me to help with a parent-teacher-open house. As a 3rd grader, I basically thought I was the coolest person in the world\\u2026 even though all I really did was set out some flyers, cookies, and juice. But I have enjoyed event planning ever since!<\\/p><p>I think I enjoy event planning because I am so organized, I like to fix problems, I work best under pressure, and I like the exciting\\/nervous feeling you get on the day of the event. A lot of times when I say I want to go into event planning after I graduate people automatically think I mean weddings, but that is not the case. I want to do open houses, launch parties, special-event parties and so on.<\\/p><p>Before working at IdeaBase, I interned in the Spring of 2015 for an awesome company called Rebecca Adele PR & Events. I learned so much about myself and event planning there. One major thing I learned was that I didn\\u2019t want to go into PR after I graduate (the other career path I considered) and event planning is really what I love and have a passion for.<\\/p><p>The owner, Becki, puts on over 10 art shows called the Avant-Garde Art & Craft Shows all throughout Northeast Ohio. There were over 100 vendors at each event and I helped personally put on 4 shows. I also helped in the launch of a new show line called Bump to Bows- A Mommy Boutique Show.<\\/p><p>When it comes to IdeaBase, I actually heard about the agency through one of the managers, Kristin, who is a longtime-family friend. When she told me about IdeaBase it immediately sparked my interest, and when the opportunity for an event coordinator came up, I jumped at it. I really enjoy working here and have already learned so much! IdeaBase is such a fun, encouraging, and helpful work environment. Being new here, whenever I have a question or concern, they immediately do whatever possible to help me. I have also learned so much about what it means working at a design agency and how talented my co-workers are!<\\/p><p>As for my personal life, in my free time you can probably find me outside (if it\\u2019s nice out), at a mall because I have a deep love for clothes and fashion or hanging out with my two cats. I travel at any opportunity I can; I hope to travel to all 50 states one day!<\\/p><p>After graduation I hope to get a job out of state. I am Cleveland born and raised and Ohio will always be home, but I know I need to get out of here and explore more than just my bubble that is Ohio. I like to push myself to always try new things and take opportunities that push me outside my comfort zone because that\\u2019ll only make my comfort zone that much bigger.<\\/p>\",\"92\":[\"114\"],\"49\":\"\"}}', '2015-11-25 21:55:43', '2015-11-25 21:55:43', 'be509c48-a940-4da7-b8d1-09d1c7bdff68'),
 ('93', '95', '10', '87', 'en_us', '3', '', '{\"typeId\":\"10\",\"authorId\":\"87\",\"title\":\"Service 1\",\"slug\":\"service-1\",\"postDate\":1443826380,\"expiryDate\":null,\"enabled\":1,\"fields\":{\"21\":\"This is service 1\",\"94\":[\"160\"],\"47\":[\"112\"],\"20\":\"\"}}', '2015-12-01 15:47:23', '2015-12-01 15:47:23', '24b311b8-4a3e-439b-88e6-cd8c0aae37ba'),
 ('94', '95', '10', '87', 'en_us', '4', '', '{\"typeId\":\"10\",\"authorId\":\"87\",\"title\":\"Service 1\",\"slug\":\"service-1\",\"postDate\":1443826380,\"expiryDate\":null,\"enabled\":1,\"fields\":{\"21\":\"This is service 1\",\"95\":{\"new6\":{\"type\":\"processMatrix\",\"enabled\":\"1\",\"fields\":{\"homeProcessName\":\"This is the homepage Name\",\"homeProcessDescripton\":\"<p>Homepage Description<\\/p>\"}},\"new7\":{\"type\":\"homeProcessExample\",\"enabled\":\"1\",\"fields\":{\"homeProcessExamples\":\"Example 1\"}},\"new8\":{\"type\":\"homeProcessExample\",\"enabled\":\"1\",\"fields\":{\"homeProcessExamples\":\"Example 2\"}},\"new9\":{\"type\":\"homeProcessExample\",\"enabled\":\"1\",\"fields\":{\"homeProcessExamples\":\"Example 3\"}}},\"94\":[\"160\"],\"47\":[\"112\"],\"20\":\"\"}}', '2015-12-01 16:18:17', '2015-12-01 16:18:17', 'bd225ed7-0185-4dda-90d8-c0f0e864d3a7'),
 ('95', '109', '12', '87', 'en_us', '5', '', '{\"typeId\":\"12\",\"authorId\":null,\"title\":\"Process Index\",\"slug\":\"process-index\",\"postDate\":1445610309,\"expiryDate\":null,\"enabled\":1,\"fields\":{\"44\":\"This is a Link\",\"79\":\"This is a process Description\",\"43\":[\"110\"],\"42\":\"Our design process is tailored to you.\",\"95\":{\"new1\":{\"type\":\"processMatrix\",\"enabled\":\"1\",\"fields\":{\"homeProcessName\":\"Service Name\",\"homeProcessDescripton\":\"<p style=\\\"margin-left: 20px;\\\">Service Description<\\/p>\"}}},\"82\":\"This is the testimonial Description\",\"81\":\"This is the testimonial headline\",\"80\":\"<p>UX Testing Lab Description<\\/p>\"}}', '2015-12-01 17:29:03', '2015-12-01 17:29:03', '00f6be37-cf68-4bcc-8493-59f66cf337da'),
 ('96', '109', '12', '87', 'en_us', '6', '', '{\"typeId\":\"12\",\"authorId\":null,\"title\":\"Process Index\",\"slug\":\"process-index\",\"postDate\":1445610309,\"expiryDate\":null,\"enabled\":1,\"fields\":{\"44\":\"This is a Link\",\"79\":\"This is a process Description\",\"43\":[\"110\"],\"42\":\"Our design process is tailored to you.\",\"95\":{\"165\":{\"type\":\"processMatrix\",\"enabled\":\"1\",\"fields\":{\"homeProcessName\":\"Service Name\",\"homeProcessDescripton\":\"<p>Service Description\\r\\n<\\/p>\"}}},\"82\":\"This is the testimonial Description\",\"81\":\"This is the testimonial headline\",\"80\":\"<p>UX Testing Lab Description\\r\\n<\\/p>\"}}', '2015-12-01 17:30:35', '2015-12-01 17:30:35', '0f4f3e11-2d4d-414a-a883-aa4d2e7fcfb6'),
 ('97', '109', '12', '87', 'en_us', '7', '', '{\"typeId\":\"12\",\"authorId\":null,\"title\":\"Process Index\",\"slug\":\"process-index\",\"postDate\":1445610309,\"expiryDate\":null,\"enabled\":1,\"fields\":{\"44\":\"This is a Link\",\"79\":\"This is a process Description\",\"43\":[\"110\"],\"42\":\"Our design process is tailored to you.\",\"95\":{\"165\":{\"type\":\"processMatrix\",\"enabled\":\"1\",\"fields\":{\"homeProcessName\":\"Service Name\",\"homeProcessDescripton\":\"<p>Service Description\\r\\n<\\/p>\"}},\"new1\":{\"type\":\"homeProcessExample\",\"enabled\":\"1\",\"fields\":{\"homeProcessExamples\":\"examples\"}},\"new2\":{\"type\":\"homeProcessExample\",\"enabled\":\"1\",\"fields\":{\"homeProcessExamples\":\"examples\"}}},\"82\":\"This is the testimonial Description\",\"81\":\"This is the testimonial headline\",\"80\":\"<p>UX Testing Lab Description\\r\\n<\\/p>\"}}', '2015-12-01 17:31:43', '2015-12-01 17:31:43', '0a174503-37d1-41ae-b36f-0e73e2fea17d'),
 ('98', '109', '12', '87', 'en_us', '8', '', '{\"typeId\":\"12\",\"authorId\":null,\"title\":\"Process Index\",\"slug\":\"process-index\",\"postDate\":1445610309,\"expiryDate\":null,\"enabled\":1,\"fields\":{\"44\":\"This is a Link\",\"79\":\"This is a process Description\",\"43\":[\"110\"],\"42\":\"Our design process is tailored to you.\",\"95\":{\"165\":{\"type\":\"processMatrix\",\"enabled\":\"1\",\"fields\":{\"homeProcessName\":\"Service Name\",\"homeProcessDescripton\":\"<p>Service Description\\r\\n<\\/p>\"}},\"166\":{\"type\":\"homeProcessExample\",\"enabled\":\"1\",\"fields\":{\"homeProcessExamples\":\"examples\"}},\"167\":{\"type\":\"homeProcessExample\",\"enabled\":\"1\",\"fields\":{\"homeProcessExamples\":\"examples\"}},\"new1\":{\"type\":\"processMatrix\",\"enabled\":\"1\",\"fields\":{\"homeProcessName\":\"Service 2\",\"homeProcessDescripton\":\"<p>Service 2 description<\\/p>\"}},\"new2\":{\"type\":\"homeProcessExample\",\"enabled\":\"1\",\"fields\":{\"homeProcessExamples\":\"service 2 example\"}}},\"82\":\"This is the testimonial Description\",\"81\":\"This is the testimonial headline\",\"80\":\"<p>UX Testing Lab Description\\r\\n<\\/p>\"}}', '2015-12-01 17:32:47', '2015-12-01 17:32:47', '007ed1db-8f42-478c-9f99-fe5379184787'),
 ('99', '109', '12', '87', 'en_us', '9', '', '{\"typeId\":\"12\",\"authorId\":null,\"title\":\"Process Index\",\"slug\":\"process-index\",\"postDate\":1445610309,\"expiryDate\":null,\"enabled\":1,\"fields\":{\"44\":\"This is a Link\",\"79\":\"This is a process Description\",\"43\":[\"110\"],\"42\":\"Our design process is tailored to you.\",\"95\":{\"165\":{\"type\":\"processMatrix\",\"enabled\":\"1\",\"fields\":{\"homeProcessName\":\"Service Name\",\"homeProcessDescripton\":\"<p>Service Description\\r\\n<\\/p>\",\"homeProcessExampleTable\":[{\"col2\":\"test\"},{\"col2\":\"test\"}]}}},\"82\":\"This is the testimonial Description\",\"81\":\"This is the testimonial headline\",\"80\":\"<p>UX Testing Lab Description\\r\\n<\\/p>\"}}', '2015-12-01 17:39:59', '2015-12-01 17:39:59', 'ea912465-9f02-44de-a289-a6aebf2e7728'),
 ('100', '109', '12', '87', 'en_us', '10', '', '{\"typeId\":\"12\",\"authorId\":null,\"title\":\"Process Index\",\"slug\":\"process-index\",\"postDate\":1445610309,\"expiryDate\":null,\"enabled\":1,\"parentId\":null,\"fields\":{\"44\":\"This is a Link\",\"79\":\"This is a process Description\",\"43\":[\"110\"],\"42\":\"Our design process is tailored to you.\",\"95\":{\"165\":{\"type\":\"processMatrix\",\"enabled\":\"1\",\"fields\":{\"homeProcessName\":\"Service Name\",\"homeProcessDescripton\":\"<p>Service Description\\r\\n<\\/p>\",\"homeProcessExampleTable\":[{\"col2\":\"test\"},{\"col2\":\"test\"}],\"icon1\":[\"106\"],\"icon2\":[\"134\"],\"icon3\":\"\",\"icon4\":\"\",\"homepageIcon\":\"\"}}},\"82\":\"This is the testimonial Description\",\"81\":\"This is the testimonial headline\",\"80\":\"<p>UX Testing Lab Description\\r\\n<\\/p>\"}}', '2015-12-03 17:22:58', '2015-12-03 17:22:58', 'ff6fa9df-8b08-4e5d-92ca-a87bb69afb6c'),
 ('101', '109', '12', '87', 'en_us', '11', '', '{\"typeId\":\"12\",\"authorId\":null,\"title\":\"Process Index\",\"slug\":\"process-index\",\"postDate\":1445610309,\"expiryDate\":null,\"enabled\":1,\"parentId\":null,\"fields\":{\"44\":\"This is a Link\",\"79\":\"This is a process Description\",\"43\":[\"110\"],\"42\":\"Our design process is tailored to you.\",\"95\":{\"165\":{\"type\":\"processMatrix\",\"enabled\":\"1\",\"fields\":{\"homeProcessName\":\"Service Name\",\"homeProcessDescripton\":\"<p>Service Description\\r\\n<\\/p>\",\"homeProcessExampleTable\":[{\"col2\":\"test\"},{\"col2\":\"test\"}],\"icon1\":\"\",\"icon2\":\"\",\"icon3\":\"\",\"icon4\":\"\",\"homepageIcon\":\"\"}}},\"82\":\"This is the testimonial Description\",\"81\":\"This is the testimonial headline\",\"80\":\"<p>UX Testing Lab Description\\r\\n<\\/p>\"}}', '2015-12-03 17:24:59', '2015-12-03 17:24:59', '8c71204b-a4ef-4943-8de6-557450c734bc'),
 ('102', '109', '12', '87', 'en_us', '12', '', '{\"typeId\":\"12\",\"authorId\":null,\"title\":\"Process Index\",\"slug\":\"process-index\",\"postDate\":1445610309,\"expiryDate\":null,\"enabled\":1,\"parentId\":null,\"fields\":{\"44\":\"This is a Link\",\"79\":\"This is a process Description\",\"43\":[\"110\"],\"42\":\"Our design process is tailored to you.\",\"95\":{\"165\":{\"type\":\"processMatrix\",\"enabled\":\"1\",\"fields\":{\"homeProcessName\":\"Service Name\",\"homeProcessDescripton\":\"<p>Service Description\\r\\n<\\/p>\",\"homeProcessExampleTable\":[{\"col2\":\"test\"},{\"col2\":\"test\"}],\"icon1\":\"\",\"icon2\":\"\",\"icon3\":\"\",\"icon4\":\"\",\"homepageIcon\":\"\"}}},\"82\":\"This is the testimonial Description\",\"81\":\"This is the testimonial headline\",\"80\":\"<p>UX Testing Lab Description\\r\\n<\\/p>\"}}', '2015-12-03 17:26:57', '2015-12-03 17:26:57', '4218dcd1-8496-469e-afdc-857549521617'),
 ('103', '109', '12', '87', 'en_us', '13', '', '{\"typeId\":\"12\",\"authorId\":null,\"title\":\"Process Index\",\"slug\":\"process-index\",\"postDate\":1445610309,\"expiryDate\":null,\"enabled\":1,\"parentId\":null,\"fields\":{\"44\":\"This is a Link\",\"79\":\"This is a process Description\",\"43\":[\"110\"],\"42\":\"Our design process is tailored to you.\",\"95\":{\"165\":{\"type\":\"processMatrix\",\"enabled\":\"1\",\"fields\":{\"homeProcessName\":\"Service Name\",\"homeProcessDescripton\":\"<p>Service Description\\r\\n<\\/p>\",\"homeProcessExampleTable\":[{\"col2\":\"test\"},{\"col2\":\"test\"}],\"icon1\":\"\",\"icon2\":\"\",\"icon3\":\"\",\"icon4\":\"\",\"homepageIcon\":\"\"}},\"new1\":{\"type\":\"processMatrix\",\"enabled\":\"1\",\"fields\":{\"homeProcessName\":\"Service 2\",\"homeProcessDescripton\":\"<p>Description<\\/p>\",\"homeProcessExampleTable\":[{\"col2\":\"lol\"},{\"col2\":\"lol\"}],\"icon1\":\"\",\"icon2\":\"\",\"icon3\":\"\",\"icon4\":\"\",\"homepageIcon\":\"\"}}},\"82\":\"This is the testimonial Description\",\"81\":\"This is the testimonial headline\",\"80\":\"<p>UX Testing Lab Description\\r\\n<\\/p>\"}}', '2015-12-03 17:33:36', '2015-12-03 17:33:36', '84114885-2053-4483-8cbc-04383586299d'),
 ('104', '109', '12', '87', 'en_us', '14', '', '{\"typeId\":\"12\",\"authorId\":null,\"title\":\"Process Index\",\"slug\":\"process-index\",\"postDate\":1445610309,\"expiryDate\":null,\"enabled\":1,\"parentId\":null,\"fields\":{\"44\":\"This is a Link\",\"79\":\"This is a process Description\",\"43\":[\"110\"],\"42\":\"Our design process is tailored to you.\",\"95\":{\"165\":{\"type\":\"processMatrix\",\"enabled\":\"1\",\"fields\":{\"homeProcessName\":\"Service Name\",\"homeProcessDescripton\":\"<p>Service Description\\r\\n<\\/p>\",\"homeProcessExampleTable\":[{\"col2\":\"test\"},{\"col2\":\"test\"}],\"icon1\":[\"133\"],\"icon2\":[\"134\"],\"icon3\":[\"133\"],\"icon4\":\"\",\"homepageIcon\":\"\"}},\"166\":{\"type\":\"processMatrix\",\"enabled\":\"1\",\"fields\":{\"homeProcessName\":\"Service 2\",\"homeProcessDescripton\":\"<p>Description<\\/p>\",\"homeProcessExampleTable\":[{\"col2\":\"lol\"},{\"col2\":\"lol\"}],\"icon1\":\"\",\"icon2\":\"\",\"icon3\":\"\",\"icon4\":\"\",\"homepageIcon\":\"\"}}},\"82\":\"This is the testimonial Description\",\"81\":\"This is the testimonial headline\",\"80\":\"<p>UX Testing Lab Description\\r\\n<\\/p>\"}}', '2015-12-03 17:37:37', '2015-12-03 17:37:37', '7b43d044-d113-47c4-8a2f-deda38230d20'),
 ('105', '109', '12', '87', 'en_us', '15', '', '{\"typeId\":\"12\",\"authorId\":null,\"title\":\"Process Index\",\"slug\":\"process-index\",\"postDate\":1445610309,\"expiryDate\":null,\"enabled\":1,\"parentId\":null,\"fields\":{\"44\":\"This is a Link\",\"79\":\"This is a process Description\",\"43\":[\"110\"],\"42\":\"Our design process is tailored to you.\",\"95\":{\"165\":{\"type\":\"processMatrix\",\"enabled\":\"1\",\"fields\":{\"homeProcessName\":\"Discover\",\"homeProcessDescripton\":\"<p>who your users are and what they are looking for in your product<\\/p>\",\"homeProcessExampleTable\":[{\"col2\":\"User interviews\"},{\"col2\":\"Surveys\"},{\"col2\":\"Competitive analysis\"},{\"col2\":\"Persona development\"}],\"icon1\":[\"133\"],\"icon2\":[\"134\"],\"icon3\":[\"133\"],\"icon4\":\"\",\"homepageIcon\":\"\",\"homepageDescription\":\"<p>Our targeted user research methods empower you to more effectively address your users\' needs<\\/p>\"}},\"166\":{\"type\":\"processMatrix\",\"enabled\":\"1\",\"fields\":{\"homeProcessName\":\"Design\",\"homeProcessDescripton\":\"<p>a product that will deliver on user and business needs<\\/p>\",\"homeProcessExampleTable\":[{\"col2\":\"Visual\\/graphic design\"},{\"col2\":\"Video production\"},{\"col2\":\"Web development\"},{\"col2\":\"Content strategy & information architecture\"},{\"col2\":\"Prototyping & product development\"},{\"col2\":\"Environmental design\"},{\"col2\":\"Brand identity\"},{\"col2\":\"Social media & public relations\"}],\"icon1\":\"\",\"icon2\":\"\",\"icon3\":\"\",\"icon4\":\"\",\"homepageIcon\":\"\",\"homepageDescription\":\"<p>Our design strategies, whether through print, video or web, deliver custom solutions that promote both business and customer needs.<\\/p>\"}},\"new1\":{\"type\":\"processMatrix\",\"enabled\":\"1\",\"fields\":{\"homeProcessName\":\"Refine\",\"homeProcessDescripton\":\"<p>an existing product with our advanced usability testing<\\/p>\",\"homeProcessExampleTable\":[{\"col2\":\"In-person usability testing\"},{\"col2\":\"Remote usability testing\"},{\"col2\":\"Device & performance testing*\"},{\"col2\":\"Tobii Eyetracking\"}],\"icon1\":\"\",\"icon2\":\"\",\"icon3\":\"\",\"icon4\":\"\",\"homepageIcon\":\"\",\"homepageDescription\":\"<p>Our advanced usability testing tools, including eye tracking, allow you to evaluate the effectiveness of design solutions.<\\/p>\"}}},\"82\":\"This is the testimonial Description\",\"81\":\"This is the testimonial headline\",\"80\":\"<p>UX Testing Lab Description\\r\\n<\\/p>\"}}', '2015-12-03 20:15:41', '2015-12-03 20:15:41', '2dffd0b7-aa3f-4632-a16d-abc9901b5ca7'),
 ('106', '109', '12', '87', 'en_us', '16', '', '{\"typeId\":\"12\",\"authorId\":null,\"title\":\"Process Index\",\"slug\":\"process-index\",\"postDate\":1445610309,\"expiryDate\":null,\"enabled\":1,\"parentId\":null,\"fields\":{\"44\":\"This is a Link\",\"79\":\"This is a process Description\",\"43\":[\"110\"],\"42\":\"Our design process is tailored to you.\",\"95\":{\"165\":{\"type\":\"processMatrix\",\"enabled\":\"1\",\"fields\":{\"homeProcessName\":\"Discover\",\"homeProcessDescription\":\"<p>who your users are and what they are looking for in your product<\\/p>\",\"homeProcessExampleTable\":[{\"col2\":\"User interviews\"},{\"col2\":\"Surveys\"},{\"col2\":\"Competitive analysis\"},{\"col2\":\"Persona development\"}],\"icon1\":[\"168\"],\"icon2\":[\"168\"],\"icon3\":[\"168\"],\"icon4\":[\"168\"],\"homepageIcon\":[\"168\"],\"homepageDescription\":\"<p>Our targeted user research methods empower you to more effectively address your users\' needs<\\/p>\"}},\"166\":{\"type\":\"processMatrix\",\"enabled\":\"1\",\"fields\":{\"homeProcessName\":\"Design\",\"homeProcessDescription\":\"<p>a product that will deliver on user and business needs<\\/p>\",\"homeProcessExampleTable\":[{\"col2\":\"Visual\\/graphic design\"},{\"col2\":\"Video production\"},{\"col2\":\"Web development\"},{\"col2\":\"Content strategy & information architecture\"},{\"col2\":\"Prototyping & product development\"},{\"col2\":\"Environmental design\"},{\"col2\":\"Brand identity\"},{\"col2\":\"Social media & public relations\"}],\"icon1\":[\"168\"],\"icon2\":[\"168\"],\"icon3\":[\"168\"],\"icon4\":[\"168\"],\"homepageIcon\":[\"168\"],\"homepageDescription\":\"<p>Our design strategies, whether through print, video or web, deliver custom solutions that promote both business and customer needs.<\\/p>\"}},\"167\":{\"type\":\"processMatrix\",\"enabled\":\"1\",\"fields\":{\"homeProcessName\":\"Refine\",\"homeProcessDescription\":\"<p>an existing product with our advanced usability testing<\\/p>\",\"homeProcessExampleTable\":[{\"col2\":\"In-person usability testing\"},{\"col2\":\"Remote usability testing\"},{\"col2\":\"Device & performance testing*\"},{\"col2\":\"Tobii Eyetracking\"}],\"icon1\":[\"168\"],\"icon2\":[\"168\"],\"icon3\":[\"168\"],\"icon4\":[\"168\"],\"homepageIcon\":[\"168\"],\"homepageDescription\":\"<p>Our advanced usability testing tools, including eye tracking, allow you to evaluate the effectiveness of design solutions.<\\/p>\"}}},\"82\":\"This is the testimonial Description\",\"81\":\"This is the testimonial headline\",\"80\":\"<p>UX Testing Lab Description\\r\\n<\\/p>\"}}', '2015-12-03 23:00:02', '2015-12-03 23:00:02', '30e00d27-3749-4665-8c73-3b33e2323916'),
 ('107', '169', '4', '87', 'en_us', '1', '', '{\"typeId\":null,\"authorId\":\"87\",\"title\":\"test\",\"slug\":\"test\",\"postDate\":1449595153,\"expiryDate\":null,\"enabled\":1,\"parentId\":null,\"fields\":{\"61\":\"\",\"9\":\"\",\"88\":[\"152\"],\"46\":\"\",\"48\":\"\"}}', '2015-12-08 17:19:14', '2015-12-08 17:19:14', 'e5efdc3d-d895-4f14-92f3-2a7e1aac9ffc'),
 ('108', '170', '4', '87', 'en_us', '1', '', '{\"typeId\":null,\"authorId\":\"87\",\"title\":\"another test\",\"slug\":\"another-test\",\"postDate\":1449595166,\"expiryDate\":null,\"enabled\":1,\"parentId\":null,\"fields\":{\"61\":\"\",\"9\":\"\",\"88\":[\"152\"],\"46\":\"\",\"48\":\"\"}}', '2015-12-08 17:19:26', '2015-12-08 17:19:26', '05b5c615-d288-463d-b7af-064ffc491acb');

INSERT INTO `craft_entryversions` (`id`, `entryId`, `sectionId`, `creatorId`, `locale`, `num`, `notes`, `data`, `dateCreated`, `dateUpdated`, `uid`) VALUES
 ('109', '101', '4', '87', 'en_us', '5', '', '{\"typeId\":\"4\",\"authorId\":\"87\",\"title\":\"Project 3\",\"slug\":\"project-3\",\"postDate\":1444000620,\"expiryDate\":null,\"enabled\":1,\"parentId\":null,\"fields\":{\"61\":\"\",\"9\":\"This is a description of project 3. This is a description of project 3. This is a description of project 3. This is a description of project 3. This is a description of project 3.\",\"88\":[\"153\"],\"46\":[\"115\"],\"48\":[\"116\"]}}', '2015-12-08 17:34:10', '2015-12-08 17:34:10', '030b0e5b-6858-4ee7-be5c-ed3f74e7f4ee'),
 ('110', '74', '4', '87', 'en_us', '4', '', '{\"typeId\":\"4\",\"authorId\":\"1\",\"title\":\"project title\",\"slug\":\"project-title\",\"postDate\":1442932080,\"expiryDate\":null,\"enabled\":1,\"parentId\":null,\"fields\":{\"61\":\"\",\"9\":\"asdf\",\"88\":[\"152\"],\"46\":\"\",\"48\":\"\"}}', '2015-12-08 18:08:28', '2015-12-08 18:08:28', 'c8440eef-e5ea-456e-b138-023708b70039'),
 ('111', '170', '4', '87', 'en_us', '2', '', '{\"typeId\":\"4\",\"authorId\":\"87\",\"title\":\"another test\",\"slug\":\"another-test\",\"postDate\":1449595140,\"expiryDate\":null,\"enabled\":1,\"parentId\":null,\"fields\":{\"61\":\"\",\"9\":\"\",\"88\":[\"152\"],\"46\":\"\",\"48\":\"\",\"106\":\"<p>http:\\/\\/www.google.com<\\/p>\"}}', '2015-12-08 18:18:51', '2015-12-08 18:18:51', 'dcf6096a-bb18-4278-925b-f4bc5ecad3d7'),
 ('112', '74', '4', '87', 'en_us', '5', '', '{\"typeId\":\"4\",\"authorId\":\"1\",\"title\":\"project title\",\"slug\":\"project-title\",\"postDate\":1442932080,\"expiryDate\":null,\"enabled\":1,\"parentId\":null,\"fields\":{\"61\":\"\",\"9\":\"asdf\",\"88\":[\"152\"],\"46\":\"\",\"48\":\"\",\"106\":\"<p>http:\\/\\/www.google.com<\\/p>\"}}', '2015-12-08 18:19:50', '2015-12-08 18:19:50', 'eac175ba-99f5-489c-a87f-3d8d6d73b767'),
 ('113', '101', '4', '87', 'en_us', '6', '', '{\"typeId\":\"4\",\"authorId\":\"87\",\"title\":\"Project 3\",\"slug\":\"project-3\",\"postDate\":1444000620,\"expiryDate\":null,\"enabled\":1,\"parentId\":null,\"fields\":{\"61\":\"\",\"9\":\"This is a description of project 3. This is a description of project 3. This is a description of project 3. This is a description of project 3. This is a description of project 3.\",\"88\":[\"153\"],\"46\":[\"115\"],\"48\":[\"116\"],\"106\":\"<p>http:\\/\\/www.google.com<\\/p>\"}}', '2015-12-08 18:23:41', '2015-12-08 18:23:41', '29f2510d-26a4-49cf-97f6-7434120bf004'),
 ('114', '74', '4', '87', 'en_us', '6', '', '{\"typeId\":\"4\",\"authorId\":\"1\",\"title\":\"project title\",\"slug\":\"project-title\",\"postDate\":1442932080,\"expiryDate\":null,\"enabled\":1,\"parentId\":null,\"fields\":{\"61\":\"\",\"9\":\"asdf\",\"88\":[\"152\"],\"46\":\"\",\"48\":\"\",\"106\":\"<p><a href=\\\"http:\\/\\/www.google.com\\\" target=\\\"_blank\\\">http:\\/\\/www.google.com<\\/a><\\/p>\"}}', '2015-12-08 18:29:43', '2015-12-08 18:29:43', '5f66f7a6-1c52-4772-87c6-10dffe2cd06c'),
 ('115', '169', '4', '87', 'en_us', '2', '', '{\"typeId\":\"4\",\"authorId\":\"87\",\"title\":\"test\",\"slug\":\"test\",\"postDate\":1449595140,\"expiryDate\":null,\"enabled\":1,\"parentId\":null,\"fields\":{\"61\":[\"120\"],\"9\":\"\",\"88\":[\"152\"],\"46\":\"\",\"48\":\"\",\"106\":\"\"}}', '2015-12-08 18:52:14', '2015-12-08 18:52:14', '7fd9c9b6-50fa-4950-a932-ab8fb21ee1ce'),
 ('116', '99', '4', '87', 'en_us', '4', '', '{\"typeId\":\"4\",\"authorId\":\"87\",\"title\":\"Project Title 2\",\"slug\":\"project-title-2\",\"postDate\":1444000620,\"expiryDate\":null,\"enabled\":1,\"parentId\":null,\"fields\":{\"61\":[\"67\",\"120\"],\"9\":\"This is Project 2\",\"88\":[\"150\"],\"46\":\"\",\"48\":\"\",\"106\":\"\"}}', '2015-12-08 18:52:32', '2015-12-08 18:52:32', '110d3fa3-8ce3-48d3-b536-23930a77e28d'),
 ('117', '132', '5', '87', 'en_us', '7', '', '{\"typeId\":\"5\",\"authorId\":\"87\",\"title\":\"Event Planning 101: Victoria Ripepi\",\"slug\":\"event-planning-101-victoria-ripepi\",\"postDate\":1446735900,\"expiryDate\":null,\"enabled\":1,\"parentId\":null,\"fields\":{\"60\":[\"147\"],\"11\":\"<p>Hello, my name is Victoria Ripepi. I am an Interpersonal Communications major who is currently on my 5th year victory lap, but I am set to graduate in May 2016. I am the new event coordinator at IdeaBase.<\\/p>\\r\\n\\r\\n<p>As long as I can remember, event planning has been an interest of mine. The first event I planned was in 3rd grade when my teacher asked me to help with a parent-teacher-open house. As a 3rd grader, I basically thought I was the coolest person in the world&hellip; even though all I really did was set out some flyers, cookies, and juice. But I have enjoyed event planning ever since!<\\/p>\\r\\n\\r\\n<p>I think I enjoy event planning because I am so organized, I like to fix problems, I work best under pressure, and I like the exciting\\/nervous feeling you get on the day of the event. A lot of times when I say I want to go into event planning after I graduate people automatically think I mean weddings, but that is not the case. I want to do open houses, launch parties, special-event parties and so on.<\\/p>\\r\\n\\r\\n<p>Before working at IdeaBase, I interned in the Spring of 2015 for an awesome company called Rebecca Adele PR & Events. I learned so much about myself and event planning there. One major thing I learned was that I didn\\u2019t want to go into PR after I graduate (the other career path I considered) and event planning is really what I love and have a passion for.<\\/p>\\r\\n\\r\\n<p>The owner, Becki, puts on over 10 art shows called the Avant-Garde Art & Craft Shows all throughout Northeast Ohio. There were over 100 vendors at each event and I helped personally put on 4 shows. I also helped in the launch of a new show line called Bump to Bows- A Mommy Boutique Show.<\\/p>\\r\\n\\r\\n<p>When it comes to IdeaBase, I actually heard about the agency through one of the managers, Kristin, who is a longtime-family friend. When she told me about IdeaBase it immediately sparked my interest, and when the opportunity for an event coordinator came up, I jumped at it. I really enjoy working here and have already learned so much! IdeaBase is such a fun, encouraging, and helpful work environment. Being new here, whenever I have a question or concern, they immediately do whatever possible to help me. I have also learned so much about what it means working at a design agency and how talented my co-workers are!<\\/p>\\r\\n\\r\\n<p>As for my personal life, in my free time you can probably find me outside (if it\\u2019s nice out), at a mall because I have a deep love for clothes and fashion or hanging out with my two cats. I travel at any opportunity I can; I hope to travel to all 50 states one day!<\\/p>\\r\\n\\r\\n<p>After graduation I hope to get a job out of state. I am Cleveland born and raised and Ohio will always be home, but I know I need to get out of here and explore more than just my bubble that is Ohio. I like to push myself to always try new things and take opportunities that push me outside my comfort zone because that\\u2019ll only make my comfort zone that much bigger.<\\/p>\",\"92\":[\"114\"],\"49\":\"\"}}', '2015-12-08 18:56:00', '2015-12-08 18:56:00', '73e2d002-0f4d-44e5-83d7-48243580a4e1'),
 ('118', '169', '4', '87', 'en_us', '3', '', '{\"typeId\":\"4\",\"authorId\":\"87\",\"title\":\"test\",\"slug\":\"test\",\"postDate\":1449595140,\"expiryDate\":null,\"enabled\":1,\"parentId\":null,\"fields\":{\"61\":[\"120\"],\"9\":\"\",\"88\":[\"152\"],\"46\":[\"168\"],\"48\":\"\",\"106\":\"\"}}', '2015-12-08 21:20:11', '2015-12-08 21:20:11', 'e044c2dc-8a68-431c-b50b-7dd7a766733f'),
 ('119', '98', '4', '87', 'en_us', '3', '', '{\"typeId\":\"4\",\"authorId\":\"87\",\"title\":\"Project Title 1\",\"slug\":\"project-title-1\",\"postDate\":1444000620,\"expiryDate\":null,\"enabled\":1,\"parentId\":null,\"fields\":{\"61\":\"\",\"9\":\"This is Project 1\",\"88\":[\"152\"],\"46\":[\"168\"],\"48\":\"\",\"106\":\"\"}}', '2015-12-08 21:22:04', '2015-12-08 21:22:04', '0e2e9f6f-47ab-4f83-8ab6-10a320c90091'),
 ('120', '74', '4', '87', 'en_us', '7', '', '{\"typeId\":\"4\",\"authorId\":\"1\",\"title\":\"project title\",\"slug\":\"project-title\",\"postDate\":1442932080,\"expiryDate\":null,\"enabled\":1,\"parentId\":null,\"fields\":{\"61\":\"\",\"9\":\"asdf\",\"88\":[\"152\"],\"46\":[\"168\"],\"48\":\"\",\"106\":\"<p><a href=\\\"http:\\/\\/www.google.com\\\" target=\\\"_blank\\\">http:\\/\\/www.google.com<\\/a><\\/p>\"}}', '2015-12-08 21:22:15', '2015-12-08 21:22:15', '68df42f2-4191-4c5b-923f-4007d249588b'),
 ('121', '99', '4', '87', 'en_us', '5', '', '{\"typeId\":\"4\",\"authorId\":\"87\",\"title\":\"Project Title 2\",\"slug\":\"project-title-2\",\"postDate\":1444000620,\"expiryDate\":null,\"enabled\":1,\"parentId\":null,\"fields\":{\"61\":[\"67\",\"120\"],\"9\":\"This is Project 2\",\"88\":[\"150\"],\"46\":[\"168\"],\"48\":\"\",\"106\":\"\"}}', '2015-12-08 21:43:51', '2015-12-08 21:43:51', 'bb413ab8-41df-414e-bf0d-ad8d1127f48b'),
 ('122', '2', '1', '87', 'en_us', '7', '', '{\"typeId\":null,\"authorId\":null,\"title\":\"IdeaBase Kent New Website\",\"slug\":\"homepage\",\"postDate\":1442581332,\"expiryDate\":null,\"enabled\":1,\"parentId\":null,\"fields\":{\"37\":[\"93\"],\"36\":\"We\'re a Kent State student-powered design agency located in downtown Kent, Ohio. Our team represents a variety of backgrounds and disciplines, united in our passion for creating meaningful solutions for our clients.\",\"66\":\"Our design process is tailored to you.\",\"35\":\"Research-based, student-powered design solutions.\",\"68\":\"<p>Our processes deliver results. No matter the industry or design challenge, our past work speaks for itself.<\\/p>\",\"67\":\"Tried-and-True\"}}', '2015-12-10 17:24:43', '2015-12-10 17:24:43', 'cba1ad7f-fa8e-4867-a49b-684c60023f6b'),
 ('123', '109', '12', '87', 'en_us', '17', '', '{\"typeId\":\"12\",\"authorId\":null,\"title\":\"Process Index\",\"slug\":\"process-index\",\"postDate\":1445610309,\"expiryDate\":null,\"enabled\":1,\"parentId\":null,\"fields\":{\"44\":\"This is a Link\",\"79\":\"This is a process Description\",\"43\":[\"110\"],\"42\":\"Our design process is tailored to you.\",\"95\":{\"165\":{\"type\":\"processMatrix\",\"enabled\":\"1\",\"fields\":{\"homeProcessName\":\"Discover\",\"homeProcessDescription\":\"<p>who your users are<\\/p>\",\"homeProcessExampleTable\":[{\"col2\":\"User interviews\"},{\"col2\":\"Surveys\"},{\"col2\":\"Competitive analysis\"},{\"col2\":\"Persona development\"}],\"icon1\":[\"168\"],\"icon2\":[\"168\"],\"icon3\":[\"168\"],\"icon4\":[\"168\"],\"homepageIcon\":[\"168\"],\"homepageDescription\":\"<p>Our targeted user research methods empower you to more effectively address your users\' needs<\\/p>\"}},\"166\":{\"type\":\"processMatrix\",\"enabled\":\"1\",\"fields\":{\"homeProcessName\":\"Design\",\"homeProcessDescription\":\"<p>a product that will deliver on user and business needs<\\/p>\",\"homeProcessExampleTable\":[{\"col2\":\"Visual\\/graphic design\"},{\"col2\":\"Video production\"},{\"col2\":\"Web development\"},{\"col2\":\"Content strategy & information architecture\"},{\"col2\":\"Prototyping & product development\"},{\"col2\":\"Environmental design\"},{\"col2\":\"Brand identity\"},{\"col2\":\"Social media & public relations\"}],\"icon1\":[\"168\"],\"icon2\":[\"168\"],\"icon3\":[\"168\"],\"icon4\":[\"168\"],\"homepageIcon\":[\"168\"],\"homepageDescription\":\"<p>Our design strategies, whether through print, video or web, deliver custom solutions that promote both business and customer needs.<\\/p>\"}},\"167\":{\"type\":\"processMatrix\",\"enabled\":\"1\",\"fields\":{\"homeProcessName\":\"Refine\",\"homeProcessDescription\":\"<p>an existing product with our advanced usability testing<\\/p>\",\"homeProcessExampleTable\":[{\"col2\":\"In-person usability testing\"},{\"col2\":\"Remote usability testing\"},{\"col2\":\"Device & performance testing*\"},{\"col2\":\"Tobii Eyetracking\"}],\"icon1\":[\"168\"],\"icon2\":[\"168\"],\"icon3\":[\"168\"],\"icon4\":[\"168\"],\"homepageIcon\":[\"168\"],\"homepageDescription\":\"<p>Our advanced usability testing tools, including eye tracking, allow you to evaluate the effectiveness of design solutions.<\\/p>\"}}},\"82\":\"This is the testimonial Description\",\"81\":\"This is the testimonial headline\",\"80\":\"<p>UX&nbsp;Testing Lab<\\/p>\"}}', '2015-12-10 18:25:10', '2015-12-10 18:25:10', '671be01b-9f6d-473d-835c-1b61cf5d97d3'),
 ('124', '109', '12', '87', 'en_us', '18', '', '{\"typeId\":\"12\",\"authorId\":null,\"title\":\"Process Index\",\"slug\":\"process-index\",\"postDate\":1445610309,\"expiryDate\":null,\"enabled\":1,\"parentId\":null,\"fields\":{\"44\":\"This is a Link\",\"110\":\"\",\"109\":\"\",\"95\":{\"165\":{\"type\":\"processMatrix\",\"enabled\":\"1\",\"fields\":{\"homeProcessName\":\"Discover\",\"homeProcessDescription\":\"<p>who your users are<\\/p>\",\"homeProcessExampleTable\":[{\"col2\":\"User interviews\"},{\"col2\":\"Surveys\"},{\"col2\":\"Competitive analysis\"},{\"col2\":\"Persona development\"}],\"icon1\":[\"168\"],\"icon2\":[\"168\"],\"icon3\":[\"168\"],\"icon4\":[\"168\"],\"homepageIcon\":[\"168\"],\"homepageDescription\":\"<p>Our targeted user research methods empower you to more effectively address your users\' needs<\\/p>\"}},\"166\":{\"type\":\"processMatrix\",\"enabled\":\"1\",\"fields\":{\"homeProcessName\":\"Design\",\"homeProcessDescription\":\"<p>a product that will deliver on user and business needs<\\/p>\",\"homeProcessExampleTable\":[{\"col2\":\"Visual\\/graphic design\"},{\"col2\":\"Video production\"},{\"col2\":\"Web development\"},{\"col2\":\"Content strategy & information architecture\"},{\"col2\":\"Prototyping & product development\"},{\"col2\":\"Environmental design\"},{\"col2\":\"Brand identity\"},{\"col2\":\"Social media & public relations\"}],\"icon1\":[\"168\"],\"icon2\":[\"168\"],\"icon3\":[\"168\"],\"icon4\":[\"168\"],\"homepageIcon\":[\"168\"],\"homepageDescription\":\"<p>Our design strategies, whether through print, video or web, deliver custom solutions that promote both business and customer needs.<\\/p>\"}},\"167\":{\"type\":\"processMatrix\",\"enabled\":\"1\",\"fields\":{\"homeProcessName\":\"Refine\",\"homeProcessDescription\":\"<p>an existing product with our advanced usability testing<\\/p>\",\"homeProcessExampleTable\":[{\"col2\":\"In-person usability testing\"},{\"col2\":\"Remote usability testing\"},{\"col2\":\"Device & performance testing*\"},{\"col2\":\"Tobii Eyetracking\"}],\"icon1\":[\"168\"],\"icon2\":[\"168\"],\"icon3\":[\"168\"],\"icon4\":[\"168\"],\"homepageIcon\":[\"168\"],\"homepageDescription\":\"<p>Our advanced usability testing tools, including eye tracking, allow you to evaluate the effectiveness of design solutions.<\\/p>\"}}},\"82\":\"This is the testimonial Description\",\"81\":\"This is the testimonial headline\",\"108\":\"More about our UX Testing Lab\",\"80\":\"<p>UX&nbsp;Testing Lab<\\/p>\"}}', '2015-12-10 18:48:15', '2015-12-10 18:48:15', '763b0c29-1020-43a4-9e38-8f2403d650eb'),
 ('125', '109', '12', '87', 'en_us', '19', '', '{\"typeId\":\"12\",\"authorId\":null,\"title\":\"Process Index\",\"slug\":\"process-index\",\"postDate\":1445610309,\"expiryDate\":null,\"enabled\":1,\"parentId\":null,\"fields\":{\"44\":\"This is a Link\",\"110\":\"<p>While our unique business model allows us to deliver high-quality products at an affordable cost, there\\u2019s no \\u201cone size fits all\\u201d when it comes to individual client needs. We work with our clients upfront to define project goals and guidelines to ensure that we deliver a great end product within the project\\u2019s constraints. Together, we\\u2019ll build something great, and it won\\u2019t break the bank. Don\\u2019t believe us? Just ask our clients.<\\/p>\",\"109\":\"Sounds great, How much does it cost?\",\"95\":{\"165\":{\"type\":\"processMatrix\",\"enabled\":\"1\",\"fields\":{\"homeProcessName\":\"Discover\",\"homeProcessDescription\":\"<p>who your users are<\\/p>\",\"homeProcessExampleTable\":[{\"col2\":\"User interviews\"},{\"col2\":\"Surveys\"},{\"col2\":\"Competitive analysis\"},{\"col2\":\"Persona development\"}],\"icon1\":[\"168\"],\"icon2\":[\"168\"],\"icon3\":[\"168\"],\"icon4\":[\"168\"],\"homepageIcon\":[\"168\"],\"homepageDescription\":\"<p>Our targeted user research methods empower you to more effectively address your users\' needs<\\/p>\"}},\"166\":{\"type\":\"processMatrix\",\"enabled\":\"1\",\"fields\":{\"homeProcessName\":\"Design\",\"homeProcessDescription\":\"<p>a product that will deliver on user and business needs<\\/p>\",\"homeProcessExampleTable\":[{\"col2\":\"Visual\\/graphic design\"},{\"col2\":\"Video production\"},{\"col2\":\"Web development\"},{\"col2\":\"Content strategy & information architecture\"},{\"col2\":\"Prototyping & product development\"},{\"col2\":\"Environmental design\"},{\"col2\":\"Brand identity\"},{\"col2\":\"Social media & public relations\"}],\"icon1\":[\"168\"],\"icon2\":[\"168\"],\"icon3\":[\"168\"],\"icon4\":[\"168\"],\"homepageIcon\":[\"168\"],\"homepageDescription\":\"<p>Our design strategies, whether through print, video or web, deliver custom solutions that promote both business and customer needs.<\\/p>\"}},\"167\":{\"type\":\"processMatrix\",\"enabled\":\"1\",\"fields\":{\"homeProcessName\":\"Refine\",\"homeProcessDescription\":\"<p>an existing product with our advanced usability testing<\\/p>\",\"homeProcessExampleTable\":[{\"col2\":\"In-person usability testing\"},{\"col2\":\"Remote usability testing\"},{\"col2\":\"Device & performance testing*\"},{\"col2\":\"Tobii Eyetracking\"}],\"icon1\":[\"168\"],\"icon2\":[\"168\"],\"icon3\":[\"168\"],\"icon4\":[\"168\"],\"homepageIcon\":[\"168\"],\"homepageDescription\":\"<p>Our advanced usability testing tools, including eye tracking, allow you to evaluate the effectiveness of design solutions.<\\/p>\"}}},\"82\":\"Chris Hallahan, IdeaBase\",\"81\":\"IDEABASE WAS INEXPENSIVE AND HELPED INCREASE VISITORS TO OUR BUSINESS. THAT\'S A WIN-WIN IF YOU ASK ME!\",\"108\":\"More about our UX Testing Lab\",\"80\":\"<p>UX&nbsp;Testing Lab<\\/p>\"}}', '2015-12-10 18:49:21', '2015-12-10 18:49:21', '32e0093f-feae-4cfd-b5ae-689561357f89'),
 ('126', '109', '12', '87', 'en_us', '20', '', '{\"typeId\":\"12\",\"authorId\":null,\"title\":\"Process Index\",\"slug\":\"process-index\",\"postDate\":1445610309,\"expiryDate\":null,\"enabled\":1,\"parentId\":null,\"fields\":{\"44\":\"This is a Link\",\"110\":\"<p>While our unique business model allows us to deliver high-quality products at an affordable cost, there\\u2019s no \\u201cone size fits all\\u201d when it comes to individual client needs. We work with our clients upfront to define project goals and guidelines to ensure that we deliver a great end product within the project\\u2019s constraints. Together, we\\u2019ll build something great, and it won\\u2019t break the bank. Don\\u2019t believe us? Just ask our clients.<\\/p>\",\"109\":\"Sounds great, How much does it cost?\",\"95\":{\"165\":{\"type\":\"processMatrix\",\"enabled\":\"1\",\"fields\":{\"homeProcessName\":\"Discover\",\"homeProcessDescription\":\"<p>who your users are<\\/p>\",\"homeProcessExampleTable\":[{\"col2\":\"User interviews\"},{\"col2\":\"Surveys\"},{\"col2\":\"Competitive analysis\"},{\"col2\":\"Persona development\"}],\"icon1\":[\"168\"],\"icon2\":[\"168\"],\"icon3\":[\"168\"],\"icon4\":[\"168\"],\"homepageIcon\":[\"168\"],\"homepageDescription\":\"<p>Our targeted user research methods empower you to more effectively address your users\' needs<\\/p>\"}},\"166\":{\"type\":\"processMatrix\",\"enabled\":\"1\",\"fields\":{\"homeProcessName\":\"Design\",\"homeProcessDescription\":\"<p>a product that will deliver on user and business needs<\\/p>\",\"homeProcessExampleTable\":[{\"col2\":\"Visual\\/graphic design\"},{\"col2\":\"Video production\"},{\"col2\":\"Web development\"},{\"col2\":\"Content strategy & information architecture\"},{\"col2\":\"Prototyping & product development\"},{\"col2\":\"Environmental design\"},{\"col2\":\"Brand identity\"},{\"col2\":\"Social media & public relations\"}],\"icon1\":[\"168\"],\"icon2\":[\"168\"],\"icon3\":[\"168\"],\"icon4\":[\"168\"],\"homepageIcon\":[\"168\"],\"homepageDescription\":\"<p>Our design strategies, whether through print, video or web, deliver custom solutions that promote both business and customer needs.<\\/p>\"}},\"167\":{\"type\":\"processMatrix\",\"enabled\":\"1\",\"fields\":{\"homeProcessName\":\"Refine\",\"homeProcessDescription\":\"<p>an existing product with our advanced usability testing<\\/p>\",\"homeProcessExampleTable\":[{\"col2\":\"In-person usability testing\"},{\"col2\":\"Remote usability testing\"},{\"col2\":\"Device & performance testing*\"},{\"col2\":\"Tobii Eyetracking\"}],\"icon1\":[\"168\"],\"icon2\":[\"168\"],\"icon3\":[\"168\"],\"icon4\":[\"168\"],\"homepageIcon\":[\"168\"],\"homepageDescription\":\"<p>Our advanced usability testing tools, including eye tracking, allow you to evaluate the effectiveness of design solutions.<\\/p>\"}}},\"82\":\"Chris Hallahan, IdeaBase\",\"81\":\"IDEABASE WAS INEXPENSIVE AND HELPED INCREASE VISITORS TO OUR BUSINESS. THAT\'S A WIN-WIN IF YOU ASK ME!\",\"108\":\"More about our UX Testing Lab\",\"80\":\"<p>We can test the performance and usability of your product on various devices in our User Experience Testing Lab. This is a great resource to ensure that your product translates across all platforms.<\\/p>\"}}', '2015-12-10 18:57:27', '2015-12-10 18:57:27', '809faa93-abd6-464b-8fbd-a312b6a910fe'),
 ('127', '109', '12', '87', 'en_us', '21', '', '{\"typeId\":\"12\",\"authorId\":null,\"title\":\"Process Index\",\"slug\":\"process-index\",\"postDate\":1445610309,\"expiryDate\":null,\"enabled\":1,\"parentId\":null,\"fields\":{\"44\":\"This is a Link\",\"110\":\"<p>This is a test<\\/p>\",\"109\":\"Sounds great, How much does it cost?\",\"95\":{\"165\":{\"type\":\"processMatrix\",\"enabled\":\"1\",\"fields\":{\"homeProcessName\":\"Discover\",\"homeProcessDescription\":\"<p>who your users are<\\/p>\",\"homeProcessExampleTable\":[{\"col2\":\"User interviews\"},{\"col2\":\"Surveys\"},{\"col2\":\"Competitive analysis\"},{\"col2\":\"Persona development\"}],\"icon1\":[\"168\"],\"icon2\":[\"168\"],\"icon3\":[\"168\"],\"icon4\":[\"168\"],\"homepageIcon\":[\"168\"],\"homepageDescription\":\"<p>Our targeted user research methods empower you to more effectively address your users\' needs<\\/p>\"}},\"166\":{\"type\":\"processMatrix\",\"enabled\":\"1\",\"fields\":{\"homeProcessName\":\"Design\",\"homeProcessDescription\":\"<p>a product that will deliver on user and business needs<\\/p>\",\"homeProcessExampleTable\":[{\"col2\":\"Visual\\/graphic design\"},{\"col2\":\"Video production\"},{\"col2\":\"Web development\"},{\"col2\":\"Content strategy & information architecture\"},{\"col2\":\"Prototyping & product development\"},{\"col2\":\"Environmental design\"},{\"col2\":\"Brand identity\"},{\"col2\":\"Social media & public relations\"}],\"icon1\":[\"168\"],\"icon2\":[\"168\"],\"icon3\":[\"168\"],\"icon4\":[\"168\"],\"homepageIcon\":[\"168\"],\"homepageDescription\":\"<p>Our design strategies, whether through print, video or web, deliver custom solutions that promote both business and customer needs.<\\/p>\"}},\"167\":{\"type\":\"processMatrix\",\"enabled\":\"1\",\"fields\":{\"homeProcessName\":\"Refine\",\"homeProcessDescription\":\"<p>an existing product with our advanced usability testing<\\/p>\",\"homeProcessExampleTable\":[{\"col2\":\"In-person usability testing\"},{\"col2\":\"Remote usability testing\"},{\"col2\":\"Device & performance testing*\"},{\"col2\":\"Tobii Eyetracking\"}],\"icon1\":[\"168\"],\"icon2\":[\"168\"],\"icon3\":[\"168\"],\"icon4\":[\"168\"],\"homepageIcon\":[\"168\"],\"homepageDescription\":\"<p>Our advanced usability testing tools, including eye tracking, allow you to evaluate the effectiveness of design solutions.<\\/p>\"}}},\"82\":\"Chris Hallahan, IdeaBase\",\"81\":\"IDEABASE WAS INEXPENSIVE AND HELPED INCREASE VISITORS TO OUR BUSINESS. THAT\'S A WIN-WIN IF YOU ASK ME!\",\"108\":\"More about our UX Testing Lab\",\"80\":\"<p>We can test the performance and usability of your product on various devices in our User Experience Testing Lab. This is a great resource to ensure that your product translates across all platforms.<\\/p>\"}}', '2015-12-10 19:48:30', '2015-12-10 19:48:30', 'ddb8984d-7094-4d9c-8718-10d97f96ded1'),
 ('128', '171', '7', '87', 'en_us', '1', '', '{\"typeId\":null,\"authorId\":\"87\",\"title\":\"Testimonial title\",\"slug\":\"testimonial-title\",\"postDate\":1449849315,\"expiryDate\":null,\"enabled\":1,\"parentId\":null,\"fields\":{\"19\":{\"date\":\"12\\/8\\/2015\"},\"17\":\"Chris Hallahan\",\"76\":[\"169\"],\"18\":\"<p>Ideabase was inexpensive and helped increase visitors to our business. That\'s a win-win if you ask me!<\\/p>\"}}', '2015-12-11 15:55:15', '2015-12-11 15:55:15', '936c1eb0-cd0e-44c6-81d7-a3a306dbb9e5'),
 ('129', '171', '7', '87', 'en_us', '2', '', '{\"typeId\":\"7\",\"authorId\":\"87\",\"title\":\"Testimonial title\",\"slug\":\"testimonial-title\",\"postDate\":1449849300,\"expiryDate\":null,\"enabled\":1,\"parentId\":null,\"fields\":{\"19\":{\"date\":\"12\\/8\\/2015\"},\"17\":\"Chris Hallahan\",\"76\":[\"169\"],\"18\":\"Ideabase was inexpensive and helped increase visitors to our business. That\'s a win-win if you ask me!\"}}', '2015-12-11 16:06:07', '2015-12-11 16:06:07', 'a3b636c9-ea72-45aa-8a92-1ed076488205'),
 ('130', '2', '1', '87', 'en_us', '8', '', '{\"typeId\":null,\"authorId\":null,\"title\":\"IdeaBase Kent New Website\",\"slug\":\"homepage\",\"postDate\":1442581332,\"expiryDate\":null,\"enabled\":1,\"parentId\":null,\"fields\":{\"37\":[\"172\"],\"36\":\"We\'re a Kent State student-powered design agency located in downtown Kent, Ohio. Our team represents a variety of backgrounds and disciplines, united in our passion for creating meaningful solutions for our clients.\",\"66\":\"Our design process is tailored to you.\",\"35\":\"Research-based, student-powered design solutions.\",\"68\":\"<p>Our processes deliver results. No matter the industry or design challenge, our past work speaks for itself.<\\/p>\",\"67\":\"Tried-and-True\"}}', '2015-12-11 16:16:14', '2015-12-11 16:16:14', '49363eef-1503-4451-bc3a-20121db82646'),
 ('131', '148', '15', '87', 'en_us', '3', '', '{\"typeId\":\"15\",\"authorId\":null,\"title\":\"Projects Homepage\",\"slug\":\"projects-homepage\",\"postDate\":1446820468,\"expiryDate\":null,\"enabled\":1,\"parentId\":null,\"fields\":{\"71\":\"How we\'re making a difference.\",\"72\":\"<p>We make a positive impact on your design, and our student designers.<\\/p>\",\"74\":\"<p>At IdeaBase, we want our student employees to succeed. Thats\'s why we partner with Glyphix to teach the next generation through studio experiences. Our students develop and exercise project-based skills in marketing, design, research and more. Additionally, our Responsive Web Design class ensures the next generation of designers and developers understand how to create highly functional and usable websites.<\\/p>\\r\\n\\r\\n<p><br><\\/p>\\r\\n\\r\\n<p>Learn about our transformative classroom experiences.<\\/p>\",\"73\":\"Helping our students succeed.\",\"111\":\"More Projects\",\"69\":\"Tried-and-true\",\"70\":\"<p>Our award-winning process delivers quality design solutions that transform our clients\' products.<\\/p>\"}}', '2015-12-14 18:48:06', '2015-12-14 18:48:06', 'bfa3b6d8-129e-4c9c-a502-629c72e2a612'),
 ('132', '173', '13', '87', 'en_us', '1', '', '{\"typeId\":null,\"authorId\":\"87\",\"title\":\"Another Case Study\",\"slug\":\"another-case-study\",\"postDate\":1450120293,\"expiryDate\":null,\"enabled\":1,\"parentId\":null,\"fields\":{\"50\":\"\"}}', '2015-12-14 19:11:33', '2015-12-14 19:11:33', 'e9ee9895-2268-42ac-9ea3-2747eeff5086'),
 ('133', '148', '15', '87', 'en_us', '4', '', '{\"typeId\":\"15\",\"authorId\":null,\"title\":\"Projects Homepage\",\"slug\":\"projects-homepage\",\"postDate\":1446820468,\"expiryDate\":null,\"enabled\":1,\"parentId\":null,\"fields\":{\"71\":\"How we\'re making a difference.\",\"72\":\"<p>We make a positive impact on your design, and our student designers.<\\/p>\",\"112\":\"Learn about our transformative classroom experiences.\",\"74\":\"<p>At IdeaBase, we want our student employees to succeed. Thats\'s why we partner with Glyphix to teach the next generation through studio experiences. Our students develop and exercise project-based skills in marketing, design, research and more. Additionally, our Responsive Web Design class ensures the next generation of designers and developers understand how to create highly functional and usable websites.<\\/p>\",\"73\":\"Helping our students succeed.\",\"111\":\"More Projects\",\"69\":\"Tried-and-true\",\"70\":\"<p>Our award-winning process delivers quality design solutions that transform our clients\' products.<\\/p>\"}}', '2015-12-14 20:04:41', '2015-12-14 20:04:41', 'b49cd2f7-888a-4b8b-a49d-5c82dfd04299'),
 ('134', '109', '12', '87', 'en_us', '22', '', '{\"typeId\":\"12\",\"authorId\":null,\"title\":\"Process Index\",\"slug\":\"process-index\",\"postDate\":1445610309,\"expiryDate\":null,\"enabled\":1,\"parentId\":null,\"fields\":{\"37\":[\"172\"],\"110\":\"<p>This is a test<\\/p>\",\"109\":\"Sounds great, How much does it cost?\",\"95\":{\"165\":{\"type\":\"processMatrix\",\"enabled\":\"1\",\"fields\":{\"homeProcessName\":\"Discover\",\"homeProcessDescription\":\"<p>who your users are<\\/p>\",\"homeProcessExampleTable\":[{\"col2\":\"User interviews\"},{\"col2\":\"Surveys\"},{\"col2\":\"Competitive analysis\"},{\"col2\":\"Persona development\"}],\"icon1\":[\"168\"],\"icon2\":[\"168\"],\"icon3\":[\"168\"],\"icon4\":[\"168\"],\"homepageIcon\":[\"168\"],\"homepageDescription\":\"<p>Our targeted user research methods empower you to more effectively address your users\' needs<\\/p>\"}},\"166\":{\"type\":\"processMatrix\",\"enabled\":\"1\",\"fields\":{\"homeProcessName\":\"Design\",\"homeProcessDescription\":\"<p>a product that will deliver on user and business needs<\\/p>\",\"homeProcessExampleTable\":[{\"col2\":\"Visual\\/graphic design\"},{\"col2\":\"Video production\"},{\"col2\":\"Web development\"},{\"col2\":\"Content strategy & information architecture\"},{\"col2\":\"Prototyping & product development\"},{\"col2\":\"Environmental design\"},{\"col2\":\"Brand identity\"},{\"col2\":\"Social media & public relations\"}],\"icon1\":[\"168\"],\"icon2\":[\"168\"],\"icon3\":[\"168\"],\"icon4\":[\"168\"],\"homepageIcon\":[\"168\"],\"homepageDescription\":\"<p>Our design strategies, whether through print, video or web, deliver custom solutions that promote both business and customer needs.<\\/p>\"}},\"167\":{\"type\":\"processMatrix\",\"enabled\":\"1\",\"fields\":{\"homeProcessName\":\"Refine\",\"homeProcessDescription\":\"<p>an existing product with our advanced usability testing<\\/p>\",\"homeProcessExampleTable\":[{\"col2\":\"In-person usability testing\"},{\"col2\":\"Remote usability testing\"},{\"col2\":\"Device & performance testing*\"},{\"col2\":\"Tobii Eyetracking\"}],\"icon1\":[\"168\"],\"icon2\":[\"168\"],\"icon3\":[\"168\"],\"icon4\":[\"168\"],\"homepageIcon\":[\"168\"],\"homepageDescription\":\"<p>Our advanced usability testing tools, including eye tracking, allow you to evaluate the effectiveness of design solutions.<\\/p>\"}}},\"82\":\"Chris Hallahan, IdeaBase\",\"81\":\"IDEABASE WAS INEXPENSIVE AND HELPED INCREASE VISITORS TO OUR BUSINESS. THAT\'S A WIN-WIN IF YOU ASK ME!\",\"108\":\"More about our UX Testing Lab\",\"80\":\"<p>We can test the performance and usability of your product on various devices in our User Experience Testing Lab. This is a great resource to ensure that your product translates across all platforms.<\\/p>\"}}', '2015-12-14 20:35:53', '2015-12-14 20:35:53', '845bac4e-2b9f-4ed3-bc10-ef1737c102f2'),
 ('135', '148', '15', '87', 'en_us', '5', '', '{\"typeId\":\"15\",\"authorId\":null,\"title\":\"Projects Homepage\",\"slug\":\"projects-homepage\",\"postDate\":1446820468,\"expiryDate\":null,\"enabled\":1,\"parentId\":null,\"fields\":{\"37\":[\"172\"],\"71\":\"How we\'re making a difference.\",\"72\":\"<p>We make a positive impact on your design, and our student designers.<\\/p>\",\"112\":\"Learn about our transformative classroom experiences.\",\"74\":\"<p>At IdeaBase, we want our student employees to succeed. Thats\'s why we partner with Glyphix to teach the next generation through studio experiences. Our students develop and exercise project-based skills in marketing, design, research and more. Additionally, our Responsive Web Design class ensures the next generation of designers and developers understand how to create highly functional and usable websites.<\\/p>\",\"73\":\"Helping our students succeed.\",\"111\":\"More Projects\",\"69\":\"Tried-and-true\",\"70\":\"<p>Our award-winning process delivers quality design solutions that transform our clients\' products.<\\/p>\"}}', '2015-12-14 20:37:30', '2015-12-14 20:37:30', '08cae306-175e-4c85-bda6-faf04c7574c8'),
 ('136', '108', '11', '87', 'en_us', '6', '', '{\"typeId\":\"11\",\"authorId\":null,\"title\":\"Staff Profile Index\",\"slug\":\"staff-profile-index\",\"postDate\":1445610228,\"expiryDate\":null,\"enabled\":1,\"parentId\":null,\"fields\":{\"37\":[\"172\"],\"39\":\"<p>Our student employees come from backgrounds of all shapes and sizes, bringing with them a fresh and versatile approach that inspires our designs. With backgrounds in Visual Communication Design, Public Relations, User Experience, Advertising, Computer Information Systmes, Digital Sciences, Marketing and Communications, our diverse team members have one thing in common, they\'re passionate about design.<\\/p>\",\"38\":\"Our students are passionate about design.\",\"45\":[\"111\"],\"57\":\"<p>We\\u2019re committed to delivering quality work to our clients. That\\u2019s why our student employees work under the guidance of our professional staff from Kent State\\u2019s College of Communication of Information and a professional advisory board. Our student employees interact directly with clients, developing proposals, managing projects and handling all stages of design production.<\\/p>\",\"56\":\"Committed to quality.\",\"41\":\"<p>We empower our student employees to imagine, create and deliver quality designs whil gaining real-world experience on client-facing projects. Our studen employees get to put their design skills to the test, build their resumes and jumpstart their careers.<\\/p>\",\"58\":\"<p>Learn more about <a href=\\\"http:\\/\\/www.google.com\\\">working for IdeaBase.<\\/a><\\/p>\",\"40\":\"Work for IdeaBase\"}}', '2015-12-14 20:37:38', '2015-12-14 20:37:38', 'effa7e02-b3bd-4168-bf5d-a37c5f5518bc'),
 ('137', '108', '11', '87', 'en_us', '7', '', '{\"typeId\":\"11\",\"authorId\":null,\"title\":\"Staff Profile Index\",\"slug\":\"staff-profile-index\",\"postDate\":1445610228,\"expiryDate\":null,\"enabled\":1,\"parentId\":null,\"fields\":{\"37\":[\"172\"],\"39\":\"<p>Our student employees come from backgrounds of all shapes and sizes, bringing with them a fresh and versatile approach that inspires our designs. With backgrounds in Visual Communication Design, Public Relations, User Experience, Advertising, Computer Information Systmes, Digital Sciences, Marketing and Communications, our diverse team members have one thing in common, they\'re passionate about design.<\\/p>\",\"38\":\"Our students are passionate about design.\",\"45\":[\"111\"],\"57\":\"<p>We\\u2019re committed to delivering quality work to our clients. That\\u2019s why our student employees work under the guidance of our professional staff from Kent State\\u2019s College of Communication of Information and a professional advisory board. Our student employees interact directly with clients, developing proposals, managing projects and handling all stages of design production.<\\/p>\",\"56\":\"Committed to quality.\",\"41\":\"We empower our student employees to imagine, create and deliver quality designs while gaining real-world experience on client-facing projects. Our studen employees get to put their design skills to the test, build their resumes and jumpstart their careers.\",\"58\":\"Learn more about working for IdeaBase.\",\"40\":\"Work for IdeaBase\"}}', '2015-12-14 21:22:20', '2015-12-14 21:22:20', '80c5da18-6113-44dd-a276-dd6bb3065c0d'),
 ('138', '2', '1', '87', 'en_us', '9', '', '{\"typeId\":null,\"authorId\":null,\"title\":\"IdeaBase Kent New Website\",\"slug\":\"homepage\",\"postDate\":1442581332,\"expiryDate\":null,\"enabled\":1,\"parentId\":null,\"fields\":{\"37\":[\"172\"],\"36\":\"We\'re a Kent State student-powered design agency located in downtown Kent, Ohio. Our team represents a variety of backgrounds and disciplines, united in our passion for creating meaningful solutions for our clients.\",\"113\":[\"174\"],\"66\":\"Our design process is tailored to you.\",\"35\":\"Research-based, student-powered design solutions.\",\"68\":\"<p>Our processes deliver results. No matter the industry or design challenge, our past work speaks for itself.<\\/p>\",\"67\":\"Tried-and-True\"}}', '2015-12-15 17:42:13', '2015-12-15 17:42:13', 'c26114a8-7572-47c0-ae50-45b21a4f5024'),
 ('139', '175', '13', '87', 'en_us', '1', '', '{\"typeId\":null,\"authorId\":\"87\",\"title\":\"third case study\",\"slug\":\"third-case-study\",\"postDate\":1450204015,\"expiryDate\":null,\"enabled\":1,\"parentId\":null,\"fields\":{\"50\":\"asdfasf\"}}', '2015-12-15 18:26:55', '2015-12-15 18:26:55', '27e0d353-85a2-44bc-a951-a046450f94dc'),
 ('140', '67', '3', '87', 'en_us', '12', '', '{\"typeId\":\"3\",\"authorId\":\"1\",\"title\":\"Reilly Hawkins\",\"slug\":\"reilly-hawkins\",\"postDate\":1442584980,\"expiryDate\":null,\"enabled\":1,\"parentId\":\"\",\"fields\":{\"6\":\"<p>This is a test biography for Reilly Hawkins. This is a test biography for Reilly Hawkins. This is a test biography for Reilly Hawkins. This is a test biography for Reilly Hawkins. This is a test biography for Reilly Hawkins. This is a test biography for Reilly Hawkins. This is a test biography for Reilly Hawkins. This is a test biography for Reilly Hawkins. This is a test biography for Reilly Hawkins. This is a test biography for Reilly Hawkins. This is a test biography for Reilly Hawkins.\\r\\n<\\/p>\\r\\n\\r\\n<p><br>\\r\\n<\\/p>\\r\\n\\r\\n<p>This is a test biography for Reilly Hawkins. This is a test biography for Reilly Hawkins. This is a test biography for Reilly Hawkins. This is a test biography for Reilly Hawkins. This is a test biography for Reilly Hawkins. <br>\\r\\n<\\/p>\",\"77\":\"\",\"4\":\"rhawkins@ideabasekent.com\",\"7\":\"I legally had my name changed in Kindergarten. It used to be Andrew Quaid Hawkins, however there were 4 other \\u201cAndrews\\u201d in my class so my mom wanted it to be more unique. Changed to Reilly William Hawkins.\",\"26\":[\"6\"],\"3\":\"Web Programmer\",\"5\":\"440.221.9193\",\"27\":[\"178\"],\"89\":{\"158\":{\"type\":\"staffSocName\",\"enabled\":\"1\",\"fields\":{\"staffSocName\":\"LinkedIn\",\"staffSocLink\":\"<p><a href=\\\"http:\\/\\/www.linkedin.com\\\">http:\\/\\/www.linkedin.com<\\/a>\\r\\n<\\/p>\"}},\"159\":{\"type\":\"staffSocName\",\"enabled\":\"1\",\"fields\":{\"staffSocName\":\"Twitter\",\"staffSocLink\":\"<p><a href=\\\"http:\\/\\/www.twitter.com\\\">http:\\/\\/www.twitter.com<\\/a><\\/p>\"}}}}}', '2015-12-15 20:36:31', '2015-12-15 20:36:31', '8ebee125-fa2e-4f71-ae49-f0101902d6d9'),
 ('141', '119', '3', '87', 'en_us', '5', '', '{\"typeId\":\"3\",\"authorId\":\"87\",\"title\":\"Kristin Dowling\",\"slug\":\"kristin-dowling\",\"postDate\":1445536440,\"expiryDate\":null,\"enabled\":1,\"parentId\":\"\",\"fields\":{\"6\":\"<p>Kristin is the Business Development Manager for IdeaBase (formerly The Tannery). She is responsible for building client relationships in order to provide high quality experiential learning opportunities for our students.<\\/p>\\r\\n\\r\\n<p>She previously served as an Entrepreneur-in-Residence for the Center for Entrepreneurship and Business Innovation in the Kent State University College of Business. Her experience prior to coming to Kent State University was as Regional Operations Manager for Kinko\\u2019s Inc. (now known as FedEx Office).<\\/p>\",\"77\":\"\",\"4\":\"kdowling@ideabasekent.com\",\"7\":\"\",\"26\":[\"5\"],\"3\":\"Business Development Manager\",\"5\":\"330.672.7366\",\"27\":[\"178\"],\"89\":\"\"}}', '2015-12-15 20:36:53', '2015-12-15 20:36:53', 'ebf93728-6782-4a92-92c6-a0e2240caf63'),
 ('142', '120', '3', '87', 'en_us', '4', '', '{\"typeId\":\"3\",\"authorId\":\"87\",\"title\":\"Christopher Hallahan\",\"slug\":\"christopher-hallahan\",\"postDate\":1445536440,\"expiryDate\":null,\"enabled\":1,\"parentId\":\"\",\"fields\":{\"6\":\"<p>Chris is a full-time user experience designer for<a href=\\\"http:\\/\\/ideabasekent.com\\/\\\"> <u>IdeaBase<\\/u><\\/a> and<a href=\\\"http:\\/\\/www.kent.edu\\/cci\\\"> <u>Kent State University\\u2019s College of Communication and Information<\\/u><\\/a>. He manages research and interactive\\/web projects at IdeaBase, and works one-on-one with IdeaBase students to teach them web design, user experience and content management techniques.<\\/p>\\r\\n\\r\\n<p>His passions include responsive web design, usability, information architecture and content management system design (especially WordPress).  In addition to his work at IdeaBase, he teaches courses in Digital Sciences and Responsive Web Design.<\\/p><br><br>He is a graduate of Kent State, with a bachelor\\u2019s degree in Electronic Media and master\\u2019s degree in User Experience Design. He lives in Kent, OH.\",\"77\":\"\",\"4\":\"challahan@ideabasekent.com\",\"7\":\"\",\"26\":[\"5\"],\"3\":\"User Experience Designer\",\"5\":\"330.672.3031\",\"27\":[\"178\"],\"89\":\"\"}}', '2015-12-15 20:37:01', '2015-12-15 20:37:01', '97b2c309-5eac-43fe-b2e3-97dffca1c692'),
 ('143', '146', '3', '87', 'en_us', '2', '', '{\"typeId\":\"3\",\"authorId\":\"87\",\"title\":\"Quintin Steele\",\"slug\":\"quintin-steele\",\"postDate\":1446740340,\"expiryDate\":null,\"enabled\":1,\"parentId\":\"\",\"fields\":{\"6\":\"<p>This is Quintin\'s biography.This is Quintin\'s biography.This is Quintin\'s biography.This is Quintin\'s biography.This is Quintin\'s biography.This is Quintin\'s biography.This is Quintin\'s biography.This is Quintin\'s biography.This is Quintin\'s biography.<\\/p>\",\"77\":\"\",\"4\":\"qsteele@ideabasekent.com\",\"7\":\"This is Quintin\'s fun fact.\",\"26\":[\"5\"],\"3\":\"IdeaBase Creative Director\",\"5\":\"330.672.7300\",\"27\":[\"178\"],\"89\":\"\"}}', '2015-12-15 20:37:11', '2015-12-15 20:37:11', 'd8d970bc-8055-466f-a5e6-f2e0dd349d94'),
 ('144', '147', '3', '87', 'en_us', '2', '', '{\"typeId\":\"3\",\"authorId\":\"87\",\"title\":\"Victoria Ripepi\",\"slug\":\"victoria-ripepi\",\"postDate\":1446762360,\"expiryDate\":null,\"enabled\":1,\"parentId\":\"\",\"fields\":{\"6\":\"<p>This is Victoria\'s biography. This is Victoria\'s biography. This is Victoria\'s biography. This is Victoria\'s biography. This is Victoria\'s biography. This is Victoria\'s biography. This is Victoria\'s biography. This is Victoria\'s biography. This is Victoria\'s biography. This is Victoria\'s biography. This is Victoria\'s biography. This is Victoria\'s biography. <\\/p>\",\"77\":\"\",\"4\":\"vripepi@ideabasekent.com\",\"7\":\"I own 64 pairs of shoes.\",\"26\":[\"6\"],\"3\":\"Event Coordinator\",\"5\":\"N\\/A\",\"27\":[\"178\"],\"89\":\"\"}}', '2015-12-15 20:37:19', '2015-12-15 20:37:19', 'b5f00e6c-bd39-404f-8a6a-d0402ea7a4d2'),
 ('145', '149', '3', '87', 'en_us', '2', '', '{\"typeId\":\"3\",\"authorId\":\"87\",\"title\":\"Larrie King\",\"slug\":\"larrie-king\",\"postDate\":1447175700,\"expiryDate\":null,\"enabled\":1,\"parentId\":\"\",\"fields\":{\"6\":\"<p>This is Larrie\'s test bio.<\\/p>\",\"77\":\"\",\"4\":\"lking@ideabasekent.com\",\"7\":\"\",\"26\":[\"5\"],\"3\":\"Creative Director, Glyphix\",\"5\":\"330.672.7300\",\"27\":[\"178\"],\"89\":\"\"}}', '2015-12-15 20:37:47', '2015-12-15 20:37:47', 'b99e1d72-237b-42e9-9762-5d090eb86327'),
 ('146', '147', '3', '87', 'en_us', '3', '', '{\"typeId\":\"3\",\"authorId\":\"87\",\"title\":\"Victoria Ripepi\",\"slug\":\"victoria-ripepi\",\"postDate\":1446762360,\"expiryDate\":null,\"enabled\":1,\"parentId\":\"\",\"fields\":{\"6\":\"<p>This is Victoria\'s biography. This is Victoria\'s biography. This is Victoria\'s biography. This is Victoria\'s biography.&nbsp;<\\/p><p>This is Victoria\'s biography. This is Victoria\'s biography. This is Victoria\'s biography. This is Victoria\'s biography. This is Victoria\'s biography. This is Victoria\'s biography. This is Victoria\'s biography. This is Victoria\'s biography.This is Victoria\'s biography. This is Victoria\'s biography. This is Victoria\'s biography. This is Victoria\'s biography. This is Victoria\'s biography. This is Victoria\'s biography. This is Victoria\'s biography. This is Victoria\'s biography.This is Victoria\'s biography. This is Victoria\'s biography. This is Victoria\'s biography. This is Victoria\'s biography. This is Victoria\'s biography. This is Victoria\'s biography. This is Victoria\'s biography. This is Victoria\'s biography.<br><\\/p><p>This is Victoria\'s biography. This is Victoria\'s biography. This is Victoria\'s biography. This is Victoria\'s biography. This is Victoria\'s biography. This is Victoria\'s biography. This is Victoria\'s biography. This is Victoria\'s biography.This is Victoria\'s biography. This is Victoria\'s biography. This is Victoria\'s biography. This is Victoria\'s biography. This is Victoria\'s biography. This is Victoria\'s biography. This is Victoria\'s biography. This is Victoria\'s biography.<br><\\/p>\",\"77\":\"\",\"4\":\"vripepi@ideabasekent.com\",\"7\":\"I own 64 pairs of shoes.\",\"26\":[\"6\"],\"3\":\"Event Coordinator\",\"5\":\"N\\/A\",\"27\":[\"178\"],\"89\":\"\"}}', '2015-12-17 15:58:43', '2015-12-17 15:58:43', '019313f3-9fc5-4990-94a1-45b1799d6aea'),
 ('147', '132', '5', '87', 'en_us', '8', '', '{\"typeId\":\"5\",\"authorId\":\"87\",\"title\":\"Event Planning 101: Victoria Ripepi\",\"slug\":\"event-planning-101-victoria-ripepi\",\"postDate\":1446735900,\"expiryDate\":null,\"enabled\":1,\"parentId\":null,\"fields\":{\"60\":[\"147\"],\"11\":\"<p>Hello, my name is Victoria Ripepi. I am an Interpersonal Communications major who is currently on my 5th year victory lap, but I am set to graduate in May 2016. I am the new event coordinator at IdeaBase.<\\/p>\\r\\n\\r\\n<p>As long as I can remember, event planning has been an interest of mine. The first event I planned was in 3rd grade when my teacher asked me to help with a parent-teacher-open house. As a 3rd grader, I basically thought I was the coolest person in the world&hellip; even though all I really did was set out some flyers, cookies, and juice. But I have enjoyed event planning ever since!<\\/p>\\r\\n\\r\\n\\r\\n\\r\\n<p>I think I enjoy event planning because I am so organized, I like to fix problems, I work best under pressure, and I like the exciting\\/nervous feeling you get on the day of the event. A lot of times when I say I want to go into event planning after I graduate people automatically think I mean weddings, but that is not the case. I want to do open houses, launch parties, special-event parties and so on.<\\/p>\\r\\n\\r\\n\\r\\n\\r\\n<p>Before working at IdeaBase, I interned in the Spring of 2015 for an awesome company called Rebecca Adele PR & Events. I learned so much about myself and event planning there. One major thing I learned was that I didn\\u2019t want to go into PR after I graduate (the other career path I considered) and event planning is really what I love and have a passion for.<\\/p>\\r\\n\\r\\n\\r\\n\\r\\n<p>The owner, Becki, puts on over 10 art shows called the Avant-Garde Art & Craft Shows all throughout Northeast Ohio. There were over 100 vendors at each event and I helped personally put on 4 shows. I also helped in the launch of a new show line called Bump to Bows- A Mommy Boutique Show.<\\/p>\\r\\n\\r\\n\\r\\n\\r\\n<p>When it comes to IdeaBase, I actually heard about the agency through one of the managers, Kristin, who is a longtime-family friend. When she told me about IdeaBase it immediately sparked my interest, and when the opportunity for an event coordinator came up, I jumped at it. I really enjoy working here and have already learned so much! IdeaBase is such a fun, encouraging, and helpful work environment. Being new here, whenever I have a question or concern, they immediately do whatever possible to help me. I have also learned so much about what it means working at a design agency and how talented my co-workers are!<\\/p>\\r\\n\\r\\n\\r\\n\\r\\n<p>As for my personal life, in my free time you can probably find me outside (if it\\u2019s nice out), at a mall because I have a deep love for clothes and fashion or hanging out with my two cats. I travel at any opportunity I can; I hope to travel to all 50 states one day!<\\/p>\\r\\n\\r\\n\\r\\n\\r\\n<p>After graduation I hope to get a job out of state. I am Cleveland born and raised and Ohio will always be home, but I know I need to get out of here and explore more than just my bubble that is Ohio. I like to push myself to always try new things and take opportunities that push me outside my comfort zone because that\\u2019ll only make my comfort zone that much bigger.<\\/p>\",\"92\":[\"114\"],\"49\":\"\"}}', '2015-12-17 15:58:59', '2015-12-17 15:58:59', 'cf19b93f-bcba-4025-8e31-655b928833ff'),
 ('148', '175', '13', '87', 'en_us', '2', '', '{\"typeId\":\"13\",\"authorId\":\"87\",\"title\":\"third case study\",\"slug\":\"third-case-study\",\"postDate\":1450203960,\"expiryDate\":null,\"enabled\":1,\"parentId\":null,\"fields\":{\"50\":\"<p>This is a test.This is a test.This is a test.This is a test.This is a test.This is a test.This is a test.This is a test.This is a test.This is a test.<\\/p><p>This is a test.This is a test.This is a test.<br><\\/p>\"}}', '2015-12-17 16:10:30', '2015-12-17 16:10:30', 'b9504329-340a-4d0b-a105-a3a40c466bc3'),
 ('149', '67', '3', '87', 'en_us', '13', '', '{\"typeId\":\"3\",\"authorId\":\"1\",\"title\":\"Reilly\",\"slug\":\"reilly-hawkins\",\"postDate\":1442584980,\"expiryDate\":null,\"enabled\":1,\"parentId\":\"\",\"fields\":{\"6\":\"<p>This is a test biography for Reilly Hawkins. This is a test biography for Reilly Hawkins. This is a test biography for Reilly Hawkins. This is a test biography for Reilly Hawkins. This is a test biography for Reilly Hawkins. This is a test biography for Reilly Hawkins. This is a test biography for Reilly Hawkins. This is a test biography for Reilly Hawkins. This is a test biography for Reilly Hawkins. This is a test biography for Reilly Hawkins. This is a test biography for Reilly Hawkins.\\r\\n<\\/p>\\r\\n\\r\\n<p><br>\\r\\n<\\/p>\\r\\n\\r\\n\\r\\n\\r\\n<p>This is a test biography for Reilly Hawkins. This is a test biography for Reilly Hawkins. This is a test biography for Reilly Hawkins. This is a test biography for Reilly Hawkins. This is a test biography for Reilly Hawkins. <br>\\r\\n<\\/p>\",\"77\":\"\",\"4\":\"rhawkins@ideabasekent.com\",\"7\":\"I legally had my name changed in Kindergarten. It used to be Andrew Quaid Hawkins, however there were 4 other \\u201cAndrews\\u201d in my class so my mom wanted it to be more unique. Changed to Reilly William Hawkins.\",\"26\":[\"6\"],\"3\":\"Web Programmer\",\"116\":\"Hawkins\",\"5\":\"440.221.9193\",\"27\":[\"178\"],\"89\":{\"158\":{\"type\":\"staffSocName\",\"enabled\":\"1\",\"fields\":{\"staffSocName\":\"LinkedIn\",\"staffSocLink\":\"<p><a href=\\\"http:\\/\\/www.linkedin.com\\\">http:\\/\\/www.linkedin.com<\\/a>\\r\\n<\\/p>\"}},\"159\":{\"type\":\"staffSocName\",\"enabled\":\"1\",\"fields\":{\"staffSocName\":\"Twitter\",\"staffSocLink\":\"<p><a href=\\\"http:\\/\\/www.twitter.com\\\">http:\\/\\/www.twitter.com<\\/a><\\/p>\"}}}}}', '2015-12-17 16:55:21', '2015-12-17 16:55:21', '736dda95-6dc5-4eb9-855a-215d78ddeb15'),
 ('150', '119', '3', '87', 'en_us', '6', '', '{\"typeId\":\"3\",\"authorId\":\"87\",\"title\":\"Kristin\",\"slug\":\"kristin-dowling\",\"postDate\":1445536440,\"expiryDate\":null,\"enabled\":1,\"parentId\":\"\",\"fields\":{\"6\":\"<p>Kristin is the Business Development Manager for IdeaBase (formerly The Tannery). She is responsible for building client relationships in order to provide high quality experiential learning opportunities for our students.<\\/p>\\r\\n\\r\\n<p>She previously served as an Entrepreneur-in-Residence for the Center for Entrepreneurship and Business Innovation in the Kent State University College of Business. Her experience prior to coming to Kent State University was as Regional Operations Manager for Kinko\\u2019s Inc. (now known as FedEx Office).<\\/p>\",\"77\":\"\",\"4\":\"kdowling@ideabasekent.com\",\"7\":\"\",\"26\":[\"5\"],\"3\":\"Business Development Manager\",\"116\":\"Dowling\",\"5\":\"330.672.7366\",\"27\":[\"178\"],\"89\":\"\"}}', '2015-12-17 16:55:34', '2015-12-17 16:55:34', '1bb555e2-933e-4567-861d-f8734041cb57'),
 ('151', '67', '3', '87', 'en_us', '14', '', '{\"typeId\":\"3\",\"authorId\":\"1\",\"title\":\"Reilly Hawkins\",\"slug\":\"reilly-hawkins\",\"postDate\":1442584980,\"expiryDate\":null,\"enabled\":1,\"parentId\":\"\",\"fields\":{\"6\":\"<p>This is a test biography for Reilly Hawkins. This is a test biography for Reilly Hawkins. This is a test biography for Reilly Hawkins. This is a test biography for Reilly Hawkins. This is a test biography for Reilly Hawkins. This is a test biography for Reilly Hawkins. This is a test biography for Reilly Hawkins. This is a test biography for Reilly Hawkins. This is a test biography for Reilly Hawkins. This is a test biography for Reilly Hawkins. This is a test biography for Reilly Hawkins.\\r\\n<\\/p>\\r\\n\\r\\n<p><br>\\r\\n<\\/p>\\r\\n\\r\\n\\r\\n\\r\\n\\r\\n\\r\\n<p>This is a test biography for Reilly Hawkins. This is a test biography for Reilly Hawkins. This is a test biography for Reilly Hawkins. This is a test biography for Reilly Hawkins. This is a test biography for Reilly Hawkins. <br>\\r\\n<\\/p>\",\"77\":\"\",\"4\":\"rhawkins@ideabasekent.com\",\"117\":\"\",\"7\":\"I legally had my name changed in Kindergarten. It used to be Andrew Quaid Hawkins, however there were 4 other \\u201cAndrews\\u201d in my class so my mom wanted it to be more unique. Changed to Reilly William Hawkins.\",\"26\":[\"6\"],\"3\":\"Web Programmer\",\"116\":\"Hawkins\",\"5\":\"440.221.9193\",\"27\":[\"178\"],\"89\":{\"158\":{\"type\":\"staffSocName\",\"enabled\":\"1\",\"fields\":{\"staffSocName\":\"LinkedIn\",\"staffSocLink\":\"<p><a href=\\\"http:\\/\\/www.linkedin.com\\\">http:\\/\\/www.linkedin.com<\\/a>\\r\\n<\\/p>\"}},\"159\":{\"type\":\"staffSocName\",\"enabled\":\"1\",\"fields\":{\"staffSocName\":\"Twitter\",\"staffSocLink\":\"<p><a href=\\\"http:\\/\\/www.twitter.com\\\">http:\\/\\/www.twitter.com<\\/a><\\/p>\"}}}}}', '2015-12-17 17:03:57', '2015-12-17 17:03:57', '5c369f51-0dd6-4604-b633-d22ed42f1b67'),
 ('152', '119', '3', '87', 'en_us', '7', '', '{\"typeId\":\"3\",\"authorId\":\"87\",\"title\":\"Kristin Dowling\",\"slug\":\"kristin-dowling\",\"postDate\":1445536440,\"expiryDate\":null,\"enabled\":1,\"parentId\":\"\",\"fields\":{\"6\":\"<p>Kristin is the Business Development Manager for IdeaBase (formerly The Tannery). She is responsible for building client relationships in order to provide high quality experiential learning opportunities for our students.<\\/p>\\r\\n\\r\\n<p>She previously served as an Entrepreneur-in-Residence for the Center for Entrepreneurship and Business Innovation in the Kent State University College of Business. Her experience prior to coming to Kent State University was as Regional Operations Manager for Kinko\\u2019s Inc. (now known as FedEx Office).<\\/p>\",\"77\":\"\",\"4\":\"kdowling@ideabasekent.com\",\"117\":\"\",\"7\":\"\",\"26\":[\"5\"],\"3\":\"Business Development Manager\",\"116\":\"Dowling\",\"5\":\"330.672.7366\",\"27\":[\"178\"],\"89\":\"\"}}', '2015-12-17 17:04:06', '2015-12-17 17:04:06', '20ef6860-81c6-47eb-a1e4-6f53c52f37b5'),
 ('153', '119', '3', '87', 'en_us', '8', '', '{\"typeId\":\"3\",\"authorId\":\"87\",\"title\":\"Kristin Dowling\",\"slug\":\"kristin-dowling\",\"postDate\":1445536440,\"expiryDate\":null,\"enabled\":1,\"parentId\":\"\",\"fields\":{\"6\":\"<p>Kristin is the Business Development Manager for IdeaBase (formerly The Tannery). She is responsible for building client relationships in order to provide high quality experiential learning opportunities for our students.<\\/p>\\r\\n\\r\\n<p>She previously served as an Entrepreneur-in-Residence for the Center for Entrepreneurship and Business Innovation in the Kent State University College of Business. Her experience prior to coming to Kent State University was as Regional Operations Manager for Kinko\\u2019s Inc. (now known as FedEx Office).<\\/p>\",\"77\":\"\",\"4\":\"kdowling@ideabasekent.com\",\"117\":\"\",\"7\":\"\",\"26\":[\"5\"],\"3\":\"Business Development Manager\",\"116\":\"Dowling\",\"5\":\"330.672.7366\",\"27\":[\"178\"],\"89\":\"\"}}', '2015-12-17 17:43:06', '2015-12-17 17:43:06', '75d4fbb1-340d-4dc0-acaa-6c6899b22ee5'),
 ('154', '169', '4', '87', 'en_us', '4', '', '{\"typeId\":\"4\",\"authorId\":\"87\",\"title\":\"test\",\"slug\":\"test\",\"postDate\":1449595140,\"expiryDate\":null,\"enabled\":1,\"parentId\":null,\"fields\":{\"61\":[\"120\"],\"9\":\"This is a test\",\"88\":[\"152\"],\"46\":[\"168\"],\"48\":\"\",\"106\":\"\"}}', '2016-01-02 18:41:19', '2016-01-02 18:41:19', 'f1ac9b8e-5abf-49cb-b93d-fc4ec3644ed5');




DROP TABLE IF EXISTS `craft_fieldgroups`;


--
-- Schema for table `craft_fieldgroups`
--
CREATE TABLE `craft_fieldgroups` (
  `id` int(11) NOT NULL AUTO_INCREMENT,
  `name` varchar(255) COLLATE utf8_unicode_ci NOT NULL,
  `dateCreated` datetime NOT NULL,
  `dateUpdated` datetime NOT NULL,
  `uid` char(36) COLLATE utf8_unicode_ci NOT NULL DEFAULT '0',
  PRIMARY KEY (`id`),
  UNIQUE KEY `craft_fieldgroups_name_unq_idx` (`name`)
) ENGINE=InnoDB AUTO_INCREMENT=19 DEFAULT CHARSET=utf8 COLLATE=utf8_unicode_ci;

--
-- Data for table `craft_fieldgroups`
--

INSERT INTO `craft_fieldgroups` (`id`, `name`, `dateCreated`, `dateUpdated`, `uid`) VALUES
 ('1', 'Default', '2015-09-18 13:02:12', '2015-09-18 13:02:12', '57ce97e4-e837-42d8-a203-66d9e42b89b0'),
 ('2', 'Staff Profile', '2015-09-18 13:16:04', '2015-09-18 13:16:04', 'ee6b13a7-3ac7-464b-8b7a-26d7ba4bb7df'),
 ('3', 'Projects', '2015-09-18 13:17:56', '2015-09-18 13:17:56', '530aed3b-0162-4498-a621-2aadbbb6d404'),
 ('4', 'Blog Post', '2015-09-18 13:18:34', '2015-10-30 15:29:51', '5bf3e2a8-0004-424d-9ae5-1b8421680225'),
 ('5', 'Awards', '2015-09-18 13:20:24', '2015-09-18 13:20:24', 'e2ae3b9f-6686-4406-809a-4b9ee79ec93d'),
 ('6', 'Testimonial', '2015-09-18 13:21:39', '2015-09-18 13:21:39', 'b5f43a93-be6b-4b38-9706-4fb8a31ee561'),
 ('7', 'Services', '2015-09-18 13:22:56', '2015-09-18 13:22:56', '09d4e99d-0425-449b-934a-c81c9df60932'),
 ('8', 'Clients', '2015-09-18 13:25:07', '2015-09-18 13:25:07', 'f81c278e-1c08-43f8-ac03-47b136725fa8'),
 ('10', 'Header', '2015-09-29 14:58:06', '2015-09-29 14:58:06', '2a713a00-4b52-4311-85a3-8bad1e7d0047'),
 ('11', 'Footer', '2015-09-29 14:59:04', '2015-09-29 14:59:04', 'fb4cd045-d137-45b0-99d6-b1ca8804a96c'),
 ('12', 'Homepage', '2015-09-29 15:08:45', '2015-09-29 15:08:45', 'd17852e1-7469-44af-a541-c5fa10baabce'),
 ('13', 'Staff Profile Index', '2015-10-06 14:08:23', '2015-10-06 14:08:23', '7c146ebe-2e64-4b72-9f92-ccebe64744a8'),
 ('14', 'Process Index', '2015-10-06 14:37:38', '2015-10-06 14:37:38', 'ce0db148-c92e-46fd-a5f0-c31ab63a684a'),
 ('15', 'Case Study', '2015-10-30 15:29:42', '2015-10-30 15:29:42', '6235705b-37fe-479c-8e70-9ab58c35a895'),
 ('16', 'Social Media', '2015-10-30 15:38:22', '2015-10-30 15:38:22', '9c49af92-c7fe-4dad-9695-e4fae501173b'),
 ('17', 'Basic Page', '2015-11-03 17:22:21', '2015-11-03 17:22:21', 'a4479868-a021-4dc8-b352-217ebcc51275'),
 ('18', 'Projects Homepage', '2015-11-06 14:19:34', '2015-11-06 14:19:34', 'a92a1fae-a156-4c98-acf5-d03623968087');




DROP TABLE IF EXISTS `craft_fieldlayoutfields`;


--
-- Schema for table `craft_fieldlayoutfields`
--
CREATE TABLE `craft_fieldlayoutfields` (
  `id` int(11) NOT NULL AUTO_INCREMENT,
  `layoutId` int(11) NOT NULL,
  `tabId` int(11) NOT NULL,
  `fieldId` int(11) NOT NULL,
  `required` tinyint(1) unsigned NOT NULL DEFAULT '0',
  `sortOrder` tinyint(4) DEFAULT NULL,
  `dateCreated` datetime NOT NULL,
  `dateUpdated` datetime NOT NULL,
  `uid` char(36) COLLATE utf8_unicode_ci NOT NULL DEFAULT '0',
  PRIMARY KEY (`id`),
  UNIQUE KEY `craft_fieldlayoutfields_layoutId_fieldId_unq_idx` (`layoutId`,`fieldId`),
  KEY `craft_fieldlayoutfields_sortOrder_idx` (`sortOrder`),
  KEY `craft_fieldlayoutfields_tabId_fk` (`tabId`),
  KEY `craft_fieldlayoutfields_fieldId_fk` (`fieldId`)
) ENGINE=InnoDB AUTO_INCREMENT=395 DEFAULT CHARSET=utf8 COLLATE=utf8_unicode_ci;

--
-- Data for table `craft_fieldlayoutfields`
--

INSERT INTO `craft_fieldlayoutfields` (`id`, `layoutId`, `tabId`, `fieldId`, `required`, `sortOrder`, `dateCreated`, `dateUpdated`, `uid`) VALUES
 ('2', '5', '2', '1', '1', '1', '2015-09-18 13:02:13', '2015-09-18 13:02:13', '90cd67b0-c75a-4d5e-9589-81e85c22a97d'),
 ('3', '5', '2', '2', '0', '2', '2015-09-18 13:02:13', '2015-09-18 13:02:13', '801144c5-5224-404a-89a9-4e8784982551'),
 ('12', '20', '6', '22', '0', '1', '2015-09-18 14:01:18', '2015-09-18 14:01:18', '821bd6aa-b31e-4945-8fb2-4ed122e52a08'),
 ('13', '20', '6', '23', '0', '2', '2015-09-18 14:01:18', '2015-09-18 14:01:18', '9a1e7c37-0daa-4b15-bd31-80ce7f1a2e20'),
 ('80', '67', '24', '50', '0', '1', '2015-10-30 15:31:05', '2015-10-30 15:31:05', '810f0d58-8d5a-4838-b485-b071f2d32c43'),
 ('88', '73', '30', '51', '0', '1', '2015-11-03 17:10:04', '2015-11-03 17:10:04', '7b7ff697-25c3-4834-b89b-46cba9dcb089'),
 ('89', '75', '31', '55', '0', '1', '2015-11-03 17:23:03', '2015-11-03 17:23:03', '6445ab60-0bbc-40a0-a3af-0744d7acdcac'),
 ('109', '81', '36', '63', '0', '1', '2015-11-05 16:32:04', '2015-11-05 16:32:04', 'ed9d7d87-10fd-479b-acb2-094474e88049'),
 ('110', '81', '36', '64', '0', '2', '2015-11-05 16:32:04', '2015-11-05 16:32:04', '50a10c4c-7032-49ac-a72f-55314a4649da'),
 ('111', '81', '36', '65', '0', '3', '2015-11-05 16:32:04', '2015-11-05 16:32:04', '470168af-22a6-4af9-8aff-6ca64b60a324'),
 ('124', '85', '39', '15', '0', '1', '2015-11-06 15:06:10', '2015-11-06 15:06:10', 'abe5ac40-ec54-4f64-b9b8-202ff78f0735'),
 ('125', '85', '39', '14', '0', '2', '2015-11-06 15:06:10', '2015-11-06 15:06:10', '3592daf6-8274-4da4-9f3f-39c6e519c748'),
 ('126', '85', '39', '13', '0', '3', '2015-11-06 15:06:10', '2015-11-06 15:06:10', '6629d9d1-2d93-4af5-a6b4-b9f45d96d899'),
 ('127', '85', '39', '16', '0', '4', '2015-11-06 15:06:10', '2015-11-06 15:06:10', '272f0066-6679-40ff-8022-3c19677b0c5d'),
 ('128', '85', '39', '75', '0', '5', '2015-11-06 15:06:10', '2015-11-06 15:06:10', '5cef5416-bce8-4dd5-8d90-227c8bc7e32a'),
 ('129', '86', '40', '19', '0', '1', '2015-11-06 15:06:30', '2015-11-06 15:06:30', '755b0526-5adf-409a-a395-eaed903c42f7'),
 ('130', '86', '40', '17', '0', '2', '2015-11-06 15:06:30', '2015-11-06 15:06:30', '4844d1d7-262a-4255-b059-fbd239b13d12'),
 ('131', '86', '40', '18', '0', '3', '2015-11-06 15:06:30', '2015-11-06 15:06:30', 'a2a811ca-cb83-4ef3-9bef-b6bc0cfe21ec'),
 ('132', '86', '40', '76', '0', '4', '2015-11-06 15:06:30', '2015-11-06 15:06:30', '2d0f0667-e1b5-4c02-a8f3-13eb25ae3fa4'),
 ('145', '90', '44', '28', '0', '1', '2015-11-17 14:59:35', '2015-11-17 14:59:35', '5a788e89-e7b7-4caa-92fb-10b9cf3f8a19'),
 ('182', '97', '49', '69', '0', '1', '2015-11-24 15:30:25', '2015-11-24 15:30:25', 'b4ecc08d-0061-4122-b4d7-4a52755a6dd7'),
 ('183', '97', '49', '70', '0', '2', '2015-11-24 15:30:25', '2015-11-24 15:30:25', 'd78b9f8b-ecd9-4cb6-bfa9-298acb3099a0'),
 ('204', '103', '55', '90', '0', '1', '2015-11-25 21:40:04', '2015-11-25 21:40:04', 'ffbfbe51-52f2-4970-b4d1-552b40047a00'),
 ('205', '103', '55', '91', '0', '2', '2015-11-25 21:40:04', '2015-11-25 21:40:04', '2038061c-bf19-4c16-9ae7-d14c73ac7b38'),
 ('206', '104', '56', '92', '0', '1', '2015-11-25 21:55:19', '2015-11-25 21:55:19', '09a9b627-5af9-4ab5-a6f6-389510b2be96'),
 ('207', '104', '56', '11', '0', '2', '2015-11-25 21:55:19', '2015-11-25 21:55:19', 'e6ddc1aa-c618-4e9b-ba15-31781a937c3e'),
 ('208', '104', '56', '60', '0', '3', '2015-11-25 21:55:19', '2015-11-25 21:55:19', '74c5a19c-9f9f-4a2e-a0fb-84c080808179'),
 ('209', '104', '56', '49', '0', '4', '2015-11-25 21:55:19', '2015-11-25 21:55:19', 'f6a76e73-78bc-4e89-aed6-4eb41e1378ae'),
 ('225', '111', '63', '20', '0', '1', '2015-12-01 17:28:05', '2015-12-01 17:28:05', '62080185-9ece-4623-b2cd-61af64e5cc92'),
 ('226', '111', '63', '21', '0', '2', '2015-12-01 17:28:05', '2015-12-01 17:28:05', '5f4033e1-8cf4-4e51-be96-b44f0e2205ab'),
 ('227', '111', '63', '47', '0', '3', '2015-12-01 17:28:05', '2015-12-01 17:28:05', '983e294c-3a60-4c80-982d-03322be8c193'),
 ('228', '111', '63', '94', '0', '4', '2015-12-01 17:28:05', '2015-12-01 17:28:05', '3cfe2532-562d-48df-8924-cc419eb10768'),
 ('279', '120', '72', '46', '0', '1', '2015-12-08 18:11:24', '2015-12-08 18:11:24', '00a049ce-9c35-40bc-ba19-ddd1e472a65f'),
 ('280', '120', '72', '61', '0', '2', '2015-12-08 18:11:24', '2015-12-08 18:11:24', '40c59ff6-93dd-460a-bdca-cee542b75b52'),
 ('281', '120', '72', '9', '0', '3', '2015-12-08 18:11:24', '2015-12-08 18:11:24', 'ebdd30a9-6628-4abc-9173-e162582b3d6d'),
 ('282', '120', '72', '48', '0', '4', '2015-12-08 18:11:24', '2015-12-08 18:11:24', '8bcb6bd0-3073-41e2-9b0f-5b1aaa497079'),
 ('283', '120', '72', '88', '0', '5', '2015-12-08 18:11:24', '2015-12-08 18:11:24', '762354c1-f606-42bc-8f94-23f43e107aa1'),
 ('284', '120', '72', '106', '0', '6', '2015-12-08 18:11:24', '2015-12-08 18:11:24', 'b81683fe-715b-43f5-9df5-7779d547093e'),
 ('285', '121', '73', '52', '0', '1', '2015-12-08 19:43:02', '2015-12-08 19:43:02', 'ffbbaf46-f44d-4d35-8163-dc348375aa81'),
 ('286', '121', '73', '54', '0', '2', '2015-12-08 19:43:02', '2015-12-08 19:43:02', '11c967bb-11d2-43cd-8dd6-ff551e45dcda'),
 ('297', '123', '75', '96', '0', '1', '2015-12-10 18:30:47', '2015-12-10 18:30:47', '90797d2f-4115-406e-9f5d-d2b6f49dd364'),
 ('298', '123', '75', '97', '0', '2', '2015-12-10 18:30:47', '2015-12-10 18:30:47', '45d2ea62-a6c9-4d8d-a214-79bb3564635c'),
 ('299', '123', '75', '99', '0', '3', '2015-12-10 18:30:47', '2015-12-10 18:30:47', '42e890f9-0b8e-4c7d-88cd-ca57921c717c'),
 ('300', '123', '75', '100', '0', '4', '2015-12-10 18:30:47', '2015-12-10 18:30:47', '2a6a9b11-fc85-471e-b986-413339c4bc9e'),
 ('301', '123', '75', '101', '0', '5', '2015-12-10 18:30:47', '2015-12-10 18:30:47', 'd3ac0e97-a43d-4b68-b22d-754e2736dcaa'),
 ('302', '123', '75', '102', '0', '6', '2015-12-10 18:30:47', '2015-12-10 18:30:47', '1d588e25-ff67-4a56-94fd-d33093c0ba74'),
 ('303', '123', '75', '103', '0', '7', '2015-12-10 18:30:47', '2015-12-10 18:30:47', 'ef0501f1-a497-4a0d-8398-46e3998bec15'),
 ('304', '123', '75', '104', '0', '8', '2015-12-10 18:30:47', '2015-12-10 18:30:47', '1a7daae9-b287-42e5-adca-c3b00b23561b'),
 ('305', '123', '75', '105', '0', '9', '2015-12-10 18:30:47', '2015-12-10 18:30:47', 'd292e717-a7b8-4ff6-a2a9-bfc2b3aba3fb'),
 ('329', '127', '79', '37', '0', '1', '2015-12-14 20:35:22', '2015-12-14 20:35:22', '78e0a94e-36b2-4fe2-9975-a0f5bf0a995c'),
 ('330', '127', '79', '95', '0', '2', '2015-12-14 20:35:22', '2015-12-14 20:35:22', '8a1fbba3-b42f-4e83-b1f0-807116432fe8'),
 ('331', '127', '79', '80', '0', '3', '2015-12-14 20:35:22', '2015-12-14 20:35:22', 'b6aa7505-b22f-4694-9d65-f8b32f87d7d7'),
 ('332', '127', '79', '108', '0', '4', '2015-12-14 20:35:22', '2015-12-14 20:35:22', '31b162f8-2203-436d-b6a7-7de153217013'),
 ('333', '127', '79', '109', '0', '5', '2015-12-14 20:35:22', '2015-12-14 20:35:22', 'c62c3987-d1c8-4292-a572-3e687fb08ab3'),
 ('334', '127', '79', '110', '0', '6', '2015-12-14 20:35:22', '2015-12-14 20:35:22', 'bffcf5d4-511e-4aec-94eb-862496b0b299'),
 ('335', '127', '79', '81', '0', '7', '2015-12-14 20:35:22', '2015-12-14 20:35:22', 'd403f2f4-1101-410d-9af3-e1e06c4bcc5f'),
 ('336', '127', '79', '82', '0', '8', '2015-12-14 20:35:22', '2015-12-14 20:35:22', '2e2b3530-e371-4379-bfe8-b674af8781bd'),
 ('337', '128', '80', '37', '0', '1', '2015-12-14 20:36:51', '2015-12-14 20:36:51', '2ddc8e34-54de-406a-a542-b7fc1e3a49ba'),
 ('338', '128', '80', '69', '0', '2', '2015-12-14 20:36:51', '2015-12-14 20:36:51', 'b4db6732-300c-49dd-a437-df6d04c5c7c6'),
 ('339', '128', '80', '70', '0', '3', '2015-12-14 20:36:51', '2015-12-14 20:36:51', '50aa238a-5d4a-4555-9688-9f1ca879d07b'),
 ('340', '128', '80', '111', '0', '4', '2015-12-14 20:36:51', '2015-12-14 20:36:51', '8e255738-769d-47a4-ac69-0c372b2470b9'),
 ('341', '128', '80', '71', '0', '5', '2015-12-14 20:36:51', '2015-12-14 20:36:51', '5ef5b960-4ba3-41c8-9e76-6500cf552a27'),
 ('342', '128', '80', '72', '0', '6', '2015-12-14 20:36:51', '2015-12-14 20:36:51', '7bde5bc3-39c9-4f67-b893-45fd1216fef9'),
 ('343', '128', '80', '73', '0', '7', '2015-12-14 20:36:51', '2015-12-14 20:36:51', '755e724a-20ff-4e9d-ae6a-ff2fefa67bda'),
 ('344', '128', '80', '74', '0', '8', '2015-12-14 20:36:51', '2015-12-14 20:36:51', '05fa7428-aee2-42d9-89cb-2e3248190b1a'),
 ('345', '128', '80', '112', '0', '9', '2015-12-14 20:36:51', '2015-12-14 20:36:51', '310c2a5e-e47a-420a-b1bb-d9e692117465'),
 ('346', '129', '81', '37', '0', '1', '2015-12-14 20:37:18', '2015-12-14 20:37:18', 'cd53a338-e9c8-4e4d-acc7-aa3b86d00ad3'),
 ('347', '129', '81', '38', '0', '2', '2015-12-14 20:37:18', '2015-12-14 20:37:18', 'c672adb6-cca1-4f5c-8443-b5bcf7e548e0'),
 ('348', '129', '81', '39', '0', '3', '2015-12-14 20:37:18', '2015-12-14 20:37:18', '55673148-543a-488f-96db-a357f2db4b97'),
 ('349', '129', '81', '56', '0', '4', '2015-12-14 20:37:18', '2015-12-14 20:37:18', '1493717f-8b1f-4167-9102-262ea9b792de'),
 ('350', '129', '81', '57', '0', '5', '2015-12-14 20:37:18', '2015-12-14 20:37:18', '33a18e83-9df3-42d8-9b69-9685aa4b8ea8'),
 ('351', '129', '81', '45', '0', '6', '2015-12-14 20:37:18', '2015-12-14 20:37:18', '5ae115e5-e2ff-44dc-9c65-a1a8a3175a9f'),
 ('352', '129', '81', '40', '0', '7', '2015-12-14 20:37:18', '2015-12-14 20:37:18', 'a870096d-1c96-46e5-994c-0aece4dc5760'),
 ('353', '129', '81', '41', '0', '8', '2015-12-14 20:37:18', '2015-12-14 20:37:18', 'c94da48d-702a-43e3-88d9-5686b172e179'),
 ('354', '129', '81', '58', '0', '9', '2015-12-14 20:37:18', '2015-12-14 20:37:18', '3444847b-e4f2-402c-b022-bf37e7b2dd49'),
 ('355', '130', '82', '37', '0', '1', '2015-12-15 17:37:46', '2015-12-15 17:37:46', '0c8e9226-9cb2-41e8-b97a-b97e0e82e3b3'),
 ('356', '130', '82', '36', '0', '2', '2015-12-15 17:37:46', '2015-12-15 17:37:46', '289637ee-5b4c-41a2-a6a7-f9d30b2faea2'),
 ('357', '130', '82', '35', '0', '3', '2015-12-15 17:37:46', '2015-12-15 17:37:46', '8905d2ff-9506-4249-8e20-e0f6dc3577fe'),
 ('358', '130', '82', '66', '0', '4', '2015-12-15 17:37:46', '2015-12-15 17:37:46', 'c5d53851-e030-4cd4-baf8-34958961f829'),
 ('359', '130', '82', '67', '0', '5', '2015-12-15 17:37:46', '2015-12-15 17:37:46', '87077bd7-343e-4b10-9a43-ec152afd3162'),
 ('360', '130', '82', '68', '0', '6', '2015-12-15 17:37:46', '2015-12-15 17:37:46', '9edac09a-7241-4ddb-9240-fe2df1bda541'),
 ('361', '130', '82', '113', '0', '7', '2015-12-15 17:37:46', '2015-12-15 17:37:46', '55c4baf5-f036-4f44-affc-00436f78c2b9'),
 ('362', '131', '83', '85', '0', '1', '2015-12-15 18:58:58', '2015-12-15 18:58:58', 'f4af4ba4-2249-4cd7-8b4b-251f8ad68f2e'),
 ('363', '131', '83', '114', '0', '2', '2015-12-15 18:58:58', '2015-12-15 18:58:58', 'd880a750-75a5-4584-99f4-4f8a78518266'),
 ('364', '131', '83', '87', '0', '3', '2015-12-15 18:58:58', '2015-12-15 18:58:58', 'dbc61876-6e3f-4b68-b580-3e038420055d'),
 ('365', '131', '83', '86', '0', '4', '2015-12-15 18:58:58', '2015-12-15 18:58:58', 'e820ad86-e9bd-4647-b23d-7593078a2595'),
 ('366', '131', '83', '107', '0', '5', '2015-12-15 18:58:58', '2015-12-15 18:58:58', '85a80654-87f2-4033-ae7d-3b46d6b3f3c6'),
 ('367', '131', '83', '30', '0', '6', '2015-12-15 18:58:58', '2015-12-15 18:58:58', '5600ebaa-3197-4099-a042-e8b61be53873'),
 ('368', '131', '83', '29', '0', '7', '2015-12-15 18:58:58', '2015-12-15 18:58:58', '4f755587-63ce-4b50-ab85-4ec852f9929c'),
 ('369', '131', '83', '33', '0', '8', '2015-12-15 18:58:58', '2015-12-15 18:58:58', 'a20c2654-2eaf-4655-8447-d5a7be275951'),
 ('370', '131', '83', '31', '0', '9', '2015-12-15 18:58:58', '2015-12-15 18:58:58', '1a2345be-9bd8-4d79-8f32-ec3a1f2f8a37'),
 ('371', '131', '83', '84', '0', '10', '2015-12-15 18:58:58', '2015-12-15 18:58:58', 'e6c154cc-c2f2-4b5a-93d2-ed2ce27f9809'),
 ('372', '131', '83', '83', '0', '11', '2015-12-15 18:58:58', '2015-12-15 18:58:58', '09e800c0-cac3-4a98-bd30-71c62141e7e6'),
 ('373', '132', '84', '113', '0', '1', '2015-12-15 20:25:04', '2015-12-15 20:25:04', 'cfaabb7e-a6b5-4756-a8a0-17a96e121bdc'),
 ('384', '134', '86', '117', '0', '1', '2015-12-17 16:58:41', '2015-12-17 16:58:41', 'dca8f0fc-0adc-43f4-96d8-b176b69413b1'),
 ('385', '134', '86', '116', '0', '2', '2015-12-17 16:58:41', '2015-12-17 16:58:41', '64db21fd-5c84-4142-9f99-f2effe32b093'),
 ('386', '134', '86', '27', '0', '3', '2015-12-17 16:58:41', '2015-12-17 16:58:41', '7cd62db4-bab2-49e9-b3e0-f43387db0709'),
 ('387', '134', '86', '6', '0', '4', '2015-12-17 16:58:41', '2015-12-17 16:58:41', '2f500ce4-0b0c-42f4-a0b2-4d4b32d918e4'),
 ('388', '134', '86', '4', '0', '5', '2015-12-17 16:58:41', '2015-12-17 16:58:41', '226187cd-0b5c-47d7-a71c-f873ea261f74'),
 ('389', '134', '86', '7', '0', '6', '2015-12-17 16:58:41', '2015-12-17 16:58:41', '8709c939-39d2-4b7c-b789-5fa102e130b4');

INSERT INTO `craft_fieldlayoutfields` (`id`, `layoutId`, `tabId`, `fieldId`, `required`, `sortOrder`, `dateCreated`, `dateUpdated`, `uid`) VALUES
 ('390', '134', '86', '26', '0', '7', '2015-12-17 16:58:41', '2015-12-17 16:58:41', '605d0176-4b6e-4723-9cc8-20a56478b3bd'),
 ('391', '134', '86', '3', '0', '8', '2015-12-17 16:58:41', '2015-12-17 16:58:41', 'a15e2627-b5f1-4de4-97a0-2d405d4350ef'),
 ('392', '134', '86', '77', '0', '9', '2015-12-17 16:58:41', '2015-12-17 16:58:41', '9a953799-7552-468f-b789-925246ef6b72'),
 ('393', '134', '86', '5', '0', '10', '2015-12-17 16:58:41', '2015-12-17 16:58:41', '9d0a46f2-67da-45f5-837f-94c68f8e3c4b'),
 ('394', '134', '86', '89', '0', '11', '2015-12-17 16:58:41', '2015-12-17 16:58:41', '61199f73-05d3-422c-9e6c-d5aa68898de1');




DROP TABLE IF EXISTS `craft_fieldlayouts`;


--
-- Schema for table `craft_fieldlayouts`
--
CREATE TABLE `craft_fieldlayouts` (
  `id` int(11) NOT NULL AUTO_INCREMENT,
  `type` varchar(150) COLLATE utf8_unicode_ci NOT NULL,
  `dateCreated` datetime NOT NULL,
  `dateUpdated` datetime NOT NULL,
  `uid` char(36) COLLATE utf8_unicode_ci NOT NULL DEFAULT '0',
  PRIMARY KEY (`id`),
  KEY `craft_fieldlayouts_type_idx` (`type`)
) ENGINE=InnoDB AUTO_INCREMENT=135 DEFAULT CHARSET=utf8 COLLATE=utf8_unicode_ci;

--
-- Data for table `craft_fieldlayouts`
--

INSERT INTO `craft_fieldlayouts` (`id`, `type`, `dateCreated`, `dateUpdated`, `uid`) VALUES
 ('1', 'Tag', '2015-09-18 13:02:12', '2015-09-18 13:02:12', 'e28c218b-e99f-4146-9335-9121ca397ff4'),
 ('5', 'Entry', '2015-09-18 13:02:13', '2015-09-18 13:02:13', 'da15daa6-ac64-4ebd-8413-0edfd64d2100'),
 ('13', 'Category', '2015-09-18 13:26:54', '2015-09-18 13:26:54', '9ffa17d5-bd8d-41f3-beee-24b19b1bd454'),
 ('19', 'Entry', '2015-09-18 14:01:05', '2015-09-18 14:01:05', '67a18141-8942-43cb-9a62-f768577279d2'),
 ('20', 'Entry', '2015-09-18 14:01:18', '2015-09-18 14:01:18', 'ef745081-c0bb-4e1d-bd6e-7cc565d8ba5e'),
 ('38', 'Asset', '2015-09-25 13:10:45', '2015-09-25 13:10:45', 'fdf5099d-ca20-4ccc-9c1d-94c857513180'),
 ('60', 'Category', '2015-10-30 14:05:08', '2015-10-30 14:05:08', 'c1a00b2e-e864-473f-a7e8-e1813553aa31'),
 ('63', 'Asset', '2015-10-30 15:08:28', '2015-10-30 15:08:28', 'c2c57a19-6db0-4a6d-97be-e785f79d10ad'),
 ('67', 'Entry', '2015-10-30 15:31:05', '2015-10-30 15:31:05', '1e857f08-f18c-41c5-a69c-59944aea495d'),
 ('73', 'GlobalSet', '2015-11-03 17:10:04', '2015-11-03 17:10:04', 'fd72e9e5-bfb0-45d3-88ca-c78f846954e1'),
 ('75', 'Entry', '2015-11-03 17:23:03', '2015-11-03 17:23:03', '8f9ce12d-282a-4c05-a79c-3e7fe7609dd0'),
 ('80', 'Asset', '2015-11-05 16:02:40', '2015-11-05 16:02:40', 'e7b3d2ee-768e-4349-9ef5-97b7adfe32db'),
 ('81', 'MatrixBlock', '2015-11-05 16:32:04', '2015-11-05 16:32:04', 'fd0b3cdb-75e7-436e-93ae-7079ce593fda'),
 ('85', 'Entry', '2015-11-06 15:06:10', '2015-11-06 15:06:10', '21f47a8f-776d-443f-bc57-54939ef8e2d0'),
 ('86', 'Entry', '2015-11-06 15:06:30', '2015-11-06 15:06:30', '82808cb6-30aa-43bf-a3f1-506f2c6fe574'),
 ('90', 'GlobalSet', '2015-11-17 14:59:35', '2015-11-17 14:59:35', '8f72e926-c473-41c6-b4b3-65791804ee2b'),
 ('95', 'Category', '2015-11-24 15:18:14', '2015-11-24 15:18:14', 'eb243174-fdc9-4aa3-9f05-2d93dfdde33e'),
 ('97', 'Entry', '2015-11-24 15:30:25', '2015-11-24 15:30:25', 'b369a739-806d-4087-8014-4a7f11b4fdb2'),
 ('103', 'MatrixBlock', '2015-11-25 21:40:04', '2015-11-25 21:40:04', '8cbf5de8-59a5-45fe-af38-81988afa1a60'),
 ('104', 'Entry', '2015-11-25 21:55:19', '2015-11-25 21:55:19', '1306d2c1-20f4-40d0-b324-7e256a01cf5f'),
 ('111', 'Entry', '2015-12-01 17:28:05', '2015-12-01 17:28:05', '1864ae6d-0498-4cda-8c2a-4c96996c4a06'),
 ('120', 'Entry', '2015-12-08 18:11:24', '2015-12-08 18:11:24', 'c8f449ef-52ef-4c5d-85ff-b52cfde5a543'),
 ('121', 'MatrixBlock', '2015-12-08 19:43:02', '2015-12-08 19:43:02', '17064f35-e2f8-4509-b09c-9943bbe72d81'),
 ('123', 'MatrixBlock', '2015-12-10 18:30:47', '2015-12-10 18:30:47', '9d7c853d-3cb4-4286-b018-107dee09be88'),
 ('127', 'Entry', '2015-12-14 20:35:22', '2015-12-14 20:35:22', '22cfae9f-aaac-4876-8599-cf00d4652e38'),
 ('128', 'Entry', '2015-12-14 20:36:51', '2015-12-14 20:36:51', '55b8441f-fbdb-4ba6-a2c8-76e4c4cc23a6'),
 ('129', 'Entry', '2015-12-14 20:37:18', '2015-12-14 20:37:18', '40f7c3d9-2574-484d-ab36-8bb08e14e385'),
 ('130', 'Entry', '2015-12-15 17:37:46', '2015-12-15 17:37:46', 'a190589f-7291-46a5-84bb-7213c74c0c32'),
 ('131', 'GlobalSet', '2015-12-15 18:58:58', '2015-12-15 18:58:58', 'dfe58dc4-16c3-4195-abca-c13b3f69401f'),
 ('132', 'GlobalSet', '2015-12-15 20:25:04', '2015-12-15 20:25:04', '18157147-9a72-4e0e-98b4-eb08b3a0b215'),
 ('134', 'Entry', '2015-12-17 16:58:41', '2015-12-17 16:58:41', 'fdd37e61-4bbc-4dcb-89f5-91704e136695');




DROP TABLE IF EXISTS `craft_fieldlayouttabs`;


--
-- Schema for table `craft_fieldlayouttabs`
--
CREATE TABLE `craft_fieldlayouttabs` (
  `id` int(11) NOT NULL AUTO_INCREMENT,
  `layoutId` int(11) NOT NULL,
  `name` varchar(255) COLLATE utf8_unicode_ci NOT NULL,
  `sortOrder` tinyint(4) DEFAULT NULL,
  `dateCreated` datetime NOT NULL,
  `dateUpdated` datetime NOT NULL,
  `uid` char(36) COLLATE utf8_unicode_ci NOT NULL DEFAULT '0',
  PRIMARY KEY (`id`),
  KEY `craft_fieldlayouttabs_sortOrder_idx` (`sortOrder`),
  KEY `craft_fieldlayouttabs_layoutId_fk` (`layoutId`)
) ENGINE=InnoDB AUTO_INCREMENT=87 DEFAULT CHARSET=utf8 COLLATE=utf8_unicode_ci;

--
-- Data for table `craft_fieldlayouttabs`
--

INSERT INTO `craft_fieldlayouttabs` (`id`, `layoutId`, `name`, `sortOrder`, `dateCreated`, `dateUpdated`, `uid`) VALUES
 ('2', '5', 'Content', '1', '2015-09-18 13:02:13', '2015-09-18 13:02:13', 'aa3b88a5-3a3e-4741-9f70-42bf377b9882'),
 ('5', '19', 'Case Study', '1', '2015-09-18 14:01:05', '2015-09-18 14:01:05', '539e92ae-a514-45fd-87b3-aa01a98f928b'),
 ('6', '20', 'Clients', '1', '2015-09-18 14:01:18', '2015-09-18 14:01:18', '115adbd0-9a8a-4d3f-bb72-fd43e72d1c00'),
 ('24', '67', 'Case Study', '1', '2015-10-30 15:31:05', '2015-10-30 15:31:05', '7099920f-721d-47c7-89c8-39d881717866'),
 ('30', '73', 'Content', '1', '2015-11-03 17:10:04', '2015-11-03 17:10:04', '8041294f-cbee-4ade-9fd4-ff5df6cdd22e'),
 ('31', '75', 'Basic Page', '1', '2015-11-03 17:23:03', '2015-11-03 17:23:03', '706f3651-a903-45dd-86ff-0b81486d3c25'),
 ('36', '81', 'Content', '1', '2015-11-05 16:32:04', '2015-11-05 16:32:04', 'a0aab2c4-1e67-4d5b-930f-d3744825318c'),
 ('39', '85', 'Awards', '1', '2015-11-06 15:06:10', '2015-11-06 15:06:10', '0cd5baef-ec49-4927-afff-2d26e22add3f'),
 ('40', '86', 'Testimonial', '1', '2015-11-06 15:06:30', '2015-11-06 15:06:30', '8fe9d772-c2fb-4d64-9ee8-c76ead957a57'),
 ('44', '90', 'Content', '1', '2015-11-17 14:59:35', '2015-11-17 14:59:35', '677c3482-ab83-44f0-a55e-22e2e15be243'),
 ('49', '97', 'Projects Homepage', '1', '2015-11-24 15:30:25', '2015-11-24 15:30:25', '3859ef2c-b0fd-4ced-b8e8-f6f556dfc383'),
 ('55', '103', 'Content', '1', '2015-11-25 21:40:04', '2015-11-25 21:40:04', 'a65524f0-3411-41ae-afe9-6c01dfc12f2e'),
 ('56', '104', 'Blog Post', '1', '2015-11-25 21:55:19', '2015-11-25 21:55:19', 'c75fb1ab-308c-4d59-b958-9692d61af548'),
 ('63', '111', 'Services', '1', '2015-12-01 17:28:05', '2015-12-01 17:28:05', '38254d73-1b16-4e13-90cd-646a2401ab8b'),
 ('72', '120', 'Projects', '1', '2015-12-08 18:11:24', '2015-12-08 18:11:24', 'f8847bd4-605a-4e62-a7bb-83dc3cb1fb74'),
 ('73', '121', 'Content', '1', '2015-12-08 19:43:02', '2015-12-08 19:43:02', 'ea8fcb5e-ecbe-43f3-9f94-aac62d48cf69'),
 ('75', '123', 'Content', '1', '2015-12-10 18:30:47', '2015-12-10 18:30:47', '4d6321c9-806f-4a9e-bf62-918dbc99b130'),
 ('79', '127', 'Process Index', '1', '2015-12-14 20:35:22', '2015-12-14 20:35:22', 'ca5f0e91-ac46-4b10-81d2-67619ac33b46'),
 ('80', '128', 'Projects Homepage', '1', '2015-12-14 20:36:51', '2015-12-14 20:36:51', 'bd243e81-0ab7-4597-b929-88b65f1f4c15'),
 ('81', '129', 'Staff Profile Index', '1', '2015-12-14 20:37:18', '2015-12-14 20:37:18', 'b4a6fc65-8af3-47e7-9a07-845ee1be6e07'),
 ('82', '130', 'Homepage', '1', '2015-12-15 17:37:46', '2015-12-15 17:37:46', '79021428-89be-4c72-9c34-edab0a0d8d7c'),
 ('83', '131', 'Content', '1', '2015-12-15 18:58:58', '2015-12-15 18:58:58', '8afb42c4-6ddd-4415-95fd-cf696a3861ad'),
 ('84', '132', 'Content', '1', '2015-12-15 20:25:04', '2015-12-15 20:25:04', '5003ed7c-9e38-4fb9-b6bf-cbfd46b72fdb'),
 ('86', '134', 'Staff Profile', '1', '2015-12-17 16:58:41', '2015-12-17 16:58:41', 'c45f382b-3e6c-42e1-b410-b387bbd07820');




DROP TABLE IF EXISTS `craft_fields`;


--
-- Schema for table `craft_fields`
--
CREATE TABLE `craft_fields` (
  `id` int(11) NOT NULL AUTO_INCREMENT,
  `groupId` int(11) DEFAULT NULL,
  `name` varchar(255) COLLATE utf8_unicode_ci NOT NULL,
  `handle` varchar(58) COLLATE utf8_unicode_ci NOT NULL,
  `context` varchar(255) COLLATE utf8_unicode_ci NOT NULL DEFAULT 'global',
  `instructions` text COLLATE utf8_unicode_ci,
  `translatable` tinyint(1) unsigned NOT NULL DEFAULT '0',
  `type` varchar(150) COLLATE utf8_unicode_ci NOT NULL,
  `settings` text COLLATE utf8_unicode_ci,
  `dateCreated` datetime NOT NULL,
  `dateUpdated` datetime NOT NULL,
  `uid` char(36) COLLATE utf8_unicode_ci NOT NULL DEFAULT '0',
  PRIMARY KEY (`id`),
  UNIQUE KEY `craft_fields_handle_context_unq_idx` (`handle`,`context`),
  KEY `craft_fields_context_idx` (`context`),
  KEY `craft_fields_groupId_fk` (`groupId`)
) ENGINE=InnoDB AUTO_INCREMENT=118 DEFAULT CHARSET=utf8 COLLATE=utf8_unicode_ci;

--
-- Data for table `craft_fields`
--

INSERT INTO `craft_fields` (`id`, `groupId`, `name`, `handle`, `context`, `instructions`, `translatable`, `type`, `settings`, `dateCreated`, `dateUpdated`, `uid`) VALUES
 ('1', '1', 'Body', 'body', 'global', NULL, '1', 'RichText', '{\"configFile\":\"Standard.json\",\"columnType\":\"text\"}', '2015-09-18 13:02:12', '2015-09-18 13:02:12', '9e89bf8c-72a5-450b-ba75-8824989298d8'),
 ('2', '1', 'Tags', 'tags', 'global', NULL, '0', 'Tags', '{\"source\":\"taggroup:1\"}', '2015-09-18 13:02:12', '2015-09-18 13:02:12', 'd770ad6e-aa7c-40bf-839c-739506217a0a'),
 ('3', '2', 'Job Title', 'profileJobTitle', 'global', '', '0', 'PlainText', '{\"placeholder\":\"\",\"maxLength\":\"\",\"multiline\":\"\",\"initialRows\":\"4\"}', '2015-09-18 13:16:23', '2015-09-18 13:16:23', '777a824e-dad6-4ebd-822f-7cc5adb212ec'),
 ('4', '2', 'Contact Email', 'profileContactEmail', 'global', '', '0', 'PlainText', '{\"placeholder\":\"\",\"maxLength\":\"\",\"multiline\":\"\",\"initialRows\":\"4\"}', '2015-09-18 13:16:47', '2015-09-18 13:16:47', 'c74e9c92-c453-4ed4-9455-1f2328df37f5'),
 ('5', '2', 'Office Phone Number', 'profileOfficePhoneNumber', 'global', '', '0', 'PlainText', '{\"placeholder\":\"\",\"maxLength\":\"\",\"multiline\":\"\",\"initialRows\":\"4\"}', '2015-09-18 13:17:09', '2015-11-05 15:45:22', 'b90c909d-247c-495c-a677-26262f9d5e81'),
 ('6', '2', 'Biography / Description', 'profileBiographyDescription', 'global', '', '0', 'RichText', '{\"configFile\":\"\",\"cleanupHtml\":\"1\",\"purifyHtml\":\"\",\"columnType\":\"text\"}', '2015-09-18 13:17:28', '2015-11-05 15:17:43', '18985c0c-136f-49e0-a0d0-ae4a7c508a77'),
 ('7', '2', 'Fun Fact', 'profileFunFact', 'global', '', '0', 'PlainText', '{\"placeholder\":\"\",\"maxLength\":\"\",\"multiline\":\"\",\"initialRows\":\"4\"}', '2015-09-18 13:17:41', '2015-09-18 13:17:41', 'c935afb7-57ba-45ff-a42a-d7fd1088ef0d'),
 ('9', '3', 'Description', 'projectDescription', 'global', '', '0', 'PlainText', '{\"placeholder\":\"\",\"maxLength\":\"\",\"multiline\":\"\",\"initialRows\":\"4\"}', '2015-09-18 13:18:24', '2015-09-18 13:18:24', '84427372-3369-480a-9edf-b715c370a552'),
 ('11', '4', 'Content', 'blogContent', 'global', '', '0', 'RichText', '{\"configFile\":\"\",\"cleanupHtml\":\"1\",\"purifyHtml\":\"\",\"columnType\":\"text\"}', '2015-09-18 13:18:58', '2015-11-05 15:00:25', 'df83f4ee-31d1-436f-ba1c-8bfa22253443'),
 ('13', '5', 'Title', 'awardTitle', 'global', '', '0', 'PlainText', '{\"placeholder\":\"\",\"maxLength\":\"\",\"multiline\":\"\",\"initialRows\":\"4\"}', '2015-09-18 13:20:35', '2015-09-18 13:20:35', 'e5540779-9383-4e7c-bbd4-dc7d58502bc1'),
 ('14', '5', 'Date Awarded', 'awardDateAwarded', 'global', '', '0', 'Date', '{\"minuteIncrement\":\"30\",\"showDate\":1,\"showTime\":0}', '2015-09-18 13:20:52', '2015-09-18 13:20:52', '0dfb5f0e-6796-4863-90a2-2f1edc6d7e15'),
 ('15', '5', 'Award Winning Project', 'awardWinningProject', 'global', '', '0', 'PlainText', '{\"placeholder\":\"\",\"maxLength\":\"\",\"multiline\":\"\",\"initialRows\":\"4\"}', '2015-09-18 13:21:07', '2015-09-18 13:21:07', 'faecfde3-91cf-4d8b-b928-411bd2d2e6d0'),
 ('16', '5', 'Winning Project URL', 'winningProjectUrl', 'global', '', '0', 'PlainText', '{\"placeholder\":\"\",\"maxLength\":\"\",\"multiline\":\"\",\"initialRows\":\"4\"}', '2015-09-18 13:21:30', '2015-09-18 13:21:30', '5d9c9acd-7274-4da5-876c-50ad83f4e149'),
 ('17', '6', 'Name of Quoter', 'testimonialNameOfQuoter', 'global', '', '0', 'PlainText', '{\"placeholder\":\"\",\"maxLength\":\"\",\"multiline\":\"\",\"initialRows\":\"4\"}', '2015-09-18 13:22:21', '2015-09-18 13:22:21', '02b7e16f-8d88-45f6-9a43-bca9acbacccf'),
 ('18', '6', 'Quote', 'testimonialQuote', 'global', '', '0', 'PlainText', '{\"placeholder\":\"\",\"maxLength\":\"\",\"multiline\":\"\",\"initialRows\":\"4\"}', '2015-09-18 13:22:32', '2015-12-11 16:05:53', 'e8bc7759-20ac-44f1-8554-f1de8c6eeb2a'),
 ('19', '6', 'Date of Quote', 'dateOfQuote', 'global', '', '0', 'Date', '{\"minuteIncrement\":\"30\",\"showDate\":1,\"showTime\":0}', '2015-09-18 13:22:42', '2015-09-18 13:22:42', 'fd5c4806-58f8-471e-8624-6128fac0bcab'),
 ('20', '7', 'Service Title', 'serviceTitle', 'global', '', '0', 'PlainText', '{\"placeholder\":\"\",\"maxLength\":\"\",\"multiline\":\"\",\"initialRows\":\"4\"}', '2015-09-18 13:23:07', '2015-09-18 13:23:07', '350533e2-2dfe-4b62-acfd-71408f3585d1'),
 ('21', '7', 'Service Description', 'serviceDescription', 'global', '', '0', 'PlainText', '{\"placeholder\":\"\",\"maxLength\":\"\",\"multiline\":\"\",\"initialRows\":\"4\"}', '2015-09-18 13:23:15', '2015-09-18 13:23:15', 'a84384d8-1861-4fbb-b713-e84f7576cbab'),
 ('22', '8', 'Client Title', 'clientTitle', 'global', '', '0', 'PlainText', '{\"placeholder\":\"\",\"maxLength\":\"\",\"multiline\":\"\",\"initialRows\":\"4\"}', '2015-09-18 13:25:20', '2015-09-18 13:25:20', '3fad47b0-e0a0-40dc-a4a6-c611ae2c9edc'),
 ('23', '8', 'Primary Contact', 'primaryContact', 'global', '', '0', 'PlainText', '{\"placeholder\":\"\",\"maxLength\":\"\",\"multiline\":\"\",\"initialRows\":\"4\"}', '2015-09-18 13:25:30', '2015-09-18 13:25:30', '9b3d49b0-758e-46af-b381-0f5efafdd550'),
 ('26', '2', 'Hierarchy', 'peopleHierarchy', 'global', '', '0', 'Categories', '{\"source\":\"group:1\",\"limit\":\"\",\"selectionLabel\":\"Add a category\"}', '2015-09-18 13:58:48', '2015-09-18 13:58:48', '35f49a75-c506-429e-889b-6d6cc13e4299'),
 ('27', '2', 'Staff Headshot', 'staffHeadshot', 'global', '', '0', 'Assets', '{\"useSingleFolder\":\"\",\"sources\":\"*\",\"defaultUploadLocationSource\":\"1\",\"defaultUploadLocationSubpath\":\"\\/images\\/\",\"singleUploadLocationSource\":\"1\",\"singleUploadLocationSubpath\":\"\",\"restrictFiles\":\"1\",\"allowedKinds\":[\"image\",\"pdf\"],\"limit\":\"\",\"viewMode\":\"list\",\"selectionLabel\":\"Choose a bio picture\"}', '2015-09-18 14:09:54', '2015-12-15 20:36:02', '7ee0ffd3-5f5b-495d-aaff-0c256d5ca16a'),
 ('28', '10', 'Header Logo', 'headerLogo', 'global', '', '0', 'Assets', '{\"useSingleFolder\":\"\",\"sources\":\"*\",\"defaultUploadLocationSource\":\"2\",\"defaultUploadLocationSubpath\":\"\",\"singleUploadLocationSource\":\"1\",\"singleUploadLocationSubpath\":\"\",\"restrictFiles\":\"\",\"limit\":\"\",\"selectionLabel\":\"Add an asset\"}', '2015-09-29 14:58:31', '2015-10-02 14:59:48', '20cf1b69-3578-4df0-be86-fdc53b63c981'),
 ('29', '11', 'Call To Action', 'callToAction', 'global', '', '0', 'PlainText', '{\"placeholder\":\"\",\"maxLength\":\"\",\"multiline\":\"\",\"initialRows\":\"4\"}', '2015-09-29 14:59:17', '2015-09-29 14:59:17', 'df4b8f80-05a3-4f09-bf3f-5f97a386b3f0'),
 ('30', '11', 'City, State, Zip', 'footerAddress', 'global', '', '0', 'PlainText', '{\"placeholder\":\"\",\"maxLength\":\"\",\"multiline\":\"\",\"initialRows\":\"4\"}', '2015-09-29 14:59:37', '2015-12-08 20:41:26', 'ba1626cb-90a9-4b23-84e2-9a30fa247e9f'),
 ('31', '11', 'Phone Number', 'phoneNumber', 'global', '', '0', 'PlainText', '{\"placeholder\":\"\",\"maxLength\":\"\",\"multiline\":\"\",\"initialRows\":\"4\"}', '2015-09-29 15:01:19', '2015-12-08 20:40:06', '70f2e2aa-ca03-4669-b260-04e2738b7f1c'),
 ('33', '11', 'Email', 'footerEmail', 'global', '', '0', 'PlainText', '{\"placeholder\":\"\",\"maxLength\":\"\",\"multiline\":\"\",\"initialRows\":\"4\"}', '2015-09-29 15:01:47', '2015-09-29 15:01:47', 'dea6a570-2974-48cd-95c7-0e09c30e8507'),
 ('35', '12', 'Main Tagline', 'mainTagline', 'global', '', '0', 'PlainText', '{\"placeholder\":\"\",\"maxLength\":\"\",\"multiline\":\"\",\"initialRows\":\"4\"}', '2015-09-29 15:10:11', '2015-09-29 15:10:11', 'd0b4d406-4b2e-4200-ad5a-04025a89f4c0'),
 ('36', '12', 'About Text', 'homepageAboutText', 'global', '', '0', 'PlainText', '{\"placeholder\":\"\",\"maxLength\":\"\",\"multiline\":\"\",\"initialRows\":\"4\"}', '2015-10-02 14:30:58', '2015-12-10 17:23:15', '22b956ea-f932-4f04-b494-c3d93ccb6fc3'),
 ('37', '12', 'About Image', 'aboutImage', 'global', '', '0', 'Assets', '{\"useSingleFolder\":\"\",\"sources\":[\"folder:4\"],\"defaultUploadLocationSource\":\"2\",\"defaultUploadLocationSubpath\":\"\",\"singleUploadLocationSource\":\"1\",\"singleUploadLocationSubpath\":\"\",\"restrictFiles\":\"1\",\"allowedKinds\":[\"image\",\"pdf\"],\"limit\":\"\",\"selectionLabel\":\"Add an asset\"}', '2015-10-02 14:34:00', '2015-10-02 14:34:00', '87791f52-c30f-4200-a3d1-2e1ed4c36907'),
 ('38', '13', 'Header', 'staffIndexHeader', 'global', '', '0', 'PlainText', '{\"placeholder\":\"\",\"maxLength\":\"\",\"multiline\":\"\",\"initialRows\":\"4\"}', '2015-10-06 14:08:59', '2015-10-06 14:08:59', 'd527f734-3a48-469f-8fad-dc9b8a76bba1'),
 ('39', '13', 'Description', 'staffIndexDescription', 'global', '', '0', 'RichText', '{\"configFile\":\"\",\"cleanupHtml\":\"1\",\"purifyHtml\":\"\",\"columnType\":\"text\"}', '2015-10-06 14:09:23', '2015-11-05 15:11:05', '33d40fad-ec9f-4d53-bb3b-6e6e372860f6'),
 ('40', '13', 'Work for IdeaBase Title', 'workForIdeabaseTitle', 'global', '', '0', 'PlainText', '{\"placeholder\":\"\",\"maxLength\":\"\",\"multiline\":\"\",\"initialRows\":\"4\"}', '2015-10-06 14:09:50', '2015-10-06 14:09:50', 'f32cbc68-d356-4681-a857-908d103214a3'),
 ('41', '13', 'Work For IdeaBase Description', 'workForIdeabaseDescription', 'global', '', '0', 'PlainText', '{\"placeholder\":\"\",\"maxLength\":\"\",\"multiline\":\"\",\"initialRows\":\"4\"}', '2015-10-06 14:10:00', '2015-12-14 21:20:59', 'b75d9265-620c-4ddd-b4d3-a2d605f56932'),
 ('42', '14', 'Process Header', 'processHeader', 'global', '', '0', 'PlainText', '{\"placeholder\":\"\",\"maxLength\":\"\",\"multiline\":\"\",\"initialRows\":\"4\"}', '2015-10-06 14:39:41', '2015-10-06 14:39:41', '7c14a7b7-1848-4554-913b-a6e60a2497f9'),
 ('43', '14', 'Process Featured Image', 'processFeaturedImage', 'global', '', '0', 'Assets', '{\"useSingleFolder\":\"\",\"sources\":\"*\",\"defaultUploadLocationSource\":\"1\",\"defaultUploadLocationSubpath\":\"\",\"singleUploadLocationSource\":\"1\",\"singleUploadLocationSubpath\":\"\",\"restrictFiles\":\"\",\"limit\":\"\",\"selectionLabel\":\"Add an asset\"}', '2015-10-06 14:40:18', '2015-10-06 14:40:18', 'ad9c7cb8-1969-42df-9fc4-8d0c81367ff7'),
 ('44', '14', 'Link to Projects', 'linkToProjects', 'global', '', '0', 'PlainText', '{\"placeholder\":\"\",\"maxLength\":\"\",\"multiline\":\"\",\"initialRows\":\"4\"}', '2015-10-06 14:40:38', '2015-10-06 14:40:38', '2f268800-4a11-40db-8cf7-e6780365730d'),
 ('45', '13', 'People Featured Image', 'peopleFeaturedImage', 'global', '', '0', 'Assets', '{\"useSingleFolder\":\"\",\"sources\":\"*\",\"defaultUploadLocationSource\":\"1\",\"defaultUploadLocationSubpath\":\"\",\"singleUploadLocationSource\":\"1\",\"singleUploadLocationSubpath\":\"\",\"restrictFiles\":\"\",\"limit\":\"\",\"selectionLabel\":\"Add an asset\"}', '2015-10-06 15:07:45', '2015-10-06 15:07:45', 'b5fe9c8e-9f87-41ad-b441-18c21604eb57'),
 ('46', '3', 'Project Picture', 'projectPicture', 'global', '', '0', 'Assets', '{\"useSingleFolder\":\"\",\"sources\":\"*\",\"defaultUploadLocationSource\":\"1\",\"defaultUploadLocationSubpath\":\"\",\"singleUploadLocationSource\":\"1\",\"singleUploadLocationSubpath\":\"\",\"restrictFiles\":\"\",\"limit\":\"\",\"selectionLabel\":\"Add an asset\"}', '2015-10-06 15:20:57', '2015-10-06 15:20:57', 'c32a916c-db65-4ef7-b59f-9e551998ebf6'),
 ('47', '7', 'Service Image', 'serviceImage', 'global', '', '0', 'Assets', '{\"useSingleFolder\":\"\",\"sources\":\"*\",\"defaultUploadLocationSource\":\"1\",\"defaultUploadLocationSubpath\":\"\",\"singleUploadLocationSource\":\"1\",\"singleUploadLocationSubpath\":\"\",\"restrictFiles\":\"\",\"limit\":\"\",\"selectionLabel\":\"Add an asset\"}', '2015-10-06 15:22:57', '2015-10-06 15:22:57', 'c84e7548-0720-470f-b9ab-2e541c26b35d'),
 ('48', '3', 'Project Picture 2', 'projectPicture2', 'global', '', '0', 'Assets', '{\"useSingleFolder\":\"\",\"sources\":\"*\",\"defaultUploadLocationSource\":\"1\",\"defaultUploadLocationSubpath\":\"\",\"singleUploadLocationSource\":\"1\",\"singleUploadLocationSubpath\":\"\",\"restrictFiles\":\"\",\"limit\":\"\",\"selectionLabel\":\"Add an asset\"}', '2015-10-14 23:48:18', '2015-10-14 23:48:18', 'cb28c554-66c5-49de-8410-30755469ccf3'),
 ('49', '4', 'Type of Post', 'typeOfPost', 'global', '', '0', 'Categories', '{\"source\":\"group:5\",\"limit\":\"\",\"selectionLabel\":\"Add a category\"}', '2015-10-30 14:08:39', '2015-10-30 14:08:39', '79add35b-ad3e-4802-ae20-ad585ebf118b'),
 ('50', '15', 'Content', 'caseStudyContent', 'global', '', '0', 'RichText', '{\"configFile\":\"\",\"cleanupHtml\":\"1\",\"purifyHtml\":\"\",\"columnType\":\"text\"}', '2015-10-30 15:30:17', '2015-12-17 16:10:09', 'bdcc1bcb-eb39-4f77-94ba-6fc700f34d61'),
 ('51', '16', 'Social Media Repeater', 'socialMediaRepeater', 'global', '', '0', 'Matrix', '{\"maxBlocks\":null}', '2015-10-30 15:44:24', '2015-12-08 19:43:02', 'cea0a4d2-f693-45f8-bf17-b034d8755e79'),
 ('52', NULL, 'Social Media Name', 'socialMediaName', 'matrixBlockType:1', '', '0', 'RichText', '{\"configFile\":\"\",\"cleanupHtml\":\"1\",\"purifyHtml\":\"\",\"columnType\":\"text\"}', '2015-10-30 15:44:24', '2015-12-08 19:43:02', '25541a7a-de57-41b4-826e-133ff82d3929'),
 ('54', NULL, 'Social Media Link', 'socialMediaLink', 'matrixBlockType:1', '', '0', 'PlainText', '{\"placeholder\":\"\",\"maxLength\":\"\",\"multiline\":\"\",\"initialRows\":\"4\"}', '2015-10-30 15:46:29', '2015-12-08 19:43:02', '49558202-71e3-4d78-b27c-b3fe3c09067c'),
 ('55', '17', 'Content', 'basicContent', 'global', '', '0', 'PlainText', '{\"placeholder\":\"\",\"maxLength\":\"\",\"multiline\":\"\",\"initialRows\":\"4\"}', '2015-11-03 17:22:35', '2015-11-03 17:22:35', '8cb4bbdf-7564-4e09-bb2a-c844d565e590'),
 ('56', '13', 'Quality Headline', 'qualityHeadline', 'global', '', '0', 'PlainText', '{\"placeholder\":\"\",\"maxLength\":\"\",\"multiline\":\"\",\"initialRows\":\"4\"}', '2015-11-05 14:20:28', '2015-11-05 14:20:28', 'ce2657f0-a57a-45ea-a9cf-5767591e57d4'),
 ('57', '13', 'Quality Description', 'qualityDescription', 'global', '', '0', 'RichText', '{\"configFile\":\"\",\"cleanupHtml\":\"1\",\"purifyHtml\":\"\",\"columnType\":\"text\"}', '2015-11-05 14:20:55', '2015-11-05 14:20:55', 'a7589219-de85-455b-a1ca-bd73283f3845'),
 ('58', '13', 'Work for IdeaBase Link', 'workForIdeabaseLink', 'global', '', '0', 'PlainText', '{\"placeholder\":\"\",\"maxLength\":\"\",\"multiline\":\"\",\"initialRows\":\"4\"}', '2015-11-05 14:21:13', '2015-12-14 21:21:07', '9960c434-0714-4541-bd49-df640c83008c'),
 ('60', '4', 'Author', 'blogAuthor', 'global', '', '0', 'Entries', '{\"sources\":[\"section:3\"],\"limit\":\"\",\"selectionLabel\":\"Add an author\"}', '2015-11-05 15:31:06', '2015-11-05 15:32:55', 'a2f07513-71fe-4dba-863c-e2c9df99fa3a'),
 ('61', '3', 'Contributor', 'contributor', 'global', '', '0', 'Entries', '{\"sources\":[\"section:3\"],\"limit\":\"\",\"selectionLabel\":\"Add a project contributor\"}', '2015-11-05 15:39:51', '2015-11-05 15:39:51', '6af11e5f-9254-4466-8697-e83d10ff4345'),
 ('62', '12', 'Homepage Matrix', 'homepageMatrix', 'global', '', '0', 'Matrix', '{\"maxBlocks\":null}', '2015-11-05 16:32:04', '2015-11-05 16:32:04', '8141b5b5-f670-4a6f-be20-3f5ec213762e'),
 ('63', NULL, 'Process Name', 'processName', 'matrixBlockType:2', '', '0', 'PlainText', '{\"placeholder\":\"\",\"maxLength\":\"\",\"multiline\":\"\",\"initialRows\":\"4\"}', '2015-11-05 16:32:04', '2015-11-05 16:32:04', '493acf19-7b93-4a3b-9835-129c1e54e6d3'),
 ('64', NULL, 'Process Description', 'processDescription', 'matrixBlockType:2', '', '0', 'RichText', '{\"configFile\":\"\",\"cleanupHtml\":\"1\",\"purifyHtml\":\"\",\"columnType\":\"text\"}', '2015-11-05 16:32:04', '2015-11-05 16:32:04', '336fca8c-147c-4d54-a6d1-1c9fce4a4b49'),
 ('65', NULL, 'Process Image', 'processImage', 'matrixBlockType:2', '', '0', 'Assets', '{\"useSingleFolder\":\"\",\"sources\":\"*\",\"defaultUploadLocationSource\":\"1\",\"defaultUploadLocationSubpath\":\"\",\"singleUploadLocationSource\":\"1\",\"singleUploadLocationSubpath\":\"\",\"restrictFiles\":\"\",\"limit\":\"\",\"selectionLabel\":\"Add an asset\"}', '2015-11-05 16:32:04', '2015-11-05 16:32:04', 'ef13491a-ede7-4486-9e6b-d4789d171691'),
 ('66', '12', 'Design Headline', 'designHeadline', 'global', '', '0', 'PlainText', '{\"placeholder\":\"\",\"maxLength\":\"\",\"multiline\":\"\",\"initialRows\":\"4\"}', '2015-11-05 16:34:59', '2015-11-05 16:34:59', 'ea03222d-61e7-4ec0-9795-214df574b21f'),
 ('67', '12', 'Projects Headline', 'projectsHeadline', 'global', '', '0', 'PlainText', '{\"placeholder\":\"\",\"maxLength\":\"\",\"multiline\":\"\",\"initialRows\":\"4\"}', '2015-11-05 16:35:14', '2015-11-05 16:35:14', '5d5d1fff-bed1-4cd4-8abb-7b2d48b4f633'),
 ('68', '12', 'Projects Description', 'projectsDescription', 'global', '', '0', 'RichText', '{\"configFile\":\"\",\"cleanupHtml\":\"1\",\"purifyHtml\":\"\",\"columnType\":\"text\"}', '2015-11-05 16:35:35', '2015-11-05 16:35:35', 'afe760ba-d00f-46ae-8e04-60f3a9ba37be'),
 ('69', '18', 'Project Headline', 'projectHeadline', 'global', '', '0', 'PlainText', '{\"placeholder\":\"\",\"maxLength\":\"\",\"multiline\":\"\",\"initialRows\":\"4\"}', '2015-11-06 14:19:49', '2015-11-06 14:19:49', 'dcf6b1da-2b70-4fbe-8dda-8e9fba272aa6'),
 ('70', '18', 'Projects Description', 'projectsSubDescription', 'global', '', '0', 'RichText', '{\"configFile\":\"\",\"cleanupHtml\":\"1\",\"purifyHtml\":\"\",\"columnType\":\"text\"}', '2015-11-06 14:22:12', '2015-11-06 14:22:12', '425438f4-c90f-4ba3-8bf2-9d803c55ca9a'),
 ('71', '18', 'Case Study Headline', 'caseStudyHeadline', 'global', '', '0', 'PlainText', '{\"placeholder\":\"\",\"maxLength\":\"\",\"multiline\":\"\",\"initialRows\":\"4\"}', '2015-11-06 14:22:41', '2015-11-06 14:22:41', '2f184eeb-a0ab-4916-a650-a0f472ace4b5'),
 ('72', '18', 'Case Study Subdescription', 'caseStudySubDescription', 'global', '', '0', 'RichText', '{\"configFile\":\"\",\"cleanupHtml\":\"1\",\"purifyHtml\":\"\",\"columnType\":\"text\"}', '2015-11-06 14:23:00', '2015-11-06 14:23:00', 'c8db0d5a-ade1-49a1-9328-0ebcd978e0cb'),
 ('73', '18', 'Classroom Experience Headline', 'classroomExperienceHeadline', 'global', '', '0', 'PlainText', '{\"placeholder\":\"\",\"maxLength\":\"\",\"multiline\":\"\",\"initialRows\":\"4\"}', '2015-11-06 14:23:13', '2015-11-06 14:23:13', '66592b50-aa97-4ae9-9c18-93a5ad37f4a8'),
 ('74', '18', 'Classroom Experience Description', 'classroomExperienceDescription', 'global', '', '0', 'RichText', '{\"configFile\":\"\",\"cleanupHtml\":\"1\",\"purifyHtml\":\"\",\"columnType\":\"text\"}', '2015-11-06 14:23:34', '2015-11-06 14:23:34', '1d832235-0cec-44d1-bd70-be091c176d9b'),
 ('75', '5', 'Award Association', 'awardAssociation', 'global', '', '0', 'Entries', '{\"sources\":[\"section:4\"],\"limit\":\"\",\"selectionLabel\":\"Add an entry\"}', '2015-11-06 14:53:38', '2015-11-06 14:53:38', '2bb32fc9-a273-4fd1-b6b3-683409e0af52'),
 ('76', '6', 'Project Association', 'projectAssociation', 'global', '', '0', 'Entries', '{\"sources\":[\"section:4\"],\"limit\":\"\",\"selectionLabel\":\"Add an entry\"}', '2015-11-06 14:54:03', '2015-11-06 14:54:03', '7ed33864-6a3b-4e52-aa16-49aec9157f25'),
 ('77', '2', 'College Degree', 'collegeDegree', 'global', '', '0', 'PlainText', '{\"placeholder\":\"\",\"maxLength\":\"\",\"multiline\":\"\",\"initialRows\":\"4\"}', '2015-11-10 17:17:53', '2015-11-10 17:17:53', '65fa560c-cabb-47d2-b67b-f5b75b9aa392'),
 ('78', '10', 'Header Catchline', 'headerCatchline', 'global', '', '0', 'PlainText', '{\"placeholder\":\"\",\"maxLength\":\"\",\"multiline\":\"\",\"initialRows\":\"4\"}', '2015-11-13 15:09:46', '2015-11-13 15:09:46', '9d81da3c-4197-4e21-b252-775b642fb0d9'),
 ('79', '14', 'Process Description', 'processDescription', 'global', '', '0', 'PlainText', '{\"placeholder\":\"\",\"maxLength\":\"\",\"multiline\":\"\",\"initialRows\":\"4\"}', '2015-11-19 15:46:16', '2015-11-19 15:46:16', 'bfd4a956-8062-4837-9070-a54b4d429c6e'),
 ('80', '14', 'UX Testing Lab Description', 'uxTestingLabDescription', 'global', '', '0', 'RichText', '{\"configFile\":\"\",\"cleanupHtml\":\"1\",\"purifyHtml\":\"\",\"columnType\":\"text\"}', '2015-11-19 15:47:36', '2015-11-19 15:47:36', '06619909-1277-4a5c-b865-30cc15be9747'),
 ('81', '14', 'Testimonial Headline', 'testimonialHeadline', 'global', '', '0', 'PlainText', '{\"placeholder\":\"\",\"maxLength\":\"\",\"multiline\":\"\",\"initialRows\":\"4\"}', '2015-11-19 15:47:47', '2015-11-19 15:47:47', 'c84df519-8534-4569-aa4c-dd96334dad32'),
 ('82', '14', 'Testimonial Description', 'testimonialDescription', 'global', '', '0', 'PlainText', '{\"placeholder\":\"\",\"maxLength\":\"\",\"multiline\":\"\",\"initialRows\":\"4\"}', '2015-11-19 15:47:58', '2015-11-19 15:47:58', '5c16250b-c089-486a-9ce4-a39844f2cea7'),
 ('83', '11', 'Copyright', 'copyright', 'global', '', '0', 'RichText', '{\"configFile\":\"\",\"cleanupHtml\":\"1\",\"purifyHtml\":\"\",\"columnType\":\"text\"}', '2015-11-19 15:55:16', '2015-12-08 19:52:03', '1888642e-6b10-4c80-83ab-87cad4594419'),
 ('84', '11', 'Footer Blurb', 'footerBlurb', 'global', '', '0', 'RichText', '{\"configFile\":\"\",\"cleanupHtml\":\"1\",\"purifyHtml\":\"\",\"columnType\":\"text\"}', '2015-11-19 15:55:59', '2015-12-08 19:51:49', '6775a928-8ead-45cb-ab79-fe9f8d84a6c0'),
 ('85', '11', 'Footer Headline', 'footerHeadline', 'global', '', '0', 'PlainText', '{\"placeholder\":\"\",\"maxLength\":\"\",\"multiline\":\"\",\"initialRows\":\"4\"}', '2015-11-20 14:31:44', '2015-11-20 14:31:44', 'f9a1fcf9-a27b-4b84-ac59-61b83186ce8f'),
 ('86', '11', 'Contact Form Description', 'contactFormDescription', 'global', '', '0', 'RichText', '{\"configFile\":\"\",\"cleanupHtml\":\"1\",\"purifyHtml\":\"\",\"columnType\":\"text\"}', '2015-11-20 14:31:56', '2015-11-20 14:33:23', 'add6263e-bc86-41e6-8145-3f3263c6a6a2'),
 ('87', '11', 'CTA Button', 'ctaButton', 'global', 'This is the Call to Action button', '0', 'PlainText', '{\"placeholder\":\"\",\"maxLength\":\"\",\"multiline\":\"\",\"initialRows\":\"4\"}', '2015-11-20 16:07:19', '2015-11-20 16:07:19', 'a0bdd239-e26d-4680-a367-c9bd88769de0'),
 ('88', '3', 'Project Category', 'projectCategory', 'global', '', '0', 'Categories', '{\"source\":\"group:6\",\"limit\":\"\",\"selectionLabel\":\"Add a category\"}', '2015-11-24 15:37:55', '2015-11-24 15:37:55', 'f752ffd9-497e-471f-b8f1-efc52d10f2a9'),
 ('89', '2', 'Staff Social Media', 'staffSocialMedia', 'global', '', '0', 'Matrix', '{\"maxBlocks\":null}', '2015-11-25 21:27:02', '2015-11-25 21:40:04', '48c5d954-e116-4a4c-a035-f6844bf40689'),
 ('90', NULL, 'Social Media Name', 'staffSocName', 'matrixBlockType:3', '', '0', 'PlainText', '{\"placeholder\":\"\",\"maxLength\":\"\",\"multiline\":\"\",\"initialRows\":\"4\"}', '2015-11-25 21:27:02', '2015-11-25 21:40:04', '48550525-8a47-4b01-aa85-d40c7a1b496b'),
 ('91', NULL, 'Social Media Link', 'staffSocLink', 'matrixBlockType:3', '', '0', 'RichText', '{\"configFile\":\"\",\"cleanupHtml\":\"1\",\"purifyHtml\":\"\",\"columnType\":\"text\"}', '2015-11-25 21:27:02', '2015-11-25 21:40:04', '0834d37c-4c24-4b95-a7bd-377f01437182'),
 ('92', '4', 'Featured Image', 'blogFeaturedImage', 'global', '', '0', 'Assets', '{\"useSingleFolder\":\"\",\"sources\":\"*\",\"defaultUploadLocationSource\":\"1\",\"defaultUploadLocationSubpath\":\"\",\"singleUploadLocationSource\":\"1\",\"singleUploadLocationSubpath\":\"\",\"restrictFiles\":\"\",\"limit\":\"\",\"selectionLabel\":\"Add an asset\"}', '2015-11-25 21:53:37', '2015-11-25 21:53:37', '5a6ebd80-65e4-4f28-ae57-951fda2d527b'),
 ('94', '7', 'Service Icon', 'serviceIcon', 'global', '', '0', 'Assets', '{\"useSingleFolder\":\"\",\"sources\":\"*\",\"defaultUploadLocationSource\":\"1\",\"defaultUploadLocationSubpath\":\"\",\"singleUploadLocationSource\":\"1\",\"singleUploadLocationSubpath\":\"\",\"restrictFiles\":\"\",\"limit\":\"\",\"selectionLabel\":\"Add an asset\"}', '2015-12-01 15:42:19', '2015-12-01 15:42:19', '11ff43fb-78e7-4694-844a-0107427c4154'),
 ('95', '14', 'Service Homepage Matrix', 'serviceHomepageMatrix', 'global', '', '0', 'Matrix', '{\"maxBlocks\":null}', '2015-12-01 16:11:00', '2015-12-10 18:30:47', '8e6df9c0-4283-4fa1-8169-703ff85c3e50'),
 ('96', NULL, 'Home Process Name', 'homeProcessName', 'matrixBlockType:4', '', '0', 'PlainText', '{\"placeholder\":\"\",\"maxLength\":\"\",\"multiline\":\"\",\"initialRows\":\"4\"}', '2015-12-01 16:11:01', '2015-12-10 18:30:47', '65a2a9f5-2f84-4088-83c6-233b2240810e'),
 ('97', NULL, 'Home Process Description', 'homeProcessDescription', 'matrixBlockType:4', 'This is the description on the Process Page', '0', 'RichText', '{\"configFile\":\"\",\"cleanupHtml\":\"1\",\"purifyHtml\":\"\",\"columnType\":\"text\"}', '2015-12-01 16:11:01', '2015-12-10 18:30:47', 'c699ad6e-c0c0-4fcf-b97e-857b326bdee3'),
 ('99', NULL, 'Home Process Example Table', 'homeProcessExampleTable', 'matrixBlockType:4', '', '0', 'Table', '{\"columns\":{\"col2\":{\"heading\":\"Examples\",\"handle\":\"examples\",\"width\":\"\",\"type\":\"singleline\"}},\"defaults\":{\"row1\":{\"col2\":\"\"}}}', '2015-12-01 17:36:47', '2015-12-10 18:30:47', '05480904-ef7f-48db-a60d-2dfb80e4a540'),
 ('100', NULL, 'Icon 1', 'icon1', 'matrixBlockType:4', '', '0', 'Assets', '{\"useSingleFolder\":\"\",\"sources\":\"*\",\"defaultUploadLocationSource\":\"1\",\"defaultUploadLocationSubpath\":\"\",\"singleUploadLocationSource\":\"1\",\"singleUploadLocationSubpath\":\"\",\"restrictFiles\":\"\",\"limit\":\"\",\"viewMode\":\"list\",\"selectionLabel\":\"\"}', '2015-12-03 17:14:34', '2015-12-10 18:30:47', '70122214-1c79-4897-a33c-98a4c6a66bd4'),
 ('101', NULL, 'Icon 2', 'icon2', 'matrixBlockType:4', '', '0', 'Assets', '{\"useSingleFolder\":\"\",\"sources\":\"*\",\"defaultUploadLocationSource\":\"1\",\"defaultUploadLocationSubpath\":\"\",\"singleUploadLocationSource\":\"1\",\"singleUploadLocationSubpath\":\"\",\"restrictFiles\":\"\",\"limit\":\"\",\"viewMode\":\"list\",\"selectionLabel\":\"\"}', '2015-12-03 17:14:34', '2015-12-10 18:30:47', 'e92e0a9e-18de-48e3-87dd-e7dc61978373'),
 ('102', NULL, 'Icon 3', 'icon3', 'matrixBlockType:4', '', '0', 'Assets', '{\"useSingleFolder\":\"\",\"sources\":\"*\",\"defaultUploadLocationSource\":\"1\",\"defaultUploadLocationSubpath\":\"\",\"singleUploadLocationSource\":\"1\",\"singleUploadLocationSubpath\":\"\",\"restrictFiles\":\"\",\"limit\":\"\",\"viewMode\":\"list\",\"selectionLabel\":\"\"}', '2015-12-03 17:14:34', '2015-12-10 18:30:47', 'b328ceb6-a0d1-4be2-bab6-61f292ba5771'),
 ('103', NULL, 'Icon 4', 'icon4', 'matrixBlockType:4', '', '0', 'Assets', '{\"useSingleFolder\":\"\",\"sources\":\"*\",\"defaultUploadLocationSource\":\"1\",\"defaultUploadLocationSubpath\":\"\",\"singleUploadLocationSource\":\"1\",\"singleUploadLocationSubpath\":\"\",\"restrictFiles\":\"\",\"limit\":\"\",\"viewMode\":\"list\",\"selectionLabel\":\"\"}', '2015-12-03 17:14:34', '2015-12-10 18:30:47', '0698eba0-8d8c-41cd-880d-a02752f01c52'),
 ('104', NULL, 'Homepage Icon', 'homepageIcon', 'matrixBlockType:4', '', '0', 'Assets', '{\"useSingleFolder\":\"\",\"sources\":\"*\",\"defaultUploadLocationSource\":\"1\",\"defaultUploadLocationSubpath\":\"\",\"singleUploadLocationSource\":\"1\",\"singleUploadLocationSubpath\":\"\",\"restrictFiles\":\"\",\"limit\":\"\",\"viewMode\":\"list\",\"selectionLabel\":\"\"}', '2015-12-03 17:14:34', '2015-12-10 18:30:47', '9d2dec47-9f2e-4ef1-a222-debaf1cf2436'),
 ('105', NULL, 'Homepage Description', 'homepageDescription', 'matrixBlockType:4', 'This is the description on the IdeaBase homepage', '0', 'RichText', '{\"configFile\":\"\",\"cleanupHtml\":\"1\",\"purifyHtml\":\"\",\"columnType\":\"text\"}', '2015-12-03 17:47:29', '2015-12-10 18:30:47', 'c2e319c6-eed7-4b3f-9bee-afb88dfba11a'),
 ('106', '3', 'Project URL', 'projectUrl', 'global', 'Select link and create a link in the input box.', '0', 'RichText', '{\"configFile\":\"\",\"cleanupHtml\":\"1\",\"purifyHtml\":\"\",\"columnType\":\"text\"}', '2015-12-08 18:10:44', '2015-12-08 18:31:17', '263ead77-f1f0-4fad-9a47-1950eca8d4f3'),
 ('107', '11', 'Street', 'street', 'global', '', '0', 'PlainText', '{\"placeholder\":\"\",\"maxLength\":\"\",\"multiline\":\"\",\"initialRows\":\"4\"}', '2015-12-08 20:40:21', '2015-12-08 20:40:21', 'c4670c6f-a0fd-427c-94ee-b479f8311fc9'),
 ('108', '14', 'UX Lab Button', 'uxLabButton', 'global', '', '0', 'PlainText', '{\"placeholder\":\"\",\"maxLength\":\"\",\"multiline\":\"\",\"initialRows\":\"4\"}', '2015-12-10 18:43:41', '2015-12-10 18:43:41', '8653f66d-55ab-4c1f-812d-32f9980959e7'),
 ('109', '14', 'Price Headline', 'priceHeadline', 'global', '', '0', 'PlainText', '{\"placeholder\":\"\",\"maxLength\":\"\",\"multiline\":\"\",\"initialRows\":\"4\"}', '2015-12-10 18:44:01', '2015-12-10 18:44:01', 'aa56ca9f-359d-4993-8a59-c6dc5eb28334'),
 ('110', '14', 'Price Description', 'priceDescription', 'global', '', '0', 'RichText', '{\"configFile\":\"\",\"cleanupHtml\":\"\",\"purifyHtml\":\"\",\"columnType\":\"text\"}', '2015-12-10 18:44:07', '2015-12-10 19:47:47', 'ed529af3-8615-4825-a184-f3b3ed94263f'),
 ('111', '18', 'More Projects Button', 'moreProjectsButton', 'global', '', '0', 'PlainText', '{\"placeholder\":\"\",\"maxLength\":\"\",\"multiline\":\"\",\"initialRows\":\"4\"}', '2015-12-14 18:47:19', '2015-12-14 18:48:54', 'a7d1a16c-38e8-4017-ba25-500b54768cc4');

INSERT INTO `craft_fields` (`id`, `groupId`, `name`, `handle`, `context`, `instructions`, `translatable`, `type`, `settings`, `dateCreated`, `dateUpdated`, `uid`) VALUES
 ('112', '18', 'Classroom Button', 'classroomButton', 'global', '', '0', 'PlainText', '{\"placeholder\":\"\",\"maxLength\":\"\",\"multiline\":\"\",\"initialRows\":\"4\"}', '2015-12-14 20:03:56', '2015-12-14 20:03:56', '35f34690-2a03-4315-8bfd-1f7f6ffd7e0e'),
 ('113', '12', 'Brick Background Pattern', 'brickBackgroundPattern', 'global', '', '0', 'Assets', '{\"useSingleFolder\":\"\",\"sources\":\"*\",\"defaultUploadLocationSource\":\"1\",\"defaultUploadLocationSubpath\":\"\",\"singleUploadLocationSource\":\"1\",\"singleUploadLocationSubpath\":\"\",\"restrictFiles\":\"\",\"limit\":\"\",\"viewMode\":\"list\",\"selectionLabel\":\"\"}', '2015-12-15 17:37:14', '2015-12-15 17:37:14', '3f35647a-6cad-44aa-bff0-f82518e3fb38'),
 ('114', '11', 'Form Icon', 'formIcon', 'global', '', '0', 'Assets', '{\"useSingleFolder\":\"\",\"sources\":\"*\",\"defaultUploadLocationSource\":\"1\",\"defaultUploadLocationSubpath\":\"\",\"singleUploadLocationSource\":\"1\",\"singleUploadLocationSubpath\":\"\",\"restrictFiles\":\"\",\"limit\":\"\",\"viewMode\":\"list\",\"selectionLabel\":\"\"}', '2015-12-15 18:58:42', '2015-12-15 18:58:42', '932d6b8b-95c6-4238-acb1-3397800fda98'),
 ('115', '15', 'Author', 'caseStudyAuthor', 'global', '', '0', 'Entries', '{\"sources\":[\"section:3\"],\"limit\":\"\",\"selectionLabel\":\"\"}', '2015-12-15 19:15:19', '2015-12-15 19:16:36', '03e58042-433c-49b7-8bf5-f3fdd303cf5b'),
 ('116', '2', 'Last Name', 'profileLastName', 'global', '', '0', 'PlainText', '{\"placeholder\":\"\",\"maxLength\":\"\",\"multiline\":\"\",\"initialRows\":\"4\"}', '2015-12-17 16:54:22', '2015-12-17 16:54:22', '2f23a5ed-7627-4a10-a235-4c129c97bf69'),
 ('117', '2', 'First Name', 'profileFirstName', 'global', '', '0', 'PlainText', '{\"placeholder\":\"\",\"maxLength\":\"\",\"multiline\":\"\",\"initialRows\":\"4\"}', '2015-12-17 16:58:26', '2015-12-17 16:58:26', '76cffb04-b3e5-4fe4-a88c-dfc66b11532e');




DROP TABLE IF EXISTS `craft_globalsets`;


--
-- Schema for table `craft_globalsets`
--
CREATE TABLE `craft_globalsets` (
  `id` int(11) NOT NULL,
  `name` varchar(255) COLLATE utf8_unicode_ci NOT NULL,
  `handle` varchar(255) COLLATE utf8_unicode_ci NOT NULL,
  `fieldLayoutId` int(10) DEFAULT NULL,
  `dateCreated` datetime NOT NULL,
  `dateUpdated` datetime NOT NULL,
  `uid` char(36) COLLATE utf8_unicode_ci NOT NULL DEFAULT '0',
  PRIMARY KEY (`id`),
  UNIQUE KEY `craft_globalsets_name_unq_idx` (`name`),
  UNIQUE KEY `craft_globalsets_handle_unq_idx` (`handle`),
  KEY `craft_globalsets_fieldLayoutId_fk` (`fieldLayoutId`)
) ENGINE=InnoDB DEFAULT CHARSET=utf8 COLLATE=utf8_unicode_ci;

--
-- Data for table `craft_globalsets`
--

INSERT INTO `craft_globalsets` (`id`, `name`, `handle`, `fieldLayoutId`, `dateCreated`, `dateUpdated`, `uid`) VALUES
 ('89', 'Header', 'header', '90', '2015-09-29 14:19:07', '2015-11-17 14:59:35', '0724b525-53e8-443a-a8b0-280931ddccae'),
 ('90', 'Footer', 'footer', '131', '2015-09-29 14:19:11', '2015-12-15 18:58:58', 'ab566658-6a28-424d-907e-7991a4ea5e75'),
 ('127', 'Social Media', 'socMedia', '73', '2015-10-30 15:17:55', '2015-11-03 17:10:04', '93caef91-2fca-40cf-ace6-c352de3e641c'),
 ('177', 'Background Brick Patterns', 'backgroundBrickPatterns', '132', '2015-12-15 20:25:04', '2015-12-15 20:25:04', '3cc636cc-6123-4160-b10c-4b0f876f0997');




DROP TABLE IF EXISTS `craft_info`;


--
-- Schema for table `craft_info`
--
CREATE TABLE `craft_info` (
  `id` int(11) NOT NULL AUTO_INCREMENT,
  `version` varchar(15) COLLATE utf8_unicode_ci NOT NULL,
  `build` int(11) unsigned NOT NULL,
  `schemaVersion` varchar(15) COLLATE utf8_unicode_ci NOT NULL,
  `releaseDate` datetime NOT NULL,
  `edition` tinyint(1) unsigned NOT NULL DEFAULT '0',
  `siteName` varchar(100) COLLATE utf8_unicode_ci NOT NULL,
  `siteUrl` varchar(255) COLLATE utf8_unicode_ci NOT NULL,
  `timezone` varchar(30) COLLATE utf8_unicode_ci DEFAULT NULL,
  `on` tinyint(1) unsigned NOT NULL DEFAULT '0',
  `maintenance` tinyint(1) unsigned NOT NULL DEFAULT '0',
  `track` varchar(40) COLLATE utf8_unicode_ci NOT NULL,
  `dateCreated` datetime NOT NULL,
  `dateUpdated` datetime NOT NULL,
  `uid` char(36) COLLATE utf8_unicode_ci NOT NULL DEFAULT '0',
  PRIMARY KEY (`id`)
) ENGINE=InnoDB AUTO_INCREMENT=2 DEFAULT CHARSET=utf8 COLLATE=utf8_unicode_ci;

--
-- Data for table `craft_info`
--

INSERT INTO `craft_info` (`id`, `version`, `build`, `schemaVersion`, `releaseDate`, `edition`, `siteName`, `siteUrl`, `timezone`, `on`, `maintenance`, `track`, `dateCreated`, `dateUpdated`, `uid`) VALUES
 ('1', '2.5', '2750', '2.5.11', '2015-12-01 17:39:48', '2', 'IdeaBase Website', 'http://localhost/prod', 'UTC', '1', '1', 'stable', '2015-09-18 13:02:07', '2016-01-02 19:37:27', '32522f96-e602-4fd0-b6e3-2d9325bf35cd');




DROP TABLE IF EXISTS `craft_locales`;


--
-- Schema for table `craft_locales`
--
CREATE TABLE `craft_locales` (
  `locale` char(12) COLLATE utf8_unicode_ci NOT NULL,
  `sortOrder` tinyint(4) DEFAULT NULL,
  `dateCreated` datetime NOT NULL,
  `dateUpdated` datetime NOT NULL,
  `uid` char(36) COLLATE utf8_unicode_ci NOT NULL DEFAULT '0',
  PRIMARY KEY (`locale`),
  KEY `craft_locales_sortOrder_idx` (`sortOrder`)
) ENGINE=InnoDB DEFAULT CHARSET=utf8 COLLATE=utf8_unicode_ci;

--
-- Data for table `craft_locales`
--

INSERT INTO `craft_locales` (`locale`, `sortOrder`, `dateCreated`, `dateUpdated`, `uid`) VALUES
 ('en_us', '1', '2015-09-18 13:02:07', '2015-09-18 13:02:07', '15a4d621-0c9b-4d2b-b81b-20f8cfc4005e');




DROP TABLE IF EXISTS `craft_matrixblocks`;


--
-- Schema for table `craft_matrixblocks`
--
CREATE TABLE `craft_matrixblocks` (
  `id` int(11) NOT NULL,
  `ownerId` int(11) NOT NULL,
  `fieldId` int(11) NOT NULL,
  `typeId` int(11) DEFAULT NULL,
  `sortOrder` tinyint(4) DEFAULT NULL,
  `ownerLocale` char(12) COLLATE utf8_unicode_ci DEFAULT NULL,
  `dateCreated` datetime NOT NULL,
  `dateUpdated` datetime NOT NULL,
  `uid` char(36) COLLATE utf8_unicode_ci NOT NULL DEFAULT '0',
  PRIMARY KEY (`id`),
  KEY `craft_matrixblocks_ownerId_idx` (`ownerId`),
  KEY `craft_matrixblocks_fieldId_idx` (`fieldId`),
  KEY `craft_matrixblocks_typeId_idx` (`typeId`),
  KEY `craft_matrixblocks_sortOrder_idx` (`sortOrder`),
  KEY `craft_matrixblocks_ownerLocale_fk` (`ownerLocale`)
) ENGINE=InnoDB DEFAULT CHARSET=utf8 COLLATE=utf8_unicode_ci;

--
-- Data for table `craft_matrixblocks`
--

INSERT INTO `craft_matrixblocks` (`id`, `ownerId`, `fieldId`, `typeId`, `sortOrder`, `ownerLocale`, `dateCreated`, `dateUpdated`, `uid`) VALUES
 ('129', '127', '51', '1', '1', NULL, '2015-10-30 15:46:46', '2015-12-08 19:44:02', '4a56da03-464a-425a-8a18-d6f71e508020'),
 ('130', '127', '51', '1', '2', NULL, '2015-10-30 16:07:20', '2015-12-08 19:44:02', '889ec973-8693-4299-bcee-b97a8ea28885'),
 ('158', '67', '89', '3', '1', NULL, '2015-11-25 21:34:25', '2015-12-17 17:03:57', '734fe86e-ee4b-4209-af38-fd2d85a5ec60'),
 ('159', '67', '89', '3', '2', NULL, '2015-11-25 21:34:25', '2015-12-17 17:03:57', '5da978e4-6d37-47c2-847f-68a069bcf761'),
 ('161', '95', '95', '4', '1', NULL, '2015-12-01 16:18:16', '2015-12-01 16:18:16', 'd2d0ad1d-fb2d-4720-875c-e20dc2dc684c'),
 ('165', '109', '95', '4', '1', NULL, '2015-12-01 17:29:03', '2015-12-14 20:35:53', '7c1d8623-0e5b-48f5-a275-495e30dc16b6'),
 ('166', '109', '95', '4', '2', NULL, '2015-12-03 17:33:36', '2015-12-14 20:35:53', '2ff46364-1fda-4553-a6aa-7b14798b6e4a'),
 ('167', '109', '95', '4', '3', NULL, '2015-12-03 20:15:41', '2015-12-14 20:35:53', '41e3a0a9-fe2f-4776-9c64-07542060399f');




DROP TABLE IF EXISTS `craft_matrixblocktypes`;


--
-- Schema for table `craft_matrixblocktypes`
--
CREATE TABLE `craft_matrixblocktypes` (
  `id` int(11) NOT NULL AUTO_INCREMENT,
  `fieldId` int(11) NOT NULL,
  `fieldLayoutId` int(11) DEFAULT NULL,
  `name` varchar(255) COLLATE utf8_unicode_ci NOT NULL,
  `handle` varchar(255) COLLATE utf8_unicode_ci NOT NULL,
  `sortOrder` tinyint(4) DEFAULT NULL,
  `dateCreated` datetime NOT NULL,
  `dateUpdated` datetime NOT NULL,
  `uid` char(36) COLLATE utf8_unicode_ci NOT NULL DEFAULT '0',
  PRIMARY KEY (`id`),
  UNIQUE KEY `craft_matrixblocktypes_name_fieldId_unq_idx` (`name`,`fieldId`),
  UNIQUE KEY `craft_matrixblocktypes_handle_fieldId_unq_idx` (`handle`,`fieldId`),
  KEY `craft_matrixblocktypes_fieldId_fk` (`fieldId`),
  KEY `craft_matrixblocktypes_fieldLayoutId_fk` (`fieldLayoutId`)
) ENGINE=InnoDB AUTO_INCREMENT=5 DEFAULT CHARSET=utf8 COLLATE=utf8_unicode_ci;

--
-- Data for table `craft_matrixblocktypes`
--

INSERT INTO `craft_matrixblocktypes` (`id`, `fieldId`, `fieldLayoutId`, `name`, `handle`, `sortOrder`, `dateCreated`, `dateUpdated`, `uid`) VALUES
 ('1', '51', '121', 'Name', 'socialName', '1', '2015-10-30 15:44:24', '2015-12-08 19:43:02', '5e99a9c7-6233-4475-8fde-152b6e422ee6'),
 ('2', '62', '81', 'Home Processes', 'homeProcesses', '1', '2015-11-05 16:32:04', '2015-11-05 16:32:04', 'c9433e6f-a06a-4d51-b539-3cb4ce026879'),
 ('3', '89', '103', 'Social Name', 'staffSocName', '1', '2015-11-25 21:27:02', '2015-11-25 21:40:04', 'f7a4159d-c522-44c4-9b40-5be74646588b'),
 ('4', '95', '123', 'Process Matrix', 'processMatrix', '1', '2015-12-01 16:11:01', '2015-12-10 18:30:47', '8c939835-7cc5-4457-9904-88d8e92602de');




DROP TABLE IF EXISTS `craft_matrixcontent_homepagematrix`;


--
-- Schema for table `craft_matrixcontent_homepagematrix`
--
CREATE TABLE `craft_matrixcontent_homepagematrix` (
  `id` int(11) NOT NULL AUTO_INCREMENT,
  `elementId` int(11) NOT NULL,
  `locale` char(12) COLLATE utf8_unicode_ci NOT NULL,
  `field_homeProcesses_processName` text COLLATE utf8_unicode_ci,
  `field_homeProcesses_processDescription` text COLLATE utf8_unicode_ci,
  `dateCreated` datetime NOT NULL,
  `dateUpdated` datetime NOT NULL,
  `uid` char(36) COLLATE utf8_unicode_ci NOT NULL DEFAULT '0',
  PRIMARY KEY (`id`),
  UNIQUE KEY `craft_matrixcontent_homepagematrix_elementId_locale_unq_idx` (`elementId`,`locale`),
  KEY `craft_matrixcontent_homepagematrix_locale_fk` (`locale`)
) ENGINE=InnoDB DEFAULT CHARSET=utf8 COLLATE=utf8_unicode_ci;

DROP TABLE IF EXISTS `craft_matrixcontent_servicehomepagematrix`;


--
-- Schema for table `craft_matrixcontent_servicehomepagematrix`
--
CREATE TABLE `craft_matrixcontent_servicehomepagematrix` (
  `id` int(11) NOT NULL AUTO_INCREMENT,
  `elementId` int(11) NOT NULL,
  `locale` char(12) COLLATE utf8_unicode_ci NOT NULL,
  `field_processMatrix_homeProcessName` text COLLATE utf8_unicode_ci,
  `field_processMatrix_homeProcessDescription` text COLLATE utf8_unicode_ci,
  `field_homeProcessExample_homeProcessExamples` text COLLATE utf8_unicode_ci,
  `field_processMatrix_homeProcessExampleTable` text COLLATE utf8_unicode_ci,
  `field_processMatrix_homepageDescription` text COLLATE utf8_unicode_ci,
  `dateCreated` datetime NOT NULL,
  `dateUpdated` datetime NOT NULL,
  `uid` char(36) COLLATE utf8_unicode_ci NOT NULL DEFAULT '0',
  PRIMARY KEY (`id`),
  UNIQUE KEY `craft_matrixcontent_servicehomepagematri_elementId_locale_unq_id` (`elementId`,`locale`),
  KEY `craft_matrixcontent_servicehomepagematrix_locale_fk` (`locale`)
) ENGINE=InnoDB AUTO_INCREMENT=8 DEFAULT CHARSET=utf8 COLLATE=utf8_unicode_ci;

--
-- Data for table `craft_matrixcontent_servicehomepagematrix`
--

INSERT INTO `craft_matrixcontent_servicehomepagematrix` (`id`, `elementId`, `locale`, `field_processMatrix_homeProcessName`, `field_processMatrix_homeProcessDescription`, `field_homeProcessExample_homeProcessExamples`, `field_processMatrix_homeProcessExampleTable`, `field_processMatrix_homepageDescription`, `dateCreated`, `dateUpdated`, `uid`) VALUES
 ('1', '161', 'en_us', 'This is the homepage Name', '<p>Homepage Description</p>', NULL, NULL, NULL, '2015-12-01 16:18:16', '2015-12-01 16:18:16', 'c21207f3-87f1-4212-913c-3cbd4b7d2be0'),
 ('5', '165', 'en_us', 'Discover', '<p>who your users are</p>', NULL, '[{\"col2\":\"User interviews\"},{\"col2\":\"Surveys\"},{\"col2\":\"Competitive analysis\"},{\"col2\":\"Persona development\"}]', '<p>Our targeted user research methods empower you to more effectively address your users\' needs</p>', '2015-12-01 17:29:03', '2015-12-14 20:35:53', 'a87777fc-58cc-477b-930e-0d5c66cc6afb'),
 ('6', '166', 'en_us', 'Design', '<p>a product that will deliver on user and business needs</p>', NULL, '[{\"col2\":\"Visual\\/graphic design\"},{\"col2\":\"Video production\"},{\"col2\":\"Web development\"},{\"col2\":\"Content strategy & information architecture\"},{\"col2\":\"Prototyping & product development\"},{\"col2\":\"Environmental design\"},{\"col2\":\"Brand identity\"},{\"col2\":\"Social media & public relations\"}]', '<p>Our design strategies, whether through print, video or web, deliver custom solutions that promote both business and customer needs.</p>', '2015-12-03 17:33:36', '2015-12-14 20:35:53', '97db34f0-f47a-4311-a602-bf2922c4a8a3'),
 ('7', '167', 'en_us', 'Refine', '<p>an existing product with our advanced usability testing</p>', NULL, '[{\"col2\":\"In-person usability testing\"},{\"col2\":\"Remote usability testing\"},{\"col2\":\"Device & performance testing*\"},{\"col2\":\"Tobii Eyetracking\"}]', '<p>Our advanced usability testing tools, including eye tracking, allow you to evaluate the effectiveness of design solutions.</p>', '2015-12-03 20:15:41', '2015-12-14 20:35:53', 'e2c9b724-923a-4d08-b20c-bf68dea3dcfc');




DROP TABLE IF EXISTS `craft_matrixcontent_socialmediarepeater`;


--
-- Schema for table `craft_matrixcontent_socialmediarepeater`
--
CREATE TABLE `craft_matrixcontent_socialmediarepeater` (
  `id` int(11) NOT NULL AUTO_INCREMENT,
  `elementId` int(11) NOT NULL,
  `locale` char(12) COLLATE utf8_unicode_ci NOT NULL,
  `field_socialName_socialMediaName` text COLLATE utf8_unicode_ci,
  `field_socialLink_socialMediaLink` text COLLATE utf8_unicode_ci,
  `field_socialName_socialMediaLink` text COLLATE utf8_unicode_ci,
  `dateCreated` datetime NOT NULL,
  `dateUpdated` datetime NOT NULL,
  `uid` char(36) COLLATE utf8_unicode_ci NOT NULL DEFAULT '0',
  PRIMARY KEY (`id`),
  UNIQUE KEY `craft_matrixcontent_socialmediarepeater_elementId_locale_unq_idx` (`elementId`,`locale`),
  KEY `craft_matrixcontent_socialmediarepeater_locale_fk` (`locale`)
) ENGINE=InnoDB AUTO_INCREMENT=3 DEFAULT CHARSET=utf8 COLLATE=utf8_unicode_ci;

--
-- Data for table `craft_matrixcontent_socialmediarepeater`
--

INSERT INTO `craft_matrixcontent_socialmediarepeater` (`id`, `elementId`, `locale`, `field_socialName_socialMediaName`, `field_socialLink_socialMediaLink`, `field_socialName_socialMediaLink`, `dateCreated`, `dateUpdated`, `uid`) VALUES
 ('1', '129', 'en_us', '<p>Twitter</p>', NULL, 'http://www.twitter.com', '2015-10-30 15:46:46', '2015-12-08 19:44:02', '4adefb19-b732-4afb-b993-4711a85a7c96'),
 ('2', '130', 'en_us', '<p>Instagram</p>', NULL, 'http://www.instagram.com', '2015-10-30 16:07:20', '2015-12-08 19:44:02', '863a29f9-0fe2-4d4a-8f50-1ce9b4dd66fa');




DROP TABLE IF EXISTS `craft_matrixcontent_staffsocialmedia`;


--
-- Schema for table `craft_matrixcontent_staffsocialmedia`
--
CREATE TABLE `craft_matrixcontent_staffsocialmedia` (
  `id` int(11) NOT NULL AUTO_INCREMENT,
  `elementId` int(11) NOT NULL,
  `locale` char(12) COLLATE utf8_unicode_ci NOT NULL,
  `field_staffSocName_staffSocName` text COLLATE utf8_unicode_ci,
  `field_staffSocName_staffSocLink` text COLLATE utf8_unicode_ci,
  `dateCreated` datetime NOT NULL,
  `dateUpdated` datetime NOT NULL,
  `uid` char(36) COLLATE utf8_unicode_ci NOT NULL DEFAULT '0',
  PRIMARY KEY (`id`),
  UNIQUE KEY `craft_matrixcontent_staffsocialmedia_elementId_locale_unq_idx` (`elementId`,`locale`),
  KEY `craft_matrixcontent_staffsocialmedia_locale_fk` (`locale`)
) ENGINE=InnoDB AUTO_INCREMENT=3 DEFAULT CHARSET=utf8 COLLATE=utf8_unicode_ci;

--
-- Data for table `craft_matrixcontent_staffsocialmedia`
--

INSERT INTO `craft_matrixcontent_staffsocialmedia` (`id`, `elementId`, `locale`, `field_staffSocName_staffSocName`, `field_staffSocName_staffSocLink`, `dateCreated`, `dateUpdated`, `uid`) VALUES
 ('1', '158', 'en_us', 'LinkedIn', '<p><a href=\"http://www.linkedin.com\">http://www.linkedin.com</a>\r\n</p>', '2015-11-25 21:34:25', '2015-12-17 17:03:57', '18a62eff-4c85-47ef-8ac0-5bbebe6a6bd4'),
 ('2', '159', 'en_us', 'Twitter', '<p><a href=\"http://www.twitter.com\">http://www.twitter.com</a></p>', '2015-11-25 21:34:25', '2015-12-17 17:03:57', '7464159d-af57-4443-99f8-5f9f90503e5a');




DROP TABLE IF EXISTS `craft_migrations`;


--
-- Schema for table `craft_migrations`
--
CREATE TABLE `craft_migrations` (
  `id` int(11) NOT NULL AUTO_INCREMENT,
  `pluginId` int(11) DEFAULT NULL,
  `version` varchar(255) COLLATE utf8_unicode_ci NOT NULL,
  `applyTime` datetime NOT NULL,
  `dateCreated` datetime NOT NULL,
  `dateUpdated` datetime NOT NULL,
  `uid` char(36) COLLATE utf8_unicode_ci NOT NULL DEFAULT '0',
  PRIMARY KEY (`id`),
  UNIQUE KEY `craft_migrations_version_unq_idx` (`version`),
  KEY `craft_migrations_pluginId_fk` (`pluginId`)
) ENGINE=InnoDB AUTO_INCREMENT=27 DEFAULT CHARSET=utf8 COLLATE=utf8_unicode_ci;

--
-- Data for table `craft_migrations`
--

INSERT INTO `craft_migrations` (`id`, `pluginId`, `version`, `applyTime`, `dateCreated`, `dateUpdated`, `uid`) VALUES
 ('1', NULL, 'm000000_000000_base', '2015-09-18 13:02:07', '2015-09-18 13:02:07', '2015-09-18 13:02:07', '6370546f-140f-4452-8d15-d0b2c9e1ac42'),
 ('2', NULL, 'm140730_000001_add_filename_and_format_to_transformindex', '2015-09-18 13:02:07', '2015-09-18 13:02:07', '2015-09-18 13:02:07', 'ca1b773c-11e4-4033-9b76-d8e40615c3d2'),
 ('3', NULL, 'm140815_000001_add_format_to_transforms', '2015-09-18 13:02:07', '2015-09-18 13:02:07', '2015-09-18 13:02:07', '37b32184-3b7a-4176-9101-c5264b2fef95'),
 ('4', NULL, 'm140822_000001_allow_more_than_128_items_per_field', '2015-09-18 13:02:07', '2015-09-18 13:02:07', '2015-09-18 13:02:07', '1e9b3379-985d-453c-b0d0-18b831b96478'),
 ('5', NULL, 'm140829_000001_single_title_formats', '2015-09-18 13:02:07', '2015-09-18 13:02:07', '2015-09-18 13:02:07', '71855e4c-d89b-4b25-955b-c956c2d63c8d'),
 ('6', NULL, 'm140831_000001_extended_cache_keys', '2015-09-18 13:02:07', '2015-09-18 13:02:07', '2015-09-18 13:02:07', '3b500ad1-a413-4e4d-bd04-4056956c9c39'),
 ('7', NULL, 'm140922_000001_delete_orphaned_matrix_blocks', '2015-09-18 13:02:07', '2015-09-18 13:02:07', '2015-09-18 13:02:07', 'd7f34ace-985e-44cd-b9ca-a933486ef2fe'),
 ('8', NULL, 'm141008_000001_elements_index_tune', '2015-09-18 13:02:07', '2015-09-18 13:02:07', '2015-09-18 13:02:07', 'cbc20501-e573-4bb3-8bcc-a9436fffd6b0'),
 ('9', NULL, 'm141009_000001_assets_source_handle', '2015-09-18 13:02:07', '2015-09-18 13:02:07', '2015-09-18 13:02:07', 'd131a352-ade1-47aa-b813-e04b3c8b1314'),
 ('10', NULL, 'm141024_000001_field_layout_tabs', '2015-09-18 13:02:07', '2015-09-18 13:02:07', '2015-09-18 13:02:07', '6fa27db1-3b7c-41df-9c8e-dedb05b5d56e'),
 ('11', NULL, 'm141030_000001_drop_structure_move_permission', '2015-09-18 13:02:07', '2015-09-18 13:02:07', '2015-09-18 13:02:07', 'ba5a374b-29dd-4961-9fd4-94290306ac32'),
 ('12', NULL, 'm141103_000001_tag_titles', '2015-09-18 13:02:07', '2015-09-18 13:02:07', '2015-09-18 13:02:07', 'ae3a11c9-423c-47fb-a914-56156ac21fd0'),
 ('13', NULL, 'm141109_000001_user_status_shuffle', '2015-09-18 13:02:07', '2015-09-18 13:02:07', '2015-09-18 13:02:07', '81eec2f5-c45a-4c89-8237-5a25cd39060c'),
 ('14', NULL, 'm141126_000001_user_week_start_day', '2015-09-18 13:02:07', '2015-09-18 13:02:07', '2015-09-18 13:02:07', '4e3588ed-4ff0-4446-92e3-1bdc74c2c3b3'),
 ('15', NULL, 'm150210_000001_adjust_user_photo_size', '2015-09-18 13:02:07', '2015-09-18 13:02:07', '2015-09-18 13:02:07', 'd348dc57-2e2b-4be8-9eaa-443e9e26bab7'),
 ('16', NULL, 'm141030_000000_plugin_schema_versions', '2015-12-03 17:01:19', '2015-12-03 17:01:19', '2015-12-03 17:01:19', '00dbcb5a-6a31-4b2c-84d1-eb2e0a6a332f'),
 ('17', NULL, 'm150724_000001_adjust_quality_settings', '2015-12-03 17:01:19', '2015-12-03 17:01:19', '2015-12-03 17:01:19', 'ea9fad7d-a8b9-4e57-86d7-20c1f07c43f5'),
 ('18', NULL, 'm150827_000000_element_index_settings', '2015-12-03 17:01:19', '2015-12-03 17:01:19', '2015-12-03 17:01:19', '55263e59-1907-43f1-8fe9-9a8b2c1aaa51'),
 ('19', NULL, 'm150918_000001_add_colspan_to_widgets', '2015-12-03 17:01:19', '2015-12-03 17:01:19', '2015-12-03 17:01:19', '9992b6f1-6861-47c6-b963-7a6eb4f14f1a'),
 ('20', NULL, 'm151007_000000_clear_asset_caches', '2015-12-03 17:01:19', '2015-12-03 17:01:19', '2015-12-03 17:01:19', 'cdaa4c76-0325-4065-9f25-8c66084e2bf0'),
 ('21', NULL, 'm151109_000000_text_url_formats', '2015-12-03 17:01:19', '2015-12-03 17:01:19', '2015-12-03 17:01:19', 'b2f1f516-b994-4eeb-ae46-31ca677e6cbb'),
 ('22', NULL, 'm151110_000000_move_logo', '2015-12-03 17:01:19', '2015-12-03 17:01:19', '2015-12-03 17:01:19', '2c152b07-4c8d-4961-9d7e-ecbf46f82f73'),
 ('23', NULL, 'm151117_000000_adjust_image_widthheight', '2015-12-03 17:01:19', '2015-12-03 17:01:19', '2015-12-03 17:01:19', '84aa22c1-88b9-4457-89df-5c665daa9e6b'),
 ('24', NULL, 'm151127_000000_clear_license_key_status', '2015-12-03 17:01:19', '2015-12-03 17:01:19', '2015-12-03 17:01:19', 'd81ca703-666a-4644-a6f5-282463a2dc3b'),
 ('25', NULL, 'm151127_000000_plugin_license_keys', '2015-12-03 17:01:19', '2015-12-03 17:01:19', '2015-12-03 17:01:19', 'bca476f1-eac3-4136-b523-d60dc7031365'),
 ('26', NULL, 'm151130_000000_update_pt_widget_feeds', '2015-12-03 17:01:19', '2015-12-03 17:01:19', '2015-12-03 17:01:19', '1c7a197c-cad5-4611-8c47-9d4ffee2a251');




DROP TABLE IF EXISTS `craft_plugins`;


--
-- Schema for table `craft_plugins`
--
CREATE TABLE `craft_plugins` (
  `id` int(11) NOT NULL AUTO_INCREMENT,
  `class` varchar(150) COLLATE utf8_unicode_ci NOT NULL,
  `version` varchar(15) COLLATE utf8_unicode_ci NOT NULL,
  `schemaVersion` varchar(15) COLLATE utf8_unicode_ci DEFAULT NULL,
  `licenseKey` char(24) COLLATE utf8_unicode_ci DEFAULT NULL,
  `licenseKeyStatus` enum('valid','invalid','mismatched','unknown') COLLATE utf8_unicode_ci NOT NULL DEFAULT 'unknown',
  `enabled` tinyint(1) unsigned NOT NULL DEFAULT '0',
  `settings` text COLLATE utf8_unicode_ci,
  `installDate` datetime NOT NULL,
  `dateCreated` datetime NOT NULL,
  `dateUpdated` datetime NOT NULL,
  `uid` char(36) COLLATE utf8_unicode_ci NOT NULL DEFAULT '0',
  PRIMARY KEY (`id`)
) ENGINE=InnoDB AUTO_INCREMENT=4 DEFAULT CHARSET=utf8 COLLATE=utf8_unicode_ci;

--
-- Data for table `craft_plugins`
--

INSERT INTO `craft_plugins` (`id`, `class`, `version`, `schemaVersion`, `licenseKey`, `licenseKeyStatus`, `enabled`, `settings`, `installDate`, `dateCreated`, `dateUpdated`, `uid`) VALUES
 ('1', 'ContactForm', '1.4', NULL, NULL, 'unknown', '1', '{\"toEmail\":\"rhawkins@ideabasekent.com\",\"prependSender\":\"On behalf of\",\"prependSubject\":\"\",\"allowAttachments\":\"\",\"honeypotField\":\"\"}', '2015-10-27 15:27:49', '2015-10-27 15:27:49', '2016-01-02 19:37:25', '18d7ee8a-6ed3-4dca-83b5-99d094976ddb'),
 ('3', 'ArtVandelay', '2.0.0a', NULL, NULL, 'unknown', '1', NULL, '2015-12-10 16:46:54', '2015-12-10 16:46:54', '2016-01-02 19:37:25', 'a8a53076-8a15-48f4-a12e-70f258d19adc');




DROP TABLE IF EXISTS `craft_rackspaceaccess`;


--
-- Schema for table `craft_rackspaceaccess`
--
CREATE TABLE `craft_rackspaceaccess` (
  `id` int(11) NOT NULL AUTO_INCREMENT,
  `connectionKey` varchar(255) COLLATE utf8_unicode_ci NOT NULL,
  `token` varchar(255) COLLATE utf8_unicode_ci NOT NULL,
  `storageUrl` varchar(255) COLLATE utf8_unicode_ci NOT NULL,
  `cdnUrl` varchar(255) COLLATE utf8_unicode_ci NOT NULL,
  `dateCreated` datetime NOT NULL,
  `dateUpdated` datetime NOT NULL,
  `uid` char(36) COLLATE utf8_unicode_ci NOT NULL DEFAULT '0',
  PRIMARY KEY (`id`),
  UNIQUE KEY `craft_rackspaceaccess_connectionKey_unq_idx` (`connectionKey`)
) ENGINE=InnoDB DEFAULT CHARSET=utf8 COLLATE=utf8_unicode_ci;

DROP TABLE IF EXISTS `craft_relations`;


--
-- Schema for table `craft_relations`
--
CREATE TABLE `craft_relations` (
  `id` int(11) NOT NULL AUTO_INCREMENT,
  `fieldId` int(11) NOT NULL,
  `sourceId` int(11) NOT NULL,
  `sourceLocale` char(12) COLLATE utf8_unicode_ci DEFAULT NULL,
  `targetId` int(11) NOT NULL,
  `sortOrder` smallint(6) DEFAULT NULL,
  `dateCreated` datetime NOT NULL,
  `dateUpdated` datetime NOT NULL,
  `uid` char(36) COLLATE utf8_unicode_ci NOT NULL DEFAULT '0',
  PRIMARY KEY (`id`),
  UNIQUE KEY `craft_relations_fieldId_sourceId_sourceLocale_targetId_unq_idx` (`fieldId`,`sourceId`,`sourceLocale`,`targetId`),
  KEY `craft_relations_sourceId_fk` (`sourceId`),
  KEY `craft_relations_sourceLocale_fk` (`sourceLocale`),
  KEY `craft_relations_targetId_fk` (`targetId`)
) ENGINE=InnoDB AUTO_INCREMENT=314 DEFAULT CHARSET=utf8 COLLATE=utf8_unicode_ci;

--
-- Data for table `craft_relations`
--

INSERT INTO `craft_relations` (`id`, `fieldId`, `sourceId`, `sourceLocale`, `targetId`, `sortOrder`, `dateCreated`, `dateUpdated`, `uid`) VALUES
 ('30', '47', '96', NULL, '113', '1', '2015-10-06 15:25:44', '2015-10-06 15:25:44', 'fdaf18bc-7e78-4b1b-a883-034ff9219d93'),
 ('31', '47', '97', NULL, '114', '1', '2015-10-06 15:25:58', '2015-10-06 15:25:58', '601e1478-8765-4207-8863-d1e32a9be24e'),
 ('59', '49', '125', NULL, '123', '2', '2015-10-30 14:14:18', '2015-10-30 14:14:18', '9ed63e2a-64be-4836-919c-dec4d1b11993'),
 ('61', '49', '126', NULL, '122', '2', '2015-10-30 14:14:32', '2015-10-30 14:14:32', '8746b64c-7d7c-4ae2-b77a-9a46b4161d9e'),
 ('85', '75', '81', NULL, '99', '1', '2015-11-06 15:33:45', '2015-11-06 15:33:45', '68fe36be-dee9-4d18-9fd3-0378cc48f692'),
 ('86', '75', '75', NULL, '98', '1', '2015-11-06 15:45:44', '2015-11-06 15:45:44', '8fa0938d-e114-4ccd-ba65-5047aaf0d9fd'),
 ('87', '76', '78', NULL, '98', '1', '2015-11-06 15:46:55', '2015-11-06 15:46:55', 'c9dc3b42-1fd2-48e3-a155-d4fc5d91bba8'),
 ('92', '28', '89', NULL, '145', '1', '2015-11-17 14:51:23', '2015-11-17 14:51:23', 'f9a13b9a-f9e6-446d-a625-bc5e698a51cd'),
 ('113', '47', '95', NULL, '112', '1', '2015-12-01 16:18:16', '2015-12-01 16:18:16', 'd9e403eb-3251-4baa-a88c-8ec8891f902f'),
 ('114', '94', '95', NULL, '160', '1', '2015-12-01 16:18:16', '2015-12-01 16:18:16', 'b093c46c-2a29-4d79-971f-1e3f4961e7b2'),
 ('156', '88', '170', NULL, '152', '1', '2015-12-08 18:18:51', '2015-12-08 18:18:51', '3e0c3a3e-32b6-4e49-ae10-1720ece2f72c'),
 ('158', '46', '101', NULL, '115', '1', '2015-12-08 18:23:40', '2015-12-08 18:23:40', 'e5462fb8-abb0-4bb2-835a-469271971056'),
 ('159', '48', '101', NULL, '116', '1', '2015-12-08 18:23:40', '2015-12-08 18:23:40', '96092694-fbb4-4126-be0b-428f6556a337'),
 ('160', '88', '101', NULL, '153', '1', '2015-12-08 18:23:40', '2015-12-08 18:23:40', '3e0f8569-d34d-4456-8000-a3a7c4ff5817'),
 ('172', '46', '98', NULL, '168', '1', '2015-12-08 21:22:03', '2015-12-08 21:22:03', '6412f53c-af6c-421c-8bee-521ed7b4f153'),
 ('173', '88', '98', NULL, '152', '1', '2015-12-08 21:22:04', '2015-12-08 21:22:04', 'a4c173b5-b055-42ec-9085-7fa4e5a64f6a'),
 ('174', '46', '74', NULL, '168', '1', '2015-12-08 21:22:15', '2015-12-08 21:22:15', '6163cba3-7e5c-4fcb-8d22-b23c0e42c5a1'),
 ('175', '88', '74', NULL, '152', '1', '2015-12-08 21:22:15', '2015-12-08 21:22:15', '85802b36-4a99-4409-acd2-8e79f13a98e3'),
 ('176', '46', '99', NULL, '168', '1', '2015-12-08 21:43:51', '2015-12-08 21:43:51', '7977e49f-1723-4fa1-8bd9-09c622cf2c88'),
 ('177', '61', '99', NULL, '67', '1', '2015-12-08 21:43:51', '2015-12-08 21:43:51', '2698169d-866f-4ea8-94f9-0c6d638aa1bb'),
 ('178', '61', '99', NULL, '120', '2', '2015-12-08 21:43:51', '2015-12-08 21:43:51', 'c9f6c5c4-b2b3-4f6f-842b-236ec096766d'),
 ('179', '88', '99', NULL, '150', '1', '2015-12-08 21:43:51', '2015-12-08 21:43:51', 'a6201fea-b001-4a19-8912-03817ec00150'),
 ('181', '43', '109', NULL, '110', '1', '2015-12-10 18:25:10', '2015-12-10 18:25:10', '062fe8e8-fd7f-476b-bf49-b6ed80d224af'),
 ('258', '76', '171', NULL, '169', '1', '2015-12-11 16:06:07', '2015-12-11 16:06:07', 'cc1474da-474d-4ac4-bc62-eaacfb5ad3ac'),
 ('260', '37', '109', NULL, '172', '1', '2015-12-14 20:35:53', '2015-12-14 20:35:53', '5fa8722e-c65c-491d-aca2-60a959703bb6'),
 ('261', '100', '165', NULL, '168', '1', '2015-12-14 20:35:53', '2015-12-14 20:35:53', '881e0bb0-0076-4851-ae7e-c7e7af8a76e6'),
 ('262', '101', '165', NULL, '168', '1', '2015-12-14 20:35:53', '2015-12-14 20:35:53', 'bd5eef66-0535-4534-9f66-981e0fc971c3'),
 ('263', '102', '165', NULL, '168', '1', '2015-12-14 20:35:53', '2015-12-14 20:35:53', '59551e17-5ede-447e-99d6-12d5fd1ffa71'),
 ('264', '103', '165', NULL, '168', '1', '2015-12-14 20:35:53', '2015-12-14 20:35:53', 'fc8b2e21-46dd-417b-bcc1-df79602a9771'),
 ('265', '104', '165', NULL, '168', '1', '2015-12-14 20:35:53', '2015-12-14 20:35:53', '7c007c9b-1a31-47e8-a8d4-8f859e454aa7'),
 ('266', '100', '166', NULL, '168', '1', '2015-12-14 20:35:53', '2015-12-14 20:35:53', '98a5506c-b92b-411b-a4cd-b2099d9d01ae'),
 ('267', '101', '166', NULL, '168', '1', '2015-12-14 20:35:53', '2015-12-14 20:35:53', 'b0ca9d31-96dc-4ef9-996f-90dcbc6b59bb'),
 ('268', '102', '166', NULL, '168', '1', '2015-12-14 20:35:53', '2015-12-14 20:35:53', 'bb9ef27e-8776-4038-a4ac-c92d794aeb89'),
 ('269', '103', '166', NULL, '168', '1', '2015-12-14 20:35:53', '2015-12-14 20:35:53', '6c6f67ca-99b3-4f0b-8a43-9a04f032fb77'),
 ('270', '104', '166', NULL, '168', '1', '2015-12-14 20:35:53', '2015-12-14 20:35:53', '5ac5a02a-f0a5-44ea-8436-81de3daa9e59'),
 ('271', '100', '167', NULL, '168', '1', '2015-12-14 20:35:53', '2015-12-14 20:35:53', '65e85722-847d-480b-9386-dba77a407638'),
 ('272', '101', '167', NULL, '168', '1', '2015-12-14 20:35:53', '2015-12-14 20:35:53', '5690c21c-598c-47f5-b4ad-eb15ff238be8'),
 ('273', '102', '167', NULL, '168', '1', '2015-12-14 20:35:53', '2015-12-14 20:35:53', '2fd45ff3-c66e-4127-9da8-318f014625c4'),
 ('274', '103', '167', NULL, '168', '1', '2015-12-14 20:35:53', '2015-12-14 20:35:53', '05cec953-5d98-4689-a8be-4e53bf116965'),
 ('275', '104', '167', NULL, '168', '1', '2015-12-14 20:35:53', '2015-12-14 20:35:53', '6ac8b4fa-eced-4b9a-8204-2f8718a22eb6'),
 ('276', '37', '148', NULL, '172', '1', '2015-12-14 20:37:30', '2015-12-14 20:37:30', '947cd551-75bb-4afb-becc-dc7a5865f2cd'),
 ('279', '37', '108', NULL, '172', '1', '2015-12-14 21:22:20', '2015-12-14 21:22:20', '20147e08-92d8-44ee-8e31-8146b74fa59b'),
 ('280', '45', '108', NULL, '111', '1', '2015-12-14 21:22:20', '2015-12-14 21:22:20', '11447a93-893c-476d-8d01-1f71a5803f08'),
 ('281', '37', '2', NULL, '172', '1', '2015-12-15 17:42:13', '2015-12-15 17:42:13', '20ee06ac-0e44-4262-b6fa-2a847a6203cb'),
 ('282', '113', '2', NULL, '174', '1', '2015-12-15 17:42:13', '2015-12-15 17:42:13', '30be79a1-0738-4653-853c-efb156b2afab'),
 ('283', '114', '90', NULL, '176', '1', '2015-12-15 18:59:16', '2015-12-15 18:59:16', '593d0df0-7f6f-44af-8262-05b5aba50e22'),
 ('284', '113', '177', NULL, '174', '1', '2015-12-15 20:25:38', '2015-12-15 20:25:38', '60a627e0-4a88-4fc4-85bf-3af584417cb9'),
 ('289', '27', '120', NULL, '178', '1', '2015-12-15 20:37:01', '2015-12-15 20:37:01', 'c4cae49e-d1b5-42db-8513-ead78281a3c4'),
 ('290', '26', '120', NULL, '5', '1', '2015-12-15 20:37:01', '2015-12-15 20:37:01', '7224a6fa-094a-4506-911e-f44c08c73737'),
 ('291', '27', '146', NULL, '178', '1', '2015-12-15 20:37:11', '2015-12-15 20:37:11', '3bf51d73-06a5-4b1e-878f-bc453277779c'),
 ('292', '26', '146', NULL, '5', '1', '2015-12-15 20:37:11', '2015-12-15 20:37:11', '86d2ae54-640a-4a27-9b68-55baf5f86e32'),
 ('295', '27', '149', NULL, '178', '1', '2015-12-15 20:37:47', '2015-12-15 20:37:47', '27670afa-d850-46e1-b1ff-091d0c3a68ed'),
 ('296', '26', '149', NULL, '5', '1', '2015-12-15 20:37:47', '2015-12-15 20:37:47', '85c85db5-ba84-4135-a180-370b00da6d02'),
 ('297', '27', '147', NULL, '178', '1', '2015-12-17 15:58:43', '2015-12-17 15:58:43', 'f94a4547-76a4-467e-9cdc-e9ae56271e05'),
 ('298', '26', '147', NULL, '6', '1', '2015-12-17 15:58:43', '2015-12-17 15:58:43', '32409655-0eef-4462-b092-c73480de9267'),
 ('299', '92', '132', NULL, '114', '1', '2015-12-17 15:58:59', '2015-12-17 15:58:59', '34bbf63a-8bea-4568-ab14-1d99794eb3e2'),
 ('300', '60', '132', NULL, '147', '1', '2015-12-17 15:58:59', '2015-12-17 15:58:59', '9c20244b-03b9-44a6-9af7-5999c2b9923c'),
 ('305', '27', '67', NULL, '178', '1', '2015-12-17 17:03:57', '2015-12-17 17:03:57', '4c89afc3-73bf-414d-a728-346a8e492005'),
 ('306', '26', '67', NULL, '6', '1', '2015-12-17 17:03:57', '2015-12-17 17:03:57', '2057d881-61db-4628-9936-168f1eebab4c'),
 ('309', '27', '119', NULL, '178', '1', '2015-12-17 17:43:06', '2015-12-17 17:43:06', 'c5abb524-2f77-4470-b65f-6738916af976'),
 ('310', '26', '119', NULL, '5', '1', '2015-12-17 17:43:06', '2015-12-17 17:43:06', '6ac1cde2-36dd-4487-8763-715cc5908afd'),
 ('311', '46', '169', NULL, '168', '1', '2016-01-02 18:41:19', '2016-01-02 18:41:19', '7f1903bb-1c2d-4b5b-81a2-60107d39c7e8'),
 ('312', '61', '169', NULL, '120', '1', '2016-01-02 18:41:19', '2016-01-02 18:41:19', '00a61c2d-510b-4282-b2a9-626a52e4b6a1'),
 ('313', '88', '169', NULL, '152', '1', '2016-01-02 18:41:19', '2016-01-02 18:41:19', '5cb99216-df8b-4d1c-87ac-de5ea2c918a4');




DROP TABLE IF EXISTS `craft_routes`;


--
-- Schema for table `craft_routes`
--
CREATE TABLE `craft_routes` (
  `id` int(11) NOT NULL AUTO_INCREMENT,
  `locale` char(12) COLLATE utf8_unicode_ci DEFAULT NULL,
  `urlParts` varchar(255) COLLATE utf8_unicode_ci NOT NULL,
  `urlPattern` varchar(255) COLLATE utf8_unicode_ci NOT NULL,
  `template` varchar(255) COLLATE utf8_unicode_ci NOT NULL,
  `sortOrder` tinyint(4) DEFAULT NULL,
  `dateCreated` datetime NOT NULL,
  `dateUpdated` datetime NOT NULL,
  `uid` char(36) COLLATE utf8_unicode_ci NOT NULL DEFAULT '0',
  PRIMARY KEY (`id`),
  UNIQUE KEY `craft_routes_urlPattern_unq_idx` (`urlPattern`),
  KEY `craft_routes_locale_idx` (`locale`)
) ENGINE=InnoDB AUTO_INCREMENT=3 DEFAULT CHARSET=utf8 COLLATE=utf8_unicode_ci;

--
-- Data for table `craft_routes`
--

INSERT INTO `craft_routes` (`id`, `locale`, `urlParts`, `urlPattern`, `template`, `sortOrder`, `dateCreated`, `dateUpdated`, `uid`) VALUES
 ('1', NULL, '[\"blog-post\\/{postDate.year}\\/{slug}\"]', 'blog\\-post\\/\\{postDate\\.year\\}\\/\\{slug\\}', '/blogs/entry.html', '1', '2015-09-22 13:28:09', '2015-09-22 13:51:03', '7b48065d-ddd7-4355-b324-e1b45df8834d'),
 ('2', NULL, '[\"people-profile\\/{slug}\"]', 'people\\-profile\\/\\{slug\\}', '/staffprofiles/entry.html', '2', '2015-09-22 13:34:26', '2015-09-22 13:49:35', '62cf7cfb-a545-405a-ab73-24ede2b172b4');




DROP TABLE IF EXISTS `craft_searchindex`;


--
-- Schema for table `craft_searchindex`
--
CREATE TABLE `craft_searchindex` (
  `elementId` int(11) NOT NULL,
  `attribute` varchar(25) COLLATE utf8_unicode_ci NOT NULL,
  `fieldId` int(11) NOT NULL,
  `locale` char(12) COLLATE utf8_unicode_ci NOT NULL,
  `keywords` text COLLATE utf8_unicode_ci NOT NULL,
  PRIMARY KEY (`elementId`,`attribute`,`fieldId`,`locale`),
  FULLTEXT KEY `craft_searchindex_keywords_idx` (`keywords`)
) ENGINE=MyISAM DEFAULT CHARSET=utf8 COLLATE=utf8_unicode_ci;

--
-- Data for table `craft_searchindex`
--

INSERT INTO `craft_searchindex` (`elementId`, `attribute`, `fieldId`, `locale`, `keywords`) VALUES
 ('1', 'username', '0', 'en_us', ' ideabase '),
 ('1', 'firstname', '0', 'en_us', ''),
 ('1', 'lastname', '0', 'en_us', ''),
 ('1', 'fullname', '0', 'en_us', ''),
 ('1', 'email', '0', 'en_us', ' challahan ideabasekent com '),
 ('1', 'slug', '0', 'en_us', ''),
 ('2', 'slug', '0', 'en_us', ' homepage '),
 ('2', 'title', '0', 'en_us', ' ideabase kent new website '),
 ('2', 'field', '1', 'en_us', ' it s true this site doesn t have a whole lot of content yet but don t worry our web developers have just installed the cms and they re setting things up for the content editors this very moment soon localhost will be an oasis of fresh perspectives sharp analyses and astute opinions that will keep you coming back again and again '),
 ('3', 'field', '1', 'en_us', ' craft is the cms that s powering localhost it s beautiful powerful flexible and easy to use and it s made by pixel tonic we can t wait to dive in and see what it s capable of this is even more captivating content which you couldn t see on the news index page because it was entered after a page break and the news index template only likes to show the content on the first page craft a nice alternative to word if you re making a website '),
 ('3', 'field', '2', 'en_us', ''),
 ('3', 'slug', '0', 'en_us', ''),
 ('3', 'title', '0', 'en_us', ' we just installed craft '),
 ('119', 'slug', '0', 'en_us', ' kristin dowling '),
 ('5', 'slug', '0', 'en_us', ' leadership '),
 ('5', 'title', '0', 'en_us', ' leadership '),
 ('6', 'slug', '0', 'en_us', ' student '),
 ('6', 'title', '0', 'en_us', ' student '),
 ('7', 'slug', '0', 'en_us', ' professional advisory board '),
 ('7', 'title', '0', 'en_us', ' professional advisory board '),
 ('8', 'slug', '0', 'en_us', ' faculty advisory board '),
 ('8', 'title', '0', 'en_us', ' faculty advisory board '),
 ('130', 'slug', '0', 'en_us', ''),
 ('130', 'field', '54', 'en_us', ' http www instagram com '),
 ('130', 'field', '52', 'en_us', ' instagram '),
 ('129', 'slug', '0', 'en_us', ''),
 ('129', 'field', '54', 'en_us', ' http www twitter com '),
 ('129', 'field', '52', 'en_us', ' twitter '),
 ('127', 'field', '51', 'en_us', ' http www twitter com twitter http www instagram com instagram '),
 ('128', 'field', '50', 'en_us', ' this is test content '),
 ('128', 'title', '0', 'en_us', ' this is a test case study '),
 ('128', 'slug', '0', 'en_us', ' this is a test case study '),
 ('126', 'title', '0', 'en_us', ' this is a test case study '),
 ('126', 'slug', '0', 'en_us', ' this is a test case study '),
 ('126', 'field', '49', 'en_us', ' case study '),
 ('126', 'field', '11', 'en_us', ''),
 ('127', 'slug', '0', 'en_us', ''),
 ('123', 'title', '0', 'en_us', ' blog '),
 ('123', 'slug', '0', 'en_us', ' blog '),
 ('122', 'title', '0', 'en_us', ' case study '),
 ('122', 'slug', '0', 'en_us', ' case study '),
 ('2', 'field', '35', 'en_us', ' research based student powered design solutions '),
 ('131', 'field', '11', 'en_us', ' hi my name is rachel kozy and i am a senior visual communication design major i actually just started working as a designer at ideabase a couple months ago but i will be here for the rest of the year even when i was a freshman in vcd i had always heard about glyphix and ideabase but i never knew if i d get the opportunity to work here when i became a junior though i started noticing all the work ideabase was putting out and it made me really interested in being a part of it before ideabase i had interned at mtv in new york city and go media in cleveland i ve also worked as a designer for kent state university libraries and i m currently working as the art director for brainchild and the president of kent s collegiate chapter of aiga working at ideabase is seriously the best i love working here it has such a great environment and i get to collaborate with the friendliest nicest people do work that i m passionate about and get paid i chose to major in visual communication design because i was really interested in creating things while in high school i ve always loved scrapbooking and working on the computer so graphic design just seemed like the perfect fit and luckily it has been there hasn t been one day that has passed where i ve regretted choosing this as my major and i m looking forward to continuing my career doing something i love the hardest part of my major is probably just making sure not to get burnt out it s easy to be overly ambitious and want to work on everything all the time but that eventually wears you down and you stop looking forward to it it s important to take breaks and find other interests that way you can always look forward to designing rather than it being a chore when i m not busy with work or design you can probably find me playing video games i grew up with a brother who constantly played so i ve developed a habit of it too my favorite genre is jrpgs and my favorite games specifically are persona 4 and the tales series after i graduate i m not entirely sure where i ll end up but i d love to find a position at a design firm or advertising agency i really want to work with a lot of different clients and brands and i think that s my best bet for that kind of work '),
 ('108', 'field', '58', 'en_us', ' learn more about working for ideabase '),
 ('108', 'field', '57', 'en_us', ' we re committed to delivering quality work to our clients that s why our student employees work under the guidance of our professional staff from kent state s college of communication of information and a professional advisory board our student employees interact directly with clients developing proposals managing projects and handling all stages of design production '),
 ('108', 'field', '56', 'en_us', ' committed to quality '),
 ('67', 'field', '6', 'en_us', ' this is a test biography for reilly hawkins this is a test biography for reilly hawkins this is a test biography for reilly hawkins this is a test biography for reilly hawkins this is a test biography for reilly hawkins this is a test biography for reilly hawkins this is a test biography for reilly hawkins this is a test biography for reilly hawkins this is a test biography for reilly hawkins this is a test biography for reilly hawkins this is a test biography for reilly hawkins this is a test biography for reilly hawkins this is a test biography for reilly hawkins this is a test biography for reilly hawkins this is a test biography for reilly hawkins this is a test biography for reilly hawkins '),
 ('67', 'field', '4', 'en_us', ' rhawkins ideabasekent com '),
 ('67', 'field', '7', 'en_us', ' i legally had my name changed in kindergarten it used to be andrew quaid hawkins however there were 4 other andrews in my class so my mom wanted it to be more unique changed to reilly william hawkins '),
 ('67', 'field', '26', 'en_us', ' student '),
 ('67', 'field', '3', 'en_us', ' web programmer '),
 ('67', 'field', '5', 'en_us', ' 440 221 9193 '),
 ('67', 'slug', '0', 'en_us', ' reilly hawkins '),
 ('67', 'title', '0', 'en_us', ' reilly hawkins '),
 ('133', 'kind', '0', 'en_us', ' image '),
 ('133', 'slug', '0', 'en_us', ''),
 ('133', 'title', '0', 'en_us', ' brendanbennett 350x500 1 '),
 ('133', 'extension', '0', 'en_us', ' jpg '),
 ('133', 'filename', '0', 'en_us', ' brendanbennett 350x500_1 jpg '),
 ('71', 'filename', '0', 'en_us', ' screen shot 2015 09 16 at 8 18 14 am png '),
 ('71', 'extension', '0', 'en_us', ' png '),
 ('71', 'kind', '0', 'en_us', ' image '),
 ('71', 'slug', '0', 'en_us', ''),
 ('71', 'title', '0', 'en_us', ' screen shot 2015 09 16 at 8 18 14 am '),
 ('67', 'field', '27', 'en_us', ' profile sample '),
 ('104', 'slug', '0', 'en_us', ''),
 ('104', 'title', '0', 'en_us', ' headshotimage '),
 ('104', 'kind', '0', 'en_us', ' image '),
 ('104', 'filename', '0', 'en_us', ' headshotimage jpeg '),
 ('104', 'extension', '0', 'en_us', ' jpeg '),
 ('73', 'field', '11', 'en_us', ' oasidfjaso ifj '),
 ('73', 'field', '10', 'en_us', ' title '),
 ('73', 'slug', '0', 'en_us', ' this is a title '),
 ('73', 'title', '0', 'en_us', ' this is a title '),
 ('74', 'field', '9', 'en_us', ' asdf '),
 ('74', 'field', '8', 'en_us', ' asdf '),
 ('74', 'slug', '0', 'en_us', ' project title '),
 ('74', 'title', '0', 'en_us', ' project title '),
 ('75', 'field', '15', 'en_us', ' test '),
 ('75', 'field', '14', 'en_us', ' 2015 09 08 '),
 ('75', 'field', '13', 'en_us', ''),
 ('75', 'field', '16', 'en_us', ' http www google com '),
 ('75', 'slug', '0', 'en_us', ' this is an award '),
 ('75', 'title', '0', 'en_us', ' this is an award '),
 ('125', 'title', '0', 'en_us', ' this is a test blog '),
 ('125', 'slug', '0', 'en_us', ' this is a test blog '),
 ('125', 'field', '49', 'en_us', ' blog '),
 ('77', 'field', '22', 'en_us', ''),
 ('77', 'field', '23', 'en_us', ''),
 ('77', 'slug', '0', 'en_us', ' this is a new client '),
 ('77', 'title', '0', 'en_us', ' this is a new client '),
 ('78', 'field', '19', 'en_us', ''),
 ('78', 'field', '17', 'en_us', ''),
 ('78', 'field', '18', 'en_us', ''),
 ('78', 'slug', '0', 'en_us', ' this is a testimonial '),
 ('78', 'title', '0', 'en_us', ' this is a testimonial '),
 ('79', 'field', '1', 'en_us', ' this is another news post '),
 ('79', 'field', '2', 'en_us', ''),
 ('79', 'slug', '0', 'en_us', ' another news post '),
 ('79', 'title', '0', 'en_us', ' another news post ');

INSERT INTO `craft_searchindex` (`elementId`, `attribute`, `fieldId`, `locale`, `keywords`) VALUES
 ('80', 'field', '11', 'en_us', ' this is the blog content '),
 ('80', 'slug', '0', 'en_us', ' this is a test blog title '),
 ('80', 'title', '0', 'en_us', ' this is a test blog title '),
 ('81', 'field', '15', 'en_us', ''),
 ('81', 'field', '14', 'en_us', ' 2015 09 08 '),
 ('81', 'field', '13', 'en_us', ' addy award '),
 ('81', 'field', '16', 'en_us', ' http www google com '),
 ('81', 'slug', '0', 'en_us', ' award title '),
 ('81', 'title', '0', 'en_us', ' addy award '),
 ('87', 'email', '0', 'en_us', ' rhawkins ideabasekent com '),
 ('87', 'firstname', '0', 'en_us', ' reilly '),
 ('87', 'username', '0', 'en_us', ' rhawkins '),
 ('87', 'lastname', '0', 'en_us', ' hawkins '),
 ('87', 'fullname', '0', 'en_us', ' reilly hawkins '),
 ('87', 'slug', '0', 'en_us', ''),
 ('89', 'slug', '0', 'en_us', ''),
 ('90', 'slug', '0', 'en_us', ''),
 ('92', 'kind', '0', 'en_us', ' image '),
 ('92', 'extension', '0', 'en_us', ' jpg '),
 ('92', 'filename', '0', 'en_us', ' ideabase_logo_stackedoutlinecolor jpg '),
 ('92', 'slug', '0', 'en_us', ' ideabase logo stackedoutlinecolor '),
 ('92', 'title', '0', 'en_us', ' ideabase logo '),
 ('2', 'field', '37', 'en_us', ' practice '),
 ('2', 'field', '36', 'en_us', ' we re a kent state student powered design agency located in downtown kent ohio our team represents a variety of backgrounds and disciplines united in our passion for creating meaningful solutions for our clients '),
 ('93', 'filename', '0', 'en_us', ' screen shot 2015 10 02 at 10 53 43 am png '),
 ('93', 'extension', '0', 'en_us', ' png '),
 ('93', 'kind', '0', 'en_us', ' image '),
 ('93', 'slug', '0', 'en_us', ''),
 ('93', 'title', '0', 'en_us', ' screen shot 2015 10 02 at 10 53 43 am '),
 ('148', 'field', '111', 'en_us', ' more projects '),
 ('89', 'field', '28', 'en_us', ' ideabaselogo '),
 ('90', 'field', '30', 'en_us', ' kent oh 44240 '),
 ('90', 'field', '29', 'en_us', ' this is a call to action '),
 ('90', 'field', '34', 'en_us', ''),
 ('90', 'field', '33', 'en_us', ' info ideabasekent com '),
 ('90', 'field', '31', 'en_us', ' 330 672 7300 '),
 ('90', 'field', '32', 'en_us', ' 123457 '),
 ('94', 'filename', '0', 'en_us', ' screen shot 2015 10 02 at 6 23 17 pm png '),
 ('94', 'extension', '0', 'en_us', ' png '),
 ('94', 'kind', '0', 'en_us', ' image '),
 ('94', 'slug', '0', 'en_us', ' screen shot 2015 10 02 at 6 23 17 pm '),
 ('94', 'title', '0', 'en_us', ' footer map '),
 ('95', 'field', '21', 'en_us', ' this is service 1 '),
 ('95', 'field', '20', 'en_us', ''),
 ('95', 'slug', '0', 'en_us', ' service 1 '),
 ('95', 'title', '0', 'en_us', ' service 1 '),
 ('96', 'field', '21', 'en_us', ' service 2 '),
 ('96', 'field', '20', 'en_us', ''),
 ('96', 'slug', '0', 'en_us', ' service 2 '),
 ('96', 'title', '0', 'en_us', ' service 2 '),
 ('97', 'field', '21', 'en_us', ' this is service 3 '),
 ('97', 'field', '20', 'en_us', ''),
 ('97', 'slug', '0', 'en_us', ' service 3 '),
 ('97', 'title', '0', 'en_us', ' service 3 '),
 ('98', 'field', '9', 'en_us', ' this is project 1 '),
 ('98', 'field', '8', 'en_us', ''),
 ('98', 'slug', '0', 'en_us', ' project title 1 '),
 ('98', 'title', '0', 'en_us', ' project title 1 '),
 ('99', 'field', '9', 'en_us', ' this is project 2 '),
 ('99', 'field', '8', 'en_us', ''),
 ('99', 'slug', '0', 'en_us', ' project title 2 '),
 ('99', 'title', '0', 'en_us', ' project title 2 '),
 ('101', 'field', '8', 'en_us', ''),
 ('101', 'slug', '0', 'en_us', ' project 3 '),
 ('101', 'field', '9', 'en_us', ' this is a description of project 3 this is a description of project 3 this is a description of project 3 this is a description of project 3 this is a description of project 3 '),
 ('101', 'title', '0', 'en_us', ' project 3 '),
 ('125', 'field', '11', 'en_us', ' asdfasdfasf '),
 ('80', 'field', '49', 'en_us', ''),
 ('73', 'field', '49', 'en_us', ''),
 ('103', 'filename', '0', 'en_us', ' reillyhawkins jpg '),
 ('103', 'extension', '0', 'en_us', ' jpg '),
 ('103', 'kind', '0', 'en_us', ' image '),
 ('103', 'slug', '0', 'en_us', ' hawkins reilly '),
 ('103', 'title', '0', 'en_us', ' hawkins reilly '),
 ('106', 'filename', '0', 'en_us', ' another headshot jpeg '),
 ('106', 'extension', '0', 'en_us', ' jpeg '),
 ('106', 'kind', '0', 'en_us', ' image '),
 ('106', 'slug', '0', 'en_us', ''),
 ('106', 'title', '0', 'en_us', ' another headshot '),
 ('108', 'slug', '0', 'en_us', ' staff profile index '),
 ('108', 'title', '0', 'en_us', ' staff profile index '),
 ('108', 'field', '39', 'en_us', ' our student employees come from backgrounds of all shapes and sizes bringing with them a fresh and versatile approach that inspires our designs with backgrounds in visual communication design public relations user experience advertising computer information systmes digital sciences marketing and communications our diverse team members have one thing in common they re passionate about design '),
 ('108', 'field', '38', 'en_us', ' our students are passionate about design '),
 ('108', 'field', '41', 'en_us', ' we empower our student employees to imagine create and deliver quality designs while gaining real world experience on client facing projects our studen employees get to put their design skills to the test build their resumes and jumpstart their careers '),
 ('108', 'field', '40', 'en_us', ' work for ideabase '),
 ('109', 'slug', '0', 'en_us', ' process index '),
 ('109', 'title', '0', 'en_us', ' process index '),
 ('109', 'field', '44', 'en_us', ' this is a link '),
 ('109', 'field', '43', 'en_us', ' web design '),
 ('109', 'field', '42', 'en_us', ' our design process is tailored to you '),
 ('110', 'filename', '0', 'en_us', ' web design jpg '),
 ('110', 'extension', '0', 'en_us', ' jpg '),
 ('110', 'kind', '0', 'en_us', ' image '),
 ('110', 'slug', '0', 'en_us', ''),
 ('110', 'title', '0', 'en_us', ' web design '),
 ('111', 'filename', '0', 'en_us', ' ideabasephoto 1500x683 jpg '),
 ('111', 'extension', '0', 'en_us', ' jpg '),
 ('111', 'kind', '0', 'en_us', ' image '),
 ('111', 'slug', '0', 'en_us', ''),
 ('111', 'title', '0', 'en_us', ' ideabasephoto 1500x683 ');

INSERT INTO `craft_searchindex` (`elementId`, `attribute`, `fieldId`, `locale`, `keywords`) VALUES
 ('108', 'field', '45', 'en_us', ' ideabasephoto 1500x683 '),
 ('112', 'filename', '0', 'en_us', ' download 1 jpeg '),
 ('112', 'extension', '0', 'en_us', ' jpeg '),
 ('112', 'kind', '0', 'en_us', ' image '),
 ('112', 'slug', '0', 'en_us', ''),
 ('112', 'title', '0', 'en_us', ' download 1 '),
 ('95', 'field', '47', 'en_us', ' download 1 '),
 ('113', 'filename', '0', 'en_us', ' download 2 jpeg '),
 ('113', 'extension', '0', 'en_us', ' jpeg '),
 ('113', 'kind', '0', 'en_us', ' image '),
 ('113', 'slug', '0', 'en_us', ''),
 ('113', 'title', '0', 'en_us', ' download 2 '),
 ('96', 'field', '47', 'en_us', ' download 2 '),
 ('114', 'filename', '0', 'en_us', ' download jpeg '),
 ('114', 'extension', '0', 'en_us', ' jpeg '),
 ('114', 'kind', '0', 'en_us', ' image '),
 ('114', 'slug', '0', 'en_us', ''),
 ('114', 'title', '0', 'en_us', ' download '),
 ('97', 'field', '47', 'en_us', ' download '),
 ('115', 'filename', '0', 'en_us', ' program project management jpg '),
 ('115', 'extension', '0', 'en_us', ' jpg '),
 ('115', 'kind', '0', 'en_us', ' image '),
 ('115', 'slug', '0', 'en_us', ''),
 ('115', 'title', '0', 'en_us', ' program project management '),
 ('116', 'filename', '0', 'en_us', ' projectmanagement jpg '),
 ('116', 'extension', '0', 'en_us', ' jpg '),
 ('116', 'kind', '0', 'en_us', ' image '),
 ('116', 'slug', '0', 'en_us', ''),
 ('116', 'title', '0', 'en_us', ' projectmanagement '),
 ('101', 'field', '46', 'en_us', ' program project management '),
 ('101', 'field', '48', 'en_us', ' projectmanagement '),
 ('119', 'field', '5', 'en_us', ' 330 672 7366 '),
 ('119', 'field', '3', 'en_us', ' business development manager '),
 ('119', 'field', '26', 'en_us', ' leadership '),
 ('119', 'field', '27', 'en_us', ' profile sample '),
 ('119', 'field', '7', 'en_us', ''),
 ('119', 'field', '4', 'en_us', ' kdowling ideabasekent com '),
 ('119', 'field', '6', 'en_us', ' kristin is the business development manager for ideabase formerly the tannery she is responsible for building client relationships in order to provide high quality experiential learning opportunities for our students she previously served as an entrepreneur in residence for the center for entrepreneurship and business innovation in the kent state university college of business her experience prior to coming to kent state university was as regional operations manager for kinko s inc now known as fedex office '),
 ('119', 'title', '0', 'en_us', ' kristin dowling '),
 ('120', 'field', '6', 'en_us', ' chris is a full time user experience designer for ideabase and kent state university s college of communication and information he manages research and interactive web projects at ideabase and works one on one with ideabase students to teach them web design user experience and content management techniques his passions include responsive web design usability information architecture and content management system design especially wordpress in addition to his work at ideabase he teaches courses in digital sciences and responsive web design he is a graduate of kent state with a bachelor s degree in electronic media and master s degree in user experience design he lives in kent oh '),
 ('120', 'field', '4', 'en_us', ' challahan ideabasekent com '),
 ('120', 'field', '7', 'en_us', ''),
 ('120', 'field', '26', 'en_us', ' leadership '),
 ('120', 'field', '3', 'en_us', ' user experience designer '),
 ('120', 'field', '5', 'en_us', ' 330 672 3031 '),
 ('120', 'field', '27', 'en_us', ' profile sample '),
 ('120', 'slug', '0', 'en_us', ' christopher hallahan '),
 ('120', 'title', '0', 'en_us', ' christopher hallahan '),
 ('131', 'field', '59', 'en_us', ' rachel kozy '),
 ('131', 'field', '49', 'en_us', ''),
 ('131', 'slug', '0', 'en_us', ' being a creative rachel kozy '),
 ('131', 'title', '0', 'en_us', ' being a creative rachel kozy '),
 ('132', 'field', '11', 'en_us', ' hello my name is victoria ripepi i am an interpersonal communications major who is currently on my 5th year victory lap but i am set to graduate in may 2016 i am the new event coordinator at ideabase as long as i can remember event planning has been an interest of mine the first event i planned was in 3rd grade when my teacher asked me to help with a parent teacher open house as a 3rd grader i basically thought i was the coolest person in the world even though all i really did was set out some flyers cookies and juice but i have enjoyed event planning ever since i think i enjoy event planning because i am so organized i like to fix problems i work best under pressure and i like the exciting nervous feeling you get on the day of the event a lot of times when i say i want to go into event planning after i graduate people automatically think i mean weddings but that is not the case i want to do open houses launch parties special event parties and so on before working at ideabase i interned in the spring of 2015 for an awesome company called rebecca adele pr events i learned so much about myself and event planning there one major thing i learned was that i didn t want to go into pr after i graduate the other career path i considered and event planning is really what i love and have a passion for the owner becki puts on over 10 art shows called the avant garde art craft shows all throughout northeast ohio there were over 100 vendors at each event and i helped personally put on 4 shows i also helped in the launch of a new show line called bump to bows a mommy boutique show when it comes to ideabase i actually heard about the agency through one of the managers kristin who is a longtime family friend when she told me about ideabase it immediately sparked my interest and when the opportunity for an event coordinator came up i jumped at it i really enjoy working here and have already learned so much ideabase is such a fun encouraging and helpful work environment being new here whenever i have a question or concern they immediately do whatever possible to help me i have also learned so much about what it means working at a design agency and how talented my co workers are as for my personal life in my free time you can probably find me outside if it s nice out at a mall because i have a deep love for clothes and fashion or hanging out with my two cats i travel at any opportunity i can i hope to travel to all 50 states one day after graduation i hope to get a job out of state i am cleveland born and raised and ohio will always be home but i know i need to get out of here and explore more than just my bubble that is ohio i like to push myself to always try new things and take opportunities that push me outside my comfort zone because that ll only make my comfort zone that much bigger '),
 ('132', 'field', '59', 'en_us', ' victoria ripepi '),
 ('132', 'field', '49', 'en_us', ''),
 ('132', 'slug', '0', 'en_us', ' event planning 101 victoria ripepi '),
 ('132', 'title', '0', 'en_us', ' event planning 101 victoria ripepi '),
 ('132', 'field', '60', 'en_us', ' victoria ripepi '),
 ('99', 'field', '46', 'en_us', ' ru r4z '),
 ('99', 'field', '61', 'en_us', ' reilly hawkins christopher hallahan '),
 ('99', 'field', '48', 'en_us', ''),
 ('134', 'filename', '0', 'en_us', ' chris edit 350x500_1 jpg '),
 ('134', 'extension', '0', 'en_us', ' jpg '),
 ('134', 'kind', '0', 'en_us', ' image '),
 ('134', 'slug', '0', 'en_us', ''),
 ('134', 'title', '0', 'en_us', ' chris edit 350x500 1 '),
 ('135', 'filename', '0', 'en_us', ' dowling_1 jpg '),
 ('135', 'extension', '0', 'en_us', ' jpg '),
 ('135', 'kind', '0', 'en_us', ' image '),
 ('135', 'slug', '0', 'en_us', ''),
 ('135', 'title', '0', 'en_us', ' dowling 1 '),
 ('136', 'filename', '0', 'en_us', ' john headshot 350x500_1 jpg '),
 ('136', 'extension', '0', 'en_us', ' jpg '),
 ('136', 'kind', '0', 'en_us', ' image '),
 ('136', 'slug', '0', 'en_us', ''),
 ('136', 'title', '0', 'en_us', ' john headshot 350x500 1 '),
 ('137', 'filename', '0', 'en_us', ' mariofasolo 350x500_1 jpg '),
 ('137', 'extension', '0', 'en_us', ' jpg '),
 ('137', 'kind', '0', 'en_us', ' image '),
 ('137', 'slug', '0', 'en_us', ''),
 ('137', 'title', '0', 'en_us', ' mariofasolo 350x500 1 '),
 ('138', 'filename', '0', 'en_us', ' nicociani 350x500_1 jpg '),
 ('138', 'extension', '0', 'en_us', ' jpg '),
 ('138', 'kind', '0', 'en_us', ' image '),
 ('138', 'slug', '0', 'en_us', ''),
 ('138', 'title', '0', 'en_us', ' nicociani 350x500 1 '),
 ('139', 'filename', '0', 'en_us', ' quintinsteele 350x500_1 jpg '),
 ('139', 'extension', '0', 'en_us', ' jpg '),
 ('139', 'kind', '0', 'en_us', ' image '),
 ('139', 'slug', '0', 'en_us', ''),
 ('139', 'title', '0', 'en_us', ' quintinsteele 350x500 1 '),
 ('140', 'filename', '0', 'en_us', ' rachel1 350x500_1 jpg '),
 ('140', 'extension', '0', 'en_us', ' jpg '),
 ('140', 'kind', '0', 'en_us', ' image '),
 ('140', 'slug', '0', 'en_us', ''),
 ('140', 'title', '0', 'en_us', ' rachel1 350x500 1 '),
 ('141', 'filename', '0', 'en_us', ' reillyhawkins1 350x500_1 jpg '),
 ('141', 'extension', '0', 'en_us', ' jpg '),
 ('141', 'kind', '0', 'en_us', ' image '),
 ('141', 'slug', '0', 'en_us', '');

INSERT INTO `craft_searchindex` (`elementId`, `attribute`, `fieldId`, `locale`, `keywords`) VALUES
 ('141', 'title', '0', 'en_us', ' reillyhawkins1 350x500 1 '),
 ('142', 'filename', '0', 'en_us', ' victoria1 350x500_1 jpg '),
 ('142', 'extension', '0', 'en_us', ' jpg '),
 ('142', 'kind', '0', 'en_us', ' image '),
 ('142', 'slug', '0', 'en_us', ''),
 ('142', 'title', '0', 'en_us', ' victoria1 350x500 1 '),
 ('145', 'filename', '0', 'en_us', ' ideabaselogo svg '),
 ('145', 'extension', '0', 'en_us', ' svg '),
 ('145', 'kind', '0', 'en_us', ' image '),
 ('145', 'slug', '0', 'en_us', ' ideabaselogo '),
 ('145', 'title', '0', 'en_us', ' ideabaselogo '),
 ('146', 'field', '6', 'en_us', ' this is quintin s biography this is quintin s biography this is quintin s biography this is quintin s biography this is quintin s biography this is quintin s biography this is quintin s biography this is quintin s biography this is quintin s biography '),
 ('146', 'field', '4', 'en_us', ' qsteele ideabasekent com '),
 ('146', 'field', '7', 'en_us', ' this is quintin s fun fact '),
 ('146', 'field', '26', 'en_us', ' leadership '),
 ('146', 'field', '3', 'en_us', ' ideabase creative director '),
 ('146', 'field', '5', 'en_us', ' 330 672 7300 '),
 ('146', 'field', '27', 'en_us', ' profile sample '),
 ('146', 'slug', '0', 'en_us', ' quintin steele '),
 ('146', 'title', '0', 'en_us', ' quintin steele '),
 ('2', 'field', '66', 'en_us', ' our design process is tailored to you '),
 ('2', 'field', '67', 'en_us', ' tried and true '),
 ('2', 'field', '68', 'en_us', ' our processes deliver results no matter the industry or design challenge our past work speaks for itself '),
 ('147', 'field', '6', 'en_us', ' this is victoria s biography this is victoria s biography this is victoria s biography this is victoria s biography this is victoria s biography this is victoria s biography this is victoria s biography this is victoria s biography this is victoria s biography this is victoria s biography this is victoria s biography this is victoria s biography this is victoria s biography this is victoria s biography this is victoria s biography this is victoria s biography this is victoria s biography this is victoria s biography this is victoria s biography this is victoria s biography this is victoria s biography this is victoria s biography this is victoria s biography this is victoria s biography this is victoria s biography this is victoria s biography this is victoria s biography this is victoria s biography this is victoria s biography this is victoria s biography this is victoria s biography this is victoria s biography this is victoria s biography this is victoria s biography this is victoria s biography this is victoria s biography this is victoria s biography this is victoria s biography this is victoria s biography this is victoria s biography this is victoria s biography this is victoria s biography this is victoria s biography this is victoria s biography '),
 ('147', 'field', '4', 'en_us', ' vripepi ideabasekent com '),
 ('147', 'field', '7', 'en_us', ' i own 64 pairs of shoes '),
 ('147', 'field', '26', 'en_us', ' student '),
 ('147', 'field', '3', 'en_us', ' event coordinator '),
 ('147', 'field', '5', 'en_us', ' n a '),
 ('147', 'field', '27', 'en_us', ' profile sample '),
 ('147', 'slug', '0', 'en_us', ' victoria ripepi '),
 ('147', 'title', '0', 'en_us', ' victoria ripepi '),
 ('148', 'slug', '0', 'en_us', ' projects homepage '),
 ('148', 'title', '0', 'en_us', ' projects homepage '),
 ('148', 'field', '69', 'en_us', ' tried and true '),
 ('148', 'field', '70', 'en_us', ' our award winning process delivers quality design solutions that transform our clients products '),
 ('148', 'field', '71', 'en_us', ' how we re making a difference '),
 ('148', 'field', '72', 'en_us', ' we make a positive impact on your design and our student designers '),
 ('148', 'field', '73', 'en_us', ' helping our students succeed '),
 ('148', 'field', '74', 'en_us', ' at ideabase we want our student employees to succeed thats s why we partner with glyphix to teach the next generation through studio experiences our students develop and exercise project based skills in marketing design research and more additionally our responsive web design class ensures the next generation of designers and developers understand how to create highly functional and usable websites '),
 ('148', 'field', '112', 'en_us', ' learn about our transformative classroom experiences '),
 ('81', 'field', '75', 'en_us', ' project title 2 '),
 ('75', 'field', '75', 'en_us', ' project title 1 '),
 ('78', 'field', '76', 'en_us', ' project title 1 '),
 ('149', 'field', '6', 'en_us', ' this is larrie s test bio '),
 ('149', 'field', '4', 'en_us', ' lking ideabasekent com '),
 ('149', 'field', '7', 'en_us', ''),
 ('149', 'field', '26', 'en_us', ' leadership '),
 ('149', 'field', '3', 'en_us', ' creative director glyphix '),
 ('149', 'field', '5', 'en_us', ' 330 672 7300 '),
 ('149', 'field', '27', 'en_us', ' profile sample '),
 ('149', 'slug', '0', 'en_us', ' larrie king '),
 ('149', 'title', '0', 'en_us', ' larrie king '),
 ('89', 'field', '78', 'en_us', ' powered by kent state students '),
 ('109', 'field', '79', 'en_us', ' this is a process description '),
 ('109', 'field', '81', 'en_us', ' ideabase was inexpensive and helped increase visitors to our business that s a win win if you ask me '),
 ('109', 'field', '82', 'en_us', ' chris hallahan ideabase '),
 ('109', 'field', '80', 'en_us', ' we can test the performance and usability of your product on various devices in our user experience testing lab this is a great resource to ensure that your product translates across all platforms '),
 ('90', 'field', '84', 'en_us', ' opened in 2009 ideabase formerly the tannery was the brainchild of jim guadino the former and founding dean of kent state s college of communication and information ideabase is now a thriving design agency where top performing students assemble to gain experiential learning opportunities while solving problems for clients within and outside of the university '),
 ('90', 'field', '83', 'en_us', ' website designed and developed by ideabase in kent ohpowered by craftcopyright 2015 ideabase '),
 ('90', 'field', '85', 'en_us', ' let s make something great together '),
 ('90', 'field', '86', 'en_us', ' be a part of something big partner with our talented team of designers on your next initiatve and become part of our educational mission get in touch today by contacting kristin dowling business develoment manager via email phone or by completing the form below '),
 ('90', 'field', '87', 'en_us', ' get in touch today '),
 ('150', 'slug', '0', 'en_us', ' illustration '),
 ('150', 'title', '0', 'en_us', ' illustration '),
 ('151', 'slug', '0', 'en_us', ' branding '),
 ('151', 'title', '0', 'en_us', ' branding '),
 ('152', 'slug', '0', 'en_us', ' web design '),
 ('152', 'title', '0', 'en_us', ' web design '),
 ('153', 'slug', '0', 'en_us', ' photography '),
 ('153', 'title', '0', 'en_us', ' photography '),
 ('154', 'slug', '0', 'en_us', ' identity '),
 ('154', 'title', '0', 'en_us', ' identity '),
 ('155', 'slug', '0', 'en_us', ' video '),
 ('155', 'title', '0', 'en_us', ' video '),
 ('156', 'slug', '0', 'en_us', ' print '),
 ('156', 'title', '0', 'en_us', ' print '),
 ('157', 'slug', '0', 'en_us', ' project list '),
 ('157', 'title', '0', 'en_us', ' project list '),
 ('157', 'field', '69', 'en_us', ' project headline '),
 ('157', 'field', '70', 'en_us', ' project description '),
 ('98', 'field', '46', 'en_us', ' ru r4z '),
 ('98', 'field', '61', 'en_us', ''),
 ('98', 'field', '48', 'en_us', ''),
 ('98', 'field', '88', 'en_us', ' web design '),
 ('99', 'field', '88', 'en_us', ' illustration '),
 ('74', 'field', '46', 'en_us', ' ru r4z '),
 ('74', 'field', '61', 'en_us', ''),
 ('74', 'field', '48', 'en_us', ''),
 ('74', 'field', '88', 'en_us', ' web design '),
 ('101', 'field', '61', 'en_us', ''),
 ('101', 'field', '88', 'en_us', ' photography '),
 ('67', 'field', '77', 'en_us', ''),
 ('67', 'field', '89', 'en_us', ' http www linkedin com linkedin http www twitter com twitter '),
 ('158', 'field', '90', 'en_us', ' linkedin '),
 ('158', 'field', '91', 'en_us', ' http www linkedin com '),
 ('158', 'slug', '0', 'en_us', ''),
 ('159', 'field', '90', 'en_us', ' twitter '),
 ('159', 'field', '91', 'en_us', ' http www twitter com '),
 ('159', 'slug', '0', 'en_us', '');

INSERT INTO `craft_searchindex` (`elementId`, `attribute`, `fieldId`, `locale`, `keywords`) VALUES
 ('132', 'field', '92', 'en_us', ' download '),
 ('160', 'filename', '0', 'en_us', ' information_icon 1 svg '),
 ('160', 'extension', '0', 'en_us', ' svg '),
 ('160', 'kind', '0', 'en_us', ' image '),
 ('160', 'slug', '0', 'en_us', ''),
 ('160', 'title', '0', 'en_us', ' information icon 1 '),
 ('95', 'field', '94', 'en_us', ' information icon 1 '),
 ('95', 'field', '95', 'en_us', ' homepage description this is the homepage name example 1 example 2 example 3 '),
 ('161', 'field', '96', 'en_us', ' this is the homepage name '),
 ('161', 'field', '97', 'en_us', ' homepage description '),
 ('161', 'slug', '0', 'en_us', ''),
 ('165', 'field', '102', 'en_us', ' ru r4z '),
 ('165', 'field', '101', 'en_us', ' ru r4z '),
 ('165', 'field', '100', 'en_us', ' ru r4z '),
 ('109', 'field', '95', 'en_us', ' who your users are user interviews user interviews surveys surveys competitive analysis competitive analysis persona development persona development discover our targeted user research methods empower you to more effectively address your users needs ru r4z ru r4z ru r4z ru r4z ru r4z a product that will deliver on user and business needs visual graphic design visual graphic design video production video production web development web development content strategy information architecture content strategy information architecture prototyping product development prototyping product development environmental design environmental design brand identity brand identity social media public relations social media public relations design our design strategies whether through print video or web deliver custom solutions that promote both business and customer needs ru r4z ru r4z ru r4z ru r4z ru r4z an existing product with our advanced usability testing in person usability testing in person usability testing remote usability testing remote usability testing device performance testing device performance testing tobii eyetracking tobii eyetracking refine our advanced usability testing tools including eye tracking allow you to evaluate the effectiveness of design solutions ru r4z ru r4z ru r4z ru r4z ru r4z '),
 ('165', 'field', '96', 'en_us', ' discover '),
 ('165', 'field', '97', 'en_us', ' who your users are '),
 ('165', 'slug', '0', 'en_us', ''),
 ('166', 'field', '99', 'en_us', ' visual graphic design visual graphic design video production video production web development web development content strategy information architecture content strategy information architecture prototyping product development prototyping product development environmental design environmental design brand identity brand identity social media public relations social media public relations '),
 ('166', 'field', '97', 'en_us', ' a product that will deliver on user and business needs '),
 ('166', 'field', '96', 'en_us', ' design '),
 ('165', 'field', '99', 'en_us', ' user interviews user interviews surveys surveys competitive analysis competitive analysis persona development persona development '),
 ('165', 'field', '104', 'en_us', ' ru r4z '),
 ('165', 'field', '103', 'en_us', ' ru r4z '),
 ('166', 'field', '100', 'en_us', ' ru r4z '),
 ('166', 'field', '101', 'en_us', ' ru r4z '),
 ('166', 'field', '102', 'en_us', ' ru r4z '),
 ('166', 'field', '103', 'en_us', ' ru r4z '),
 ('166', 'field', '104', 'en_us', ' ru r4z '),
 ('166', 'slug', '0', 'en_us', ''),
 ('109', 'field', '108', 'en_us', ' more about our ux testing lab '),
 ('165', 'field', '105', 'en_us', ' our targeted user research methods empower you to more effectively address your users needs '),
 ('166', 'field', '105', 'en_us', ' our design strategies whether through print video or web deliver custom solutions that promote both business and customer needs '),
 ('167', 'field', '96', 'en_us', ' refine '),
 ('167', 'field', '97', 'en_us', ' an existing product with our advanced usability testing '),
 ('167', 'field', '99', 'en_us', ' in person usability testing in person usability testing remote usability testing remote usability testing device performance testing device performance testing tobii eyetracking tobii eyetracking '),
 ('167', 'field', '100', 'en_us', ' ru r4z '),
 ('167', 'field', '101', 'en_us', ' ru r4z '),
 ('167', 'field', '102', 'en_us', ' ru r4z '),
 ('167', 'field', '103', 'en_us', ' ru r4z '),
 ('167', 'field', '104', 'en_us', ' ru r4z '),
 ('167', 'field', '105', 'en_us', ' our advanced usability testing tools including eye tracking allow you to evaluate the effectiveness of design solutions '),
 ('167', 'slug', '0', 'en_us', ''),
 ('168', 'filename', '0', 'en_us', ' rur4z png '),
 ('168', 'extension', '0', 'en_us', ' png '),
 ('168', 'kind', '0', 'en_us', ' image '),
 ('168', 'slug', '0', 'en_us', ''),
 ('168', 'title', '0', 'en_us', ' ru r4z '),
 ('109', 'field', '109', 'en_us', ' sounds great how much does it cost '),
 ('169', 'field', '46', 'en_us', ' ru r4z '),
 ('169', 'field', '61', 'en_us', ' christopher hallahan '),
 ('169', 'field', '9', 'en_us', ' this is a test '),
 ('169', 'field', '48', 'en_us', ''),
 ('169', 'field', '88', 'en_us', ' web design '),
 ('169', 'slug', '0', 'en_us', ' test '),
 ('169', 'title', '0', 'en_us', ' test '),
 ('170', 'field', '46', 'en_us', ''),
 ('170', 'field', '61', 'en_us', ''),
 ('170', 'field', '9', 'en_us', ''),
 ('170', 'field', '48', 'en_us', ''),
 ('170', 'field', '88', 'en_us', ' web design '),
 ('170', 'slug', '0', 'en_us', ' another test '),
 ('170', 'title', '0', 'en_us', ' another test '),
 ('170', 'field', '106', 'en_us', ' http www google com '),
 ('74', 'field', '106', 'en_us', ' http www google com '),
 ('101', 'field', '106', 'en_us', ' http www google com '),
 ('169', 'field', '106', 'en_us', ''),
 ('99', 'field', '106', 'en_us', ''),
 ('90', 'field', '107', 'en_us', ' 138 e main street suit 203 '),
 ('98', 'field', '106', 'en_us', ''),
 ('109', 'field', '110', 'en_us', ' this is a test '),
 ('171', 'field', '19', 'en_us', ' 2015 12 08 '),
 ('171', 'field', '17', 'en_us', ' chris hallahan '),
 ('171', 'field', '18', 'en_us', ' ideabase was inexpensive and helped increase visitors to our business that s a win win if you ask me '),
 ('171', 'field', '76', 'en_us', ' test '),
 ('171', 'slug', '0', 'en_us', ' testimonial title '),
 ('171', 'title', '0', 'en_us', ' testimonial title '),
 ('172', 'filename', '0', 'en_us', ' practice jpg '),
 ('172', 'extension', '0', 'en_us', ' jpg '),
 ('172', 'kind', '0', 'en_us', ' image '),
 ('172', 'slug', '0', 'en_us', ''),
 ('172', 'title', '0', 'en_us', ' practice '),
 ('173', 'field', '50', 'en_us', ''),
 ('173', 'slug', '0', 'en_us', ' another case study '),
 ('173', 'title', '0', 'en_us', ' another case study '),
 ('109', 'field', '37', 'en_us', ' practice '),
 ('148', 'field', '37', 'en_us', ' practice '),
 ('108', 'field', '37', 'en_us', ' practice '),
 ('174', 'filename', '0', 'en_us', ' bricks jpg '),
 ('174', 'extension', '0', 'en_us', ' jpg '),
 ('174', 'kind', '0', 'en_us', ' image '),
 ('174', 'slug', '0', 'en_us', ''),
 ('174', 'title', '0', 'en_us', ' bricks '),
 ('2', 'field', '113', 'en_us', ' bricks '),
 ('175', 'field', '50', 'en_us', ' this is a test this is a test this is a test this is a test this is a test this is a test this is a test this is a test this is a test this is a test this is a test this is a test this is a test '),
 ('175', 'slug', '0', 'en_us', ' third case study '),
 ('175', 'title', '0', 'en_us', ' third case study '),
 ('90', 'field', '114', 'en_us', ' lightbulb sample '),
 ('176', 'filename', '0', 'en_us', ' lightbulb sample png '),
 ('176', 'extension', '0', 'en_us', ' png ');

INSERT INTO `craft_searchindex` (`elementId`, `attribute`, `fieldId`, `locale`, `keywords`) VALUES
 ('176', 'kind', '0', 'en_us', ' image '),
 ('176', 'slug', '0', 'en_us', ''),
 ('176', 'title', '0', 'en_us', ' lightbulb sample '),
 ('177', 'field', '113', 'en_us', ' bricks '),
 ('177', 'slug', '0', 'en_us', ''),
 ('178', 'filename', '0', 'en_us', ' profile sample jpg '),
 ('178', 'extension', '0', 'en_us', ' jpg '),
 ('178', 'kind', '0', 'en_us', ' image '),
 ('178', 'slug', '0', 'en_us', ''),
 ('178', 'title', '0', 'en_us', ' profile sample '),
 ('119', 'field', '77', 'en_us', ''),
 ('119', 'field', '89', 'en_us', ''),
 ('120', 'field', '77', 'en_us', ''),
 ('120', 'field', '89', 'en_us', ''),
 ('146', 'field', '77', 'en_us', ''),
 ('146', 'field', '89', 'en_us', ''),
 ('147', 'field', '77', 'en_us', ''),
 ('147', 'field', '89', 'en_us', ''),
 ('149', 'field', '77', 'en_us', ''),
 ('149', 'field', '89', 'en_us', ''),
 ('67', 'field', '116', 'en_us', ' hawkins '),
 ('119', 'field', '116', 'en_us', ' dowling '),
 ('67', 'field', '117', 'en_us', ''),
 ('119', 'field', '117', 'en_us', '');




DROP TABLE IF EXISTS `craft_sections`;


--
-- Schema for table `craft_sections`
--
CREATE TABLE `craft_sections` (
  `id` int(11) NOT NULL AUTO_INCREMENT,
  `structureId` int(11) DEFAULT NULL,
  `name` varchar(255) COLLATE utf8_unicode_ci NOT NULL,
  `handle` varchar(255) COLLATE utf8_unicode_ci NOT NULL,
  `type` enum('single','channel','structure') COLLATE utf8_unicode_ci NOT NULL DEFAULT 'channel',
  `hasUrls` tinyint(1) unsigned NOT NULL DEFAULT '1',
  `template` varchar(500) COLLATE utf8_unicode_ci DEFAULT NULL,
  `enableVersioning` tinyint(1) unsigned NOT NULL DEFAULT '0',
  `dateCreated` datetime NOT NULL,
  `dateUpdated` datetime NOT NULL,
  `uid` char(36) COLLATE utf8_unicode_ci NOT NULL DEFAULT '0',
  PRIMARY KEY (`id`),
  UNIQUE KEY `craft_sections_name_unq_idx` (`name`),
  UNIQUE KEY `craft_sections_handle_unq_idx` (`handle`),
  KEY `craft_sections_structureId_fk` (`structureId`)
) ENGINE=InnoDB AUTO_INCREMENT=17 DEFAULT CHARSET=utf8 COLLATE=utf8_unicode_ci;

--
-- Data for table `craft_sections`
--

INSERT INTO `craft_sections` (`id`, `structureId`, `name`, `handle`, `type`, `hasUrls`, `template`, `enableVersioning`, `dateCreated`, `dateUpdated`, `uid`) VALUES
 ('1', NULL, 'Homepage', 'homepage', 'single', '1', 'index', '1', '2015-09-18 13:02:12', '2015-09-18 13:02:12', 'fd54f482-b429-4837-9d1a-536971debb0d'),
 ('2', NULL, 'News', 'news', 'channel', '1', 'news/_entry', '1', '2015-09-18 13:02:13', '2015-09-18 13:02:13', 'b3974c94-241f-4fde-bfc6-c09238349965'),
 ('3', '1', 'Staff Profiles', 'People', 'structure', '1', 'staffprofiles/_entry', '1', '2015-09-18 13:12:21', '2015-12-17 16:17:05', '92108388-8ac6-45ff-a877-a41386c6294c'),
 ('4', NULL, 'Projects', 'ideabaseProjects', 'channel', '1', 'projects/_entry', '1', '2015-09-18 13:12:40', '2015-09-18 13:14:18', '5f5dff3b-17e4-4771-8abe-e6f505319f18'),
 ('5', NULL, 'Blog Post', 'blogPost', 'channel', '1', 'blogs/_entry', '1', '2015-09-18 13:13:03', '2015-10-30 15:28:21', 'bfd6556e-dbc2-481d-be30-91cb9ef0beea'),
 ('6', NULL, 'Awards', 'ideabaseAwards', 'channel', '1', 'awards/_entry', '1', '2015-09-18 13:13:17', '2015-09-18 13:13:17', 'ab35bd74-3b2d-4a67-a9af-720b7b7090b7'),
 ('7', NULL, 'Testimonials', 'testimonials', 'channel', '1', 'testimonials/_entry', '1', '2015-09-18 13:13:27', '2015-09-18 13:13:27', 'e86c6393-e343-4c7c-b6f8-11c7fbb9bfd9'),
 ('8', NULL, 'Clients', 'clients', 'channel', '1', 'clients/_entry', '1', '2015-09-18 13:13:40', '2015-09-18 13:13:40', '9ef87945-6823-4589-acf4-57360d62145e'),
 ('10', NULL, 'Services', 'services', 'channel', '1', 'services/_entry', '1', '2015-10-02 22:46:16', '2015-10-02 22:46:16', '7e398e88-a693-4369-932f-aaae8af3aa63'),
 ('11', NULL, 'Staff Profile Index', 'staffPeople', 'single', '1', '/staffprofiles/index.html', '1', '2015-10-06 14:08:01', '2015-10-23 14:23:48', 'e9ae4152-ae08-479d-af66-4cc4d7423790'),
 ('12', NULL, 'Process Index', 'processIndex', 'single', '1', '/services/index.html', '1', '2015-10-06 14:37:07', '2015-10-23 14:25:09', '6e0274ea-f4b9-4560-9d8e-623ffc56ada2'),
 ('13', NULL, 'Case Study', 'caseStudy', 'channel', '1', 'casestudies/_entry', '1', '2015-10-30 15:28:15', '2015-10-30 15:31:55', '124afb43-5279-497c-aed9-a2da0270109d'),
 ('14', NULL, 'Basic Pages', 'basicPages', 'channel', '1', 'basic-pages/_entry', '1', '2015-11-03 17:20:01', '2015-11-03 17:20:01', 'c24c0a92-3aca-4f0f-804d-2d9bd5dcafde'),
 ('15', NULL, 'Projects Homepage', 'projectsHomepage', 'single', '1', '/projects/index.html', '1', '2015-11-06 14:19:01', '2015-11-06 14:34:28', 'f98718e7-4394-493f-9eca-6b63554bf5d1'),
 ('16', NULL, 'Project List', 'projectList', 'single', '1', '/projects/projectList.html', '1', '2015-11-24 15:29:40', '2015-11-24 15:30:01', '5292e3c7-a331-4c7b-bea8-afeae54e0698');




DROP TABLE IF EXISTS `craft_sections_i18n`;


--
-- Schema for table `craft_sections_i18n`
--
CREATE TABLE `craft_sections_i18n` (
  `id` int(11) NOT NULL AUTO_INCREMENT,
  `sectionId` int(11) NOT NULL,
  `locale` char(12) COLLATE utf8_unicode_ci NOT NULL,
  `enabledByDefault` tinyint(1) unsigned NOT NULL DEFAULT '1',
  `urlFormat` text COLLATE utf8_unicode_ci,
  `nestedUrlFormat` text COLLATE utf8_unicode_ci,
  `dateCreated` datetime NOT NULL,
  `dateUpdated` datetime NOT NULL,
  `uid` char(36) COLLATE utf8_unicode_ci NOT NULL DEFAULT '0',
  PRIMARY KEY (`id`),
  UNIQUE KEY `craft_sections_i18n_sectionId_locale_unq_idx` (`sectionId`,`locale`),
  KEY `craft_sections_i18n_locale_fk` (`locale`)
) ENGINE=InnoDB AUTO_INCREMENT=17 DEFAULT CHARSET=utf8 COLLATE=utf8_unicode_ci;

--
-- Data for table `craft_sections_i18n`
--

INSERT INTO `craft_sections_i18n` (`id`, `sectionId`, `locale`, `enabledByDefault`, `urlFormat`, `nestedUrlFormat`, `dateCreated`, `dateUpdated`, `uid`) VALUES
 ('1', '1', 'en_us', '1', '__home__', NULL, '2015-09-18 13:02:12', '2015-09-18 13:02:12', '7ae25395-f357-420b-87ee-992cac000eb0'),
 ('2', '2', 'en_us', '1', 'news/{postDate.year}/{slug}', NULL, '2015-09-18 13:02:13', '2015-09-18 13:02:13', '5b477268-a7f3-4943-a147-1e4cd9c66db8'),
 ('3', '3', 'en_us', '0', 'people-profile/{slug}', '{parent.uri}/{slug}', '2015-09-18 13:12:21', '2015-09-18 13:57:10', '8befe6bc-0a26-4a06-8e55-ad85c4d8de56'),
 ('4', '4', 'en_us', '0', 'projects/{postDate.year}/{slug}', NULL, '2015-09-18 13:12:40', '2015-09-18 13:14:18', 'd8161c6b-5ccc-4f8f-816a-136fc3f414f9'),
 ('5', '5', 'en_us', '0', 'blog-post/{postDate.year}/{slug}', NULL, '2015-09-18 13:13:03', '2015-09-18 13:14:03', '55f66e71-639f-462a-9808-7c4898a3eb6b'),
 ('6', '6', 'en_us', '0', 'awards/{slug}', NULL, '2015-09-18 13:13:17', '2015-09-18 13:13:17', 'a7d1b8f7-e72a-4207-bcec-f50ed98ae284'),
 ('7', '7', 'en_us', '0', 'testimonials/{slug}', NULL, '2015-09-18 13:13:27', '2015-09-18 13:13:27', 'bfbac423-7bc0-43b0-9682-bad8f4f51bf0'),
 ('8', '8', 'en_us', '0', 'clients/{slug}', NULL, '2015-09-18 13:13:40', '2015-09-18 13:13:40', '32a2150a-0f7c-4e9f-a1ac-7761c93ec9a8'),
 ('10', '10', 'en_us', '0', 'services/{slug}', NULL, '2015-10-02 22:46:16', '2015-10-02 22:46:16', '95e2f8c2-ffaa-4032-b61c-b961519cc56d'),
 ('11', '11', 'en_us', '0', 'people', NULL, '2015-10-06 14:08:01', '2015-10-23 14:23:48', '12185c1e-d70d-4847-8886-0e2b011f4e19'),
 ('12', '12', 'en_us', '0', 'process', NULL, '2015-10-06 14:37:07', '2015-10-23 14:25:09', '0e779556-9723-4ef7-8627-1b25994667fe'),
 ('13', '13', 'en_us', '0', 'case-study/{slug}', NULL, '2015-10-30 15:28:15', '2015-10-30 15:28:15', '2c0464a7-f149-444d-b09a-4d8e59f6cbe6'),
 ('14', '14', 'en_us', '0', 'basic-pages/{slug}', NULL, '2015-11-03 17:20:01', '2015-11-03 17:20:01', '34f3a5c3-9ce3-4a0d-83d8-128aeede326c'),
 ('15', '15', 'en_us', '0', 'projects', NULL, '2015-11-06 14:19:01', '2015-11-06 14:34:28', '2bdf2c57-1be6-4346-af4f-a9636d157077'),
 ('16', '16', 'en_us', '0', 'project-list', NULL, '2015-11-24 15:29:40', '2015-11-24 15:30:01', '2bb29ee2-bbbc-4133-a6d9-00b4cba78aa7');




DROP TABLE IF EXISTS `craft_sessions`;


--
-- Schema for table `craft_sessions`
--
CREATE TABLE `craft_sessions` (
  `id` int(11) NOT NULL AUTO_INCREMENT,
  `userId` int(11) NOT NULL,
  `token` char(100) COLLATE utf8_unicode_ci NOT NULL,
  `dateCreated` datetime NOT NULL,
  `dateUpdated` datetime NOT NULL,
  `uid` char(36) COLLATE utf8_unicode_ci NOT NULL DEFAULT '0',
  PRIMARY KEY (`id`),
  KEY `craft_sessions_uid_idx` (`uid`),
  KEY `craft_sessions_token_idx` (`token`),
  KEY `craft_sessions_dateUpdated_idx` (`dateUpdated`),
  KEY `craft_sessions_userId_fk` (`userId`)
) ENGINE=InnoDB AUTO_INCREMENT=51 DEFAULT CHARSET=utf8 COLLATE=utf8_unicode_ci;

DROP TABLE IF EXISTS `craft_shunnedmessages`;


--
-- Schema for table `craft_shunnedmessages`
--
CREATE TABLE `craft_shunnedmessages` (
  `id` int(11) NOT NULL AUTO_INCREMENT,
  `userId` int(11) NOT NULL,
  `message` varchar(255) COLLATE utf8_unicode_ci NOT NULL,
  `expiryDate` datetime DEFAULT NULL,
  `dateCreated` datetime NOT NULL,
  `dateUpdated` datetime NOT NULL,
  `uid` char(36) COLLATE utf8_unicode_ci NOT NULL DEFAULT '0',
  PRIMARY KEY (`id`),
  UNIQUE KEY `craft_shunnedmessages_userId_message_unq_idx` (`userId`,`message`)
) ENGINE=InnoDB DEFAULT CHARSET=utf8 COLLATE=utf8_unicode_ci;

DROP TABLE IF EXISTS `craft_structureelements`;


--
-- Schema for table `craft_structureelements`
--
CREATE TABLE `craft_structureelements` (
  `id` int(11) NOT NULL AUTO_INCREMENT,
  `structureId` int(11) NOT NULL,
  `elementId` int(11) DEFAULT NULL,
  `root` int(11) unsigned DEFAULT NULL,
  `lft` int(11) unsigned NOT NULL,
  `rgt` int(11) unsigned NOT NULL,
  `level` smallint(6) unsigned NOT NULL,
  `dateCreated` datetime NOT NULL,
  `dateUpdated` datetime NOT NULL,
  `uid` char(36) COLLATE utf8_unicode_ci NOT NULL DEFAULT '0',
  PRIMARY KEY (`id`),
  UNIQUE KEY `craft_structureelements_structureId_elementId_unq_idx` (`structureId`,`elementId`),
  KEY `craft_structureelements_root_idx` (`root`),
  KEY `craft_structureelements_lft_idx` (`lft`),
  KEY `craft_structureelements_rgt_idx` (`rgt`),
  KEY `craft_structureelements_level_idx` (`level`),
  KEY `craft_structureelements_elementId_fk` (`elementId`)
) ENGINE=InnoDB AUTO_INCREMENT=91 DEFAULT CHARSET=utf8 COLLATE=utf8_unicode_ci;

--
-- Data for table `craft_structureelements`
--

INSERT INTO `craft_structureelements` (`id`, `structureId`, `elementId`, `root`, `lft`, `rgt`, `level`, `dateCreated`, `dateUpdated`, `uid`) VALUES
 ('1', '2', NULL, '1', '1', '10', '0', '2015-09-18 13:27:24', '2015-09-18 13:27:24', 'e11ddc46-f575-4a90-9e09-c1a5ab0b9681'),
 ('3', '2', '5', '1', '6', '7', '1', '2015-09-18 13:28:28', '2015-09-18 13:28:28', '26551d84-5695-4afd-9d78-6152f532147e'),
 ('4', '2', '6', '1', '8', '9', '1', '2015-09-18 13:28:41', '2015-09-18 13:28:41', '097becb1-5dcf-46c8-b83c-cbee3d25f811'),
 ('5', '2', '7', '1', '2', '3', '1', '2015-09-18 13:28:57', '2015-09-18 13:28:57', '26b158d8-6902-43e6-9256-5edc50d12dd3'),
 ('6', '2', '8', '1', '4', '5', '1', '2015-09-18 13:29:09', '2015-09-18 13:29:09', '4617b739-4a06-4424-a6da-9f26e694e153'),
 ('7', '4', NULL, '7', '1', '2', '0', '2015-09-18 13:33:56', '2015-09-18 13:33:56', '80c0c0b2-0892-4144-93a5-ff789a99d348'),
 ('34', '3', NULL, '34', '1', '2', '0', '2015-09-18 13:41:52', '2015-09-18 13:41:52', '23d4f1b0-4433-48cd-8d99-402f40b68123'),
 ('53', '5', NULL, '53', '1', '2', '0', '2015-09-18 13:48:12', '2015-09-18 13:48:12', '644eab15-be37-4707-9cfe-5053401f7cf7'),
 ('68', '1', NULL, '68', '1', '14', '0', '2015-09-18 14:03:06', '2015-09-18 14:03:06', '546da008-bb22-4fac-b2d4-67a1f97e267b'),
 ('69', '1', '67', '68', '2', '3', '1', '2015-09-18 14:03:06', '2015-09-18 14:03:06', 'b028ecb9-c07b-4459-9403-dd167f4037e1'),
 ('74', '1', '119', '68', '4', '5', '1', '2015-10-22 17:54:18', '2015-10-22 17:54:18', '3a9d992a-cbb4-4cf4-a548-d71cfef4ac23'),
 ('75', '1', '120', '68', '6', '7', '1', '2015-10-22 17:54:56', '2015-10-22 17:54:56', '873fb394-ba1a-4c98-b57f-f80122fc61fb'),
 ('77', '6', NULL, '77', '1', '6', '0', '2015-10-30 14:05:26', '2015-10-30 14:05:26', 'ee92bc24-dd62-4651-804d-d1e60ec6a69f'),
 ('78', '6', '122', '77', '4', '5', '1', '2015-10-30 14:05:26', '2015-10-30 14:05:26', '81bd170d-e56f-4bdd-b697-60e212d1f8c3'),
 ('79', '6', '123', '77', '2', '3', '1', '2015-10-30 14:05:39', '2015-10-30 14:05:39', '71c3e62f-e3b3-47f8-a4a4-8f7bb48d1e64'),
 ('80', '1', '146', '68', '8', '9', '1', '2015-11-05 16:19:13', '2015-11-05 16:19:13', 'b88d15ca-2555-45f9-8054-ad2fad4f1b57'),
 ('81', '1', '147', '68', '10', '11', '1', '2015-11-05 22:26:27', '2015-11-05 22:26:27', '981c0a80-7677-4b52-af1b-2b7b4ddb385a'),
 ('82', '1', '149', '68', '12', '13', '1', '2015-11-10 17:15:08', '2015-11-10 17:15:08', '5d4b7f16-2d8f-41db-98f3-5f66d509fb48'),
 ('83', '7', NULL, '83', '1', '16', '0', '2015-11-24 15:18:25', '2015-11-24 15:18:25', 'b8cea2d5-ee54-4c7c-90ee-069c421ba413'),
 ('84', '7', '150', '83', '6', '7', '1', '2015-11-24 15:18:25', '2015-11-24 15:18:25', 'e67410bb-1c40-472e-8502-9b9e105fc48f'),
 ('85', '7', '151', '83', '2', '3', '1', '2015-11-24 15:18:30', '2015-11-24 15:18:30', '3fef3e77-9779-4d39-8250-dcc4178c1797'),
 ('86', '7', '152', '83', '14', '15', '1', '2015-11-24 15:18:38', '2015-11-24 15:18:38', 'd21f4a9f-501d-49fc-ac2f-be730a20a2cb'),
 ('87', '7', '153', '83', '8', '9', '1', '2015-11-24 15:18:48', '2015-11-24 15:18:48', '34825948-3b39-458e-a002-bd5ccfbaec54'),
 ('88', '7', '154', '83', '4', '5', '1', '2015-11-24 15:18:55', '2015-11-24 15:18:55', 'a5f26dae-9911-4a9b-a5c8-6b9163b70d62'),
 ('89', '7', '155', '83', '12', '13', '1', '2015-11-24 15:19:01', '2015-11-24 15:19:01', '649a69eb-3d8e-4ffe-8a67-fd6d518a0e40'),
 ('90', '7', '156', '83', '10', '11', '1', '2015-11-24 15:19:19', '2015-11-24 15:19:19', '3c434108-76b9-4af0-8401-25c241589ad8');




DROP TABLE IF EXISTS `craft_structures`;


--
-- Schema for table `craft_structures`
--
CREATE TABLE `craft_structures` (
  `id` int(11) NOT NULL AUTO_INCREMENT,
  `maxLevels` smallint(6) unsigned DEFAULT NULL,
  `dateCreated` datetime NOT NULL,
  `dateUpdated` datetime NOT NULL,
  `uid` char(36) COLLATE utf8_unicode_ci NOT NULL DEFAULT '0',
  PRIMARY KEY (`id`)
) ENGINE=InnoDB AUTO_INCREMENT=8 DEFAULT CHARSET=utf8 COLLATE=utf8_unicode_ci;

--
-- Data for table `craft_structures`
--

INSERT INTO `craft_structures` (`id`, `maxLevels`, `dateCreated`, `dateUpdated`, `uid`) VALUES
 ('1', NULL, '2015-09-18 13:15:00', '2015-12-17 16:17:05', 'cc4fa47c-9588-4fb2-969e-027f062e8713'),
 ('2', NULL, '2015-09-18 13:26:54', '2015-09-18 13:26:54', 'ad6fe85f-0c1c-4c0a-b364-c773173b9eb7'),
 ('3', NULL, '2015-09-18 13:29:38', '2015-09-18 13:29:38', '2b1f651a-4be3-4706-8917-f47ab0cbd4e6'),
 ('4', NULL, '2015-09-18 13:33:23', '2015-09-18 13:33:23', '7d764c02-efd8-47c1-a689-878df936357a'),
 ('5', NULL, '2015-09-18 13:48:04', '2015-09-18 13:48:04', '87b2a38b-605a-47c5-aeb2-08ed88567984'),
 ('6', NULL, '2015-10-30 14:05:08', '2015-10-30 14:05:08', 'e99ca462-0704-4dce-9d35-6621ab8bc1b0'),
 ('7', NULL, '2015-11-24 15:18:14', '2015-11-24 15:18:14', 'f66cf32b-244a-49ac-abe4-b46e3cbcdd4b');




DROP TABLE IF EXISTS `craft_systemsettings`;


--
-- Schema for table `craft_systemsettings`
--
CREATE TABLE `craft_systemsettings` (
  `id` int(11) NOT NULL AUTO_INCREMENT,
  `category` varchar(15) COLLATE utf8_unicode_ci NOT NULL,
  `settings` text COLLATE utf8_unicode_ci,
  `dateCreated` datetime NOT NULL,
  `dateUpdated` datetime NOT NULL,
  `uid` char(36) COLLATE utf8_unicode_ci NOT NULL DEFAULT '0',
  PRIMARY KEY (`id`),
  UNIQUE KEY `craft_systemsettings_category_unq_idx` (`category`)
) ENGINE=InnoDB AUTO_INCREMENT=2 DEFAULT CHARSET=utf8 COLLATE=utf8_unicode_ci;

--
-- Data for table `craft_systemsettings`
--

INSERT INTO `craft_systemsettings` (`id`, `category`, `settings`, `dateCreated`, `dateUpdated`, `uid`) VALUES
 ('1', 'email', '{\"protocol\":\"php\",\"emailAddress\":\"rhawkins@ideabasekent.com\",\"senderName\":\"IdeaBase Website\"}', '2015-09-18 13:02:12', '2015-09-18 13:02:12', '6d6447f2-f840-498f-b13f-a6a5972c1fe8');




DROP TABLE IF EXISTS `craft_taggroups`;


--
-- Schema for table `craft_taggroups`
--
CREATE TABLE `craft_taggroups` (
  `id` int(11) NOT NULL AUTO_INCREMENT,
  `name` varchar(255) COLLATE utf8_unicode_ci NOT NULL,
  `handle` varchar(255) COLLATE utf8_unicode_ci NOT NULL,
  `fieldLayoutId` int(10) DEFAULT NULL,
  `dateCreated` datetime NOT NULL,
  `dateUpdated` datetime NOT NULL,
  `uid` char(36) COLLATE utf8_unicode_ci NOT NULL DEFAULT '0',
  PRIMARY KEY (`id`),
  UNIQUE KEY `craft_taggroups_name_unq_idx` (`name`),
  UNIQUE KEY `craft_taggroups_handle_unq_idx` (`handle`),
  KEY `craft_taggroups_fieldLayoutId_fk` (`fieldLayoutId`)
) ENGINE=InnoDB AUTO_INCREMENT=2 DEFAULT CHARSET=utf8 COLLATE=utf8_unicode_ci;

--
-- Data for table `craft_taggroups`
--

INSERT INTO `craft_taggroups` (`id`, `name`, `handle`, `fieldLayoutId`, `dateCreated`, `dateUpdated`, `uid`) VALUES
 ('1', 'Default', 'default', '1', '2015-09-18 13:02:12', '2015-09-18 13:02:12', '84cd9470-d561-4977-b614-f1686b369b26');




DROP TABLE IF EXISTS `craft_tags`;


--
-- Schema for table `craft_tags`
--
CREATE TABLE `craft_tags` (
  `id` int(11) NOT NULL,
  `groupId` int(11) NOT NULL,
  `dateCreated` datetime NOT NULL,
  `dateUpdated` datetime NOT NULL,
  `uid` char(36) COLLATE utf8_unicode_ci NOT NULL DEFAULT '0',
  PRIMARY KEY (`id`),
  KEY `craft_tags_groupId_fk` (`groupId`)
) ENGINE=InnoDB DEFAULT CHARSET=utf8 COLLATE=utf8_unicode_ci;

DROP TABLE IF EXISTS `craft_tasks`;


--
-- Schema for table `craft_tasks`
--
CREATE TABLE `craft_tasks` (
  `id` int(11) NOT NULL AUTO_INCREMENT,
  `root` int(11) unsigned DEFAULT NULL,
  `lft` int(11) unsigned NOT NULL,
  `rgt` int(11) unsigned NOT NULL,
  `level` smallint(6) unsigned NOT NULL,
  `currentStep` int(11) unsigned DEFAULT NULL,
  `totalSteps` int(11) unsigned DEFAULT NULL,
  `status` enum('pending','error','running') COLLATE utf8_unicode_ci DEFAULT NULL,
  `type` varchar(150) COLLATE utf8_unicode_ci NOT NULL,
  `description` varchar(255) COLLATE utf8_unicode_ci DEFAULT NULL,
  `settings` text COLLATE utf8_unicode_ci,
  `dateCreated` datetime NOT NULL,
  `dateUpdated` datetime NOT NULL,
  `uid` char(36) COLLATE utf8_unicode_ci NOT NULL DEFAULT '0',
  PRIMARY KEY (`id`),
  KEY `craft_tasks_root_idx` (`root`),
  KEY `craft_tasks_lft_idx` (`lft`),
  KEY `craft_tasks_rgt_idx` (`rgt`),
  KEY `craft_tasks_level_idx` (`level`)
) ENGINE=InnoDB AUTO_INCREMENT=9 DEFAULT CHARSET=utf8 COLLATE=utf8_unicode_ci;

DROP TABLE IF EXISTS `craft_templatecachecriteria`;


--
-- Schema for table `craft_templatecachecriteria`
--
CREATE TABLE `craft_templatecachecriteria` (
  `id` int(11) NOT NULL AUTO_INCREMENT,
  `cacheId` int(11) NOT NULL,
  `type` varchar(150) COLLATE utf8_unicode_ci NOT NULL,
  `criteria` text COLLATE utf8_unicode_ci NOT NULL,
  PRIMARY KEY (`id`),
  KEY `craft_templatecachecriteria_cacheId_fk` (`cacheId`),
  KEY `craft_templatecachecriteria_type_idx` (`type`)
) ENGINE=InnoDB DEFAULT CHARSET=utf8 COLLATE=utf8_unicode_ci;

DROP TABLE IF EXISTS `craft_templatecacheelements`;


--
-- Schema for table `craft_templatecacheelements`
--
CREATE TABLE `craft_templatecacheelements` (
  `cacheId` int(11) NOT NULL,
  `elementId` int(11) NOT NULL,
  KEY `craft_templatecacheelements_cacheId_fk` (`cacheId`),
  KEY `craft_templatecacheelements_elementId_fk` (`elementId`)
) ENGINE=InnoDB DEFAULT CHARSET=utf8 COLLATE=utf8_unicode_ci;

DROP TABLE IF EXISTS `craft_templatecaches`;


--
-- Schema for table `craft_templatecaches`
--
CREATE TABLE `craft_templatecaches` (
  `id` int(11) NOT NULL AUTO_INCREMENT,
  `cacheKey` varchar(255) COLLATE utf8_unicode_ci NOT NULL,
  `locale` char(12) COLLATE utf8_unicode_ci NOT NULL,
  `path` varchar(255) COLLATE utf8_unicode_ci DEFAULT NULL,
  `expiryDate` datetime NOT NULL,
  `body` mediumtext COLLATE utf8_unicode_ci NOT NULL,
  PRIMARY KEY (`id`),
  KEY `craft_templatecaches_expiryDate_cacheKey_locale_path_idx` (`expiryDate`,`cacheKey`,`locale`,`path`),
  KEY `craft_templatecaches_locale_fk` (`locale`)
) ENGINE=InnoDB DEFAULT CHARSET=utf8 COLLATE=utf8_unicode_ci;

DROP TABLE IF EXISTS `craft_tokens`;


--
-- Schema for table `craft_tokens`
--
CREATE TABLE `craft_tokens` (
  `id` int(11) NOT NULL AUTO_INCREMENT,
  `token` char(32) COLLATE utf8_unicode_ci NOT NULL,
  `route` text COLLATE utf8_unicode_ci,
  `usageLimit` tinyint(3) unsigned DEFAULT NULL,
  `usageCount` tinyint(3) unsigned DEFAULT NULL,
  `expiryDate` datetime NOT NULL,
  `dateCreated` datetime NOT NULL,
  `dateUpdated` datetime NOT NULL,
  `uid` char(36) COLLATE utf8_unicode_ci NOT NULL DEFAULT '0',
  PRIMARY KEY (`id`),
  UNIQUE KEY `craft_tokens_token_unq_idx` (`token`),
  KEY `craft_tokens_expiryDate_idx` (`expiryDate`)
) ENGINE=InnoDB DEFAULT CHARSET=utf8 COLLATE=utf8_unicode_ci;

DROP TABLE IF EXISTS `craft_usergroups`;


--
-- Schema for table `craft_usergroups`
--
CREATE TABLE `craft_usergroups` (
  `id` int(11) NOT NULL AUTO_INCREMENT,
  `name` varchar(255) COLLATE utf8_unicode_ci NOT NULL,
  `handle` varchar(255) COLLATE utf8_unicode_ci NOT NULL,
  `dateCreated` datetime NOT NULL,
  `dateUpdated` datetime NOT NULL,
  `uid` char(36) COLLATE utf8_unicode_ci NOT NULL DEFAULT '0',
  PRIMARY KEY (`id`)
) ENGINE=InnoDB AUTO_INCREMENT=2 DEFAULT CHARSET=utf8 COLLATE=utf8_unicode_ci;

--
-- Data for table `craft_usergroups`
--

INSERT INTO `craft_usergroups` (`id`, `name`, `handle`, `dateCreated`, `dateUpdated`, `uid`) VALUES
 ('1', 'Admin', 'admin', '2015-09-29 14:12:53', '2015-09-29 14:12:53', 'df5bfd41-1810-42a0-ac1f-f8be5510371a');




DROP TABLE IF EXISTS `craft_usergroups_users`;


--
-- Schema for table `craft_usergroups_users`
--
CREATE TABLE `craft_usergroups_users` (
  `id` int(11) NOT NULL AUTO_INCREMENT,
  `groupId` int(11) NOT NULL,
  `userId` int(11) NOT NULL,
  `dateCreated` datetime NOT NULL,
  `dateUpdated` datetime NOT NULL,
  `uid` char(36) COLLATE utf8_unicode_ci NOT NULL DEFAULT '0',
  PRIMARY KEY (`id`),
  UNIQUE KEY `craft_usergroups_users_groupId_userId_unq_idx` (`groupId`,`userId`),
  KEY `craft_usergroups_users_userId_fk` (`userId`)
) ENGINE=InnoDB AUTO_INCREMENT=3 DEFAULT CHARSET=utf8 COLLATE=utf8_unicode_ci;

--
-- Data for table `craft_usergroups_users`
--

INSERT INTO `craft_usergroups_users` (`id`, `groupId`, `userId`, `dateCreated`, `dateUpdated`, `uid`) VALUES
 ('2', '1', '87', '2015-09-29 14:15:27', '2015-09-29 14:15:27', '34f0a814-30c9-4b76-ab47-33c665d79627');




DROP TABLE IF EXISTS `craft_userpermissions`;


--
-- Schema for table `craft_userpermissions`
--
CREATE TABLE `craft_userpermissions` (
  `id` int(11) NOT NULL AUTO_INCREMENT,
  `name` varchar(255) COLLATE utf8_unicode_ci NOT NULL,
  `dateCreated` datetime NOT NULL,
  `dateUpdated` datetime NOT NULL,
  `uid` char(36) COLLATE utf8_unicode_ci NOT NULL DEFAULT '0',
  PRIMARY KEY (`id`),
  UNIQUE KEY `craft_userpermissions_name_unq_idx` (`name`)
) ENGINE=InnoDB AUTO_INCREMENT=104 DEFAULT CHARSET=utf8 COLLATE=utf8_unicode_ci;

--
-- Data for table `craft_userpermissions`
--

INSERT INTO `craft_userpermissions` (`id`, `name`, `dateCreated`, `dateUpdated`, `uid`) VALUES
 ('1', 'accesssitewhensystemisoff', '2015-09-29 14:12:53', '2015-09-29 14:12:53', '6eed2338-cdf2-4716-8cc4-af86d3326077'),
 ('2', 'accesscpwhensystemisoff', '2015-09-29 14:12:53', '2015-09-29 14:12:53', '6449e085-4ee2-4de7-a840-4e182341355d'),
 ('3', 'performupdates', '2015-09-29 14:12:53', '2015-09-29 14:12:53', '33e11946-79a9-4cb3-9b12-3180d9ad95a3'),
 ('4', 'accesscp', '2015-09-29 14:12:53', '2015-09-29 14:12:53', 'c1e149dc-bb1e-416c-a6fb-21b513a91a94'),
 ('5', 'registerusers', '2015-09-29 14:12:53', '2015-09-29 14:12:53', '7ddab070-8582-4706-a9d6-df7b32cae4e4'),
 ('6', 'assignuserpermissions', '2015-09-29 14:12:53', '2015-09-29 14:12:53', 'ab1a7fa6-ea0f-4d82-9939-bab179137f85'),
 ('7', 'changeuseremails', '2015-09-29 14:12:53', '2015-09-29 14:12:53', 'dad709e6-3450-4729-ad24-4994a2411a3c'),
 ('8', 'administrateusers', '2015-09-29 14:12:53', '2015-09-29 14:12:53', '468034fe-7724-441e-b63a-a0dfedd12ae0'),
 ('9', 'editusers', '2015-09-29 14:12:53', '2015-09-29 14:12:53', 'a4c5a1b8-0b5d-4455-b333-b0aa3f573129'),
 ('10', 'deleteusers', '2015-09-29 14:12:53', '2015-09-29 14:12:53', '51abd8d0-4f55-4782-ba6b-c5771ff1f1f4'),
 ('11', 'createentries:6', '2015-09-29 14:12:53', '2015-09-29 14:12:53', '30511d70-2e5c-44ec-9edd-fa817cd9da4f'),
 ('12', 'publishentries:6', '2015-09-29 14:12:53', '2015-09-29 14:12:53', '301fa397-8513-4283-b29b-39429440dd7f'),
 ('13', 'deleteentries:6', '2015-09-29 14:12:53', '2015-09-29 14:12:53', '256920b8-ed6b-4ebf-ad65-7276b2b03a89'),
 ('14', 'publishpeerentries:6', '2015-09-29 14:12:53', '2015-09-29 14:12:53', 'ead57753-3a43-47c8-b516-62f47cc37e64'),
 ('15', 'deletepeerentries:6', '2015-09-29 14:12:53', '2015-09-29 14:12:53', '1b9e1088-3e84-4843-97cd-f629895ce483'),
 ('16', 'editpeerentries:6', '2015-09-29 14:12:53', '2015-09-29 14:12:53', 'cfb8a20e-b5a8-4564-a28c-c700e2678a59'),
 ('17', 'publishpeerentrydrafts:6', '2015-09-29 14:12:53', '2015-09-29 14:12:53', '00be561e-4b93-4398-8c75-eee526956144'),
 ('18', 'deletepeerentrydrafts:6', '2015-09-29 14:12:53', '2015-09-29 14:12:53', '41ed594d-962e-4817-b0f3-4d86e797feb0'),
 ('19', 'editpeerentrydrafts:6', '2015-09-29 14:12:53', '2015-09-29 14:12:53', '83107018-88cd-4047-a6d5-0925637d4759'),
 ('20', 'editentries:6', '2015-09-29 14:12:53', '2015-09-29 14:12:53', '8e53943f-e0e2-423c-86ca-a0c0ca00096e'),
 ('21', 'createentries:5', '2015-09-29 14:12:53', '2015-09-29 14:12:53', 'dff29707-2365-414a-bcbc-6a5572582a1e'),
 ('22', 'publishentries:5', '2015-09-29 14:12:53', '2015-09-29 14:12:53', 'a3b39dec-964f-4dae-b980-42477fc7415d'),
 ('23', 'deleteentries:5', '2015-09-29 14:12:53', '2015-09-29 14:12:53', '06eff198-1381-4c1f-8251-a028c96ad288'),
 ('24', 'publishpeerentries:5', '2015-09-29 14:12:53', '2015-09-29 14:12:53', 'b4a4d905-ce4a-4c57-857c-fcb1e53b686b'),
 ('25', 'deletepeerentries:5', '2015-09-29 14:12:53', '2015-09-29 14:12:53', 'faf182d0-d243-4e7f-a58f-f24249a7c6bf'),
 ('26', 'editpeerentries:5', '2015-09-29 14:12:53', '2015-09-29 14:12:53', 'e8d4ada8-33ce-4985-bd36-b6df5c4ccc9d'),
 ('27', 'publishpeerentrydrafts:5', '2015-09-29 14:12:53', '2015-09-29 14:12:53', '54fd481c-5379-4399-9d23-0ba9db04a4c4'),
 ('28', 'deletepeerentrydrafts:5', '2015-09-29 14:12:53', '2015-09-29 14:12:53', 'a80c9da4-d21f-4780-8895-5e88805faad3'),
 ('29', 'editpeerentrydrafts:5', '2015-09-29 14:12:53', '2015-09-29 14:12:53', 'a1d28978-ebcf-49bb-b1d5-e8043b49a81e'),
 ('30', 'editentries:5', '2015-09-29 14:12:53', '2015-09-29 14:12:53', 'aaf2e387-35d3-420b-8d66-1320445b8566'),
 ('31', 'createentries:9', '2015-09-29 14:12:53', '2015-09-29 14:12:53', '204e0016-b522-4a43-b183-f469789a41ba'),
 ('32', 'publishentries:9', '2015-09-29 14:12:53', '2015-09-29 14:12:53', '4934273e-cea2-4ff8-9a12-bd9b60eacb8c'),
 ('33', 'deleteentries:9', '2015-09-29 14:12:53', '2015-09-29 14:12:53', '3c31b413-072e-43d2-9994-25cb73384079'),
 ('34', 'publishpeerentries:9', '2015-09-29 14:12:53', '2015-09-29 14:12:53', '5da33657-2163-41a4-adbb-4a1b97e628c5'),
 ('35', 'deletepeerentries:9', '2015-09-29 14:12:53', '2015-09-29 14:12:53', 'b8022673-6be8-49d7-a294-2f9ec7834a73'),
 ('36', 'editpeerentries:9', '2015-09-29 14:12:53', '2015-09-29 14:12:53', '41fe8440-06fb-40f5-b9e5-3aec81ac3fb4'),
 ('37', 'publishpeerentrydrafts:9', '2015-09-29 14:12:53', '2015-09-29 14:12:53', 'e484771b-1bac-4446-b0f1-99a24049e285'),
 ('38', 'deletepeerentrydrafts:9', '2015-09-29 14:12:53', '2015-09-29 14:12:53', '2e942e03-67dc-462a-a795-ee4945115d1d'),
 ('39', 'editpeerentrydrafts:9', '2015-09-29 14:12:53', '2015-09-29 14:12:53', '750b89e6-2cb9-4269-9024-51638556cf09'),
 ('40', 'editentries:9', '2015-09-29 14:12:53', '2015-09-29 14:12:53', '9772af3d-bba9-4364-933a-10275d957770'),
 ('41', 'createentries:8', '2015-09-29 14:12:53', '2015-09-29 14:12:53', '11f6796a-986f-44b3-bf6e-41985969b31d'),
 ('42', 'publishentries:8', '2015-09-29 14:12:53', '2015-09-29 14:12:53', '1ea58d0c-cb5e-4d8d-bdd8-bd364c482fad'),
 ('43', 'deleteentries:8', '2015-09-29 14:12:53', '2015-09-29 14:12:53', '7860ebd6-38e1-466b-a131-8c918eba0c36'),
 ('44', 'publishpeerentries:8', '2015-09-29 14:12:53', '2015-09-29 14:12:53', '48144fb9-69cc-4652-baa3-645c7c4b660a'),
 ('45', 'deletepeerentries:8', '2015-09-29 14:12:53', '2015-09-29 14:12:53', '854bc91f-c030-49b1-b411-1a692446457e'),
 ('46', 'editpeerentries:8', '2015-09-29 14:12:53', '2015-09-29 14:12:53', 'c55c227b-165b-4013-86c4-9b8c20d6ad04'),
 ('47', 'publishpeerentrydrafts:8', '2015-09-29 14:12:53', '2015-09-29 14:12:53', '8337c3b3-1f3d-404f-9e64-0cc682350897'),
 ('48', 'deletepeerentrydrafts:8', '2015-09-29 14:12:53', '2015-09-29 14:12:53', 'cda7222b-8ae6-475a-b961-d2f573d74443'),
 ('49', 'editpeerentrydrafts:8', '2015-09-29 14:12:53', '2015-09-29 14:12:53', '962571e7-39ca-48a8-93d4-f912b6f6c77e'),
 ('50', 'editentries:8', '2015-09-29 14:12:53', '2015-09-29 14:12:53', '74697b5a-272d-4acb-90cb-d1387163a479'),
 ('51', 'publishentries:1', '2015-09-29 14:12:53', '2015-09-29 14:12:53', '3ebe7edf-cd0f-489d-9ba5-71de073889ce'),
 ('52', 'publishpeerentrydrafts:1', '2015-09-29 14:12:53', '2015-09-29 14:12:53', '97d32faf-bba4-4c13-bf17-6a0b53c03f19'),
 ('53', 'deletepeerentrydrafts:1', '2015-09-29 14:12:53', '2015-09-29 14:12:53', 'ca699680-07e3-48a6-b54b-882b2caf2b1e'),
 ('54', 'editpeerentrydrafts:1', '2015-09-29 14:12:53', '2015-09-29 14:12:53', '6594e86f-b9a8-4084-819a-c575d7f02f96'),
 ('55', 'editentries:1', '2015-09-29 14:12:53', '2015-09-29 14:12:53', '183b735d-7dbd-4dd8-a76e-abecf0cc6127'),
 ('56', 'createentries:2', '2015-09-29 14:12:53', '2015-09-29 14:12:53', '00633d37-306d-4b9f-8a1e-c069a5371b8c'),
 ('57', 'publishentries:2', '2015-09-29 14:12:53', '2015-09-29 14:12:53', '3bc690b9-4443-4401-804b-1b7d2e818659'),
 ('58', 'deleteentries:2', '2015-09-29 14:12:53', '2015-09-29 14:12:53', 'f4d2e46f-d1ed-426a-965d-05a902e92b33'),
 ('59', 'publishpeerentries:2', '2015-09-29 14:12:53', '2015-09-29 14:12:53', '66e2d39d-2c4e-49a0-b4da-312861b83ffa'),
 ('60', 'deletepeerentries:2', '2015-09-29 14:12:53', '2015-09-29 14:12:53', 'b10fedd3-b11d-4bed-89ca-d28d6686f836'),
 ('61', 'editpeerentries:2', '2015-09-29 14:12:53', '2015-09-29 14:12:53', '542d8963-66e3-4f67-bac9-3222598c9bb1'),
 ('62', 'publishpeerentrydrafts:2', '2015-09-29 14:12:53', '2015-09-29 14:12:53', '5024b824-9298-4a56-bf98-ce670250c8eb'),
 ('63', 'deletepeerentrydrafts:2', '2015-09-29 14:12:53', '2015-09-29 14:12:53', 'ce90d6ce-5021-414b-bfa5-cb9e883bcfd3'),
 ('64', 'editpeerentrydrafts:2', '2015-09-29 14:12:53', '2015-09-29 14:12:53', 'fbb4d856-7aad-4594-b441-8c1bb41e60db'),
 ('65', 'editentries:2', '2015-09-29 14:12:53', '2015-09-29 14:12:53', '081d8f59-8435-4077-8060-44b694c7eef5'),
 ('66', 'createentries:3', '2015-09-29 14:12:53', '2015-09-29 14:12:53', 'f3a2ddf4-1b29-4d95-83d2-fb4aac7b2155'),
 ('67', 'publishentries:3', '2015-09-29 14:12:53', '2015-09-29 14:12:53', 'b5f0a211-0692-400a-989c-7b3eee32daf6'),
 ('68', 'deleteentries:3', '2015-09-29 14:12:53', '2015-09-29 14:12:53', 'f709339a-126c-4356-9c5b-3a2b6a24e76b'),
 ('69', 'publishpeerentries:3', '2015-09-29 14:12:53', '2015-09-29 14:12:53', '71e75ac0-74d5-4865-bef7-1296886fd50d'),
 ('70', 'deletepeerentries:3', '2015-09-29 14:12:53', '2015-09-29 14:12:53', '9d593c0c-7876-4814-b1da-f4b8afe49918'),
 ('71', 'editpeerentries:3', '2015-09-29 14:12:53', '2015-09-29 14:12:53', '497a8bbc-0f32-405d-a8f7-88e646a85a49'),
 ('72', 'publishpeerentrydrafts:3', '2015-09-29 14:12:53', '2015-09-29 14:12:53', '333cd2c5-fbb0-477e-96ba-008139268c1f'),
 ('73', 'deletepeerentrydrafts:3', '2015-09-29 14:12:53', '2015-09-29 14:12:53', '58a7b858-563a-49b5-82f3-6028dd9c7196'),
 ('74', 'editpeerentrydrafts:3', '2015-09-29 14:12:53', '2015-09-29 14:12:53', 'ca76a415-2dfc-4f8c-9477-beb83a7d351d'),
 ('75', 'editentries:3', '2015-09-29 14:12:53', '2015-09-29 14:12:53', 'ad4abe37-4b1b-4220-b8ac-610dae079641'),
 ('76', 'createentries:4', '2015-09-29 14:12:53', '2015-09-29 14:12:53', '8775f727-996f-4913-ad32-7d7859853460'),
 ('77', 'publishentries:4', '2015-09-29 14:12:53', '2015-09-29 14:12:53', '5f61e3e0-d2ac-4771-ac10-c2afa19b8cb5'),
 ('78', 'deleteentries:4', '2015-09-29 14:12:53', '2015-09-29 14:12:53', '55f860ae-33d6-4607-8496-8b3eec9e1d7f'),
 ('79', 'publishpeerentries:4', '2015-09-29 14:12:53', '2015-09-29 14:12:53', '4eba62ff-1ce1-412b-af61-cc5fe9d79144'),
 ('80', 'deletepeerentries:4', '2015-09-29 14:12:53', '2015-09-29 14:12:53', '9ae0c1ae-281f-4be6-b76d-80ea040102f7'),
 ('81', 'editpeerentries:4', '2015-09-29 14:12:53', '2015-09-29 14:12:53', '54e52d52-b26d-452c-910d-07a77a1964cb'),
 ('82', 'publishpeerentrydrafts:4', '2015-09-29 14:12:53', '2015-09-29 14:12:53', 'cdfc7bd4-c029-4344-8df6-6345795a5411'),
 ('83', 'deletepeerentrydrafts:4', '2015-09-29 14:12:53', '2015-09-29 14:12:53', '72113adb-6aff-4118-9458-2a393ae946e0'),
 ('84', 'editpeerentrydrafts:4', '2015-09-29 14:12:53', '2015-09-29 14:12:53', '0c242513-a48e-4555-a328-bcd5b01f3ea2'),
 ('85', 'editentries:4', '2015-09-29 14:12:53', '2015-09-29 14:12:53', '5b37a246-b21d-4733-bf40-75fc3520d996'),
 ('86', 'createentries:7', '2015-09-29 14:12:53', '2015-09-29 14:12:53', '16d6aa25-0fd8-442e-bef9-33c1b3f4bebf'),
 ('87', 'publishentries:7', '2015-09-29 14:12:53', '2015-09-29 14:12:53', 'e9bced47-8e0f-46ab-a296-dec696690c89'),
 ('88', 'deleteentries:7', '2015-09-29 14:12:53', '2015-09-29 14:12:53', '3640422f-1b31-421e-b537-94cfd8158917'),
 ('89', 'publishpeerentries:7', '2015-09-29 14:12:53', '2015-09-29 14:12:53', 'e5e6f950-e6c5-41ac-9608-c48b03ea8dda'),
 ('90', 'deletepeerentries:7', '2015-09-29 14:12:53', '2015-09-29 14:12:53', '81ae1b1f-f78a-4802-a228-cc049d8958ad'),
 ('91', 'editpeerentries:7', '2015-09-29 14:12:53', '2015-09-29 14:12:53', 'a60861d8-c283-45df-bf9b-e37c24d4dc86'),
 ('92', 'publishpeerentrydrafts:7', '2015-09-29 14:12:53', '2015-09-29 14:12:53', 'dee0b2a7-193d-4147-abcc-8673ea35961e'),
 ('93', 'deletepeerentrydrafts:7', '2015-09-29 14:12:53', '2015-09-29 14:12:53', 'b1a761f5-83e3-4cb9-a212-d85b5bc34a5f'),
 ('94', 'editpeerentrydrafts:7', '2015-09-29 14:12:53', '2015-09-29 14:12:53', '896b7e43-4148-4d91-953b-4f270c5db21e'),
 ('95', 'editentries:7', '2015-09-29 14:12:53', '2015-09-29 14:12:53', '5b7db73e-888e-423a-a282-2879ea0ead67'),
 ('96', 'editcategories:4', '2015-09-29 14:12:53', '2015-09-29 14:12:53', '6f5c9545-2929-48d7-b0ae-a7ef070354bd'),
 ('97', 'editcategories:2', '2015-09-29 14:12:53', '2015-09-29 14:12:53', '5cc03bb4-4329-42da-a2aa-9d12fda33de2'),
 ('98', 'editcategories:3', '2015-09-29 14:12:53', '2015-09-29 14:12:53', '1688c05c-448c-4f16-9beb-ec9c33399b5f'),
 ('99', 'editcategories:1', '2015-09-29 14:12:53', '2015-09-29 14:12:53', 'e936194b-f4d0-4de6-bd2a-57abd8ab58ea'),
 ('100', 'uploadtoassetsource:1', '2015-09-29 14:12:53', '2015-09-29 14:12:53', '73808043-323b-4c7f-9f02-274a39a79cb7');

INSERT INTO `craft_userpermissions` (`id`, `name`, `dateCreated`, `dateUpdated`, `uid`) VALUES
 ('101', 'createsubfoldersinassetsource:1', '2015-09-29 14:12:53', '2015-09-29 14:12:53', 'eaacc3f4-9576-4e26-ac0a-a3b1a07c0a51'),
 ('102', 'removefromassetsource:1', '2015-09-29 14:12:53', '2015-09-29 14:12:53', '09e31b46-73c8-48c6-a3d4-123065c9c613'),
 ('103', 'viewassetsource:1', '2015-09-29 14:12:53', '2015-09-29 14:12:53', '1946b61d-2cf0-43f4-9ec0-a8c711db80e3');




DROP TABLE IF EXISTS `craft_userpermissions_usergroups`;


--
-- Schema for table `craft_userpermissions_usergroups`
--
CREATE TABLE `craft_userpermissions_usergroups` (
  `id` int(11) NOT NULL AUTO_INCREMENT,
  `permissionId` int(11) NOT NULL,
  `groupId` int(11) NOT NULL,
  `dateCreated` datetime NOT NULL,
  `dateUpdated` datetime NOT NULL,
  `uid` char(36) COLLATE utf8_unicode_ci NOT NULL DEFAULT '0',
  PRIMARY KEY (`id`),
  UNIQUE KEY `craft_userpermissions_usergroups_permissionId_groupId_unq_idx` (`permissionId`,`groupId`),
  KEY `craft_userpermissions_usergroups_groupId_fk` (`groupId`)
) ENGINE=InnoDB AUTO_INCREMENT=104 DEFAULT CHARSET=utf8 COLLATE=utf8_unicode_ci;

--
-- Data for table `craft_userpermissions_usergroups`
--

INSERT INTO `craft_userpermissions_usergroups` (`id`, `permissionId`, `groupId`, `dateCreated`, `dateUpdated`, `uid`) VALUES
 ('1', '1', '1', '2015-09-29 14:12:53', '2015-09-29 14:12:53', '9be9dfac-1cd6-4a20-b7da-cd540de2937e'),
 ('2', '2', '1', '2015-09-29 14:12:53', '2015-09-29 14:12:53', '85df7633-14fd-4b5d-8ead-7b9f54559dc4'),
 ('3', '3', '1', '2015-09-29 14:12:53', '2015-09-29 14:12:53', 'debec496-ab49-4303-a203-0faa2a9f023c'),
 ('4', '4', '1', '2015-09-29 14:12:53', '2015-09-29 14:12:53', '920eb59d-9d60-4077-b62d-a1f02a7100a9'),
 ('5', '5', '1', '2015-09-29 14:12:53', '2015-09-29 14:12:53', '7a9bd47f-1088-45dc-94d8-f3b902d9364c'),
 ('6', '6', '1', '2015-09-29 14:12:53', '2015-09-29 14:12:53', 'e99e56b2-3d67-4346-9830-cb03226e87cf'),
 ('7', '7', '1', '2015-09-29 14:12:53', '2015-09-29 14:12:53', '2d345531-5ed2-498f-8fa8-a1329315f156'),
 ('8', '8', '1', '2015-09-29 14:12:53', '2015-09-29 14:12:53', '553ab8c5-49be-420e-aa35-88c8c65d0be1'),
 ('9', '9', '1', '2015-09-29 14:12:53', '2015-09-29 14:12:53', '5c8e7f91-e618-4a9c-a56a-6d937fbbceda'),
 ('10', '10', '1', '2015-09-29 14:12:53', '2015-09-29 14:12:53', '01e5f19d-393e-4742-8b69-ceb317700d83'),
 ('11', '11', '1', '2015-09-29 14:12:53', '2015-09-29 14:12:53', 'fee97634-2918-4db6-b911-886e926743a1'),
 ('12', '12', '1', '2015-09-29 14:12:53', '2015-09-29 14:12:53', '42dfa8c0-641d-4fd9-8f0f-7a6a86e72914'),
 ('13', '13', '1', '2015-09-29 14:12:53', '2015-09-29 14:12:53', '023d247f-b964-42a8-8864-633ff8ed7561'),
 ('14', '14', '1', '2015-09-29 14:12:53', '2015-09-29 14:12:53', '50a4a0ef-a1a8-4b0a-a08c-24ca8720514c'),
 ('15', '15', '1', '2015-09-29 14:12:53', '2015-09-29 14:12:53', 'dc66a2b8-4a05-4c24-82c0-086c94aa8cf6'),
 ('16', '16', '1', '2015-09-29 14:12:53', '2015-09-29 14:12:53', '5b6425df-c7f5-4441-a8bf-275ea451fd11'),
 ('17', '17', '1', '2015-09-29 14:12:53', '2015-09-29 14:12:53', '4930d216-914a-4523-8081-c313e700c6fa'),
 ('18', '18', '1', '2015-09-29 14:12:53', '2015-09-29 14:12:53', '04a5afcf-931a-4dad-958a-965eaebd3c58'),
 ('19', '19', '1', '2015-09-29 14:12:53', '2015-09-29 14:12:53', '90f8553f-5adc-40c6-bbaa-2d9cc6135384'),
 ('20', '20', '1', '2015-09-29 14:12:53', '2015-09-29 14:12:53', '3d2c18d2-1314-4428-aac1-bf5470276591'),
 ('21', '21', '1', '2015-09-29 14:12:53', '2015-09-29 14:12:53', 'a3e33eb8-734e-4a86-8629-82c10585b05f'),
 ('22', '22', '1', '2015-09-29 14:12:53', '2015-09-29 14:12:53', '8fd52f63-40c5-4c19-9854-ea7ccb9c3506'),
 ('23', '23', '1', '2015-09-29 14:12:53', '2015-09-29 14:12:53', 'd8c140fe-98e8-475a-80d0-5209923f8c3c'),
 ('24', '24', '1', '2015-09-29 14:12:53', '2015-09-29 14:12:53', '65298f12-d9a8-4919-a7a7-fe61cf91bb44'),
 ('25', '25', '1', '2015-09-29 14:12:53', '2015-09-29 14:12:53', '4b44490c-c5e5-45c4-84bf-9c99c585e262'),
 ('26', '26', '1', '2015-09-29 14:12:53', '2015-09-29 14:12:53', 'eb62c34c-7471-4ad9-b35e-eec689ec8429'),
 ('27', '27', '1', '2015-09-29 14:12:53', '2015-09-29 14:12:53', '2e55a02e-fc7b-4680-b3c0-ba84d4be05fa'),
 ('28', '28', '1', '2015-09-29 14:12:53', '2015-09-29 14:12:53', 'ad35f602-1230-44dd-b583-efc074793589'),
 ('29', '29', '1', '2015-09-29 14:12:53', '2015-09-29 14:12:53', 'b1ca751c-b191-4559-a6d8-f5d3dab8e2d0'),
 ('30', '30', '1', '2015-09-29 14:12:53', '2015-09-29 14:12:53', 'cde80559-5364-439e-a2dd-a4ee4bc8861b'),
 ('31', '31', '1', '2015-09-29 14:12:53', '2015-09-29 14:12:53', '2ffaed52-a76e-4b8f-b4e6-9e5cf1e28354'),
 ('32', '32', '1', '2015-09-29 14:12:53', '2015-09-29 14:12:53', '070da51d-8d99-4bf1-83f6-be7300979c07'),
 ('33', '33', '1', '2015-09-29 14:12:53', '2015-09-29 14:12:53', '6893e2eb-06b9-45dd-87e2-741307bf407b'),
 ('34', '34', '1', '2015-09-29 14:12:53', '2015-09-29 14:12:53', 'f79f3382-304a-4470-872e-7edbc2e38769'),
 ('35', '35', '1', '2015-09-29 14:12:53', '2015-09-29 14:12:53', '9d65f76a-ef32-4c8e-a8eb-ea61b1fafbe6'),
 ('36', '36', '1', '2015-09-29 14:12:53', '2015-09-29 14:12:53', '369736d2-35f6-4d4c-b2b0-b777cef00737'),
 ('37', '37', '1', '2015-09-29 14:12:53', '2015-09-29 14:12:53', 'b8fc2c62-8927-4461-83e6-8fe1474fd24c'),
 ('38', '38', '1', '2015-09-29 14:12:53', '2015-09-29 14:12:53', '7d79c4e6-6696-4c26-ade8-24542321c669'),
 ('39', '39', '1', '2015-09-29 14:12:53', '2015-09-29 14:12:53', '38e148be-b157-4eb5-a2fb-d4ae885b026d'),
 ('40', '40', '1', '2015-09-29 14:12:53', '2015-09-29 14:12:53', 'b884ce0b-2839-45e9-8964-a841bb81b0f0'),
 ('41', '41', '1', '2015-09-29 14:12:53', '2015-09-29 14:12:53', '3cade5e3-7d7a-42f8-b854-bf66c44f9442'),
 ('42', '42', '1', '2015-09-29 14:12:53', '2015-09-29 14:12:53', 'c134a0ca-1f70-4bac-a03e-02995ef1334a'),
 ('43', '43', '1', '2015-09-29 14:12:53', '2015-09-29 14:12:53', '6abe1482-5f95-410a-8c3a-9241b932e089'),
 ('44', '44', '1', '2015-09-29 14:12:53', '2015-09-29 14:12:53', '2c588021-ebea-46ea-a4eb-cccc07b24669'),
 ('45', '45', '1', '2015-09-29 14:12:53', '2015-09-29 14:12:53', '713a51ce-5c22-4777-bb84-74c59a2e754e'),
 ('46', '46', '1', '2015-09-29 14:12:53', '2015-09-29 14:12:53', '71acbd96-b17e-4d07-95a4-aabd46af3341'),
 ('47', '47', '1', '2015-09-29 14:12:53', '2015-09-29 14:12:53', 'ca6d57d0-b230-44c1-bb30-7de72a0bf59c'),
 ('48', '48', '1', '2015-09-29 14:12:53', '2015-09-29 14:12:53', 'fc83b343-1eba-4a0c-8e95-5fff2f45e5c2'),
 ('49', '49', '1', '2015-09-29 14:12:53', '2015-09-29 14:12:53', '1d9c6634-db59-4706-b3ac-5b40808cda66'),
 ('50', '50', '1', '2015-09-29 14:12:53', '2015-09-29 14:12:53', 'd541933d-fd9a-4e43-8749-a7cdbad8dcd8'),
 ('51', '51', '1', '2015-09-29 14:12:53', '2015-09-29 14:12:53', '22fe8952-70cc-4c13-b630-5e02b4dbf5dc'),
 ('52', '52', '1', '2015-09-29 14:12:53', '2015-09-29 14:12:53', '81d2c535-a1ce-424a-8183-428269dbbfba'),
 ('53', '53', '1', '2015-09-29 14:12:53', '2015-09-29 14:12:53', '280a2e5a-c67c-41b9-9066-5b57f5711319'),
 ('54', '54', '1', '2015-09-29 14:12:53', '2015-09-29 14:12:53', '5074a3ad-de7c-4da2-b673-f3da3c57e068'),
 ('55', '55', '1', '2015-09-29 14:12:53', '2015-09-29 14:12:53', 'a7ff178b-1ccc-429e-8a4e-d8aff74334b1'),
 ('56', '56', '1', '2015-09-29 14:12:53', '2015-09-29 14:12:53', '980af63c-6b2c-45b1-beec-b4b2880f421c'),
 ('57', '57', '1', '2015-09-29 14:12:53', '2015-09-29 14:12:53', '93754e24-78cd-4bd1-9574-fb742b3d5007'),
 ('58', '58', '1', '2015-09-29 14:12:53', '2015-09-29 14:12:53', '71c5e3f1-c50f-4962-95f0-6a93528a49de'),
 ('59', '59', '1', '2015-09-29 14:12:53', '2015-09-29 14:12:53', 'e02694b7-a825-4e47-8802-95292eddad6a'),
 ('60', '60', '1', '2015-09-29 14:12:53', '2015-09-29 14:12:53', '2a1f295f-bed4-4fdc-9cf6-7b88a1cb87ee'),
 ('61', '61', '1', '2015-09-29 14:12:53', '2015-09-29 14:12:53', 'df983846-b047-43af-b82d-41debb6bce7e'),
 ('62', '62', '1', '2015-09-29 14:12:53', '2015-09-29 14:12:53', 'f4c6aca9-cdbc-44d1-aae6-c4fe0468f4be'),
 ('63', '63', '1', '2015-09-29 14:12:53', '2015-09-29 14:12:53', '93d01437-3c0c-45be-a0c1-f2369ce15e8e'),
 ('64', '64', '1', '2015-09-29 14:12:53', '2015-09-29 14:12:53', '87df8f3b-7a53-4dd9-aac4-9d65c5ef3f32'),
 ('65', '65', '1', '2015-09-29 14:12:53', '2015-09-29 14:12:53', 'a0802015-4001-47fb-aa90-e0d503095bca'),
 ('66', '66', '1', '2015-09-29 14:12:53', '2015-09-29 14:12:53', '8a77c9b3-8d42-49b0-8d1c-54fb13350958'),
 ('67', '67', '1', '2015-09-29 14:12:53', '2015-09-29 14:12:53', '823d9c25-51b3-44f0-b6dc-004ccdc82c23'),
 ('68', '68', '1', '2015-09-29 14:12:53', '2015-09-29 14:12:53', '1277a8ef-3367-4e2a-9d08-369fd3178287'),
 ('69', '69', '1', '2015-09-29 14:12:53', '2015-09-29 14:12:53', 'd5419166-9abe-4779-b8dd-f4a8ec656d26'),
 ('70', '70', '1', '2015-09-29 14:12:53', '2015-09-29 14:12:53', 'a8cae890-fb5b-4b0e-9a66-1d2f6a9dbdb5'),
 ('71', '71', '1', '2015-09-29 14:12:53', '2015-09-29 14:12:53', '28ddf100-973a-44b7-87a9-123e7455597b'),
 ('72', '72', '1', '2015-09-29 14:12:53', '2015-09-29 14:12:53', 'b59db5c0-ec64-452d-9203-0f12bf0088ef'),
 ('73', '73', '1', '2015-09-29 14:12:53', '2015-09-29 14:12:53', '43208a13-f5bc-4d93-811e-9af73368b8e2'),
 ('74', '74', '1', '2015-09-29 14:12:53', '2015-09-29 14:12:53', '1ccd941e-86de-4c62-ae18-d564d9805610'),
 ('75', '75', '1', '2015-09-29 14:12:53', '2015-09-29 14:12:53', 'f964a2e4-90d5-445f-b2f2-685455f8df14'),
 ('76', '76', '1', '2015-09-29 14:12:53', '2015-09-29 14:12:53', 'ba373846-b170-490d-b1e7-9eba8fd5aaff'),
 ('77', '77', '1', '2015-09-29 14:12:53', '2015-09-29 14:12:53', 'f336dc52-d2fe-46fc-90f6-9b1576d4e5a3'),
 ('78', '78', '1', '2015-09-29 14:12:53', '2015-09-29 14:12:53', '8f522af2-e230-4eba-9590-509cc5f4902b'),
 ('79', '79', '1', '2015-09-29 14:12:53', '2015-09-29 14:12:53', '6f438aee-dab9-4b75-9e5d-4d75a1968aa4'),
 ('80', '80', '1', '2015-09-29 14:12:53', '2015-09-29 14:12:53', '180928ad-3e2d-4d60-a90c-84f1298a0c35'),
 ('81', '81', '1', '2015-09-29 14:12:53', '2015-09-29 14:12:53', '81d6189a-9ece-4f84-bfc6-8cdc3eb770d0'),
 ('82', '82', '1', '2015-09-29 14:12:53', '2015-09-29 14:12:53', '7ac9665f-5e46-4a6d-8c84-380d20e8a616'),
 ('83', '83', '1', '2015-09-29 14:12:53', '2015-09-29 14:12:53', '7d1cde2b-9ea3-4f15-b91f-a9d67beee91d'),
 ('84', '84', '1', '2015-09-29 14:12:53', '2015-09-29 14:12:53', '33799a92-04fe-4a20-a920-7b8b3fd1de29'),
 ('85', '85', '1', '2015-09-29 14:12:53', '2015-09-29 14:12:53', '371652f2-7967-4a08-92e4-a226153f1146'),
 ('86', '86', '1', '2015-09-29 14:12:53', '2015-09-29 14:12:53', '4615eb98-c025-40cd-bea9-b456aa0d5503'),
 ('87', '87', '1', '2015-09-29 14:12:53', '2015-09-29 14:12:53', 'f399f158-36b4-41d5-81dc-8db87965b2d5'),
 ('88', '88', '1', '2015-09-29 14:12:53', '2015-09-29 14:12:53', 'c03a4fbd-08c6-420b-bbee-03302a7f3dc0'),
 ('89', '89', '1', '2015-09-29 14:12:53', '2015-09-29 14:12:53', 'f0870859-a3de-46bc-893f-816ca636bf0e'),
 ('90', '90', '1', '2015-09-29 14:12:53', '2015-09-29 14:12:53', '1456256d-6983-4103-ae53-69fea7cf8ee6'),
 ('91', '91', '1', '2015-09-29 14:12:53', '2015-09-29 14:12:53', '33babd63-9c9a-4bf6-96a7-4e37820ccdde'),
 ('92', '92', '1', '2015-09-29 14:12:53', '2015-09-29 14:12:53', '3d0eb5a4-074f-4d6d-b2db-f277e41dad7a'),
 ('93', '93', '1', '2015-09-29 14:12:53', '2015-09-29 14:12:53', 'e81c6097-f96a-4649-b70f-708c3300ab99'),
 ('94', '94', '1', '2015-09-29 14:12:53', '2015-09-29 14:12:53', '7139e943-782f-45fa-85db-b84cbfb1ff97'),
 ('95', '95', '1', '2015-09-29 14:12:53', '2015-09-29 14:12:53', '79cf1ffd-00f0-47bb-9c22-d590ac7647f3'),
 ('96', '96', '1', '2015-09-29 14:12:53', '2015-09-29 14:12:53', 'ef574e6a-65f9-4828-9cca-6f93e80c2aa4'),
 ('97', '97', '1', '2015-09-29 14:12:53', '2015-09-29 14:12:53', '1e6fa318-f28e-424e-868e-2e960ec74ed2'),
 ('98', '98', '1', '2015-09-29 14:12:53', '2015-09-29 14:12:53', 'd404deed-76b0-4ee4-b85f-7bfe573d37f0'),
 ('99', '99', '1', '2015-09-29 14:12:53', '2015-09-29 14:12:53', 'ca5065d5-fac3-4a7f-80bc-b3dfa3674643'),
 ('100', '100', '1', '2015-09-29 14:12:53', '2015-09-29 14:12:53', 'd3cb1425-249a-4f4e-b3be-df7df04f6fc6');

INSERT INTO `craft_userpermissions_usergroups` (`id`, `permissionId`, `groupId`, `dateCreated`, `dateUpdated`, `uid`) VALUES
 ('101', '101', '1', '2015-09-29 14:12:53', '2015-09-29 14:12:53', '7ea0c972-b4d4-4233-a580-c4c26ceb36fd'),
 ('102', '102', '1', '2015-09-29 14:12:53', '2015-09-29 14:12:53', '7fba5e2d-4cfd-469a-8c52-4fb5423f53b9'),
 ('103', '103', '1', '2015-09-29 14:12:53', '2015-09-29 14:12:53', '72cb3d10-2257-4820-a631-2ae22e95497d');




DROP TABLE IF EXISTS `craft_userpermissions_users`;


--
-- Schema for table `craft_userpermissions_users`
--
CREATE TABLE `craft_userpermissions_users` (
  `id` int(11) NOT NULL AUTO_INCREMENT,
  `permissionId` int(11) NOT NULL,
  `userId` int(11) NOT NULL,
  `dateCreated` datetime NOT NULL,
  `dateUpdated` datetime NOT NULL,
  `uid` char(36) COLLATE utf8_unicode_ci NOT NULL DEFAULT '0',
  PRIMARY KEY (`id`),
  UNIQUE KEY `craft_userpermissions_users_permissionId_userId_unq_idx` (`permissionId`,`userId`),
  KEY `craft_userpermissions_users_userId_fk` (`userId`)
) ENGINE=InnoDB DEFAULT CHARSET=utf8 COLLATE=utf8_unicode_ci;

DROP TABLE IF EXISTS `craft_users`;


--
-- Schema for table `craft_users`
--
CREATE TABLE `craft_users` (
  `id` int(11) NOT NULL,
  `username` varchar(100) COLLATE utf8_unicode_ci NOT NULL,
  `photo` varchar(100) COLLATE utf8_unicode_ci DEFAULT NULL,
  `firstName` varchar(100) COLLATE utf8_unicode_ci DEFAULT NULL,
  `lastName` varchar(100) COLLATE utf8_unicode_ci DEFAULT NULL,
  `email` varchar(255) COLLATE utf8_unicode_ci NOT NULL,
  `password` char(255) COLLATE utf8_unicode_ci DEFAULT NULL,
  `preferredLocale` char(12) COLLATE utf8_unicode_ci DEFAULT NULL,
  `weekStartDay` tinyint(1) unsigned NOT NULL DEFAULT '0',
  `admin` tinyint(1) unsigned NOT NULL DEFAULT '0',
  `client` tinyint(1) unsigned NOT NULL DEFAULT '0',
  `locked` tinyint(1) unsigned NOT NULL DEFAULT '0',
  `suspended` tinyint(1) unsigned NOT NULL DEFAULT '0',
  `pending` tinyint(1) unsigned NOT NULL DEFAULT '0',
  `archived` tinyint(1) unsigned NOT NULL DEFAULT '0',
  `lastLoginDate` datetime DEFAULT NULL,
  `lastLoginAttemptIPAddress` varchar(45) COLLATE utf8_unicode_ci DEFAULT NULL,
  `invalidLoginWindowStart` datetime DEFAULT NULL,
  `invalidLoginCount` tinyint(4) unsigned DEFAULT NULL,
  `lastInvalidLoginDate` datetime DEFAULT NULL,
  `lockoutDate` datetime DEFAULT NULL,
  `verificationCode` char(100) COLLATE utf8_unicode_ci DEFAULT NULL,
  `verificationCodeIssuedDate` datetime DEFAULT NULL,
  `unverifiedEmail` varchar(255) COLLATE utf8_unicode_ci DEFAULT NULL,
  `passwordResetRequired` tinyint(1) unsigned NOT NULL DEFAULT '0',
  `lastPasswordChangeDate` datetime DEFAULT NULL,
  `dateCreated` datetime NOT NULL,
  `dateUpdated` datetime NOT NULL,
  `uid` char(36) COLLATE utf8_unicode_ci NOT NULL DEFAULT '0',
  PRIMARY KEY (`id`),
  UNIQUE KEY `craft_users_username_unq_idx` (`username`),
  UNIQUE KEY `craft_users_email_unq_idx` (`email`),
  KEY `craft_users_verificationCode_idx` (`verificationCode`),
  KEY `craft_users_uid_idx` (`uid`),
  KEY `craft_users_preferredLocale_fk` (`preferredLocale`)
) ENGINE=InnoDB DEFAULT CHARSET=utf8 COLLATE=utf8_unicode_ci;

--
-- Data for table `craft_users`
--

INSERT INTO `craft_users` (`id`, `username`, `photo`, `firstName`, `lastName`, `email`, `password`, `preferredLocale`, `weekStartDay`, `admin`, `client`, `locked`, `suspended`, `pending`, `archived`, `lastLoginDate`, `lastLoginAttemptIPAddress`, `invalidLoginWindowStart`, `invalidLoginCount`, `lastInvalidLoginDate`, `lockoutDate`, `verificationCode`, `verificationCodeIssuedDate`, `unverifiedEmail`, `passwordResetRequired`, `lastPasswordChangeDate`, `dateCreated`, `dateUpdated`, `uid`) VALUES
 ('1', 'ideabase', NULL, '', '', 'challahan@ideabasekent.com', '$2y$13$ueONq56pu8QQWFki7O2Hhe2G2zkNwYxh1fMqmokaxVNR001Xt1Jz2', NULL, '0', '1', '0', '0', '0', '0', '0', '2015-09-29 13:59:01', '::1', NULL, NULL, NULL, NULL, NULL, NULL, NULL, '0', '2015-09-29 14:14:21', '2015-09-18 13:02:10', '2015-09-29 14:14:21', '89045749-0471-4e13-ae5d-9900e0aa1a39'),
 ('87', 'rhawkins', NULL, 'Reilly', 'Hawkins', 'rhawkins@ideabasekent.com', '$2y$13$GyqyJfZ9mWUpMnrDkcJmN.UJq6.ZbJWJrfk/cTsRPkekTzK.9lkFW', NULL, '0', '1', '0', '0', '0', '0', '0', '2016-01-02 17:59:43', '::1', NULL, NULL, NULL, NULL, NULL, NULL, NULL, '0', '2015-09-29 14:17:39', '2015-09-29 14:15:13', '2016-01-02 17:59:43', 'be638d1f-994c-4b21-97bf-c952a0bb1556');




DROP TABLE IF EXISTS `craft_widgets`;


--
-- Schema for table `craft_widgets`
--
CREATE TABLE `craft_widgets` (
  `id` int(11) NOT NULL AUTO_INCREMENT,
  `userId` int(11) NOT NULL,
  `type` varchar(150) COLLATE utf8_unicode_ci NOT NULL,
  `sortOrder` tinyint(4) DEFAULT NULL,
  `colspan` tinyint(4) unsigned DEFAULT NULL,
  `settings` text COLLATE utf8_unicode_ci,
  `enabled` tinyint(1) unsigned NOT NULL DEFAULT '1',
  `dateCreated` datetime NOT NULL,
  `dateUpdated` datetime NOT NULL,
  `uid` char(36) COLLATE utf8_unicode_ci NOT NULL DEFAULT '0',
  PRIMARY KEY (`id`),
  KEY `craft_widgets_userId_fk` (`userId`)
) ENGINE=InnoDB AUTO_INCREMENT=9 DEFAULT CHARSET=utf8 COLLATE=utf8_unicode_ci;

--
-- Data for table `craft_widgets`
--

INSERT INTO `craft_widgets` (`id`, `userId`, `type`, `sortOrder`, `colspan`, `settings`, `enabled`, `dateCreated`, `dateUpdated`, `uid`) VALUES
 ('1', '1', 'RecentEntries', '1', NULL, NULL, '1', '2015-09-18 13:02:15', '2015-09-18 13:02:15', '5021f1c7-43e2-4a8c-8f91-8f6aba865596'),
 ('2', '1', 'GetHelp', '2', NULL, NULL, '1', '2015-09-18 13:02:15', '2015-09-18 13:02:15', '6d14e4f0-dbe2-4b71-aa1f-99f18d164660'),
 ('3', '1', 'Updates', '3', NULL, NULL, '1', '2015-09-18 13:02:15', '2015-09-18 13:02:15', '6c9e4795-d7c1-45c5-b407-fdacfa7f9885'),
 ('4', '1', 'Feed', '4', NULL, '{\"url\":\"https:\\/\\/craftcms.com\\/news.rss\",\"title\":\"Craft News\"}', '1', '2015-09-18 13:02:15', '2015-12-03 17:01:19', '73180494-f855-48eb-954b-3a535c1a82d1'),
 ('5', '87', 'RecentEntries', '1', NULL, NULL, '1', '2015-09-29 14:17:48', '2015-09-29 14:17:48', 'eb32d794-ee93-4ec1-a8b9-a2ebb9cdc3de'),
 ('6', '87', 'GetHelp', '2', NULL, NULL, '1', '2015-09-29 14:17:48', '2015-09-29 14:17:48', '68790fac-d0a4-470b-a4b3-f77c1a314194'),
 ('7', '87', 'Updates', '3', NULL, NULL, '1', '2015-09-29 14:17:48', '2015-09-29 14:17:48', '492b6824-d28c-4117-abab-ff90bbfd1d0a'),
 ('8', '87', 'Feed', '4', NULL, '{\"url\":\"https:\\/\\/craftcms.com\\/news.rss\",\"title\":\"Craft News\"}', '1', '2015-09-29 14:17:48', '2015-12-03 17:01:19', 'b151c5bd-790f-49d2-9521-0b8768e526cc');



--
-- Constraints for tables
--


--
-- Constraints for table `craft_assetfiles`
--
ALTER TABLE `craft_assetfiles`
	ADD CONSTRAINT `craft_assetfiles_folderId_fk` FOREIGN KEY (`folderId`) REFERENCES `craft_assetfolders` (`id`) ON DELETE CASCADE,
	ADD CONSTRAINT `craft_assetfiles_id_fk` FOREIGN KEY (`id`) REFERENCES `craft_elements` (`id`) ON DELETE CASCADE,
	ADD CONSTRAINT `craft_assetfiles_sourceId_fk` FOREIGN KEY (`sourceId`) REFERENCES `craft_assetsources` (`id`) ON DELETE CASCADE;

--
-- Constraints for table `craft_assetfolders`
--
ALTER TABLE `craft_assetfolders`
	ADD CONSTRAINT `craft_assetfolders_parentId_fk` FOREIGN KEY (`parentId`) REFERENCES `craft_assetfolders` (`id`) ON DELETE CASCADE,
	ADD CONSTRAINT `craft_assetfolders_sourceId_fk` FOREIGN KEY (`sourceId`) REFERENCES `craft_assetsources` (`id`) ON DELETE CASCADE;

--
-- Constraints for table `craft_assetindexdata`
--
ALTER TABLE `craft_assetindexdata`
	ADD CONSTRAINT `craft_assetindexdata_sourceId_fk` FOREIGN KEY (`sourceId`) REFERENCES `craft_assetsources` (`id`) ON DELETE CASCADE;

--
-- Constraints for table `craft_assetsources`
--
ALTER TABLE `craft_assetsources`
	ADD CONSTRAINT `craft_assetsources_fieldLayoutId_fk` FOREIGN KEY (`fieldLayoutId`) REFERENCES `craft_fieldlayouts` (`id`) ON DELETE SET NULL;

--
-- Constraints for table `craft_categories`
--
ALTER TABLE `craft_categories`
	ADD CONSTRAINT `craft_categories_groupId_fk` FOREIGN KEY (`groupId`) REFERENCES `craft_categorygroups` (`id`) ON DELETE CASCADE,
	ADD CONSTRAINT `craft_categories_id_fk` FOREIGN KEY (`id`) REFERENCES `craft_elements` (`id`) ON DELETE CASCADE;

--
-- Constraints for table `craft_categorygroups`
--
ALTER TABLE `craft_categorygroups`
	ADD CONSTRAINT `craft_categorygroups_fieldLayoutId_fk` FOREIGN KEY (`fieldLayoutId`) REFERENCES `craft_fieldlayouts` (`id`) ON DELETE SET NULL,
	ADD CONSTRAINT `craft_categorygroups_structureId_fk` FOREIGN KEY (`structureId`) REFERENCES `craft_structures` (`id`) ON DELETE CASCADE;

--
-- Constraints for table `craft_categorygroups_i18n`
--
ALTER TABLE `craft_categorygroups_i18n`
	ADD CONSTRAINT `craft_categorygroups_i18n_groupId_fk` FOREIGN KEY (`groupId`) REFERENCES `craft_categorygroups` (`id`) ON DELETE CASCADE,
	ADD CONSTRAINT `craft_categorygroups_i18n_locale_fk` FOREIGN KEY (`locale`) REFERENCES `craft_locales` (`locale`) ON DELETE CASCADE ON UPDATE CASCADE;

--
-- Constraints for table `craft_content`
--
ALTER TABLE `craft_content`
	ADD CONSTRAINT `craft_content_elementId_fk` FOREIGN KEY (`elementId`) REFERENCES `craft_elements` (`id`) ON DELETE CASCADE,
	ADD CONSTRAINT `craft_content_locale_fk` FOREIGN KEY (`locale`) REFERENCES `craft_locales` (`locale`) ON DELETE CASCADE ON UPDATE CASCADE;

--
-- Constraints for table `craft_elements_i18n`
--
ALTER TABLE `craft_elements_i18n`
	ADD CONSTRAINT `craft_elements_i18n_elementId_fk` FOREIGN KEY (`elementId`) REFERENCES `craft_elements` (`id`) ON DELETE CASCADE,
	ADD CONSTRAINT `craft_elements_i18n_locale_fk` FOREIGN KEY (`locale`) REFERENCES `craft_locales` (`locale`) ON DELETE CASCADE ON UPDATE CASCADE;

--
-- Constraints for table `craft_emailmessages`
--
ALTER TABLE `craft_emailmessages`
	ADD CONSTRAINT `craft_emailmessages_locale_fk` FOREIGN KEY (`locale`) REFERENCES `craft_locales` (`locale`) ON DELETE CASCADE ON UPDATE CASCADE;

--
-- Constraints for table `craft_entries`
--
ALTER TABLE `craft_entries`
	ADD CONSTRAINT `craft_entries_authorId_fk` FOREIGN KEY (`authorId`) REFERENCES `craft_users` (`id`) ON DELETE CASCADE,
	ADD CONSTRAINT `craft_entries_id_fk` FOREIGN KEY (`id`) REFERENCES `craft_elements` (`id`) ON DELETE CASCADE,
	ADD CONSTRAINT `craft_entries_sectionId_fk` FOREIGN KEY (`sectionId`) REFERENCES `craft_sections` (`id`) ON DELETE CASCADE,
	ADD CONSTRAINT `craft_entries_typeId_fk` FOREIGN KEY (`typeId`) REFERENCES `craft_entrytypes` (`id`) ON DELETE CASCADE;

--
-- Constraints for table `craft_entrydrafts`
--
ALTER TABLE `craft_entrydrafts`
	ADD CONSTRAINT `craft_entrydrafts_creatorId_fk` FOREIGN KEY (`creatorId`) REFERENCES `craft_users` (`id`) ON DELETE CASCADE,
	ADD CONSTRAINT `craft_entrydrafts_entryId_fk` FOREIGN KEY (`entryId`) REFERENCES `craft_entries` (`id`) ON DELETE CASCADE,
	ADD CONSTRAINT `craft_entrydrafts_locale_fk` FOREIGN KEY (`locale`) REFERENCES `craft_locales` (`locale`) ON DELETE CASCADE ON UPDATE CASCADE,
	ADD CONSTRAINT `craft_entrydrafts_sectionId_fk` FOREIGN KEY (`sectionId`) REFERENCES `craft_sections` (`id`) ON DELETE CASCADE;

--
-- Constraints for table `craft_entrytypes`
--
ALTER TABLE `craft_entrytypes`
	ADD CONSTRAINT `craft_entrytypes_fieldLayoutId_fk` FOREIGN KEY (`fieldLayoutId`) REFERENCES `craft_fieldlayouts` (`id`) ON DELETE SET NULL,
	ADD CONSTRAINT `craft_entrytypes_sectionId_fk` FOREIGN KEY (`sectionId`) REFERENCES `craft_sections` (`id`) ON DELETE CASCADE;

--
-- Constraints for table `craft_entryversions`
--
ALTER TABLE `craft_entryversions`
	ADD CONSTRAINT `craft_entryversions_creatorId_fk` FOREIGN KEY (`creatorId`) REFERENCES `craft_users` (`id`) ON DELETE SET NULL,
	ADD CONSTRAINT `craft_entryversions_entryId_fk` FOREIGN KEY (`entryId`) REFERENCES `craft_entries` (`id`) ON DELETE CASCADE,
	ADD CONSTRAINT `craft_entryversions_locale_fk` FOREIGN KEY (`locale`) REFERENCES `craft_locales` (`locale`) ON DELETE CASCADE ON UPDATE CASCADE,
	ADD CONSTRAINT `craft_entryversions_sectionId_fk` FOREIGN KEY (`sectionId`) REFERENCES `craft_sections` (`id`) ON DELETE CASCADE;

--
-- Constraints for table `craft_fieldlayoutfields`
--
ALTER TABLE `craft_fieldlayoutfields`
	ADD CONSTRAINT `craft_fieldlayoutfields_fieldId_fk` FOREIGN KEY (`fieldId`) REFERENCES `craft_fields` (`id`) ON DELETE CASCADE,
	ADD CONSTRAINT `craft_fieldlayoutfields_layoutId_fk` FOREIGN KEY (`layoutId`) REFERENCES `craft_fieldlayouts` (`id`) ON DELETE CASCADE,
	ADD CONSTRAINT `craft_fieldlayoutfields_tabId_fk` FOREIGN KEY (`tabId`) REFERENCES `craft_fieldlayouttabs` (`id`) ON DELETE CASCADE;

--
-- Constraints for table `craft_fieldlayouttabs`
--
ALTER TABLE `craft_fieldlayouttabs`
	ADD CONSTRAINT `craft_fieldlayouttabs_layoutId_fk` FOREIGN KEY (`layoutId`) REFERENCES `craft_fieldlayouts` (`id`) ON DELETE CASCADE;

--
-- Constraints for table `craft_fields`
--
ALTER TABLE `craft_fields`
	ADD CONSTRAINT `craft_fields_groupId_fk` FOREIGN KEY (`groupId`) REFERENCES `craft_fieldgroups` (`id`) ON DELETE CASCADE;

--
-- Constraints for table `craft_globalsets`
--
ALTER TABLE `craft_globalsets`
	ADD CONSTRAINT `craft_globalsets_fieldLayoutId_fk` FOREIGN KEY (`fieldLayoutId`) REFERENCES `craft_fieldlayouts` (`id`) ON DELETE SET NULL,
	ADD CONSTRAINT `craft_globalsets_id_fk` FOREIGN KEY (`id`) REFERENCES `craft_elements` (`id`) ON DELETE CASCADE;

--
-- Constraints for table `craft_matrixblocks`
--
ALTER TABLE `craft_matrixblocks`
	ADD CONSTRAINT `craft_matrixblocks_fieldId_fk` FOREIGN KEY (`fieldId`) REFERENCES `craft_fields` (`id`) ON DELETE CASCADE,
	ADD CONSTRAINT `craft_matrixblocks_id_fk` FOREIGN KEY (`id`) REFERENCES `craft_elements` (`id`) ON DELETE CASCADE,
	ADD CONSTRAINT `craft_matrixblocks_ownerId_fk` FOREIGN KEY (`ownerId`) REFERENCES `craft_elements` (`id`) ON DELETE CASCADE,
	ADD CONSTRAINT `craft_matrixblocks_ownerLocale_fk` FOREIGN KEY (`ownerLocale`) REFERENCES `craft_locales` (`locale`) ON DELETE CASCADE ON UPDATE CASCADE,
	ADD CONSTRAINT `craft_matrixblocks_typeId_fk` FOREIGN KEY (`typeId`) REFERENCES `craft_matrixblocktypes` (`id`) ON DELETE CASCADE;

--
-- Constraints for table `craft_matrixblocktypes`
--
ALTER TABLE `craft_matrixblocktypes`
	ADD CONSTRAINT `craft_matrixblocktypes_fieldId_fk` FOREIGN KEY (`fieldId`) REFERENCES `craft_fields` (`id`) ON DELETE CASCADE,
	ADD CONSTRAINT `craft_matrixblocktypes_fieldLayoutId_fk` FOREIGN KEY (`fieldLayoutId`) REFERENCES `craft_fieldlayouts` (`id`) ON DELETE SET NULL;

--
-- Constraints for table `craft_matrixcontent_homepagematrix`
--
ALTER TABLE `craft_matrixcontent_homepagematrix`
	ADD CONSTRAINT `craft_matrixcontent_homepagematrix_elementId_fk` FOREIGN KEY (`elementId`) REFERENCES `craft_elements` (`id`) ON DELETE CASCADE,
	ADD CONSTRAINT `craft_matrixcontent_homepagematrix_locale_fk` FOREIGN KEY (`locale`) REFERENCES `craft_locales` (`locale`) ON DELETE CASCADE ON UPDATE CASCADE;

--
-- Constraints for table `craft_matrixcontent_servicehomepagematrix`
--
ALTER TABLE `craft_matrixcontent_servicehomepagematrix`
	ADD CONSTRAINT `craft_matrixcontent_servicehomepagematrix_elementId_fk` FOREIGN KEY (`elementId`) REFERENCES `craft_elements` (`id`) ON DELETE CASCADE,
	ADD CONSTRAINT `craft_matrixcontent_servicehomepagematrix_locale_fk` FOREIGN KEY (`locale`) REFERENCES `craft_locales` (`locale`) ON DELETE CASCADE ON UPDATE CASCADE;

--
-- Constraints for table `craft_matrixcontent_socialmediarepeater`
--
ALTER TABLE `craft_matrixcontent_socialmediarepeater`
	ADD CONSTRAINT `craft_matrixcontent_socialmediarepeater_elementId_fk` FOREIGN KEY (`elementId`) REFERENCES `craft_elements` (`id`) ON DELETE CASCADE,
	ADD CONSTRAINT `craft_matrixcontent_socialmediarepeater_locale_fk` FOREIGN KEY (`locale`) REFERENCES `craft_locales` (`locale`) ON DELETE CASCADE ON UPDATE CASCADE;

--
-- Constraints for table `craft_matrixcontent_staffsocialmedia`
--
ALTER TABLE `craft_matrixcontent_staffsocialmedia`
	ADD CONSTRAINT `craft_matrixcontent_staffsocialmedia_elementId_fk` FOREIGN KEY (`elementId`) REFERENCES `craft_elements` (`id`) ON DELETE CASCADE,
	ADD CONSTRAINT `craft_matrixcontent_staffsocialmedia_locale_fk` FOREIGN KEY (`locale`) REFERENCES `craft_locales` (`locale`) ON DELETE CASCADE ON UPDATE CASCADE;

--
-- Constraints for table `craft_migrations`
--
ALTER TABLE `craft_migrations`
	ADD CONSTRAINT `craft_migrations_pluginId_fk` FOREIGN KEY (`pluginId`) REFERENCES `craft_plugins` (`id`) ON DELETE CASCADE;

--
-- Constraints for table `craft_relations`
--
ALTER TABLE `craft_relations`
	ADD CONSTRAINT `craft_relations_fieldId_fk` FOREIGN KEY (`fieldId`) REFERENCES `craft_fields` (`id`) ON DELETE CASCADE,
	ADD CONSTRAINT `craft_relations_sourceId_fk` FOREIGN KEY (`sourceId`) REFERENCES `craft_elements` (`id`) ON DELETE CASCADE,
	ADD CONSTRAINT `craft_relations_sourceLocale_fk` FOREIGN KEY (`sourceLocale`) REFERENCES `craft_locales` (`locale`) ON DELETE CASCADE ON UPDATE CASCADE,
	ADD CONSTRAINT `craft_relations_targetId_fk` FOREIGN KEY (`targetId`) REFERENCES `craft_elements` (`id`) ON DELETE CASCADE;

--
-- Constraints for table `craft_routes`
--
ALTER TABLE `craft_routes`
	ADD CONSTRAINT `craft_routes_locale_fk` FOREIGN KEY (`locale`) REFERENCES `craft_locales` (`locale`) ON DELETE CASCADE ON UPDATE CASCADE;

--
-- Constraints for table `craft_sections`
--
ALTER TABLE `craft_sections`
	ADD CONSTRAINT `craft_sections_structureId_fk` FOREIGN KEY (`structureId`) REFERENCES `craft_structures` (`id`) ON DELETE SET NULL;

--
-- Constraints for table `craft_sections_i18n`
--
ALTER TABLE `craft_sections_i18n`
	ADD CONSTRAINT `craft_sections_i18n_locale_fk` FOREIGN KEY (`locale`) REFERENCES `craft_locales` (`locale`) ON DELETE CASCADE ON UPDATE CASCADE,
	ADD CONSTRAINT `craft_sections_i18n_sectionId_fk` FOREIGN KEY (`sectionId`) REFERENCES `craft_sections` (`id`) ON DELETE CASCADE;

--
-- Constraints for table `craft_sessions`
--
ALTER TABLE `craft_sessions`
	ADD CONSTRAINT `craft_sessions_userId_fk` FOREIGN KEY (`userId`) REFERENCES `craft_users` (`id`) ON DELETE CASCADE;

--
-- Constraints for table `craft_shunnedmessages`
--
ALTER TABLE `craft_shunnedmessages`
	ADD CONSTRAINT `craft_shunnedmessages_userId_fk` FOREIGN KEY (`userId`) REFERENCES `craft_users` (`id`) ON DELETE CASCADE;

--
-- Constraints for table `craft_structureelements`
--
ALTER TABLE `craft_structureelements`
	ADD CONSTRAINT `craft_structureelements_elementId_fk` FOREIGN KEY (`elementId`) REFERENCES `craft_elements` (`id`) ON DELETE CASCADE,
	ADD CONSTRAINT `craft_structureelements_structureId_fk` FOREIGN KEY (`structureId`) REFERENCES `craft_structures` (`id`) ON DELETE CASCADE;

--
-- Constraints for table `craft_taggroups`
--
ALTER TABLE `craft_taggroups`
	ADD CONSTRAINT `craft_taggroups_fieldLayoutId_fk` FOREIGN KEY (`fieldLayoutId`) REFERENCES `craft_fieldlayouts` (`id`) ON DELETE SET NULL;

--
-- Constraints for table `craft_tags`
--
ALTER TABLE `craft_tags`
	ADD CONSTRAINT `craft_tags_groupId_fk` FOREIGN KEY (`groupId`) REFERENCES `craft_taggroups` (`id`) ON DELETE CASCADE,
	ADD CONSTRAINT `craft_tags_id_fk` FOREIGN KEY (`id`) REFERENCES `craft_elements` (`id`) ON DELETE CASCADE;

--
-- Constraints for table `craft_templatecachecriteria`
--
ALTER TABLE `craft_templatecachecriteria`
	ADD CONSTRAINT `craft_templatecachecriteria_cacheId_fk` FOREIGN KEY (`cacheId`) REFERENCES `craft_templatecaches` (`id`) ON DELETE CASCADE;

--
-- Constraints for table `craft_templatecacheelements`
--
ALTER TABLE `craft_templatecacheelements`
	ADD CONSTRAINT `craft_templatecacheelements_cacheId_fk` FOREIGN KEY (`cacheId`) REFERENCES `craft_templatecaches` (`id`) ON DELETE CASCADE,
	ADD CONSTRAINT `craft_templatecacheelements_elementId_fk` FOREIGN KEY (`elementId`) REFERENCES `craft_elements` (`id`) ON DELETE CASCADE;

--
-- Constraints for table `craft_templatecaches`
--
ALTER TABLE `craft_templatecaches`
	ADD CONSTRAINT `craft_templatecaches_locale_fk` FOREIGN KEY (`locale`) REFERENCES `craft_locales` (`locale`) ON DELETE CASCADE ON UPDATE CASCADE;

--
-- Constraints for table `craft_usergroups_users`
--
ALTER TABLE `craft_usergroups_users`
	ADD CONSTRAINT `craft_usergroups_users_groupId_fk` FOREIGN KEY (`groupId`) REFERENCES `craft_usergroups` (`id`) ON DELETE CASCADE,
	ADD CONSTRAINT `craft_usergroups_users_userId_fk` FOREIGN KEY (`userId`) REFERENCES `craft_users` (`id`) ON DELETE CASCADE;

--
-- Constraints for table `craft_userpermissions_usergroups`
--
ALTER TABLE `craft_userpermissions_usergroups`
	ADD CONSTRAINT `craft_userpermissions_usergroups_groupId_fk` FOREIGN KEY (`groupId`) REFERENCES `craft_usergroups` (`id`) ON DELETE CASCADE,
	ADD CONSTRAINT `craft_userpermissions_usergroups_permissionId_fk` FOREIGN KEY (`permissionId`) REFERENCES `craft_userpermissions` (`id`) ON DELETE CASCADE;

--
-- Constraints for table `craft_userpermissions_users`
--
ALTER TABLE `craft_userpermissions_users`
	ADD CONSTRAINT `craft_userpermissions_users_permissionId_fk` FOREIGN KEY (`permissionId`) REFERENCES `craft_userpermissions` (`id`) ON DELETE CASCADE,
	ADD CONSTRAINT `craft_userpermissions_users_userId_fk` FOREIGN KEY (`userId`) REFERENCES `craft_users` (`id`) ON DELETE CASCADE;

--
-- Constraints for table `craft_users`
--
ALTER TABLE `craft_users`
	ADD CONSTRAINT `craft_users_id_fk` FOREIGN KEY (`id`) REFERENCES `craft_elements` (`id`) ON DELETE CASCADE,
	ADD CONSTRAINT `craft_users_preferredLocale_fk` FOREIGN KEY (`preferredLocale`) REFERENCES `craft_locales` (`locale`) ON DELETE SET NULL ON UPDATE CASCADE;

--
-- Constraints for table `craft_widgets`
--
ALTER TABLE `craft_widgets`
	ADD CONSTRAINT `craft_widgets_userId_fk` FOREIGN KEY (`userId`) REFERENCES `craft_users` (`id`) ON DELETE CASCADE;

SET FOREIGN_KEY_CHECKS = 1;
